2026-05-13 15:02:48,332 [INFO] ============================================================
2026-05-13 15:02:48,332 [INFO] HFIN - Hierarchical Federated Class-Incremental Learning
2026-05-13 15:02:48,333 [INFO]    Network Intrusion Detection for IIoT
2026-05-13 15:02:48,333 [INFO] ============================================================
2026-05-13 15:02:48,333 [INFO] Device: cuda
2026-05-13 15:02:48,333 [INFO] Dataset: nf_uq_nids
2026-05-13 15:02:48,333 [INFO] Method: WA
2026-05-13 15:02:48,333 [INFO] Mode: TRAIN
2026-05-13 15:02:48,333 [INFO] Clients: 60, Edge Servers: 3
2026-05-13 15:02:48,333 [INFO] Base classes: 2, Task size: 2
2026-05-13 15:02:48,333 [INFO] Total classes: 11
2026-05-13 15:02:48,333 [INFO] 
[1/4] Loading global test data for NF_UQ_NIDS...
2026-05-13 15:02:53,838 [INFO] Features: 39, Global Test: 4861950
2026-05-13 15:02:53,838 [INFO] Total classes: 21 | Clients: 60 | Edges: 3
2026-05-13 15:02:54,384 [INFO] 
[2/4] Mapping 60 FL Clients to 3 Edge Server(s)...
2026-05-13 15:02:54,385 [INFO] 
[2/4] Mapping 60 FL Clients to 3 Edge Servers...
2026-05-13 15:02:54,385 [INFO] Edge-Client mapping: defaultdict(<class 'list'>, {0: [0, 1, 2, 3, 4, 5, 6, 7, 8, 9, 10, 11, 12, 13, 14, 15, 16, 17, 18, 19], 1: [20, 21, 22, 23, 24, 25, 26, 27, 28, 29, 30, 31, 32, 33, 34, 35, 36, 37, 38, 39], 2: [40, 41, 42, 43, 44, 45, 46, 47, 48, 49, 50, 51, 52, 53, 54, 55, 56, 57, 58, 59]})
2026-05-13 15:02:54,385 [INFO] 
[3/4] Initializing models...
2026-05-13 15:02:54,721 [INFO] 
[4/4] Starting training...
2026-05-13 15:02:54,721 [INFO] 
Loading data for Task 0 (Classes: [0, 1, 2, 3, 4])...
2026-05-13 15:04:01,344 [INFO] Expanded global model to 5 classes for Task 0
2026-05-13 15:04:01,356 [INFO] 
============================================================
2026-05-13 15:04:01,356 [INFO] Task 0/4 | Classes: [0, 1, 2, 3, 4] | 40 rounds | LR: 0.01
2026-05-13 15:04:01,357 [INFO] ============================================================
2026-05-13 15:04:01,357 [INFO] 
--- Task 0, Round 1/40 (Global 1) ---
2026-05-13 15:04:01,361 [INFO] Edge 0: WTO is OFF, using all 20 clients.
2026-05-13 15:04:38,322 [INFO] Edge 1: WTO is OFF, using all 20 clients.
2026-05-13 15:05:08,725 [INFO] Edge 2: WTO is OFF, using all 20 clients.
2026-05-13 15:07:09,066 [INFO]   [Eval] Task 0, R 1: Acc: 92.50% | Prec-Mac: 90.41% | Rec-Mac: 90.48% | Mi-F1: 92.50% | Ma-F1: 90.43% | We-F1: 92.53% | Loss: 0.2760
2026-05-13 15:07:09,071 [INFO]   [CKPT] Saved: ckpt_wa_task00_r001_global001_acc92.5.pth
2026-05-13 15:07:09,072 [INFO] 
--- Task 0, Round 2/40 (Global 2) ---
2026-05-13 15:07:09,076 [INFO] Edge 0: WTO is OFF, using all 20 clients.
2026-05-13 15:07:40,061 [INFO] Edge 1: WTO is OFF, using all 20 clients.
2026-05-13 15:08:10,793 [INFO] Edge 2: WTO is OFF, using all 20 clients.
2026-05-13 15:10:13,040 [INFO]   [Eval] Task 0, R 2: Acc: 95.29% | Prec-Mac: 92.73% | Rec-Mac: 95.05% | Mi-F1: 95.29% | Ma-F1: 93.64% | We-F1: 95.44% | Loss: 0.1498
2026-05-13 15:10:13,044 [INFO]   [CKPT] Saved: ckpt_wa_task00_r002_global002_acc95.3.pth
2026-05-13 15:10:13,044 [INFO] 
--- Task 0, Round 3/40 (Global 3) ---
2026-05-13 15:10:13,049 [INFO] Edge 0: WTO is OFF, using all 20 clients.
2026-05-13 15:10:43,228 [INFO] Edge 1: WTO is OFF, using all 20 clients.
2026-05-13 15:11:14,406 [INFO] Edge 2: WTO is OFF, using all 20 clients.
2026-05-13 15:13:16,538 [INFO]   [Eval] Task 0, R 3: Acc: 95.44% | Prec-Mac: 92.96% | Rec-Mac: 95.14% | Mi-F1: 95.44% | Ma-F1: 93.81% | We-F1: 95.59% | Loss: 0.1349
2026-05-13 15:13:16,541 [INFO]   [CKPT] Saved: ckpt_wa_task00_r003_global003_acc95.4.pth
2026-05-13 15:13:16,541 [INFO] 
--- Task 0, Round 4/40 (Global 4) ---
2026-05-13 15:13:16,546 [INFO] Edge 0: WTO is OFF, using all 20 clients.
2026-05-13 15:13:47,239 [INFO] Edge 1: WTO is OFF, using all 20 clients.
2026-05-13 15:14:18,235 [INFO] Edge 2: WTO is OFF, using all 20 clients.
2026-05-13 15:16:20,084 [INFO]   [Eval] Task 0, R 4: Acc: 95.28% | Prec-Mac: 92.59% | Rec-Mac: 94.72% | Mi-F1: 95.28% | Ma-F1: 93.54% | We-F1: 95.36% | Loss: 0.1721
2026-05-13 15:16:20,087 [INFO]   [CKPT] Saved: ckpt_wa_task00_r004_global004_acc95.3.pth
2026-05-13 15:16:20,087 [INFO] 
--- Task 0, Round 5/40 (Global 5) ---
2026-05-13 15:16:20,092 [INFO] Edge 0: WTO is OFF, using all 20 clients.
2026-05-13 15:16:51,073 [INFO] Edge 1: WTO is OFF, using all 20 clients.
2026-05-13 15:17:21,871 [INFO] Edge 2: WTO is OFF, using all 20 clients.
2026-05-13 15:19:23,057 [INFO]   [Eval] Task 0, R 5: Acc: 95.52% | Prec-Mac: 93.01% | Rec-Mac: 95.30% | Mi-F1: 95.52% | Ma-F1: 93.93% | We-F1: 95.65% | Loss: 0.1343
2026-05-13 15:19:23,061 [INFO]   [CKPT] Saved: ckpt_wa_task00_r005_global005_acc95.5.pth
2026-05-13 15:19:23,061 [INFO] 
--- Task 0, Round 6/40 (Global 6) ---
2026-05-13 15:19:23,066 [INFO] Edge 0: WTO is OFF, using all 20 clients.
2026-05-13 15:19:53,891 [INFO] Edge 1: WTO is OFF, using all 20 clients.
2026-05-13 15:20:24,374 [INFO] Edge 2: WTO is OFF, using all 20 clients.
2026-05-13 15:22:25,799 [INFO]   [Eval] Task 0, R 6: Acc: 95.68% | Prec-Mac: 93.23% | Rec-Mac: 95.46% | Mi-F1: 95.68% | Ma-F1: 94.11% | We-F1: 95.81% | Loss: 0.1259
2026-05-13 15:22:25,803 [INFO]   [CKPT] Saved: ckpt_wa_task00_r006_global006_acc95.7.pth
2026-05-13 15:22:25,803 [INFO] 
--- Task 0, Round 7/40 (Global 7) ---
2026-05-13 15:22:25,808 [INFO] Edge 0: WTO is OFF, using all 20 clients.
2026-05-13 15:22:56,666 [INFO] Edge 1: WTO is OFF, using all 20 clients.
2026-05-13 15:23:28,149 [INFO] Edge 2: WTO is OFF, using all 20 clients.
2026-05-13 15:25:30,645 [INFO]   [Eval] Task 0, R 7: Acc: 95.78% | Prec-Mac: 93.36% | Rec-Mac: 95.55% | Mi-F1: 95.78% | Ma-F1: 94.22% | We-F1: 95.91% | Loss: 0.1147
2026-05-13 15:25:30,648 [INFO]   [CKPT] Saved: ckpt_wa_task00_r007_global007_acc95.8.pth
2026-05-13 15:25:30,648 [INFO] 
--- Task 0, Round 8/40 (Global 8) ---
2026-05-13 15:25:30,653 [INFO] Edge 0: WTO is OFF, using all 20 clients.
2026-05-13 15:26:01,688 [INFO] Edge 1: WTO is OFF, using all 20 clients.
2026-05-13 15:26:32,313 [INFO] Edge 2: WTO is OFF, using all 20 clients.
2026-05-13 15:28:34,090 [INFO]   [Eval] Task 0, R 8: Acc: 95.51% | Prec-Mac: 93.06% | Rec-Mac: 95.25% | Mi-F1: 95.51% | Ma-F1: 93.93% | We-F1: 95.64% | Loss: 0.1300
2026-05-13 15:28:34,094 [INFO]   [CKPT] Saved: ckpt_wa_task00_r008_global008_acc95.5.pth
2026-05-13 15:28:34,094 [INFO] 
--- Task 0, Round 9/40 (Global 9) ---
2026-05-13 15:28:34,099 [INFO] Edge 0: WTO is OFF, using all 20 clients.
2026-05-13 15:29:04,946 [INFO] Edge 1: WTO is OFF, using all 20 clients.
2026-05-13 15:29:35,868 [INFO] Edge 2: WTO is OFF, using all 20 clients.
2026-05-13 15:31:37,741 [INFO]   [Eval] Task 0, R 9: Acc: 95.61% | Prec-Mac: 93.18% | Rec-Mac: 95.32% | Mi-F1: 95.61% | Ma-F1: 94.03% | We-F1: 95.75% | Loss: 0.1327
2026-05-13 15:31:37,745 [INFO]   [CKPT] Saved: ckpt_wa_task00_r009_global009_acc95.6.pth
2026-05-13 15:31:37,745 [INFO] 
--- Task 0, Round 10/40 (Global 10) ---
2026-05-13 15:31:37,749 [INFO] Edge 0: WTO is OFF, using all 20 clients.
2026-05-13 15:32:08,569 [INFO] Edge 1: WTO is OFF, using all 20 clients.
2026-05-13 15:32:39,323 [INFO] Edge 2: WTO is OFF, using all 20 clients.
2026-05-13 15:34:40,660 [INFO]   [Eval] Task 0, R 10: Acc: 95.66% | Prec-Mac: 93.34% | Rec-Mac: 95.32% | Mi-F1: 95.66% | Ma-F1: 94.09% | We-F1: 95.81% | Loss: 0.1269
2026-05-13 15:34:40,664 [INFO]   [CKPT] Saved: ckpt_wa_task00_r010_global010_acc95.7.pth
2026-05-13 15:34:40,664 [INFO] 
--- Task 0, Round 11/40 (Global 11) ---
2026-05-13 15:34:40,668 [INFO] Edge 0: WTO is OFF, using all 20 clients.
2026-05-13 15:35:10,901 [INFO] Edge 1: WTO is OFF, using all 20 clients.
2026-05-13 15:35:41,238 [INFO] Edge 2: WTO is OFF, using all 20 clients.
2026-05-13 15:37:42,584 [INFO]   [Eval] Task 0, R 11: Acc: 95.22% | Prec-Mac: 92.99% | Rec-Mac: 94.98% | Mi-F1: 95.22% | Ma-F1: 93.72% | We-F1: 95.38% | Loss: 0.1475
2026-05-13 15:37:42,587 [INFO]   [CKPT] Saved: ckpt_wa_task00_r011_global011_acc95.2.pth
2026-05-13 15:37:42,587 [INFO] 
--- Task 0, Round 12/40 (Global 12) ---
2026-05-13 15:37:42,592 [INFO] Edge 0: WTO is OFF, using all 20 clients.
2026-05-13 15:38:13,679 [INFO] Edge 1: WTO is OFF, using all 20 clients.
2026-05-13 15:38:45,007 [INFO] Edge 2: WTO is OFF, using all 20 clients.
2026-05-13 15:40:46,903 [INFO]   [Eval] Task 0, R 12: Acc: 95.80% | Prec-Mac: 93.40% | Rec-Mac: 95.57% | Mi-F1: 95.80% | Ma-F1: 94.26% | We-F1: 95.94% | Loss: 0.1200
2026-05-13 15:40:46,906 [INFO]   [CKPT] Saved: ckpt_wa_task00_r012_global012_acc95.8.pth
2026-05-13 15:40:46,906 [INFO] 
--- Task 0, Round 13/40 (Global 13) ---
2026-05-13 15:40:46,910 [INFO] Edge 0: WTO is OFF, using all 20 clients.
2026-05-13 15:41:18,296 [INFO] Edge 1: WTO is OFF, using all 20 clients.
2026-05-13 15:41:49,558 [INFO] Edge 2: WTO is OFF, using all 20 clients.
2026-05-13 15:43:53,153 [INFO]   [Eval] Task 0, R 13: Acc: 95.71% | Prec-Mac: 93.30% | Rec-Mac: 95.48% | Mi-F1: 95.71% | Ma-F1: 94.15% | We-F1: 95.84% | Loss: 0.1256
2026-05-13 15:43:53,156 [INFO]   [CKPT] Saved: ckpt_wa_task00_r013_global013_acc95.7.pth
2026-05-13 15:43:53,156 [INFO] 
--- Task 0, Round 14/40 (Global 14) ---
2026-05-13 15:43:53,161 [INFO] Edge 0: WTO is OFF, using all 20 clients.
2026-05-13 15:44:24,413 [INFO] Edge 1: WTO is OFF, using all 20 clients.
2026-05-13 15:44:55,371 [INFO] Edge 2: WTO is OFF, using all 20 clients.
2026-05-13 15:46:57,732 [INFO]   [Eval] Task 0, R 14: Acc: 95.83% | Prec-Mac: 93.43% | Rec-Mac: 95.66% | Mi-F1: 95.83% | Ma-F1: 94.30% | We-F1: 95.97% | Loss: 0.1239
2026-05-13 15:46:57,735 [INFO]   [CKPT] Saved: ckpt_wa_task00_r014_global014_acc95.8.pth
2026-05-13 15:46:57,736 [INFO] 
--- Task 0, Round 15/40 (Global 15) ---
2026-05-13 15:46:57,740 [INFO] Edge 0: WTO is OFF, using all 20 clients.
2026-05-13 15:47:28,242 [INFO] Edge 1: WTO is OFF, using all 20 clients.
2026-05-13 15:47:58,694 [INFO] Edge 2: WTO is OFF, using all 20 clients.
2026-05-13 15:50:00,513 [INFO]   [Eval] Task 0, R 15: Acc: 95.79% | Prec-Mac: 93.39% | Rec-Mac: 95.53% | Mi-F1: 95.79% | Ma-F1: 94.23% | We-F1: 95.92% | Loss: 0.1225
2026-05-13 15:50:00,518 [INFO]   [CKPT] Saved: ckpt_wa_task00_r015_global015_acc95.8.pth
2026-05-13 15:50:00,519 [INFO] 
--- Task 0, Round 16/40 (Global 16) ---
2026-05-13 15:50:00,528 [INFO] Edge 0: WTO is OFF, using all 20 clients.
2026-05-13 15:50:31,523 [INFO] Edge 1: WTO is OFF, using all 20 clients.
2026-05-13 15:51:02,141 [INFO] Edge 2: WTO is OFF, using all 20 clients.
2026-05-13 15:53:04,238 [INFO]   [Eval] Task 0, R 16: Acc: 95.88% | Prec-Mac: 93.47% | Rec-Mac: 95.67% | Mi-F1: 95.88% | Ma-F1: 94.34% | We-F1: 96.02% | Loss: 0.1117
2026-05-13 15:53:04,242 [INFO]   [CKPT] Saved: ckpt_wa_task00_r016_global016_acc95.9.pth
2026-05-13 15:53:04,242 [INFO] 
--- Task 0, Round 17/40 (Global 17) ---
2026-05-13 15:53:04,247 [INFO] Edge 0: WTO is OFF, using all 20 clients.
2026-05-13 15:53:35,286 [INFO] Edge 1: WTO is OFF, using all 20 clients.
2026-05-13 15:54:06,223 [INFO] Edge 2: WTO is OFF, using all 20 clients.
2026-05-13 15:56:09,612 [INFO]   [Eval] Task 0, R 17: Acc: 95.90% | Prec-Mac: 93.35% | Rec-Mac: 95.36% | Mi-F1: 95.90% | Ma-F1: 94.26% | We-F1: 95.97% | Loss: 0.1137
2026-05-13 15:56:09,615 [INFO]   [CKPT] Saved: ckpt_wa_task00_r017_global017_acc95.9.pth
2026-05-13 15:56:09,616 [INFO] 
--- Task 0, Round 18/40 (Global 18) ---
2026-05-13 15:56:09,620 [INFO] Edge 0: WTO is OFF, using all 20 clients.
2026-05-13 15:56:40,684 [INFO] Edge 1: WTO is OFF, using all 20 clients.
2026-05-13 15:57:11,360 [INFO] Edge 2: WTO is OFF, using all 20 clients.
2026-05-13 15:59:13,364 [INFO]   [Eval] Task 0, R 18: Acc: 92.09% | Prec-Mac: 90.85% | Rec-Mac: 90.88% | Mi-F1: 92.09% | Ma-F1: 90.41% | We-F1: 92.21% | Loss: 0.2091
2026-05-13 15:59:13,368 [INFO]   [CKPT] Saved: ckpt_wa_task00_r018_global018_acc92.1.pth
2026-05-13 15:59:13,368 [INFO] 
--- Task 0, Round 19/40 (Global 19) ---
2026-05-13 15:59:13,373 [INFO] Edge 0: WTO is OFF, using all 20 clients.
2026-05-13 15:59:43,999 [INFO] Edge 1: WTO is OFF, using all 20 clients.
2026-05-13 16:00:14,526 [INFO] Edge 2: WTO is OFF, using all 20 clients.
2026-05-13 16:02:17,357 [INFO]   [Eval] Task 0, R 19: Acc: 95.58% | Prec-Mac: 92.94% | Rec-Mac: 95.01% | Mi-F1: 95.58% | Ma-F1: 93.86% | We-F1: 95.67% | Loss: 0.1313
2026-05-13 16:02:17,361 [INFO]   [CKPT] Saved: ckpt_wa_task00_r019_global019_acc95.6.pth
2026-05-13 16:02:17,361 [INFO] 
--- Task 0, Round 20/40 (Global 20) ---
2026-05-13 16:02:17,366 [INFO] Edge 0: WTO is OFF, using all 20 clients.
2026-05-13 16:02:48,318 [INFO] Edge 1: WTO is OFF, using all 20 clients.
2026-05-13 16:03:19,312 [INFO] Edge 2: WTO is OFF, using all 20 clients.
2026-05-13 16:05:21,708 [INFO]   [Eval] Task 0, R 20: Acc: 95.72% | Prec-Mac: 93.11% | Rec-Mac: 95.18% | Mi-F1: 95.72% | Ma-F1: 94.03% | We-F1: 95.80% | Loss: 0.1214
2026-05-13 16:05:21,711 [INFO]   [CKPT] Saved: ckpt_wa_task00_r020_global020_acc95.7.pth
2026-05-13 16:05:21,711 [INFO] 
--- Task 0, Round 21/40 (Global 21) ---
2026-05-13 16:05:21,711 [INFO]    [LR DECAY] Round 20 reached milestone: New LR = 0.001
2026-05-13 16:05:21,716 [INFO] Edge 0: WTO is OFF, using all 20 clients.
2026-05-13 16:05:52,838 [INFO] Edge 1: WTO is OFF, using all 20 clients.
2026-05-13 16:06:23,907 [INFO] Edge 2: WTO is OFF, using all 20 clients.
2026-05-13 16:08:25,664 [INFO]   [Eval] Task 0, R 21: Acc: 95.80% | Prec-Mac: 93.40% | Rec-Mac: 95.57% | Mi-F1: 95.80% | Ma-F1: 94.25% | We-F1: 95.93% | Loss: 0.1150
2026-05-13 16:08:25,667 [INFO]   [CKPT] Saved: ckpt_wa_task00_r021_global021_acc95.8.pth
2026-05-13 16:08:25,667 [INFO] 
--- Task 0, Round 22/40 (Global 22) ---
2026-05-13 16:08:25,672 [INFO] Edge 0: WTO is OFF, using all 20 clients.
2026-05-13 16:08:56,605 [INFO] Edge 1: WTO is OFF, using all 20 clients.
2026-05-13 16:09:27,452 [INFO] Edge 2: WTO is OFF, using all 20 clients.
2026-05-13 16:11:29,566 [INFO]   [Eval] Task 0, R 22: Acc: 95.75% | Prec-Mac: 93.32% | Rec-Mac: 95.51% | Mi-F1: 95.75% | Ma-F1: 94.19% | We-F1: 95.88% | Loss: 0.1161
2026-05-13 16:11:29,570 [INFO]   [CKPT] Saved: ckpt_wa_task00_r022_global022_acc95.7.pth
2026-05-13 16:11:29,570 [INFO] 
--- Task 0, Round 23/40 (Global 23) ---
2026-05-13 16:11:29,575 [INFO] Edge 0: WTO is OFF, using all 20 clients.
2026-05-13 16:12:00,514 [INFO] Edge 1: WTO is OFF, using all 20 clients.
2026-05-13 16:12:31,149 [INFO] Edge 2: WTO is OFF, using all 20 clients.
2026-05-13 16:14:33,700 [INFO]   [Eval] Task 0, R 23: Acc: 95.76% | Prec-Mac: 93.32% | Rec-Mac: 95.52% | Mi-F1: 95.76% | Ma-F1: 94.20% | We-F1: 95.89% | Loss: 0.1167
2026-05-13 16:14:33,704 [INFO]   [CKPT] Saved: ckpt_wa_task00_r023_global023_acc95.8.pth
2026-05-13 16:14:33,704 [INFO] 
--- Task 0, Round 24/40 (Global 24) ---
2026-05-13 16:14:33,708 [INFO] Edge 0: WTO is OFF, using all 20 clients.
2026-05-13 16:15:05,031 [INFO] Edge 1: WTO is OFF, using all 20 clients.
2026-05-13 16:15:35,869 [INFO] Edge 2: WTO is OFF, using all 20 clients.
2026-05-13 16:17:38,949 [INFO]   [Eval] Task 0, R 24: Acc: 95.81% | Prec-Mac: 93.41% | Rec-Mac: 95.58% | Mi-F1: 95.81% | Ma-F1: 94.26% | We-F1: 95.95% | Loss: 0.1128
2026-05-13 16:17:38,953 [INFO]   [CKPT] Saved: ckpt_wa_task00_r024_global024_acc95.8.pth
2026-05-13 16:17:38,953 [INFO] 
--- Task 0, Round 25/40 (Global 25) ---
2026-05-13 16:17:38,957 [INFO] Edge 0: WTO is OFF, using all 20 clients.
2026-05-13 16:18:10,071 [INFO] Edge 1: WTO is OFF, using all 20 clients.
2026-05-13 16:18:41,059 [INFO] Edge 2: WTO is OFF, using all 20 clients.
2026-05-13 16:20:44,215 [INFO]   [Eval] Task 0, R 25: Acc: 95.82% | Prec-Mac: 93.41% | Rec-Mac: 95.59% | Mi-F1: 95.82% | Ma-F1: 94.27% | We-F1: 95.95% | Loss: 0.1154
2026-05-13 16:20:44,219 [INFO]   [CKPT] Saved: ckpt_wa_task00_r025_global025_acc95.8.pth
2026-05-13 16:20:44,219 [INFO] 
--- Task 0, Round 26/40 (Global 26) ---
2026-05-13 16:20:44,224 [INFO] Edge 0: WTO is OFF, using all 20 clients.
2026-05-13 16:21:15,259 [INFO] Edge 1: WTO is OFF, using all 20 clients.
2026-05-13 16:21:45,909 [INFO] Edge 2: WTO is OFF, using all 20 clients.
2026-05-13 16:23:48,791 [INFO]   [Eval] Task 0, R 26: Acc: 95.83% | Prec-Mac: 93.44% | Rec-Mac: 95.61% | Mi-F1: 95.83% | Ma-F1: 94.29% | We-F1: 95.97% | Loss: 0.1122
2026-05-13 16:23:48,794 [INFO]   [CKPT] Saved: ckpt_wa_task00_r026_global026_acc95.8.pth
2026-05-13 16:23:48,794 [INFO] 
--- Task 0, Round 27/40 (Global 27) ---
2026-05-13 16:23:48,799 [INFO] Edge 0: WTO is OFF, using all 20 clients.
2026-05-13 16:24:19,754 [INFO] Edge 1: WTO is OFF, using all 20 clients.
2026-05-13 16:24:50,473 [INFO] Edge 2: WTO is OFF, using all 20 clients.
2026-05-13 16:26:53,902 [INFO]   [Eval] Task 0, R 27: Acc: 95.84% | Prec-Mac: 93.47% | Rec-Mac: 95.61% | Mi-F1: 95.84% | Ma-F1: 94.30% | We-F1: 95.98% | Loss: 0.1113
2026-05-13 16:26:53,906 [INFO]   [CKPT] Saved: ckpt_wa_task00_r027_global027_acc95.8.pth
2026-05-13 16:26:53,906 [INFO] 
--- Task 0, Round 28/40 (Global 28) ---
2026-05-13 16:26:53,914 [INFO] Edge 0: WTO is OFF, using all 20 clients.
2026-05-13 16:27:25,020 [INFO] Edge 1: WTO is OFF, using all 20 clients.
2026-05-13 16:27:56,389 [INFO] Edge 2: WTO is OFF, using all 20 clients.
2026-05-13 16:29:58,843 [INFO]   [Eval] Task 0, R 28: Acc: 95.86% | Prec-Mac: 93.48% | Rec-Mac: 95.64% | Mi-F1: 95.86% | Ma-F1: 94.33% | We-F1: 96.00% | Loss: 0.1107
2026-05-13 16:29:58,847 [INFO]   [CKPT] Saved: ckpt_wa_task00_r028_global028_acc95.9.pth
2026-05-13 16:29:58,847 [INFO] 
--- Task 0, Round 29/40 (Global 29) ---
2026-05-13 16:29:58,852 [INFO] Edge 0: WTO is OFF, using all 20 clients.
2026-05-13 16:30:29,980 [INFO] Edge 1: WTO is OFF, using all 20 clients.
2026-05-13 16:31:01,014 [INFO] Edge 2: WTO is OFF, using all 20 clients.
2026-05-13 16:33:02,334 [INFO]   [Eval] Task 0, R 29: Acc: 95.86% | Prec-Mac: 93.48% | Rec-Mac: 95.64% | Mi-F1: 95.86% | Ma-F1: 94.33% | We-F1: 96.00% | Loss: 0.1110
2026-05-13 16:33:02,337 [INFO]   [CKPT] Saved: ckpt_wa_task00_r029_global029_acc95.9.pth
2026-05-13 16:33:02,337 [INFO] 
--- Task 0, Round 30/40 (Global 30) ---
2026-05-13 16:33:02,342 [INFO] Edge 0: WTO is OFF, using all 20 clients.
2026-05-13 16:33:33,191 [INFO] Edge 1: WTO is OFF, using all 20 clients.
2026-05-13 16:34:03,745 [INFO] Edge 2: WTO is OFF, using all 20 clients.
2026-05-13 16:36:05,368 [INFO]   [Eval] Task 0, R 30: Acc: 95.85% | Prec-Mac: 93.47% | Rec-Mac: 95.61% | Mi-F1: 95.85% | Ma-F1: 94.31% | We-F1: 95.98% | Loss: 0.1154
2026-05-13 16:36:05,371 [INFO]   [CKPT] Saved: ckpt_wa_task00_r030_global030_acc95.8.pth
2026-05-13 16:36:05,371 [INFO] 
--- Task 0, Round 31/40 (Global 31) ---
2026-05-13 16:36:05,371 [INFO]    [LR DECAY] Round 30 reached milestone: New LR = 0.0001
2026-05-13 16:36:05,376 [INFO] Edge 0: WTO is OFF, using all 20 clients.
2026-05-13 16:36:36,014 [INFO] Edge 1: WTO is OFF, using all 20 clients.
2026-05-13 16:37:06,209 [INFO] Edge 2: WTO is OFF, using all 20 clients.
2026-05-13 16:39:07,516 [INFO]   [Eval] Task 0, R 31: Acc: 95.89% | Prec-Mac: 93.52% | Rec-Mac: 95.67% | Mi-F1: 95.89% | Ma-F1: 94.36% | We-F1: 96.03% | Loss: 0.1109
2026-05-13 16:39:07,519 [INFO]   [CKPT] Saved: ckpt_wa_task00_r031_global031_acc95.9.pth
2026-05-13 16:39:07,519 [INFO] 
--- Task 0, Round 32/40 (Global 32) ---
2026-05-13 16:39:07,524 [INFO] Edge 0: WTO is OFF, using all 20 clients.
2026-05-13 16:39:38,282 [INFO] Edge 1: WTO is OFF, using all 20 clients.
2026-05-13 16:40:08,906 [INFO] Edge 2: WTO is OFF, using all 20 clients.
2026-05-13 16:42:10,323 [INFO]   [Eval] Task 0, R 32: Acc: 95.84% | Prec-Mac: 93.45% | Rec-Mac: 95.58% | Mi-F1: 95.84% | Ma-F1: 94.29% | We-F1: 95.97% | Loss: 0.1152
2026-05-13 16:42:10,326 [INFO]   [CKPT] Saved: ckpt_wa_task00_r032_global032_acc95.8.pth
2026-05-13 16:42:10,326 [INFO] 
--- Task 0, Round 33/40 (Global 33) ---
2026-05-13 16:42:10,331 [INFO] Edge 0: WTO is OFF, using all 20 clients.
2026-05-13 16:42:41,033 [INFO] Edge 1: WTO is OFF, using all 20 clients.
2026-05-13 16:43:11,831 [INFO] Edge 2: WTO is OFF, using all 20 clients.
2026-05-13 16:45:16,304 [INFO]   [Eval] Task 0, R 33: Acc: 95.84% | Prec-Mac: 93.46% | Rec-Mac: 95.57% | Mi-F1: 95.84% | Ma-F1: 94.29% | We-F1: 95.97% | Loss: 0.1175
2026-05-13 16:45:16,307 [INFO]   [CKPT] Saved: ckpt_wa_task00_r033_global033_acc95.8.pth
2026-05-13 16:45:16,307 [INFO] 
--- Task 0, Round 34/40 (Global 34) ---
2026-05-13 16:45:16,312 [INFO] Edge 0: WTO is OFF, using all 20 clients.
2026-05-13 16:45:47,406 [INFO] Edge 1: WTO is OFF, using all 20 clients.
2026-05-13 16:46:18,318 [INFO] Edge 2: WTO is OFF, using all 20 clients.
2026-05-13 16:48:21,015 [INFO]   [Eval] Task 0, R 34: Acc: 95.87% | Prec-Mac: 93.49% | Rec-Mac: 95.65% | Mi-F1: 95.87% | Ma-F1: 94.33% | We-F1: 96.00% | Loss: 0.1110
2026-05-13 16:48:21,018 [INFO]   [CKPT] Saved: ckpt_wa_task00_r034_global034_acc95.9.pth
2026-05-13 16:48:21,018 [INFO] 
--- Task 0, Round 35/40 (Global 35) ---
2026-05-13 16:48:21,023 [INFO] Edge 0: WTO is OFF, using all 20 clients.
2026-05-13 16:48:51,822 [INFO] Edge 1: WTO is OFF, using all 20 clients.
2026-05-13 16:49:22,738 [INFO] Edge 2: WTO is OFF, using all 20 clients.
2026-05-13 16:51:26,456 [INFO]   [Eval] Task 0, R 35: Acc: 93.20% | Prec-Mac: 92.21% | Rec-Mac: 86.59% | Mi-F1: 93.20% | Ma-F1: 88.22% | We-F1: 92.53% | Loss: 0.1383
2026-05-13 16:51:26,460 [INFO]   [CKPT] Saved: ckpt_wa_task00_r035_global035_acc93.2.pth
2026-05-13 16:51:26,460 [INFO] 
--- Task 0, Round 36/40 (Global 36) ---
2026-05-13 16:51:26,465 [INFO] Edge 0: WTO is OFF, using all 20 clients.
2026-05-13 16:51:57,684 [INFO] Edge 1: WTO is OFF, using all 20 clients.
2026-05-13 16:52:28,750 [INFO] Edge 2: WTO is OFF, using all 20 clients.
2026-05-13 16:54:30,808 [INFO]   [Eval] Task 0, R 36: Acc: 95.84% | Prec-Mac: 93.46% | Rec-Mac: 95.59% | Mi-F1: 95.84% | Ma-F1: 94.30% | We-F1: 95.98% | Loss: 0.1153
2026-05-13 16:54:30,811 [INFO]   [CKPT] Saved: ckpt_wa_task00_r036_global036_acc95.8.pth
2026-05-13 16:54:30,812 [INFO] 
--- Task 0, Round 37/40 (Global 37) ---
2026-05-13 16:54:30,816 [INFO] Edge 0: WTO is OFF, using all 20 clients.
2026-05-13 16:55:01,415 [INFO] Edge 1: WTO is OFF, using all 20 clients.
2026-05-13 16:55:31,797 [INFO] Edge 2: WTO is OFF, using all 20 clients.
2026-05-13 16:57:32,394 [INFO]   [Eval] Task 0, R 37: Acc: 95.89% | Prec-Mac: 93.53% | Rec-Mac: 95.67% | Mi-F1: 95.89% | Ma-F1: 94.36% | We-F1: 96.03% | Loss: 0.1104
2026-05-13 16:57:32,397 [INFO]   [CKPT] Saved: ckpt_wa_task00_r037_global037_acc95.9.pth
2026-05-13 16:57:32,397 [INFO] 
--- Task 0, Round 38/40 (Global 38) ---
2026-05-13 16:57:32,402 [INFO] Edge 0: WTO is OFF, using all 20 clients.
2026-05-13 16:58:03,093 [INFO] Edge 1: WTO is OFF, using all 20 clients.
2026-05-13 16:58:33,464 [INFO] Edge 2: WTO is OFF, using all 20 clients.
2026-05-13 17:00:36,517 [INFO]   [Eval] Task 0, R 38: Acc: 95.89% | Prec-Mac: 93.52% | Rec-Mac: 95.66% | Mi-F1: 95.89% | Ma-F1: 94.35% | We-F1: 96.02% | Loss: 0.1107
2026-05-13 17:00:36,520 [INFO]   [CKPT] Saved: ckpt_wa_task00_r038_global038_acc95.9.pth
2026-05-13 17:00:36,520 [INFO] 
--- Task 0, Round 39/40 (Global 39) ---
2026-05-13 17:00:36,525 [INFO] Edge 0: WTO is OFF, using all 20 clients.
2026-05-13 17:01:08,633 [INFO] Edge 1: WTO is OFF, using all 20 clients.
2026-05-13 17:01:39,756 [INFO] Edge 2: WTO is OFF, using all 20 clients.
2026-05-13 17:03:44,666 [INFO]   [Eval] Task 0, R 39: Acc: 95.87% | Prec-Mac: 93.49% | Rec-Mac: 95.63% | Mi-F1: 95.87% | Ma-F1: 94.33% | We-F1: 96.00% | Loss: 0.1142
2026-05-13 17:03:44,670 [INFO]   [CKPT] Saved: ckpt_wa_task00_r039_global039_acc95.9.pth
2026-05-13 17:03:44,670 [INFO] 
--- Task 0, Round 40/40 (Global 40) ---
2026-05-13 17:03:44,674 [INFO] Edge 0: WTO is OFF, using all 20 clients.
2026-05-13 17:08:48,292 [INFO] Edge 0: Memory updated at end of task. Total stored: 15000 samples across 5 classes.
2026-05-13 17:08:48,346 [INFO] Edge 1: WTO is OFF, using all 20 clients.
2026-05-13 17:13:53,945 [INFO] Edge 1: Memory updated at end of task. Total stored: 15000 samples across 5 classes.
2026-05-13 17:13:53,996 [INFO] Edge 2: WTO is OFF, using all 20 clients.
2026-05-13 17:19:07,574 [INFO] Edge 2: Memory updated at end of task. Total stored: 15000 samples across 5 classes.
2026-05-13 17:20:39,307 [INFO]   [Eval] Task 0, R 40: Acc: 95.87% | Prec-Mac: 93.49% | Rec-Mac: 95.65% | Mi-F1: 95.87% | Ma-F1: 94.33% | We-F1: 96.01% | Loss: 0.1116
2026-05-13 17:20:39,848 [INFO]   [CKPT] Saved: ckpt_wa_task00_r040_global040_acc95.9.pth
2026-05-13 17:20:39,848 [INFO] 
Loading data for Task 1 (Classes: [5, 6, 7, 8])...
2026-05-13 17:20:49,345 [INFO] Expanded global model to 9 classes for Task 1
2026-05-13 17:20:49,359 [INFO] 
============================================================
2026-05-13 17:20:49,359 [INFO] Task 1/4 | Classes: [5, 6, 7, 8] | 80 rounds | LR: 0.02
2026-05-13 17:20:49,359 [INFO] ============================================================
2026-05-13 17:20:49,359 [INFO] 
--- Task 1, Round 1/80 (Global 41) ---
2026-05-13 17:20:49,363 [INFO] Edge 0: WTO is OFF, using all 20 clients.
2026-05-13 17:20:49,428 [INFO] Edge 0: Balanced replay 15000->75000 (5x) for 314352 new samples.
2026-05-13 17:20:55,887 [INFO] Edge 1: WTO is OFF, using all 20 clients.
2026-05-13 17:20:55,950 [INFO] Edge 1: Balanced replay 15000->75000 (5x) for 314351 new samples.
2026-05-13 17:21:01,927 [INFO] Edge 2: WTO is OFF, using all 20 clients.
2026-05-13 17:21:01,988 [INFO] Edge 2: Balanced replay 15000->75000 (5x) for 314351 new samples.
2026-05-13 17:22:53,845 [INFO]   [Eval] Task 1, R 1: Acc: 63.81% | Prec-Mac: 57.75% | Rec-Mac: 68.80% | Mi-F1: 63.81% | Ma-F1: 55.16% | We-F1: 67.84% | Loss: 1.5604
2026-05-13 17:22:54,338 [INFO]   [CKPT] Saved: ckpt_wa_task01_r001_global041_acc63.8.pth
2026-05-13 17:22:54,338 [INFO] 
--- Task 1, Round 2/80 (Global 42) ---
2026-05-13 17:22:54,343 [INFO] Edge 0: WTO is OFF, using all 20 clients.
2026-05-13 17:22:54,400 [INFO] Edge 0: Balanced replay 15000->75000 (5x) for 314352 new samples.
2026-05-13 17:23:00,013 [INFO] Edge 1: WTO is OFF, using all 20 clients.
2026-05-13 17:23:00,067 [INFO] Edge 1: Balanced replay 15000->75000 (5x) for 314351 new samples.
2026-05-13 17:23:05,804 [INFO] Edge 2: WTO is OFF, using all 20 clients.
2026-05-13 17:23:05,859 [INFO] Edge 2: Balanced replay 15000->75000 (5x) for 314351 new samples.
2026-05-13 17:24:57,684 [INFO]   [Eval] Task 1, R 2: Acc: 65.70% | Prec-Mac: 57.27% | Rec-Mac: 71.92% | Mi-F1: 65.70% | Ma-F1: 56.89% | We-F1: 69.09% | Loss: 1.9627
2026-05-13 17:24:58,177 [INFO]   [CKPT] Saved: ckpt_wa_task01_r002_global042_acc65.7.pth
2026-05-13 17:24:58,177 [INFO] 
--- Task 1, Round 3/80 (Global 43) ---
2026-05-13 17:24:58,181 [INFO] Edge 0: WTO is OFF, using all 20 clients.
2026-05-13 17:24:58,235 [INFO] Edge 0: Balanced replay 15000->75000 (5x) for 314352 new samples.
2026-05-13 17:25:03,866 [INFO] Edge 1: WTO is OFF, using all 20 clients.
2026-05-13 17:25:03,920 [INFO] Edge 1: Balanced replay 15000->75000 (5x) for 314351 new samples.
2026-05-13 17:25:09,534 [INFO] Edge 2: WTO is OFF, using all 20 clients.
2026-05-13 17:25:09,587 [INFO] Edge 2: Balanced replay 15000->75000 (5x) for 314351 new samples.
2026-05-13 17:27:01,070 [INFO]   [Eval] Task 1, R 3: Acc: 66.55% | Prec-Mac: 59.93% | Rec-Mac: 74.42% | Mi-F1: 66.55% | Ma-F1: 59.93% | We-F1: 69.50% | Loss: 2.6457
2026-05-13 17:27:01,556 [INFO]   [CKPT] Saved: ckpt_wa_task01_r003_global043_acc66.6.pth
2026-05-13 17:27:01,556 [INFO] 
--- Task 1, Round 4/80 (Global 44) ---
2026-05-13 17:27:01,561 [INFO] Edge 0: WTO is OFF, using all 20 clients.
2026-05-13 17:27:01,616 [INFO] Edge 0: Balanced replay 15000->75000 (5x) for 314352 new samples.
2026-05-13 17:27:07,332 [INFO] Edge 1: WTO is OFF, using all 20 clients.
2026-05-13 17:27:07,388 [INFO] Edge 1: Balanced replay 15000->75000 (5x) for 314351 new samples.
2026-05-13 17:27:12,987 [INFO] Edge 2: WTO is OFF, using all 20 clients.
2026-05-13 17:27:13,043 [INFO] Edge 2: Balanced replay 15000->75000 (5x) for 314351 new samples.
2026-05-13 17:29:06,707 [INFO]   [Eval] Task 1, R 4: Acc: 67.91% | Prec-Mac: 61.38% | Rec-Mac: 76.25% | Mi-F1: 67.91% | Ma-F1: 62.04% | We-F1: 70.54% | Loss: 2.4575
2026-05-13 17:29:07,202 [INFO]   [CKPT] Saved: ckpt_wa_task01_r004_global044_acc67.9.pth
2026-05-13 17:29:07,202 [INFO] 
--- Task 1, Round 5/80 (Global 45) ---
2026-05-13 17:29:07,207 [INFO] Edge 0: WTO is OFF, using all 20 clients.
2026-05-13 17:29:07,260 [INFO] Edge 0: Balanced replay 15000->75000 (5x) for 314352 new samples.
2026-05-13 17:29:12,768 [INFO] Edge 1: WTO is OFF, using all 20 clients.
2026-05-13 17:29:12,826 [INFO] Edge 1: Balanced replay 15000->75000 (5x) for 314351 new samples.
2026-05-13 17:29:18,429 [INFO] Edge 2: WTO is OFF, using all 20 clients.
2026-05-13 17:29:18,485 [INFO] Edge 2: Balanced replay 15000->75000 (5x) for 314351 new samples.
2026-05-13 17:31:10,607 [INFO]   [Eval] Task 1, R 5: Acc: 68.52% | Prec-Mac: 62.20% | Rec-Mac: 76.36% | Mi-F1: 68.52% | Ma-F1: 63.12% | We-F1: 71.06% | Loss: 2.4804
2026-05-13 17:31:11,121 [INFO]   [CKPT] Saved: ckpt_wa_task01_r005_global045_acc68.5.pth
2026-05-13 17:31:11,122 [INFO] 
--- Task 1, Round 6/80 (Global 46) ---
2026-05-13 17:31:11,126 [INFO] Edge 0: WTO is OFF, using all 20 clients.
2026-05-13 17:31:11,184 [INFO] Edge 0: Balanced replay 15000->75000 (5x) for 314352 new samples.
2026-05-13 17:31:16,998 [INFO] Edge 1: WTO is OFF, using all 20 clients.
2026-05-13 17:31:17,062 [INFO] Edge 1: Balanced replay 15000->75000 (5x) for 314351 new samples.
2026-05-13 17:31:22,895 [INFO] Edge 2: WTO is OFF, using all 20 clients.
2026-05-13 17:31:22,948 [INFO] Edge 2: Balanced replay 15000->75000 (5x) for 314351 new samples.
2026-05-13 17:33:14,332 [INFO]   [Eval] Task 1, R 6: Acc: 68.33% | Prec-Mac: 62.49% | Rec-Mac: 76.91% | Mi-F1: 68.33% | Ma-F1: 62.86% | We-F1: 71.09% | Loss: 2.5488
2026-05-13 17:33:14,826 [INFO]   [CKPT] Saved: ckpt_wa_task01_r006_global046_acc68.3.pth
2026-05-13 17:33:14,826 [INFO] 
--- Task 1, Round 7/80 (Global 47) ---
2026-05-13 17:33:14,831 [INFO] Edge 0: WTO is OFF, using all 20 clients.
2026-05-13 17:33:14,892 [INFO] Edge 0: Balanced replay 15000->75000 (5x) for 314352 new samples.
2026-05-13 17:33:20,514 [INFO] Edge 1: WTO is OFF, using all 20 clients.
2026-05-13 17:33:20,598 [INFO] Edge 1: Balanced replay 15000->75000 (5x) for 314351 new samples.
2026-05-13 17:33:26,155 [INFO] Edge 2: WTO is OFF, using all 20 clients.
2026-05-13 17:33:26,219 [INFO] Edge 2: Balanced replay 15000->75000 (5x) for 314351 new samples.
2026-05-13 17:35:17,758 [INFO]   [Eval] Task 1, R 7: Acc: 67.60% | Prec-Mac: 62.53% | Rec-Mac: 76.43% | Mi-F1: 67.60% | Ma-F1: 62.49% | We-F1: 70.73% | Loss: 2.5475
2026-05-13 17:35:18,251 [INFO]   [CKPT] Saved: ckpt_wa_task01_r007_global047_acc67.6.pth
2026-05-13 17:35:18,251 [INFO] 
--- Task 1, Round 8/80 (Global 48) ---
2026-05-13 17:35:18,256 [INFO] Edge 0: WTO is OFF, using all 20 clients.
2026-05-13 17:35:18,310 [INFO] Edge 0: Balanced replay 15000->75000 (5x) for 314352 new samples.
2026-05-13 17:35:23,913 [INFO] Edge 1: WTO is OFF, using all 20 clients.
2026-05-13 17:35:23,967 [INFO] Edge 1: Balanced replay 15000->75000 (5x) for 314351 new samples.
2026-05-13 17:35:29,515 [INFO] Edge 2: WTO is OFF, using all 20 clients.
2026-05-13 17:35:29,573 [INFO] Edge 2: Balanced replay 15000->75000 (5x) for 314351 new samples.
2026-05-13 17:37:20,651 [INFO]   [Eval] Task 1, R 8: Acc: 67.84% | Prec-Mac: 62.57% | Rec-Mac: 76.56% | Mi-F1: 67.84% | Ma-F1: 62.65% | We-F1: 70.92% | Loss: 2.5255
2026-05-13 17:37:21,169 [INFO]   [CKPT] Saved: ckpt_wa_task01_r008_global048_acc67.8.pth
2026-05-13 17:37:21,169 [INFO] 
--- Task 1, Round 9/80 (Global 49) ---
2026-05-13 17:37:21,175 [INFO] Edge 0: WTO is OFF, using all 20 clients.
2026-05-13 17:37:21,231 [INFO] Edge 0: Balanced replay 15000->75000 (5x) for 314352 new samples.
2026-05-13 17:37:26,907 [INFO] Edge 1: WTO is OFF, using all 20 clients.
2026-05-13 17:37:26,961 [INFO] Edge 1: Balanced replay 15000->75000 (5x) for 314351 new samples.
2026-05-13 17:37:32,513 [INFO] Edge 2: WTO is OFF, using all 20 clients.
2026-05-13 17:37:32,572 [INFO] Edge 2: Balanced replay 15000->75000 (5x) for 314351 new samples.
2026-05-13 17:39:23,866 [INFO]   [Eval] Task 1, R 9: Acc: 67.60% | Prec-Mac: 62.45% | Rec-Mac: 75.78% | Mi-F1: 67.60% | Ma-F1: 62.05% | We-F1: 71.10% | Loss: 2.4555
2026-05-13 17:39:24,355 [INFO]   [CKPT] Saved: ckpt_wa_task01_r009_global049_acc67.6.pth
2026-05-13 17:39:24,355 [INFO] 
--- Task 1, Round 10/80 (Global 50) ---
2026-05-13 17:39:24,359 [INFO] Edge 0: WTO is OFF, using all 20 clients.
2026-05-13 17:39:24,417 [INFO] Edge 0: Balanced replay 15000->75000 (5x) for 314352 new samples.
2026-05-13 17:39:29,891 [INFO] Edge 1: WTO is OFF, using all 20 clients.
2026-05-13 17:39:29,945 [INFO] Edge 1: Balanced replay 15000->75000 (5x) for 314351 new samples.
2026-05-13 17:39:35,566 [INFO] Edge 2: WTO is OFF, using all 20 clients.
2026-05-13 17:39:35,629 [INFO] Edge 2: Balanced replay 15000->75000 (5x) for 314351 new samples.
2026-05-13 17:41:26,463 [INFO]   [Eval] Task 1, R 10: Acc: 67.42% | Prec-Mac: 62.49% | Rec-Mac: 75.99% | Mi-F1: 67.42% | Ma-F1: 61.98% | We-F1: 70.90% | Loss: 2.4588
2026-05-13 17:41:26,948 [INFO]   [CKPT] Saved: ckpt_wa_task01_r010_global050_acc67.4.pth
2026-05-13 17:41:26,949 [INFO] 
--- Task 1, Round 11/80 (Global 51) ---
2026-05-13 17:41:26,954 [INFO] Edge 0: WTO is OFF, using all 20 clients.
2026-05-13 17:41:27,007 [INFO] Edge 0: Balanced replay 15000->75000 (5x) for 314352 new samples.
2026-05-13 17:41:32,594 [INFO] Edge 1: WTO is OFF, using all 20 clients.
2026-05-13 17:41:32,645 [INFO] Edge 1: Balanced replay 15000->75000 (5x) for 314351 new samples.
2026-05-13 17:41:38,150 [INFO] Edge 2: WTO is OFF, using all 20 clients.
2026-05-13 17:41:38,204 [INFO] Edge 2: Balanced replay 15000->75000 (5x) for 314351 new samples.
2026-05-13 17:43:28,736 [INFO]   [Eval] Task 1, R 11: Acc: 67.84% | Prec-Mac: 62.99% | Rec-Mac: 76.17% | Mi-F1: 67.84% | Ma-F1: 62.46% | We-F1: 71.37% | Loss: 2.4688
2026-05-13 17:43:29,229 [INFO]   [CKPT] Saved: ckpt_wa_task01_r011_global051_acc67.8.pth
2026-05-13 17:43:29,229 [INFO] 
--- Task 1, Round 12/80 (Global 52) ---
2026-05-13 17:43:29,234 [INFO] Edge 0: WTO is OFF, using all 20 clients.
2026-05-13 17:43:29,291 [INFO] Edge 0: Balanced replay 15000->75000 (5x) for 314352 new samples.
2026-05-13 17:43:35,020 [INFO] Edge 1: WTO is OFF, using all 20 clients.
2026-05-13 17:43:35,073 [INFO] Edge 1: Balanced replay 15000->75000 (5x) for 314351 new samples.
2026-05-13 17:43:40,639 [INFO] Edge 2: WTO is OFF, using all 20 clients.
2026-05-13 17:43:40,693 [INFO] Edge 2: Balanced replay 15000->75000 (5x) for 314351 new samples.
2026-05-13 17:45:31,293 [INFO]   [Eval] Task 1, R 12: Acc: 67.48% | Prec-Mac: 62.35% | Rec-Mac: 76.01% | Mi-F1: 67.48% | Ma-F1: 61.85% | We-F1: 70.97% | Loss: 2.3942
2026-05-13 17:45:31,775 [INFO]   [CKPT] Saved: ckpt_wa_task01_r012_global052_acc67.5.pth
2026-05-13 17:45:31,776 [INFO] 
--- Task 1, Round 13/80 (Global 53) ---
2026-05-13 17:45:31,780 [INFO] Edge 0: WTO is OFF, using all 20 clients.
2026-05-13 17:45:31,833 [INFO] Edge 0: Balanced replay 15000->75000 (5x) for 314352 new samples.
2026-05-13 17:45:37,414 [INFO] Edge 1: WTO is OFF, using all 20 clients.
2026-05-13 17:45:37,470 [INFO] Edge 1: Balanced replay 15000->75000 (5x) for 314351 new samples.
2026-05-13 17:45:42,999 [INFO] Edge 2: WTO is OFF, using all 20 clients.
2026-05-13 17:45:43,052 [INFO] Edge 2: Balanced replay 15000->75000 (5x) for 314351 new samples.
2026-05-13 17:47:33,400 [INFO]   [Eval] Task 1, R 13: Acc: 67.31% | Prec-Mac: 62.24% | Rec-Mac: 75.86% | Mi-F1: 67.31% | Ma-F1: 61.82% | We-F1: 70.78% | Loss: 2.3999
2026-05-13 17:47:33,894 [INFO]   [CKPT] Saved: ckpt_wa_task01_r013_global053_acc67.3.pth
2026-05-13 17:47:33,895 [INFO] 
--- Task 1, Round 14/80 (Global 54) ---
2026-05-13 17:47:33,899 [INFO] Edge 0: WTO is OFF, using all 20 clients.
2026-05-13 17:47:33,953 [INFO] Edge 0: Balanced replay 15000->75000 (5x) for 314352 new samples.
2026-05-13 17:47:39,533 [INFO] Edge 1: WTO is OFF, using all 20 clients.
2026-05-13 17:47:39,585 [INFO] Edge 1: Balanced replay 15000->75000 (5x) for 314351 new samples.
2026-05-13 17:47:45,127 [INFO] Edge 2: WTO is OFF, using all 20 clients.
2026-05-13 17:47:45,183 [INFO] Edge 2: Balanced replay 15000->75000 (5x) for 314351 new samples.
2026-05-13 17:49:35,934 [INFO]   [Eval] Task 1, R 14: Acc: 67.55% | Prec-Mac: 62.30% | Rec-Mac: 75.92% | Mi-F1: 67.55% | Ma-F1: 61.92% | We-F1: 71.02% | Loss: 2.3498
2026-05-13 17:49:36,445 [INFO]   [CKPT] Saved: ckpt_wa_task01_r014_global054_acc67.5.pth
2026-05-13 17:49:36,446 [INFO] 
--- Task 1, Round 15/80 (Global 55) ---
2026-05-13 17:49:36,450 [INFO] Edge 0: WTO is OFF, using all 20 clients.
2026-05-13 17:49:36,518 [INFO] Edge 0: Balanced replay 15000->75000 (5x) for 314352 new samples.
2026-05-13 17:49:42,118 [INFO] Edge 1: WTO is OFF, using all 20 clients.
2026-05-13 17:49:42,171 [INFO] Edge 1: Balanced replay 15000->75000 (5x) for 314351 new samples.
2026-05-13 17:49:47,881 [INFO] Edge 2: WTO is OFF, using all 20 clients.
2026-05-13 17:49:47,935 [INFO] Edge 2: Balanced replay 15000->75000 (5x) for 314351 new samples.
2026-05-13 17:51:38,957 [INFO]   [Eval] Task 1, R 15: Acc: 68.02% | Prec-Mac: 62.23% | Rec-Mac: 76.23% | Mi-F1: 68.02% | Ma-F1: 62.22% | We-F1: 71.42% | Loss: 2.3435
2026-05-13 17:51:39,492 [INFO]   [CKPT] Saved: ckpt_wa_task01_r015_global055_acc68.0.pth
2026-05-13 17:51:39,492 [INFO] 
--- Task 1, Round 16/80 (Global 56) ---
2026-05-13 17:51:39,496 [INFO] Edge 0: WTO is OFF, using all 20 clients.
2026-05-13 17:51:39,558 [INFO] Edge 0: Balanced replay 15000->75000 (5x) for 314352 new samples.
2026-05-13 17:51:45,288 [INFO] Edge 1: WTO is OFF, using all 20 clients.
2026-05-13 17:51:45,349 [INFO] Edge 1: Balanced replay 15000->75000 (5x) for 314351 new samples.
2026-05-13 17:51:50,865 [INFO] Edge 2: WTO is OFF, using all 20 clients.
2026-05-13 17:51:50,919 [INFO] Edge 2: Balanced replay 15000->75000 (5x) for 314351 new samples.
2026-05-13 17:53:41,375 [INFO]   [Eval] Task 1, R 16: Acc: 67.77% | Prec-Mac: 62.24% | Rec-Mac: 76.29% | Mi-F1: 67.77% | Ma-F1: 62.20% | We-F1: 71.23% | Loss: 2.4219
2026-05-13 17:53:41,866 [INFO]   [CKPT] Saved: ckpt_wa_task01_r016_global056_acc67.8.pth
2026-05-13 17:53:41,867 [INFO] 
--- Task 1, Round 17/80 (Global 57) ---
2026-05-13 17:53:41,871 [INFO] Edge 0: WTO is OFF, using all 20 clients.
2026-05-13 17:53:41,926 [INFO] Edge 0: Balanced replay 15000->75000 (5x) for 314352 new samples.
2026-05-13 17:53:47,480 [INFO] Edge 1: WTO is OFF, using all 20 clients.
2026-05-13 17:53:47,533 [INFO] Edge 1: Balanced replay 15000->75000 (5x) for 314351 new samples.
2026-05-13 17:53:53,065 [INFO] Edge 2: WTO is OFF, using all 20 clients.
2026-05-13 17:53:53,119 [INFO] Edge 2: Balanced replay 15000->75000 (5x) for 314351 new samples.
2026-05-13 17:55:43,585 [INFO]   [Eval] Task 1, R 17: Acc: 68.08% | Prec-Mac: 62.42% | Rec-Mac: 76.31% | Mi-F1: 68.08% | Ma-F1: 62.49% | We-F1: 71.42% | Loss: 2.3534
2026-05-13 17:55:44,079 [INFO]   [CKPT] Saved: ckpt_wa_task01_r017_global057_acc68.1.pth
2026-05-13 17:55:44,079 [INFO] 
--- Task 1, Round 18/80 (Global 58) ---
2026-05-13 17:55:44,084 [INFO] Edge 0: WTO is OFF, using all 20 clients.
2026-05-13 17:55:44,136 [INFO] Edge 0: Balanced replay 15000->75000 (5x) for 314352 new samples.
2026-05-13 17:55:49,760 [INFO] Edge 1: WTO is OFF, using all 20 clients.
2026-05-13 17:55:49,813 [INFO] Edge 1: Balanced replay 15000->75000 (5x) for 314351 new samples.
2026-05-13 17:55:55,331 [INFO] Edge 2: WTO is OFF, using all 20 clients.
2026-05-13 17:55:55,385 [INFO] Edge 2: Balanced replay 15000->75000 (5x) for 314351 new samples.
2026-05-13 17:57:45,551 [INFO]   [Eval] Task 1, R 18: Acc: 70.08% | Prec-Mac: 61.91% | Rec-Mac: 77.45% | Mi-F1: 70.08% | Ma-F1: 63.09% | We-F1: 73.19% | Loss: 2.3205
2026-05-13 17:57:46,035 [INFO]   [CKPT] Saved: ckpt_wa_task01_r018_global058_acc70.1.pth
2026-05-13 17:57:46,035 [INFO] 
--- Task 1, Round 19/80 (Global 59) ---
2026-05-13 17:57:46,039 [INFO] Edge 0: WTO is OFF, using all 20 clients.
2026-05-13 17:57:46,091 [INFO] Edge 0: Balanced replay 15000->75000 (5x) for 314352 new samples.
2026-05-13 17:57:51,645 [INFO] Edge 1: WTO is OFF, using all 20 clients.
2026-05-13 17:57:51,698 [INFO] Edge 1: Balanced replay 15000->75000 (5x) for 314351 new samples.
2026-05-13 17:57:57,255 [INFO] Edge 2: WTO is OFF, using all 20 clients.
2026-05-13 17:57:57,313 [INFO] Edge 2: Balanced replay 15000->75000 (5x) for 314351 new samples.
2026-05-13 17:59:47,973 [INFO]   [Eval] Task 1, R 19: Acc: 68.54% | Prec-Mac: 62.30% | Rec-Mac: 76.67% | Mi-F1: 68.54% | Ma-F1: 62.60% | We-F1: 71.87% | Loss: 2.3700
2026-05-13 17:59:48,485 [INFO]   [CKPT] Saved: ckpt_wa_task01_r019_global059_acc68.5.pth
2026-05-13 17:59:48,486 [INFO] 
--- Task 1, Round 20/80 (Global 60) ---
2026-05-13 17:59:48,490 [INFO] Edge 0: WTO is OFF, using all 20 clients.
2026-05-13 17:59:48,549 [INFO] Edge 0: Balanced replay 15000->75000 (5x) for 314352 new samples.
2026-05-13 17:59:53,930 [INFO] Edge 1: WTO is OFF, using all 20 clients.
2026-05-13 17:59:53,983 [INFO] Edge 1: Balanced replay 15000->75000 (5x) for 314351 new samples.
2026-05-13 17:59:59,496 [INFO] Edge 2: WTO is OFF, using all 20 clients.
2026-05-13 17:59:59,552 [INFO] Edge 2: Balanced replay 15000->75000 (5x) for 314351 new samples.
2026-05-13 18:01:50,252 [INFO]   [Eval] Task 1, R 20: Acc: 69.08% | Prec-Mac: 61.52% | Rec-Mac: 76.94% | Mi-F1: 69.08% | Ma-F1: 62.18% | We-F1: 72.39% | Loss: 2.3619
2026-05-13 18:01:50,789 [INFO]   [CKPT] Saved: ckpt_wa_task01_r020_global060_acc69.1.pth
2026-05-13 18:01:50,789 [INFO] 
--- Task 1, Round 21/80 (Global 61) ---
2026-05-13 18:01:50,794 [INFO] Edge 0: WTO is OFF, using all 20 clients.
2026-05-13 18:01:50,849 [INFO] Edge 0: Balanced replay 15000->75000 (5x) for 314352 new samples.
2026-05-13 18:01:56,387 [INFO] Edge 1: WTO is OFF, using all 20 clients.
2026-05-13 18:01:56,440 [INFO] Edge 1: Balanced replay 15000->75000 (5x) for 314351 new samples.
2026-05-13 18:02:01,961 [INFO] Edge 2: WTO is OFF, using all 20 clients.
2026-05-13 18:02:02,016 [INFO] Edge 2: Balanced replay 15000->75000 (5x) for 314351 new samples.
2026-05-13 18:03:52,958 [INFO]   [Eval] Task 1, R 21: Acc: 69.54% | Prec-Mac: 63.18% | Rec-Mac: 77.85% | Mi-F1: 69.54% | Ma-F1: 63.85% | We-F1: 72.73% | Loss: 2.2029
2026-05-13 18:03:53,450 [INFO]   [CKPT] Saved: ckpt_wa_task01_r021_global061_acc69.5.pth
2026-05-13 18:03:53,450 [INFO] 
--- Task 1, Round 22/80 (Global 62) ---
2026-05-13 18:03:53,455 [INFO] Edge 0: WTO is OFF, using all 20 clients.
2026-05-13 18:03:53,509 [INFO] Edge 0: Balanced replay 15000->75000 (5x) for 314352 new samples.
2026-05-13 18:03:59,096 [INFO] Edge 1: WTO is OFF, using all 20 clients.
2026-05-13 18:03:59,149 [INFO] Edge 1: Balanced replay 15000->75000 (5x) for 314351 new samples.
2026-05-13 18:04:04,706 [INFO] Edge 2: WTO is OFF, using all 20 clients.
2026-05-13 18:04:04,758 [INFO] Edge 2: Balanced replay 15000->75000 (5x) for 314351 new samples.
2026-05-13 18:05:55,453 [INFO]   [Eval] Task 1, R 22: Acc: 68.27% | Prec-Mac: 61.98% | Rec-Mac: 76.32% | Mi-F1: 68.27% | Ma-F1: 61.98% | We-F1: 71.82% | Loss: 2.3407
2026-05-13 18:05:55,984 [INFO]   [CKPT] Saved: ckpt_wa_task01_r022_global062_acc68.3.pth
2026-05-13 18:05:55,984 [INFO] 
--- Task 1, Round 23/80 (Global 63) ---
2026-05-13 18:05:55,989 [INFO] Edge 0: WTO is OFF, using all 20 clients.
2026-05-13 18:05:56,052 [INFO] Edge 0: Balanced replay 15000->75000 (5x) for 314352 new samples.
2026-05-13 18:06:01,693 [INFO] Edge 1: WTO is OFF, using all 20 clients.
2026-05-13 18:06:01,748 [INFO] Edge 1: Balanced replay 15000->75000 (5x) for 314351 new samples.
2026-05-13 18:06:07,342 [INFO] Edge 2: WTO is OFF, using all 20 clients.
2026-05-13 18:06:07,408 [INFO] Edge 2: Balanced replay 15000->75000 (5x) for 314351 new samples.
2026-05-13 18:07:58,165 [INFO]   [Eval] Task 1, R 23: Acc: 68.63% | Prec-Mac: 61.93% | Rec-Mac: 76.69% | Mi-F1: 68.63% | Ma-F1: 62.25% | We-F1: 72.05% | Loss: 2.3441
2026-05-13 18:07:58,655 [INFO]   [CKPT] Saved: ckpt_wa_task01_r023_global063_acc68.6.pth
2026-05-13 18:07:58,655 [INFO] 
--- Task 1, Round 24/80 (Global 64) ---
2026-05-13 18:07:58,659 [INFO] Edge 0: WTO is OFF, using all 20 clients.
2026-05-13 18:07:58,712 [INFO] Edge 0: Balanced replay 15000->75000 (5x) for 314352 new samples.
2026-05-13 18:08:04,355 [INFO] Edge 1: WTO is OFF, using all 20 clients.
2026-05-13 18:08:04,411 [INFO] Edge 1: Balanced replay 15000->75000 (5x) for 314351 new samples.
2026-05-13 18:08:09,949 [INFO] Edge 2: WTO is OFF, using all 20 clients.
2026-05-13 18:08:10,001 [INFO] Edge 2: Balanced replay 15000->75000 (5x) for 314351 new samples.
2026-05-13 18:10:03,194 [INFO]   [Eval] Task 1, R 24: Acc: 68.19% | Prec-Mac: 61.58% | Rec-Mac: 76.53% | Mi-F1: 68.19% | Ma-F1: 61.73% | We-F1: 71.65% | Loss: 2.3938
2026-05-13 18:10:03,730 [INFO]   [CKPT] Saved: ckpt_wa_task01_r024_global064_acc68.2.pth
2026-05-13 18:10:03,730 [INFO] 
--- Task 1, Round 25/80 (Global 65) ---
2026-05-13 18:10:03,735 [INFO] Edge 0: WTO is OFF, using all 20 clients.
2026-05-13 18:10:03,790 [INFO] Edge 0: Balanced replay 15000->75000 (5x) for 314352 new samples.
2026-05-13 18:10:09,579 [INFO] Edge 1: WTO is OFF, using all 20 clients.
2026-05-13 18:10:09,635 [INFO] Edge 1: Balanced replay 15000->75000 (5x) for 314351 new samples.
2026-05-13 18:10:15,704 [INFO] Edge 2: WTO is OFF, using all 20 clients.
2026-05-13 18:10:15,759 [INFO] Edge 2: Balanced replay 15000->75000 (5x) for 314351 new samples.
2026-05-13 18:12:12,099 [INFO]   [Eval] Task 1, R 25: Acc: 68.70% | Prec-Mac: 61.81% | Rec-Mac: 76.79% | Mi-F1: 68.70% | Ma-F1: 62.16% | We-F1: 72.14% | Loss: 2.3925
2026-05-13 18:12:12,657 [INFO]   [CKPT] Saved: ckpt_wa_task01_r025_global065_acc68.7.pth
2026-05-13 18:12:12,657 [INFO] 
--- Task 1, Round 26/80 (Global 66) ---
2026-05-13 18:12:12,663 [INFO] Edge 0: WTO is OFF, using all 20 clients.
2026-05-13 18:12:12,719 [INFO] Edge 0: Balanced replay 15000->75000 (5x) for 314352 new samples.
2026-05-13 18:12:18,609 [INFO] Edge 1: WTO is OFF, using all 20 clients.
2026-05-13 18:12:18,663 [INFO] Edge 1: Balanced replay 15000->75000 (5x) for 314351 new samples.
2026-05-13 18:12:24,581 [INFO] Edge 2: WTO is OFF, using all 20 clients.
2026-05-13 18:12:24,642 [INFO] Edge 2: Balanced replay 15000->75000 (5x) for 314351 new samples.
2026-05-13 18:14:18,616 [INFO]   [Eval] Task 1, R 26: Acc: 68.67% | Prec-Mac: 60.65% | Rec-Mac: 76.78% | Mi-F1: 68.67% | Ma-F1: 61.04% | We-F1: 72.09% | Loss: 2.3754
2026-05-13 18:14:19,127 [INFO]   [CKPT] Saved: ckpt_wa_task01_r026_global066_acc68.7.pth
2026-05-13 18:14:19,128 [INFO] 
--- Task 1, Round 27/80 (Global 67) ---
2026-05-13 18:14:19,132 [INFO] Edge 0: WTO is OFF, using all 20 clients.
2026-05-13 18:14:19,188 [INFO] Edge 0: Balanced replay 15000->75000 (5x) for 314352 new samples.
2026-05-13 18:14:25,196 [INFO] Edge 1: WTO is OFF, using all 20 clients.
2026-05-13 18:14:25,252 [INFO] Edge 1: Balanced replay 15000->75000 (5x) for 314351 new samples.
2026-05-13 18:14:31,010 [INFO] Edge 2: WTO is OFF, using all 20 clients.
2026-05-13 18:14:31,072 [INFO] Edge 2: Balanced replay 15000->75000 (5x) for 314351 new samples.
2026-05-13 18:16:24,673 [INFO]   [Eval] Task 1, R 27: Acc: 68.47% | Prec-Mac: 60.33% | Rec-Mac: 76.70% | Mi-F1: 68.47% | Ma-F1: 60.52% | We-F1: 71.98% | Loss: 2.3944
2026-05-13 18:16:25,194 [INFO]   [CKPT] Saved: ckpt_wa_task01_r027_global067_acc68.5.pth
2026-05-13 18:16:25,194 [INFO] 
--- Task 1, Round 28/80 (Global 68) ---
2026-05-13 18:16:25,199 [INFO] Edge 0: WTO is OFF, using all 20 clients.
2026-05-13 18:16:25,254 [INFO] Edge 0: Balanced replay 15000->75000 (5x) for 314352 new samples.
2026-05-13 18:16:31,167 [INFO] Edge 1: WTO is OFF, using all 20 clients.
2026-05-13 18:16:31,220 [INFO] Edge 1: Balanced replay 15000->75000 (5x) for 314351 new samples.
2026-05-13 18:16:36,900 [INFO] Edge 2: WTO is OFF, using all 20 clients.
2026-05-13 18:16:36,959 [INFO] Edge 2: Balanced replay 15000->75000 (5x) for 314351 new samples.
2026-05-13 18:18:30,075 [INFO]   [Eval] Task 1, R 28: Acc: 68.23% | Prec-Mac: 60.20% | Rec-Mac: 76.60% | Mi-F1: 68.23% | Ma-F1: 60.33% | We-F1: 71.65% | Loss: 2.4118
2026-05-13 18:18:30,638 [INFO]   [CKPT] Saved: ckpt_wa_task01_r028_global068_acc68.2.pth
2026-05-13 18:18:30,638 [INFO] 
--- Task 1, Round 29/80 (Global 69) ---
2026-05-13 18:18:30,644 [INFO] Edge 0: WTO is OFF, using all 20 clients.
2026-05-13 18:18:30,701 [INFO] Edge 0: Balanced replay 15000->75000 (5x) for 314352 new samples.
2026-05-13 18:18:36,474 [INFO] Edge 1: WTO is OFF, using all 20 clients.
2026-05-13 18:18:36,529 [INFO] Edge 1: Balanced replay 15000->75000 (5x) for 314351 new samples.
2026-05-13 18:18:42,253 [INFO] Edge 2: WTO is OFF, using all 20 clients.
2026-05-13 18:18:42,308 [INFO] Edge 2: Balanced replay 15000->75000 (5x) for 314351 new samples.
2026-05-13 18:20:35,553 [INFO]   [Eval] Task 1, R 29: Acc: 68.77% | Prec-Mac: 60.54% | Rec-Mac: 77.03% | Mi-F1: 68.77% | Ma-F1: 60.91% | We-F1: 72.19% | Loss: 2.3789
2026-05-13 18:20:36,064 [INFO]   [CKPT] Saved: ckpt_wa_task01_r029_global069_acc68.8.pth
2026-05-13 18:20:36,064 [INFO] 
--- Task 1, Round 30/80 (Global 70) ---
2026-05-13 18:20:36,069 [INFO] Edge 0: WTO is OFF, using all 20 clients.
2026-05-13 18:20:36,124 [INFO] Edge 0: Balanced replay 15000->75000 (5x) for 314352 new samples.
2026-05-13 18:20:41,698 [INFO] Edge 1: WTO is OFF, using all 20 clients.
2026-05-13 18:20:41,754 [INFO] Edge 1: Balanced replay 15000->75000 (5x) for 314351 new samples.
2026-05-13 18:20:47,394 [INFO] Edge 2: WTO is OFF, using all 20 clients.
2026-05-13 18:20:47,454 [INFO] Edge 2: Balanced replay 15000->75000 (5x) for 314351 new samples.
2026-05-13 18:22:40,947 [INFO]   [Eval] Task 1, R 30: Acc: 68.16% | Prec-Mac: 60.05% | Rec-Mac: 76.71% | Mi-F1: 68.16% | Ma-F1: 60.08% | We-F1: 71.63% | Loss: 2.4313
2026-05-13 18:22:41,469 [INFO]   [CKPT] Saved: ckpt_wa_task01_r030_global070_acc68.2.pth
2026-05-13 18:22:41,470 [INFO] 
--- Task 1, Round 31/80 (Global 71) ---
2026-05-13 18:22:41,475 [INFO] Edge 0: WTO is OFF, using all 20 clients.
2026-05-13 18:22:41,531 [INFO] Edge 0: Balanced replay 15000->75000 (5x) for 314352 new samples.
2026-05-13 18:22:47,278 [INFO] Edge 1: WTO is OFF, using all 20 clients.
2026-05-13 18:22:47,332 [INFO] Edge 1: Balanced replay 15000->75000 (5x) for 314351 new samples.
2026-05-13 18:22:53,056 [INFO] Edge 2: WTO is OFF, using all 20 clients.
2026-05-13 18:22:53,113 [INFO] Edge 2: Balanced replay 15000->75000 (5x) for 314351 new samples.
2026-05-13 18:24:45,934 [INFO]   [Eval] Task 1, R 31: Acc: 68.32% | Prec-Mac: 60.15% | Rec-Mac: 76.80% | Mi-F1: 68.32% | Ma-F1: 60.35% | We-F1: 71.68% | Loss: 2.3840
2026-05-13 18:24:46,463 [INFO]   [CKPT] Saved: ckpt_wa_task01_r031_global071_acc68.3.pth
2026-05-13 18:24:46,463 [INFO] 
--- Task 1, Round 32/80 (Global 72) ---
2026-05-13 18:24:46,469 [INFO] Edge 0: WTO is OFF, using all 20 clients.
2026-05-13 18:24:46,525 [INFO] Edge 0: Balanced replay 15000->75000 (5x) for 314352 new samples.
2026-05-13 18:24:52,360 [INFO] Edge 1: WTO is OFF, using all 20 clients.
2026-05-13 18:24:52,412 [INFO] Edge 1: Balanced replay 15000->75000 (5x) for 314351 new samples.
2026-05-13 18:24:58,071 [INFO] Edge 2: WTO is OFF, using all 20 clients.
2026-05-13 18:24:58,132 [INFO] Edge 2: Balanced replay 15000->75000 (5x) for 314351 new samples.
2026-05-13 18:26:50,498 [INFO]   [Eval] Task 1, R 32: Acc: 68.11% | Prec-Mac: 60.04% | Rec-Mac: 76.68% | Mi-F1: 68.11% | Ma-F1: 60.14% | We-F1: 71.53% | Loss: 2.4066
2026-05-13 18:26:51,035 [INFO]   [CKPT] Saved: ckpt_wa_task01_r032_global072_acc68.1.pth
2026-05-13 18:26:51,035 [INFO] 
--- Task 1, Round 33/80 (Global 73) ---
2026-05-13 18:26:51,039 [INFO] Edge 0: WTO is OFF, using all 20 clients.
2026-05-13 18:26:51,094 [INFO] Edge 0: Balanced replay 15000->75000 (5x) for 314352 new samples.
2026-05-13 18:26:56,730 [INFO] Edge 1: WTO is OFF, using all 20 clients.
2026-05-13 18:26:56,783 [INFO] Edge 1: Balanced replay 15000->75000 (5x) for 314351 new samples.
2026-05-13 18:27:02,498 [INFO] Edge 2: WTO is OFF, using all 20 clients.
2026-05-13 18:27:02,551 [INFO] Edge 2: Balanced replay 15000->75000 (5x) for 314351 new samples.
2026-05-13 18:28:53,846 [INFO]   [Eval] Task 1, R 33: Acc: 67.84% | Prec-Mac: 59.91% | Rec-Mac: 76.43% | Mi-F1: 67.84% | Ma-F1: 59.87% | We-F1: 71.38% | Loss: 2.4088
2026-05-13 18:28:54,358 [INFO]   [CKPT] Saved: ckpt_wa_task01_r033_global073_acc67.8.pth
2026-05-13 18:28:54,358 [INFO] 
--- Task 1, Round 34/80 (Global 74) ---
2026-05-13 18:28:54,363 [INFO] Edge 0: WTO is OFF, using all 20 clients.
2026-05-13 18:28:54,416 [INFO] Edge 0: Balanced replay 15000->75000 (5x) for 314352 new samples.
2026-05-13 18:29:00,085 [INFO] Edge 1: WTO is OFF, using all 20 clients.
2026-05-13 18:29:00,137 [INFO] Edge 1: Balanced replay 15000->75000 (5x) for 314351 new samples.
2026-05-13 18:29:05,691 [INFO] Edge 2: WTO is OFF, using all 20 clients.
2026-05-13 18:29:05,750 [INFO] Edge 2: Balanced replay 15000->75000 (5x) for 314351 new samples.
2026-05-13 18:30:57,101 [INFO]   [Eval] Task 1, R 34: Acc: 68.05% | Prec-Mac: 59.98% | Rec-Mac: 76.58% | Mi-F1: 68.05% | Ma-F1: 60.00% | We-F1: 71.55% | Loss: 2.4002
2026-05-13 18:30:57,607 [INFO]   [CKPT] Saved: ckpt_wa_task01_r034_global074_acc68.0.pth
2026-05-13 18:30:57,607 [INFO] 
--- Task 1, Round 35/80 (Global 75) ---
2026-05-13 18:30:57,612 [INFO] Edge 0: WTO is OFF, using all 20 clients.
2026-05-13 18:30:57,666 [INFO] Edge 0: Balanced replay 15000->75000 (5x) for 314352 new samples.
2026-05-13 18:31:03,183 [INFO] Edge 1: WTO is OFF, using all 20 clients.
2026-05-13 18:31:03,243 [INFO] Edge 1: Balanced replay 15000->75000 (5x) for 314351 new samples.
2026-05-13 18:31:08,798 [INFO] Edge 2: WTO is OFF, using all 20 clients.
2026-05-13 18:31:08,856 [INFO] Edge 2: Balanced replay 15000->75000 (5x) for 314351 new samples.
2026-05-13 18:33:00,194 [INFO]   [Eval] Task 1, R 35: Acc: 67.59% | Prec-Mac: 59.83% | Rec-Mac: 76.50% | Mi-F1: 67.59% | Ma-F1: 59.64% | We-F1: 71.18% | Loss: 2.4429
2026-05-13 18:33:00,728 [INFO]   [CKPT] Saved: ckpt_wa_task01_r035_global075_acc67.6.pth
2026-05-13 18:33:00,728 [INFO] 
--- Task 1, Round 36/80 (Global 76) ---
2026-05-13 18:33:00,733 [INFO] Edge 0: WTO is OFF, using all 20 clients.
2026-05-13 18:33:00,786 [INFO] Edge 0: Balanced replay 15000->75000 (5x) for 314352 new samples.
2026-05-13 18:33:06,530 [INFO] Edge 1: WTO is OFF, using all 20 clients.
2026-05-13 18:33:06,584 [INFO] Edge 1: Balanced replay 15000->75000 (5x) for 314351 new samples.
2026-05-13 18:33:12,264 [INFO] Edge 2: WTO is OFF, using all 20 clients.
2026-05-13 18:33:12,319 [INFO] Edge 2: Balanced replay 15000->75000 (5x) for 314351 new samples.
2026-05-13 18:35:04,461 [INFO]   [Eval] Task 1, R 36: Acc: 67.56% | Prec-Mac: 59.75% | Rec-Mac: 76.38% | Mi-F1: 67.56% | Ma-F1: 59.68% | We-F1: 71.03% | Loss: 2.4496
2026-05-13 18:35:04,982 [INFO]   [CKPT] Saved: ckpt_wa_task01_r036_global076_acc67.6.pth
2026-05-13 18:35:04,982 [INFO] 
--- Task 1, Round 37/80 (Global 77) ---
2026-05-13 18:35:04,987 [INFO] Edge 0: WTO is OFF, using all 20 clients.
2026-05-13 18:35:05,041 [INFO] Edge 0: Balanced replay 15000->75000 (5x) for 314352 new samples.
2026-05-13 18:35:10,825 [INFO] Edge 1: WTO is OFF, using all 20 clients.
2026-05-13 18:35:10,879 [INFO] Edge 1: Balanced replay 15000->75000 (5x) for 314351 new samples.
2026-05-13 18:35:16,583 [INFO] Edge 2: WTO is OFF, using all 20 clients.
2026-05-13 18:35:16,638 [INFO] Edge 2: Balanced replay 15000->75000 (5x) for 314351 new samples.
2026-05-13 18:37:08,417 [INFO]   [Eval] Task 1, R 37: Acc: 67.32% | Prec-Mac: 59.56% | Rec-Mac: 76.30% | Mi-F1: 67.32% | Ma-F1: 59.28% | We-F1: 70.86% | Loss: 2.4383
2026-05-13 18:37:08,926 [INFO]   [CKPT] Saved: ckpt_wa_task01_r037_global077_acc67.3.pth
2026-05-13 18:37:08,926 [INFO] 
--- Task 1, Round 38/80 (Global 78) ---
2026-05-13 18:37:08,931 [INFO] Edge 0: WTO is OFF, using all 20 clients.
2026-05-13 18:37:08,984 [INFO] Edge 0: Balanced replay 15000->75000 (5x) for 314352 new samples.
2026-05-13 18:37:14,812 [INFO] Edge 1: WTO is OFF, using all 20 clients.
2026-05-13 18:37:14,864 [INFO] Edge 1: Balanced replay 15000->75000 (5x) for 314351 new samples.
2026-05-13 18:37:20,544 [INFO] Edge 2: WTO is OFF, using all 20 clients.
2026-05-13 18:37:20,622 [INFO] Edge 2: Balanced replay 15000->75000 (5x) for 314351 new samples.
2026-05-13 18:39:13,552 [INFO]   [Eval] Task 1, R 38: Acc: 68.20% | Prec-Mac: 60.12% | Rec-Mac: 76.79% | Mi-F1: 68.20% | Ma-F1: 60.17% | We-F1: 71.68% | Loss: 2.4169
2026-05-13 18:39:14,058 [INFO]   [CKPT] Saved: ckpt_wa_task01_r038_global078_acc68.2.pth
2026-05-13 18:39:14,058 [INFO] 
--- Task 1, Round 39/80 (Global 79) ---
2026-05-13 18:39:14,063 [INFO] Edge 0: WTO is OFF, using all 20 clients.
2026-05-13 18:39:14,122 [INFO] Edge 0: Balanced replay 15000->75000 (5x) for 314352 new samples.
2026-05-13 18:39:19,947 [INFO] Edge 1: WTO is OFF, using all 20 clients.
2026-05-13 18:39:20,002 [INFO] Edge 1: Balanced replay 15000->75000 (5x) for 314351 new samples.
2026-05-13 18:39:25,670 [INFO] Edge 2: WTO is OFF, using all 20 clients.
2026-05-13 18:39:25,734 [INFO] Edge 2: Balanced replay 15000->75000 (5x) for 314351 new samples.
2026-05-13 18:41:18,619 [INFO]   [Eval] Task 1, R 39: Acc: 67.09% | Prec-Mac: 59.36% | Rec-Mac: 76.09% | Mi-F1: 67.09% | Ma-F1: 58.98% | We-F1: 70.62% | Loss: 2.4548
2026-05-13 18:41:19,147 [INFO]   [CKPT] Saved: ckpt_wa_task01_r039_global079_acc67.1.pth
2026-05-13 18:41:19,147 [INFO] 
--- Task 1, Round 40/80 (Global 80) ---
2026-05-13 18:41:19,152 [INFO] Edge 0: WTO is OFF, using all 20 clients.
2026-05-13 18:41:19,206 [INFO] Edge 0: Balanced replay 15000->75000 (5x) for 314352 new samples.
2026-05-13 18:41:24,850 [INFO] Edge 1: WTO is OFF, using all 20 clients.
2026-05-13 18:41:24,906 [INFO] Edge 1: Balanced replay 15000->75000 (5x) for 314351 new samples.
2026-05-13 18:41:30,566 [INFO] Edge 2: WTO is OFF, using all 20 clients.
2026-05-13 18:41:30,643 [INFO] Edge 2: Balanced replay 15000->75000 (5x) for 314351 new samples.
2026-05-13 18:43:23,930 [INFO]   [Eval] Task 1, R 40: Acc: 66.54% | Prec-Mac: 59.23% | Rec-Mac: 75.83% | Mi-F1: 66.54% | Ma-F1: 58.38% | We-F1: 70.22% | Loss: 2.4711
2026-05-13 18:43:24,442 [INFO]   [CKPT] Saved: ckpt_wa_task01_r040_global080_acc66.5.pth
2026-05-13 18:43:24,442 [INFO] 
--- Task 1, Round 41/80 (Global 81) ---
2026-05-13 18:43:24,442 [INFO]    [LR DECAY] Round 40 reached milestone: New LR = 0.002
2026-05-13 18:43:24,447 [INFO] Edge 0: WTO is OFF, using all 20 clients.
2026-05-13 18:43:24,502 [INFO] Edge 0: Balanced replay 15000->75000 (5x) for 314352 new samples.
2026-05-13 18:43:30,335 [INFO] Edge 1: WTO is OFF, using all 20 clients.
2026-05-13 18:43:30,388 [INFO] Edge 1: Balanced replay 15000->75000 (5x) for 314351 new samples.
2026-05-13 18:43:36,089 [INFO] Edge 2: WTO is OFF, using all 20 clients.
2026-05-13 18:43:36,144 [INFO] Edge 2: Balanced replay 15000->75000 (5x) for 314351 new samples.
2026-05-13 18:45:28,929 [INFO]   [Eval] Task 1, R 41: Acc: 66.48% | Prec-Mac: 59.09% | Rec-Mac: 75.82% | Mi-F1: 66.48% | Ma-F1: 58.26% | We-F1: 70.09% | Loss: 2.4661
2026-05-13 18:45:29,494 [INFO]   [CKPT] Saved: ckpt_wa_task01_r041_global081_acc66.5.pth
2026-05-13 18:45:29,495 [INFO] 
--- Task 1, Round 42/80 (Global 82) ---
2026-05-13 18:45:29,500 [INFO] Edge 0: WTO is OFF, using all 20 clients.
2026-05-13 18:45:29,556 [INFO] Edge 0: Balanced replay 15000->75000 (5x) for 314352 new samples.
2026-05-13 18:45:35,562 [INFO] Edge 1: WTO is OFF, using all 20 clients.
2026-05-13 18:45:35,618 [INFO] Edge 1: Balanced replay 15000->75000 (5x) for 314351 new samples.
2026-05-13 18:45:41,465 [INFO] Edge 2: WTO is OFF, using all 20 clients.
2026-05-13 18:45:41,518 [INFO] Edge 2: Balanced replay 15000->75000 (5x) for 314351 new samples.
2026-05-13 18:47:33,752 [INFO]   [Eval] Task 1, R 42: Acc: 66.37% | Prec-Mac: 59.06% | Rec-Mac: 75.77% | Mi-F1: 66.37% | Ma-F1: 58.14% | We-F1: 70.00% | Loss: 2.4778
2026-05-13 18:47:34,256 [INFO]   [CKPT] Saved: ckpt_wa_task01_r042_global082_acc66.4.pth
2026-05-13 18:47:34,256 [INFO] 
--- Task 1, Round 43/80 (Global 83) ---
2026-05-13 18:47:34,261 [INFO] Edge 0: WTO is OFF, using all 20 clients.
2026-05-13 18:47:34,316 [INFO] Edge 0: Balanced replay 15000->75000 (5x) for 314352 new samples.
2026-05-13 18:47:40,024 [INFO] Edge 1: WTO is OFF, using all 20 clients.
2026-05-13 18:47:40,080 [INFO] Edge 1: Balanced replay 15000->75000 (5x) for 314351 new samples.
2026-05-13 18:47:45,783 [INFO] Edge 2: WTO is OFF, using all 20 clients.
2026-05-13 18:47:45,836 [INFO] Edge 2: Balanced replay 15000->75000 (5x) for 314351 new samples.
2026-05-13 18:49:38,352 [INFO]   [Eval] Task 1, R 43: Acc: 66.39% | Prec-Mac: 59.05% | Rec-Mac: 75.78% | Mi-F1: 66.39% | Ma-F1: 58.16% | We-F1: 70.01% | Loss: 2.4818
2026-05-13 18:49:38,884 [INFO]   [CKPT] Saved: ckpt_wa_task01_r043_global083_acc66.4.pth
2026-05-13 18:49:38,884 [INFO] 
--- Task 1, Round 44/80 (Global 84) ---
2026-05-13 18:49:38,889 [INFO] Edge 0: WTO is OFF, using all 20 clients.
2026-05-13 18:49:38,949 [INFO] Edge 0: Balanced replay 15000->75000 (5x) for 314352 new samples.
2026-05-13 18:49:44,702 [INFO] Edge 1: WTO is OFF, using all 20 clients.
2026-05-13 18:49:44,754 [INFO] Edge 1: Balanced replay 15000->75000 (5x) for 314351 new samples.
2026-05-13 18:49:50,405 [INFO] Edge 2: WTO is OFF, using all 20 clients.
2026-05-13 18:49:50,461 [INFO] Edge 2: Balanced replay 15000->75000 (5x) for 314351 new samples.
2026-05-13 18:51:43,266 [INFO]   [Eval] Task 1, R 44: Acc: 66.34% | Prec-Mac: 59.05% | Rec-Mac: 75.74% | Mi-F1: 66.34% | Ma-F1: 58.11% | We-F1: 69.98% | Loss: 2.5004
2026-05-13 18:51:43,767 [INFO]   [CKPT] Saved: ckpt_wa_task01_r044_global084_acc66.3.pth
2026-05-13 18:51:43,767 [INFO] 
--- Task 1, Round 45/80 (Global 85) ---
2026-05-13 18:51:43,772 [INFO] Edge 0: WTO is OFF, using all 20 clients.
2026-05-13 18:51:43,827 [INFO] Edge 0: Balanced replay 15000->75000 (5x) for 314352 new samples.
2026-05-13 18:51:49,365 [INFO] Edge 1: WTO is OFF, using all 20 clients.
2026-05-13 18:51:49,418 [INFO] Edge 1: Balanced replay 15000->75000 (5x) for 314351 new samples.
2026-05-13 18:51:55,049 [INFO] Edge 2: WTO is OFF, using all 20 clients.
2026-05-13 18:51:55,104 [INFO] Edge 2: Balanced replay 15000->75000 (5x) for 314351 new samples.
2026-05-13 18:53:47,993 [INFO]   [Eval] Task 1, R 45: Acc: 66.28% | Prec-Mac: 59.01% | Rec-Mac: 75.73% | Mi-F1: 66.28% | Ma-F1: 58.06% | We-F1: 69.91% | Loss: 2.5033
2026-05-13 18:53:48,514 [INFO]   [CKPT] Saved: ckpt_wa_task01_r045_global085_acc66.3.pth
2026-05-13 18:53:48,514 [INFO] 
--- Task 1, Round 46/80 (Global 86) ---
2026-05-13 18:53:48,518 [INFO] Edge 0: WTO is OFF, using all 20 clients.
2026-05-13 18:53:48,583 [INFO] Edge 0: Balanced replay 15000->75000 (5x) for 314352 new samples.
2026-05-13 18:53:54,304 [INFO] Edge 1: WTO is OFF, using all 20 clients.
2026-05-13 18:53:54,359 [INFO] Edge 1: Balanced replay 15000->75000 (5x) for 314351 new samples.
2026-05-13 18:53:59,977 [INFO] Edge 2: WTO is OFF, using all 20 clients.
2026-05-13 18:54:00,033 [INFO] Edge 2: Balanced replay 15000->75000 (5x) for 314351 new samples.
2026-05-13 18:55:52,058 [INFO]   [Eval] Task 1, R 46: Acc: 66.24% | Prec-Mac: 59.00% | Rec-Mac: 75.73% | Mi-F1: 66.24% | Ma-F1: 58.03% | We-F1: 69.87% | Loss: 2.5104
2026-05-13 18:55:52,551 [INFO]   [CKPT] Saved: ckpt_wa_task01_r046_global086_acc66.2.pth
2026-05-13 18:55:52,552 [INFO] 
--- Task 1, Round 47/80 (Global 87) ---
2026-05-13 18:55:52,557 [INFO] Edge 0: WTO is OFF, using all 20 clients.
2026-05-13 18:55:52,610 [INFO] Edge 0: Balanced replay 15000->75000 (5x) for 314352 new samples.
2026-05-13 18:55:58,217 [INFO] Edge 1: WTO is OFF, using all 20 clients.
2026-05-13 18:55:58,269 [INFO] Edge 1: Balanced replay 15000->75000 (5x) for 314351 new samples.
2026-05-13 18:56:03,866 [INFO] Edge 2: WTO is OFF, using all 20 clients.
2026-05-13 18:56:03,920 [INFO] Edge 2: Balanced replay 15000->75000 (5x) for 314351 new samples.
2026-05-13 18:57:55,606 [INFO]   [Eval] Task 1, R 47: Acc: 66.28% | Prec-Mac: 59.01% | Rec-Mac: 75.72% | Mi-F1: 66.28% | Ma-F1: 58.06% | We-F1: 69.91% | Loss: 2.5076
2026-05-13 18:57:56,110 [INFO]   [CKPT] Saved: ckpt_wa_task01_r047_global087_acc66.3.pth
2026-05-13 18:57:56,110 [INFO] 
--- Task 1, Round 48/80 (Global 88) ---
2026-05-13 18:57:56,115 [INFO] Edge 0: WTO is OFF, using all 20 clients.
2026-05-13 18:57:56,182 [INFO] Edge 0: Balanced replay 15000->75000 (5x) for 314352 new samples.
2026-05-13 18:58:02,037 [INFO] Edge 1: WTO is OFF, using all 20 clients.
2026-05-13 18:58:02,091 [INFO] Edge 1: Balanced replay 15000->75000 (5x) for 314351 new samples.
2026-05-13 18:58:07,678 [INFO] Edge 2: WTO is OFF, using all 20 clients.
2026-05-13 18:58:07,732 [INFO] Edge 2: Balanced replay 15000->75000 (5x) for 314351 new samples.
2026-05-13 18:59:59,300 [INFO]   [Eval] Task 1, R 48: Acc: 66.28% | Prec-Mac: 59.00% | Rec-Mac: 75.71% | Mi-F1: 66.28% | Ma-F1: 58.05% | We-F1: 69.90% | Loss: 2.5122
2026-05-13 18:59:59,794 [INFO]   [CKPT] Saved: ckpt_wa_task01_r048_global088_acc66.3.pth
2026-05-13 18:59:59,794 [INFO] 
--- Task 1, Round 49/80 (Global 89) ---
2026-05-13 18:59:59,799 [INFO] Edge 0: WTO is OFF, using all 20 clients.
2026-05-13 18:59:59,852 [INFO] Edge 0: Balanced replay 15000->75000 (5x) for 314352 new samples.
2026-05-13 19:00:05,482 [INFO] Edge 1: WTO is OFF, using all 20 clients.
2026-05-13 19:00:05,535 [INFO] Edge 1: Balanced replay 15000->75000 (5x) for 314351 new samples.
2026-05-13 19:00:11,096 [INFO] Edge 2: WTO is OFF, using all 20 clients.
2026-05-13 19:00:11,151 [INFO] Edge 2: Balanced replay 15000->75000 (5x) for 314351 new samples.
2026-05-13 19:02:01,943 [INFO]   [Eval] Task 1, R 49: Acc: 66.25% | Prec-Mac: 59.00% | Rec-Mac: 75.71% | Mi-F1: 66.25% | Ma-F1: 58.03% | We-F1: 69.88% | Loss: 2.5213
2026-05-13 19:02:02,452 [INFO]   [CKPT] Saved: ckpt_wa_task01_r049_global089_acc66.2.pth
2026-05-13 19:02:02,453 [INFO] 
--- Task 1, Round 50/80 (Global 90) ---
2026-05-13 19:02:02,457 [INFO] Edge 0: WTO is OFF, using all 20 clients.
2026-05-13 19:02:02,511 [INFO] Edge 0: Balanced replay 15000->75000 (5x) for 314352 new samples.
2026-05-13 19:02:07,959 [INFO] Edge 1: WTO is OFF, using all 20 clients.
2026-05-13 19:02:08,013 [INFO] Edge 1: Balanced replay 15000->75000 (5x) for 314351 new samples.
2026-05-13 19:02:13,575 [INFO] Edge 2: WTO is OFF, using all 20 clients.
2026-05-13 19:02:13,643 [INFO] Edge 2: Balanced replay 15000->75000 (5x) for 314351 new samples.
2026-05-13 19:04:04,464 [INFO]   [Eval] Task 1, R 50: Acc: 66.21% | Prec-Mac: 58.99% | Rec-Mac: 75.71% | Mi-F1: 66.21% | Ma-F1: 58.01% | We-F1: 69.85% | Loss: 2.5301
2026-05-13 19:04:04,956 [INFO]   [CKPT] Saved: ckpt_wa_task01_r050_global090_acc66.2.pth
2026-05-13 19:04:04,956 [INFO] 
--- Task 1, Round 51/80 (Global 91) ---
2026-05-13 19:04:04,961 [INFO] Edge 0: WTO is OFF, using all 20 clients.
2026-05-13 19:04:05,015 [INFO] Edge 0: Balanced replay 15000->75000 (5x) for 314352 new samples.
2026-05-13 19:04:10,638 [INFO] Edge 1: WTO is OFF, using all 20 clients.
2026-05-13 19:04:10,692 [INFO] Edge 1: Balanced replay 15000->75000 (5x) for 314351 new samples.
2026-05-13 19:04:16,215 [INFO] Edge 2: WTO is OFF, using all 20 clients.
2026-05-13 19:04:16,267 [INFO] Edge 2: Balanced replay 15000->75000 (5x) for 314351 new samples.
2026-05-13 19:06:06,822 [INFO]   [Eval] Task 1, R 51: Acc: 66.20% | Prec-Mac: 58.99% | Rec-Mac: 75.72% | Mi-F1: 66.20% | Ma-F1: 58.00% | We-F1: 69.84% | Loss: 2.5400
2026-05-13 19:06:07,316 [INFO]   [CKPT] Saved: ckpt_wa_task01_r051_global091_acc66.2.pth
2026-05-13 19:06:07,317 [INFO] 
--- Task 1, Round 52/80 (Global 92) ---
2026-05-13 19:06:07,321 [INFO] Edge 0: WTO is OFF, using all 20 clients.
2026-05-13 19:06:07,375 [INFO] Edge 0: Balanced replay 15000->75000 (5x) for 314352 new samples.
2026-05-13 19:06:13,024 [INFO] Edge 1: WTO is OFF, using all 20 clients.
2026-05-13 19:06:13,077 [INFO] Edge 1: Balanced replay 15000->75000 (5x) for 314351 new samples.
2026-05-13 19:06:18,535 [INFO] Edge 2: WTO is OFF, using all 20 clients.
2026-05-13 19:06:18,587 [INFO] Edge 2: Balanced replay 15000->75000 (5x) for 314351 new samples.
2026-05-13 19:08:08,978 [INFO]   [Eval] Task 1, R 52: Acc: 66.19% | Prec-Mac: 58.95% | Rec-Mac: 75.69% | Mi-F1: 66.19% | Ma-F1: 57.98% | We-F1: 69.81% | Loss: 2.5360
2026-05-13 19:08:09,474 [INFO]   [CKPT] Saved: ckpt_wa_task01_r052_global092_acc66.2.pth
2026-05-13 19:08:09,474 [INFO] 
--- Task 1, Round 53/80 (Global 93) ---
2026-05-13 19:08:09,479 [INFO] Edge 0: WTO is OFF, using all 20 clients.
2026-05-13 19:08:09,532 [INFO] Edge 0: Balanced replay 15000->75000 (5x) for 314352 new samples.
2026-05-13 19:08:15,099 [INFO] Edge 1: WTO is OFF, using all 20 clients.
2026-05-13 19:08:15,157 [INFO] Edge 1: Balanced replay 15000->75000 (5x) for 314351 new samples.
2026-05-13 19:08:20,667 [INFO] Edge 2: WTO is OFF, using all 20 clients.
2026-05-13 19:08:20,720 [INFO] Edge 2: Balanced replay 15000->75000 (5x) for 314351 new samples.
2026-05-13 19:10:11,207 [INFO]   [Eval] Task 1, R 53: Acc: 66.19% | Prec-Mac: 58.97% | Rec-Mac: 75.68% | Mi-F1: 66.19% | Ma-F1: 57.98% | We-F1: 69.83% | Loss: 2.5424
2026-05-13 19:10:11,699 [INFO]   [CKPT] Saved: ckpt_wa_task01_r053_global093_acc66.2.pth
2026-05-13 19:10:11,699 [INFO] 
--- Task 1, Round 54/80 (Global 94) ---
2026-05-13 19:10:11,704 [INFO] Edge 0: WTO is OFF, using all 20 clients.
2026-05-13 19:10:11,756 [INFO] Edge 0: Balanced replay 15000->75000 (5x) for 314352 new samples.
2026-05-13 19:10:17,321 [INFO] Edge 1: WTO is OFF, using all 20 clients.
2026-05-13 19:10:17,374 [INFO] Edge 1: Balanced replay 15000->75000 (5x) for 314351 new samples.
2026-05-13 19:10:22,915 [INFO] Edge 2: WTO is OFF, using all 20 clients.
2026-05-13 19:10:22,969 [INFO] Edge 2: Balanced replay 15000->75000 (5x) for 314351 new samples.
2026-05-13 19:12:13,603 [INFO]   [Eval] Task 1, R 54: Acc: 66.21% | Prec-Mac: 58.98% | Rec-Mac: 75.70% | Mi-F1: 66.21% | Ma-F1: 58.00% | We-F1: 69.84% | Loss: 2.5381
2026-05-13 19:12:14,089 [INFO]   [CKPT] Saved: ckpt_wa_task01_r054_global094_acc66.2.pth
2026-05-13 19:12:14,089 [INFO] 
--- Task 1, Round 55/80 (Global 95) ---
2026-05-13 19:12:14,094 [INFO] Edge 0: WTO is OFF, using all 20 clients.
2026-05-13 19:12:14,146 [INFO] Edge 0: Balanced replay 15000->75000 (5x) for 314352 new samples.
2026-05-13 19:12:19,552 [INFO] Edge 1: WTO is OFF, using all 20 clients.
2026-05-13 19:12:19,604 [INFO] Edge 1: Balanced replay 15000->75000 (5x) for 314351 new samples.
2026-05-13 19:12:25,147 [INFO] Edge 2: WTO is OFF, using all 20 clients.
2026-05-13 19:12:25,208 [INFO] Edge 2: Balanced replay 15000->75000 (5x) for 314351 new samples.
2026-05-13 19:14:15,819 [INFO]   [Eval] Task 1, R 55: Acc: 66.17% | Prec-Mac: 58.97% | Rec-Mac: 75.68% | Mi-F1: 66.17% | Ma-F1: 57.98% | We-F1: 69.80% | Loss: 2.5492
2026-05-13 19:14:16,308 [INFO]   [CKPT] Saved: ckpt_wa_task01_r055_global095_acc66.2.pth
2026-05-13 19:14:16,308 [INFO] 
--- Task 1, Round 56/80 (Global 96) ---
2026-05-13 19:14:16,313 [INFO] Edge 0: WTO is OFF, using all 20 clients.
2026-05-13 19:14:16,373 [INFO] Edge 0: Balanced replay 15000->75000 (5x) for 314352 new samples.
2026-05-13 19:14:21,962 [INFO] Edge 1: WTO is OFF, using all 20 clients.
2026-05-13 19:14:22,016 [INFO] Edge 1: Balanced replay 15000->75000 (5x) for 314351 new samples.
2026-05-13 19:14:27,493 [INFO] Edge 2: WTO is OFF, using all 20 clients.
2026-05-13 19:14:27,547 [INFO] Edge 2: Balanced replay 15000->75000 (5x) for 314351 new samples.
2026-05-13 19:16:17,951 [INFO]   [Eval] Task 1, R 56: Acc: 66.18% | Prec-Mac: 59.00% | Rec-Mac: 75.73% | Mi-F1: 66.18% | Ma-F1: 58.00% | We-F1: 69.83% | Loss: 2.5495
2026-05-13 19:16:18,438 [INFO]   [CKPT] Saved: ckpt_wa_task01_r056_global096_acc66.2.pth
2026-05-13 19:16:18,438 [INFO] 
--- Task 1, Round 57/80 (Global 97) ---
2026-05-13 19:16:18,443 [INFO] Edge 0: WTO is OFF, using all 20 clients.
2026-05-13 19:16:18,497 [INFO] Edge 0: Balanced replay 15000->75000 (5x) for 314352 new samples.
2026-05-13 19:16:24,075 [INFO] Edge 1: WTO is OFF, using all 20 clients.
2026-05-13 19:16:24,129 [INFO] Edge 1: Balanced replay 15000->75000 (5x) for 314351 new samples.
2026-05-13 19:16:29,672 [INFO] Edge 2: WTO is OFF, using all 20 clients.
2026-05-13 19:16:29,723 [INFO] Edge 2: Balanced replay 15000->75000 (5x) for 314351 new samples.
2026-05-13 19:18:20,022 [INFO]   [Eval] Task 1, R 57: Acc: 66.20% | Prec-Mac: 58.98% | Rec-Mac: 75.70% | Mi-F1: 66.20% | Ma-F1: 58.00% | We-F1: 69.84% | Loss: 2.5567
2026-05-13 19:18:20,540 [INFO]   [CKPT] Saved: ckpt_wa_task01_r057_global097_acc66.2.pth
2026-05-13 19:18:20,541 [INFO] 
--- Task 1, Round 58/80 (Global 98) ---
2026-05-13 19:18:20,550 [INFO] Edge 0: WTO is OFF, using all 20 clients.
2026-05-13 19:18:20,625 [INFO] Edge 0: Balanced replay 15000->75000 (5x) for 314352 new samples.
2026-05-13 19:18:26,256 [INFO] Edge 1: WTO is OFF, using all 20 clients.
2026-05-13 19:18:26,309 [INFO] Edge 1: Balanced replay 15000->75000 (5x) for 314351 new samples.
2026-05-13 19:18:31,895 [INFO] Edge 2: WTO is OFF, using all 20 clients.
2026-05-13 19:18:31,949 [INFO] Edge 2: Balanced replay 15000->75000 (5x) for 314351 new samples.
2026-05-13 19:20:22,558 [INFO]   [Eval] Task 1, R 58: Acc: 66.19% | Prec-Mac: 58.99% | Rec-Mac: 75.71% | Mi-F1: 66.19% | Ma-F1: 58.00% | We-F1: 69.83% | Loss: 2.5496
2026-05-13 19:20:23,051 [INFO]   [CKPT] Saved: ckpt_wa_task01_r058_global098_acc66.2.pth
2026-05-13 19:20:23,051 [INFO] 
--- Task 1, Round 59/80 (Global 99) ---
2026-05-13 19:20:23,055 [INFO] Edge 0: WTO is OFF, using all 20 clients.
2026-05-13 19:20:23,114 [INFO] Edge 0: Balanced replay 15000->75000 (5x) for 314352 new samples.
2026-05-13 19:20:28,646 [INFO] Edge 1: WTO is OFF, using all 20 clients.
2026-05-13 19:20:28,698 [INFO] Edge 1: Balanced replay 15000->75000 (5x) for 314351 new samples.
2026-05-13 19:20:34,277 [INFO] Edge 2: WTO is OFF, using all 20 clients.
2026-05-13 19:20:34,332 [INFO] Edge 2: Balanced replay 15000->75000 (5x) for 314351 new samples.
2026-05-13 19:22:24,871 [INFO]   [Eval] Task 1, R 59: Acc: 66.19% | Prec-Mac: 58.99% | Rec-Mac: 75.69% | Mi-F1: 66.19% | Ma-F1: 58.01% | We-F1: 69.83% | Loss: 2.5513
2026-05-13 19:22:25,358 [INFO]   [CKPT] Saved: ckpt_wa_task01_r059_global099_acc66.2.pth
2026-05-13 19:22:25,359 [INFO] 
--- Task 1, Round 60/80 (Global 100) ---
2026-05-13 19:22:25,363 [INFO] Edge 0: WTO is OFF, using all 20 clients.
2026-05-13 19:22:25,417 [INFO] Edge 0: Balanced replay 15000->75000 (5x) for 314352 new samples.
2026-05-13 19:22:30,823 [INFO] Edge 1: WTO is OFF, using all 20 clients.
2026-05-13 19:22:30,875 [INFO] Edge 1: Balanced replay 15000->75000 (5x) for 314351 new samples.
2026-05-13 19:22:36,461 [INFO] Edge 2: WTO is OFF, using all 20 clients.
2026-05-13 19:22:36,513 [INFO] Edge 2: Balanced replay 15000->75000 (5x) for 314351 new samples.
2026-05-13 19:24:27,439 [INFO]   [Eval] Task 1, R 60: Acc: 66.11% | Prec-Mac: 58.96% | Rec-Mac: 75.67% | Mi-F1: 66.11% | Ma-F1: 57.94% | We-F1: 69.76% | Loss: 2.5703
2026-05-13 19:24:27,933 [INFO]   [CKPT] Saved: ckpt_wa_task01_r060_global100_acc66.1.pth
2026-05-13 19:24:27,933 [INFO] 
--- Task 1, Round 61/80 (Global 101) ---
2026-05-13 19:24:27,934 [INFO]    [LR DECAY] Round 60 reached milestone: New LR = 0.0002
2026-05-13 19:24:27,938 [INFO] Edge 0: WTO is OFF, using all 20 clients.
2026-05-13 19:24:27,993 [INFO] Edge 0: Balanced replay 15000->75000 (5x) for 314352 new samples.
2026-05-13 19:24:33,582 [INFO] Edge 1: WTO is OFF, using all 20 clients.
2026-05-13 19:24:33,636 [INFO] Edge 1: Balanced replay 15000->75000 (5x) for 314351 new samples.
2026-05-13 19:24:39,088 [INFO] Edge 2: WTO is OFF, using all 20 clients.
2026-05-13 19:24:39,148 [INFO] Edge 2: Balanced replay 15000->75000 (5x) for 314351 new samples.
2026-05-13 19:26:30,962 [INFO]   [Eval] Task 1, R 61: Acc: 66.11% | Prec-Mac: 58.96% | Rec-Mac: 75.67% | Mi-F1: 66.11% | Ma-F1: 57.95% | We-F1: 69.76% | Loss: 2.5695
2026-05-13 19:26:31,459 [INFO]   [CKPT] Saved: ckpt_wa_task01_r061_global101_acc66.1.pth
2026-05-13 19:26:31,459 [INFO] 
--- Task 1, Round 62/80 (Global 102) ---
2026-05-13 19:26:31,464 [INFO] Edge 0: WTO is OFF, using all 20 clients.
2026-05-13 19:26:31,517 [INFO] Edge 0: Balanced replay 15000->75000 (5x) for 314352 new samples.
2026-05-13 19:26:37,145 [INFO] Edge 1: WTO is OFF, using all 20 clients.
2026-05-13 19:26:37,198 [INFO] Edge 1: Balanced replay 15000->75000 (5x) for 314351 new samples.
2026-05-13 19:26:42,839 [INFO] Edge 2: WTO is OFF, using all 20 clients.
2026-05-13 19:26:42,894 [INFO] Edge 2: Balanced replay 15000->75000 (5x) for 314351 new samples.
2026-05-13 19:28:33,071 [INFO]   [Eval] Task 1, R 62: Acc: 66.11% | Prec-Mac: 58.97% | Rec-Mac: 75.67% | Mi-F1: 66.11% | Ma-F1: 57.94% | We-F1: 69.76% | Loss: 2.5632
2026-05-13 19:28:33,565 [INFO]   [CKPT] Saved: ckpt_wa_task01_r062_global102_acc66.1.pth
2026-05-13 19:28:33,565 [INFO] 
--- Task 1, Round 63/80 (Global 103) ---
2026-05-13 19:28:33,570 [INFO] Edge 0: WTO is OFF, using all 20 clients.
2026-05-13 19:28:33,623 [INFO] Edge 0: Balanced replay 15000->75000 (5x) for 314352 new samples.
2026-05-13 19:28:39,253 [INFO] Edge 1: WTO is OFF, using all 20 clients.
2026-05-13 19:28:39,306 [INFO] Edge 1: Balanced replay 15000->75000 (5x) for 314351 new samples.
2026-05-13 19:28:44,879 [INFO] Edge 2: WTO is OFF, using all 20 clients.
2026-05-13 19:28:44,944 [INFO] Edge 2: Balanced replay 15000->75000 (5x) for 314351 new samples.
2026-05-13 19:30:36,247 [INFO]   [Eval] Task 1, R 63: Acc: 66.12% | Prec-Mac: 58.95% | Rec-Mac: 75.67% | Mi-F1: 66.12% | Ma-F1: 57.95% | We-F1: 69.76% | Loss: 2.5650
2026-05-13 19:30:36,737 [INFO]   [CKPT] Saved: ckpt_wa_task01_r063_global103_acc66.1.pth
2026-05-13 19:30:36,737 [INFO] 
--- Task 1, Round 64/80 (Global 104) ---
2026-05-13 19:30:36,742 [INFO] Edge 0: WTO is OFF, using all 20 clients.
2026-05-13 19:30:36,794 [INFO] Edge 0: Balanced replay 15000->75000 (5x) for 314352 new samples.
2026-05-13 19:30:42,457 [INFO] Edge 1: WTO is OFF, using all 20 clients.
2026-05-13 19:30:42,509 [INFO] Edge 1: Balanced replay 15000->75000 (5x) for 314351 new samples.
2026-05-13 19:30:48,027 [INFO] Edge 2: WTO is OFF, using all 20 clients.
2026-05-13 19:30:48,081 [INFO] Edge 2: Balanced replay 15000->75000 (5x) for 314351 new samples.
2026-05-13 19:32:39,442 [INFO]   [Eval] Task 1, R 64: Acc: 66.14% | Prec-Mac: 58.98% | Rec-Mac: 75.69% | Mi-F1: 66.14% | Ma-F1: 57.97% | We-F1: 69.79% | Loss: 2.5609
2026-05-13 19:32:39,933 [INFO]   [CKPT] Saved: ckpt_wa_task01_r064_global104_acc66.1.pth
2026-05-13 19:32:39,934 [INFO] 
--- Task 1, Round 65/80 (Global 105) ---
2026-05-13 19:32:39,938 [INFO] Edge 0: WTO is OFF, using all 20 clients.
2026-05-13 19:32:39,992 [INFO] Edge 0: Balanced replay 15000->75000 (5x) for 314352 new samples.
2026-05-13 19:32:45,446 [INFO] Edge 1: WTO is OFF, using all 20 clients.
2026-05-13 19:32:45,501 [INFO] Edge 1: Balanced replay 15000->75000 (5x) for 314351 new samples.
2026-05-13 19:32:51,040 [INFO] Edge 2: WTO is OFF, using all 20 clients.
2026-05-13 19:32:51,096 [INFO] Edge 2: Balanced replay 15000->75000 (5x) for 314351 new samples.
2026-05-13 19:34:42,008 [INFO]   [Eval] Task 1, R 65: Acc: 66.13% | Prec-Mac: 58.96% | Rec-Mac: 75.68% | Mi-F1: 66.13% | Ma-F1: 57.96% | We-F1: 69.77% | Loss: 2.5635
2026-05-13 19:34:42,510 [INFO]   [CKPT] Saved: ckpt_wa_task01_r065_global105_acc66.1.pth
2026-05-13 19:34:42,510 [INFO] 
--- Task 1, Round 66/80 (Global 106) ---
2026-05-13 19:34:42,515 [INFO] Edge 0: WTO is OFF, using all 20 clients.
2026-05-13 19:34:42,570 [INFO] Edge 0: Balanced replay 15000->75000 (5x) for 314352 new samples.
2026-05-13 19:34:48,221 [INFO] Edge 1: WTO is OFF, using all 20 clients.
2026-05-13 19:34:48,282 [INFO] Edge 1: Balanced replay 15000->75000 (5x) for 314351 new samples.
2026-05-13 19:34:53,815 [INFO] Edge 2: WTO is OFF, using all 20 clients.
2026-05-13 19:34:53,872 [INFO] Edge 2: Balanced replay 15000->75000 (5x) for 314351 new samples.
2026-05-13 19:36:44,892 [INFO]   [Eval] Task 1, R 66: Acc: 66.09% | Prec-Mac: 58.95% | Rec-Mac: 75.66% | Mi-F1: 66.09% | Ma-F1: 57.93% | We-F1: 69.73% | Loss: 2.5716
2026-05-13 19:36:45,394 [INFO]   [CKPT] Saved: ckpt_wa_task01_r066_global106_acc66.1.pth
2026-05-13 19:36:45,394 [INFO] 
--- Task 1, Round 67/80 (Global 107) ---
2026-05-13 19:36:45,399 [INFO] Edge 0: WTO is OFF, using all 20 clients.
2026-05-13 19:36:45,460 [INFO] Edge 0: Balanced replay 15000->75000 (5x) for 314352 new samples.
2026-05-13 19:36:51,235 [INFO] Edge 1: WTO is OFF, using all 20 clients.
2026-05-13 19:36:51,287 [INFO] Edge 1: Balanced replay 15000->75000 (5x) for 314351 new samples.
2026-05-13 19:36:56,955 [INFO] Edge 2: WTO is OFF, using all 20 clients.
2026-05-13 19:36:57,016 [INFO] Edge 2: Balanced replay 15000->75000 (5x) for 314351 new samples.
2026-05-13 19:38:47,725 [INFO]   [Eval] Task 1, R 67: Acc: 66.15% | Prec-Mac: 58.96% | Rec-Mac: 75.69% | Mi-F1: 66.15% | Ma-F1: 57.97% | We-F1: 69.78% | Loss: 2.5654
2026-05-13 19:38:48,223 [INFO]   [CKPT] Saved: ckpt_wa_task01_r067_global107_acc66.1.pth
2026-05-13 19:38:48,223 [INFO] 
--- Task 1, Round 68/80 (Global 108) ---
2026-05-13 19:38:48,227 [INFO] Edge 0: WTO is OFF, using all 20 clients.
2026-05-13 19:38:48,295 [INFO] Edge 0: Balanced replay 15000->75000 (5x) for 314352 new samples.
2026-05-13 19:38:53,857 [INFO] Edge 1: WTO is OFF, using all 20 clients.
2026-05-13 19:38:53,909 [INFO] Edge 1: Balanced replay 15000->75000 (5x) for 314351 new samples.
2026-05-13 19:38:59,435 [INFO] Edge 2: WTO is OFF, using all 20 clients.
2026-05-13 19:38:59,487 [INFO] Edge 2: Balanced replay 15000->75000 (5x) for 314351 new samples.
2026-05-13 19:40:50,010 [INFO]   [Eval] Task 1, R 68: Acc: 66.13% | Prec-Mac: 58.96% | Rec-Mac: 75.67% | Mi-F1: 66.13% | Ma-F1: 57.96% | We-F1: 69.77% | Loss: 2.5712
2026-05-13 19:40:50,522 [INFO]   [CKPT] Saved: ckpt_wa_task01_r068_global108_acc66.1.pth
2026-05-13 19:40:50,522 [INFO] 
--- Task 1, Round 69/80 (Global 109) ---
2026-05-13 19:40:50,529 [INFO] Edge 0: WTO is OFF, using all 20 clients.
2026-05-13 19:40:50,607 [INFO] Edge 0: Balanced replay 15000->75000 (5x) for 314352 new samples.
2026-05-13 19:40:56,182 [INFO] Edge 1: WTO is OFF, using all 20 clients.
2026-05-13 19:40:56,236 [INFO] Edge 1: Balanced replay 15000->75000 (5x) for 314351 new samples.
2026-05-13 19:41:01,783 [INFO] Edge 2: WTO is OFF, using all 20 clients.
2026-05-13 19:41:01,836 [INFO] Edge 2: Balanced replay 15000->75000 (5x) for 314351 new samples.
2026-05-13 19:42:52,103 [INFO]   [Eval] Task 1, R 69: Acc: 66.11% | Prec-Mac: 58.96% | Rec-Mac: 75.66% | Mi-F1: 66.11% | Ma-F1: 57.94% | We-F1: 69.76% | Loss: 2.5667
2026-05-13 19:42:52,627 [INFO]   [CKPT] Saved: ckpt_wa_task01_r069_global109_acc66.1.pth
2026-05-13 19:42:52,628 [INFO] 
--- Task 1, Round 70/80 (Global 110) ---
2026-05-13 19:42:52,632 [INFO] Edge 0: WTO is OFF, using all 20 clients.
2026-05-13 19:42:52,687 [INFO] Edge 0: Balanced replay 15000->75000 (5x) for 314352 new samples.
2026-05-13 19:42:58,066 [INFO] Edge 1: WTO is OFF, using all 20 clients.
2026-05-13 19:42:58,120 [INFO] Edge 1: Balanced replay 15000->75000 (5x) for 314351 new samples.
2026-05-13 19:43:03,607 [INFO] Edge 2: WTO is OFF, using all 20 clients.
2026-05-13 19:43:03,662 [INFO] Edge 2: Balanced replay 15000->75000 (5x) for 314351 new samples.
2026-05-13 19:44:53,900 [INFO]   [Eval] Task 1, R 70: Acc: 66.14% | Prec-Mac: 58.98% | Rec-Mac: 75.69% | Mi-F1: 66.14% | Ma-F1: 57.97% | We-F1: 69.79% | Loss: 2.5665
2026-05-13 19:44:54,401 [INFO]   [CKPT] Saved: ckpt_wa_task01_r070_global110_acc66.1.pth
2026-05-13 19:44:54,401 [INFO] 
--- Task 1, Round 71/80 (Global 111) ---
2026-05-13 19:44:54,406 [INFO] Edge 0: WTO is OFF, using all 20 clients.
2026-05-13 19:44:54,461 [INFO] Edge 0: Balanced replay 15000->75000 (5x) for 314352 new samples.
2026-05-13 19:45:00,036 [INFO] Edge 1: WTO is OFF, using all 20 clients.
2026-05-13 19:45:00,089 [INFO] Edge 1: Balanced replay 15000->75000 (5x) for 314351 new samples.
2026-05-13 19:45:05,591 [INFO] Edge 2: WTO is OFF, using all 20 clients.
2026-05-13 19:45:05,651 [INFO] Edge 2: Balanced replay 15000->75000 (5x) for 314351 new samples.
2026-05-13 19:46:56,163 [INFO]   [Eval] Task 1, R 71: Acc: 66.11% | Prec-Mac: 58.97% | Rec-Mac: 75.68% | Mi-F1: 66.11% | Ma-F1: 57.96% | We-F1: 69.77% | Loss: 2.5682
2026-05-13 19:46:56,679 [INFO]   [CKPT] Saved: ckpt_wa_task01_r071_global111_acc66.1.pth
2026-05-13 19:46:56,680 [INFO] 
--- Task 1, Round 72/80 (Global 112) ---
2026-05-13 19:46:56,685 [INFO] Edge 0: WTO is OFF, using all 20 clients.
2026-05-13 19:46:56,743 [INFO] Edge 0: Balanced replay 15000->75000 (5x) for 314352 new samples.
2026-05-13 19:47:02,353 [INFO] Edge 1: WTO is OFF, using all 20 clients.
2026-05-13 19:47:02,405 [INFO] Edge 1: Balanced replay 15000->75000 (5x) for 314351 new samples.
2026-05-13 19:47:07,894 [INFO] Edge 2: WTO is OFF, using all 20 clients.
2026-05-13 19:47:07,946 [INFO] Edge 2: Balanced replay 15000->75000 (5x) for 314351 new samples.
2026-05-13 19:48:58,116 [INFO]   [Eval] Task 1, R 72: Acc: 66.14% | Prec-Mac: 58.97% | Rec-Mac: 75.69% | Mi-F1: 66.14% | Ma-F1: 57.96% | We-F1: 69.79% | Loss: 2.5674
2026-05-13 19:48:58,608 [INFO]   [CKPT] Saved: ckpt_wa_task01_r072_global112_acc66.1.pth
2026-05-13 19:48:58,608 [INFO] 
--- Task 1, Round 73/80 (Global 113) ---
2026-05-13 19:48:58,613 [INFO] Edge 0: WTO is OFF, using all 20 clients.
2026-05-13 19:48:58,666 [INFO] Edge 0: Balanced replay 15000->75000 (5x) for 314352 new samples.
2026-05-13 19:49:04,237 [INFO] Edge 1: WTO is OFF, using all 20 clients.
2026-05-13 19:49:04,291 [INFO] Edge 1: Balanced replay 15000->75000 (5x) for 314351 new samples.
2026-05-13 19:49:09,819 [INFO] Edge 2: WTO is OFF, using all 20 clients.
2026-05-13 19:49:09,874 [INFO] Edge 2: Balanced replay 15000->75000 (5x) for 314351 new samples.
2026-05-13 19:51:00,735 [INFO]   [Eval] Task 1, R 73: Acc: 66.08% | Prec-Mac: 58.95% | Rec-Mac: 75.66% | Mi-F1: 66.08% | Ma-F1: 57.93% | We-F1: 69.73% | Loss: 2.5760
2026-05-13 19:51:01,229 [INFO]   [CKPT] Saved: ckpt_wa_task01_r073_global113_acc66.1.pth
2026-05-13 19:51:01,229 [INFO] 
--- Task 1, Round 74/80 (Global 114) ---
2026-05-13 19:51:01,234 [INFO] Edge 0: WTO is OFF, using all 20 clients.
2026-05-13 19:51:01,286 [INFO] Edge 0: Balanced replay 15000->75000 (5x) for 314352 new samples.
2026-05-13 19:51:06,826 [INFO] Edge 1: WTO is OFF, using all 20 clients.
2026-05-13 19:51:06,888 [INFO] Edge 1: Balanced replay 15000->75000 (5x) for 314351 new samples.
2026-05-13 19:51:12,485 [INFO] Edge 2: WTO is OFF, using all 20 clients.
2026-05-13 19:51:12,538 [INFO] Edge 2: Balanced replay 15000->75000 (5x) for 314351 new samples.
2026-05-13 19:53:02,612 [INFO]   [Eval] Task 1, R 74: Acc: 66.13% | Prec-Mac: 58.96% | Rec-Mac: 75.69% | Mi-F1: 66.13% | Ma-F1: 57.96% | We-F1: 69.78% | Loss: 2.5650
2026-05-13 19:53:03,113 [INFO]   [CKPT] Saved: ckpt_wa_task01_r074_global114_acc66.1.pth
2026-05-13 19:53:03,113 [INFO] 
--- Task 1, Round 75/80 (Global 115) ---
2026-05-13 19:53:03,117 [INFO] Edge 0: WTO is OFF, using all 20 clients.
2026-05-13 19:53:03,170 [INFO] Edge 0: Balanced replay 15000->75000 (5x) for 314352 new samples.
2026-05-13 19:53:08,572 [INFO] Edge 1: WTO is OFF, using all 20 clients.
2026-05-13 19:53:08,623 [INFO] Edge 1: Balanced replay 15000->75000 (5x) for 314351 new samples.
2026-05-13 19:53:14,219 [INFO] Edge 2: WTO is OFF, using all 20 clients.
2026-05-13 19:53:14,277 [INFO] Edge 2: Balanced replay 15000->75000 (5x) for 314351 new samples.
2026-05-13 19:55:05,161 [INFO]   [Eval] Task 1, R 75: Acc: 66.11% | Prec-Mac: 58.97% | Rec-Mac: 75.68% | Mi-F1: 66.11% | Ma-F1: 57.95% | We-F1: 69.76% | Loss: 2.5725
2026-05-13 19:55:05,663 [INFO]   [CKPT] Saved: ckpt_wa_task01_r075_global115_acc66.1.pth
2026-05-13 19:55:05,663 [INFO] 
--- Task 1, Round 76/80 (Global 116) ---
2026-05-13 19:55:05,668 [INFO] Edge 0: WTO is OFF, using all 20 clients.
2026-05-13 19:55:05,723 [INFO] Edge 0: Balanced replay 15000->75000 (5x) for 314352 new samples.
2026-05-13 19:55:11,372 [INFO] Edge 1: WTO is OFF, using all 20 clients.
2026-05-13 19:55:11,425 [INFO] Edge 1: Balanced replay 15000->75000 (5x) for 314351 new samples.
2026-05-13 19:55:16,953 [INFO] Edge 2: WTO is OFF, using all 20 clients.
2026-05-13 19:55:17,007 [INFO] Edge 2: Balanced replay 15000->75000 (5x) for 314351 new samples.
2026-05-13 19:57:07,858 [INFO]   [Eval] Task 1, R 76: Acc: 66.10% | Prec-Mac: 58.96% | Rec-Mac: 75.68% | Mi-F1: 66.10% | Ma-F1: 57.94% | We-F1: 69.75% | Loss: 2.5709
2026-05-13 19:57:08,365 [INFO]   [CKPT] Saved: ckpt_wa_task01_r076_global116_acc66.1.pth
2026-05-13 19:57:08,365 [INFO] 
--- Task 1, Round 77/80 (Global 117) ---
2026-05-13 19:57:08,370 [INFO] Edge 0: WTO is OFF, using all 20 clients.
2026-05-13 19:57:08,431 [INFO] Edge 0: Balanced replay 15000->75000 (5x) for 314352 new samples.
2026-05-13 19:57:14,164 [INFO] Edge 1: WTO is OFF, using all 20 clients.
2026-05-13 19:57:14,217 [INFO] Edge 1: Balanced replay 15000->75000 (5x) for 314351 new samples.
2026-05-13 19:57:19,717 [INFO] Edge 2: WTO is OFF, using all 20 clients.
2026-05-13 19:57:19,772 [INFO] Edge 2: Balanced replay 15000->75000 (5x) for 314351 new samples.
2026-05-13 19:59:10,651 [INFO]   [Eval] Task 1, R 77: Acc: 66.13% | Prec-Mac: 58.97% | Rec-Mac: 75.68% | Mi-F1: 66.13% | Ma-F1: 57.97% | We-F1: 69.78% | Loss: 2.5673
2026-05-13 19:59:11,149 [INFO]   [CKPT] Saved: ckpt_wa_task01_r077_global117_acc66.1.pth
2026-05-13 19:59:11,149 [INFO] 
--- Task 1, Round 78/80 (Global 118) ---
2026-05-13 19:59:11,154 [INFO] Edge 0: WTO is OFF, using all 20 clients.
2026-05-13 19:59:11,216 [INFO] Edge 0: Balanced replay 15000->75000 (5x) for 314352 new samples.
2026-05-13 19:59:16,852 [INFO] Edge 1: WTO is OFF, using all 20 clients.
2026-05-13 19:59:16,905 [INFO] Edge 1: Balanced replay 15000->75000 (5x) for 314351 new samples.
2026-05-13 19:59:22,488 [INFO] Edge 2: WTO is OFF, using all 20 clients.
2026-05-13 19:59:22,542 [INFO] Edge 2: Balanced replay 15000->75000 (5x) for 314351 new samples.
2026-05-13 20:01:13,517 [INFO]   [Eval] Task 1, R 78: Acc: 66.10% | Prec-Mac: 58.96% | Rec-Mac: 75.67% | Mi-F1: 66.10% | Ma-F1: 57.94% | We-F1: 69.75% | Loss: 2.5714
2026-05-13 20:01:14,054 [INFO]   [CKPT] Saved: ckpt_wa_task01_r078_global118_acc66.1.pth
2026-05-13 20:01:14,054 [INFO] 
--- Task 1, Round 79/80 (Global 119) ---
2026-05-13 20:01:14,059 [INFO] Edge 0: WTO is OFF, using all 20 clients.
2026-05-13 20:01:14,115 [INFO] Edge 0: Balanced replay 15000->75000 (5x) for 314352 new samples.
2026-05-13 20:01:19,745 [INFO] Edge 1: WTO is OFF, using all 20 clients.
2026-05-13 20:01:19,801 [INFO] Edge 1: Balanced replay 15000->75000 (5x) for 314351 new samples.
2026-05-13 20:01:25,358 [INFO] Edge 2: WTO is OFF, using all 20 clients.
2026-05-13 20:01:25,414 [INFO] Edge 2: Balanced replay 15000->75000 (5x) for 314351 new samples.
2026-05-13 20:03:16,809 [INFO]   [Eval] Task 1, R 79: Acc: 66.11% | Prec-Mac: 58.96% | Rec-Mac: 75.67% | Mi-F1: 66.11% | Ma-F1: 57.95% | We-F1: 69.76% | Loss: 2.5730
2026-05-13 20:03:17,307 [INFO]   [CKPT] Saved: ckpt_wa_task01_r079_global119_acc66.1.pth
2026-05-13 20:03:17,307 [INFO] 
--- Task 1, Round 80/80 (Global 120) ---
2026-05-13 20:03:17,312 [INFO] Edge 0: WTO is OFF, using all 20 clients.
2026-05-13 20:03:17,365 [INFO] Edge 0: Balanced replay 15000->75000 (5x) for 314352 new samples.
2026-05-13 20:03:22,785 [INFO] Edge 0: [WA] Weight Align applied (9 -> 9).
2026-05-13 20:05:03,442 [INFO] Edge 0: Memory updated at end of task. Total stored: 14994 samples across 9 classes.
2026-05-13 20:05:03,446 [INFO] Edge 1: WTO is OFF, using all 20 clients.
2026-05-13 20:05:03,504 [INFO] Edge 1: Balanced replay 15000->75000 (5x) for 314351 new samples.
2026-05-13 20:05:09,191 [INFO] Edge 1: [WA] Weight Align applied (9 -> 9).
2026-05-13 20:06:48,125 [INFO] Edge 1: Memory updated at end of task. Total stored: 14994 samples across 9 classes.
2026-05-13 20:06:48,129 [INFO] Edge 2: WTO is OFF, using all 20 clients.
2026-05-13 20:06:48,197 [INFO] Edge 2: Balanced replay 15000->75000 (5x) for 314351 new samples.
2026-05-13 20:06:53,830 [INFO] Edge 2: [WA] Weight Align applied (9 -> 9).
2026-05-13 20:08:32,067 [INFO] Edge 2: Memory updated at end of task. Total stored: 14994 samples across 9 classes.
2026-05-13 20:10:16,998 [INFO]   [Eval] Task 1, R 80: Acc: 66.10% | Prec-Mac: 58.96% | Rec-Mac: 75.67% | Mi-F1: 66.10% | Ma-F1: 57.94% | We-F1: 69.75% | Loss: 2.5726
2026-05-13 20:10:17,490 [INFO]   [CKPT] Saved: ckpt_wa_task01_r080_global120_acc66.1.pth
2026-05-13 20:10:17,540 [INFO]   [WA-Pre] Avg Norm: Old Classes = 1.5649, New Classes = 1.9026
2026-05-13 20:10:17,540 [INFO]   [WA] Applying Weight Aligning for Task 1...
2026-05-13 20:10:17,546 [INFO]   [WA-Post] Avg Norm: Old Classes = 1.5649, New Classes = 1.5649
2026-05-13 20:13:44,520 [INFO] 
============================================================
  ĐÁNH GIÁ - Task 1
============================================================
  Accuracy:           66.89%
  Precision (micro):  66.89%
  Precision (macro):  59.26%
  Precision (weight): 83.34%
  Recall (micro):     66.89%
  Recall (macro):     76.06%
  Recall (weight):    66.89%
  F1 (micro):         66.89%
  F1 (macro):         58.64%
  F1 (weight):        70.42%
  Loss:               2.2783

  Per-class F1:
    Class 0             : 73.10%
    Class 1             : 88.06%
    Class 2             : 67.64%
    Class 3             : 60.69%
    Class 4             : 53.04%
    Class 5             : 69.42%
    Class 6             : 51.23%
    Class 7             : 28.14%
    Class 8             : 36.39%
============================================================

2026-05-13 20:13:44,520 [INFO] 
Loading data for Task 2 (Classes: [9, 10, 11, 12])...
2026-05-13 20:13:46,544 [INFO] Expanded global model to 13 classes for Task 2
2026-05-13 20:13:46,556 [INFO] 
============================================================
2026-05-13 20:13:46,556 [INFO] Task 2/4 | Classes: [9, 10, 11, 12] | 80 rounds | LR: 0.02
2026-05-13 20:13:46,556 [INFO] ============================================================
2026-05-13 20:13:46,556 [INFO] 
--- Task 2, Round 1/80 (Global 121) ---
2026-05-13 20:13:46,560 [INFO] Edge 0: WTO is OFF, using all 20 clients.
2026-05-13 20:13:47,686 [INFO] Edge 1: WTO is OFF, using all 20 clients.
2026-05-13 20:13:48,742 [INFO] Edge 2: WTO is OFF, using all 20 clients.
2026-05-13 20:15:38,417 [INFO]   [Eval] Task 2, R 1: Acc: 57.52% | Prec-Mac: 43.74% | Rec-Mac: 61.48% | Mi-F1: 57.52% | Ma-F1: 42.86% | We-F1: 61.30% | Loss: 2.3943
2026-05-13 20:15:38,941 [INFO]   [CKPT] Saved: ckpt_wa_task02_r001_global121_acc57.5.pth
2026-05-13 20:15:38,941 [INFO] 
--- Task 2, Round 2/80 (Global 122) ---
2026-05-13 20:15:38,946 [INFO] Edge 0: WTO is OFF, using all 20 clients.
2026-05-13 20:15:40,136 [INFO] Edge 1: WTO is OFF, using all 20 clients.
2026-05-13 20:15:41,243 [INFO] Edge 2: WTO is OFF, using all 20 clients.
2026-05-13 20:17:30,978 [INFO]   [Eval] Task 2, R 2: Acc: 58.79% | Prec-Mac: 46.23% | Rec-Mac: 65.22% | Mi-F1: 58.79% | Ma-F1: 45.66% | We-F1: 63.32% | Loss: 2.0250
2026-05-13 20:17:31,491 [INFO]   [CKPT] Saved: ckpt_wa_task02_r002_global122_acc58.8.pth
2026-05-13 20:17:31,492 [INFO] 
--- Task 2, Round 3/80 (Global 123) ---
2026-05-13 20:17:31,496 [INFO] Edge 0: WTO is OFF, using all 20 clients.
2026-05-13 20:17:32,659 [INFO] Edge 1: WTO is OFF, using all 20 clients.
2026-05-13 20:17:33,709 [INFO] Edge 2: WTO is OFF, using all 20 clients.
2026-05-13 20:19:23,049 [INFO]   [Eval] Task 2, R 3: Acc: 56.51% | Prec-Mac: 45.08% | Rec-Mac: 64.11% | Mi-F1: 56.51% | Ma-F1: 43.48% | We-F1: 60.82% | Loss: 2.1384
2026-05-13 20:19:23,548 [INFO]   [CKPT] Saved: ckpt_wa_task02_r003_global123_acc56.5.pth
2026-05-13 20:19:23,548 [INFO] 
--- Task 2, Round 4/80 (Global 124) ---
2026-05-13 20:19:23,553 [INFO] Edge 0: WTO is OFF, using all 20 clients.
2026-05-13 20:19:24,672 [INFO] Edge 1: WTO is OFF, using all 20 clients.
2026-05-13 20:19:25,749 [INFO] Edge 2: WTO is OFF, using all 20 clients.
2026-05-13 20:21:15,299 [INFO]   [Eval] Task 2, R 4: Acc: 59.48% | Prec-Mac: 45.34% | Rec-Mac: 63.01% | Mi-F1: 59.48% | Ma-F1: 44.61% | We-F1: 63.81% | Loss: 2.0154
2026-05-13 20:21:15,790 [INFO]   [CKPT] Saved: ckpt_wa_task02_r004_global124_acc59.5.pth
2026-05-13 20:21:15,791 [INFO] 
--- Task 2, Round 5/80 (Global 125) ---
2026-05-13 20:21:15,795 [INFO] Edge 0: WTO is OFF, using all 20 clients.
2026-05-13 20:21:16,932 [INFO] Edge 1: WTO is OFF, using all 20 clients.
2026-05-13 20:21:18,003 [INFO] Edge 2: WTO is OFF, using all 20 clients.
2026-05-13 20:23:07,785 [INFO]   [Eval] Task 2, R 5: Acc: 55.93% | Prec-Mac: 46.48% | Rec-Mac: 65.72% | Mi-F1: 55.93% | Ma-F1: 45.00% | We-F1: 59.41% | Loss: 2.2724
2026-05-13 20:23:08,290 [INFO]   [CKPT] Saved: ckpt_wa_task02_r005_global125_acc55.9.pth
2026-05-13 20:23:08,291 [INFO] 
--- Task 2, Round 6/80 (Global 126) ---
2026-05-13 20:23:08,296 [INFO] Edge 0: WTO is OFF, using all 20 clients.
2026-05-13 20:23:09,474 [INFO] Edge 1: WTO is OFF, using all 20 clients.
2026-05-13 20:23:10,608 [INFO] Edge 2: WTO is OFF, using all 20 clients.
2026-05-13 20:25:00,366 [INFO]   [Eval] Task 2, R 6: Acc: 58.59% | Prec-Mac: 46.53% | Rec-Mac: 65.28% | Mi-F1: 58.59% | Ma-F1: 45.53% | We-F1: 63.19% | Loss: 2.1664
2026-05-13 20:25:00,880 [INFO]   [CKPT] Saved: ckpt_wa_task02_r006_global126_acc58.6.pth
2026-05-13 20:25:00,881 [INFO] 
--- Task 2, Round 7/80 (Global 127) ---
2026-05-13 20:25:00,885 [INFO] Edge 0: WTO is OFF, using all 20 clients.
2026-05-13 20:25:02,013 [INFO] Edge 1: WTO is OFF, using all 20 clients.
2026-05-13 20:25:03,098 [INFO] Edge 2: WTO is OFF, using all 20 clients.
2026-05-13 20:26:52,891 [INFO]   [Eval] Task 2, R 7: Acc: 56.67% | Prec-Mac: 47.11% | Rec-Mac: 65.62% | Mi-F1: 56.67% | Ma-F1: 45.27% | We-F1: 61.12% | Loss: 2.2474
2026-05-13 20:26:53,411 [INFO]   [CKPT] Saved: ckpt_wa_task02_r007_global127_acc56.7.pth
2026-05-13 20:26:53,411 [INFO] 
--- Task 2, Round 8/80 (Global 128) ---
2026-05-13 20:26:53,416 [INFO] Edge 0: WTO is OFF, using all 20 clients.
2026-05-13 20:26:54,542 [INFO] Edge 1: WTO is OFF, using all 20 clients.
2026-05-13 20:26:55,780 [INFO] Edge 2: WTO is OFF, using all 20 clients.
2026-05-13 20:28:45,218 [INFO]   [Eval] Task 2, R 8: Acc: 58.89% | Prec-Mac: 46.69% | Rec-Mac: 65.02% | Mi-F1: 58.89% | Ma-F1: 45.45% | We-F1: 63.43% | Loss: 2.1989
2026-05-13 20:28:45,708 [INFO]   [CKPT] Saved: ckpt_wa_task02_r008_global128_acc58.9.pth
2026-05-13 20:28:45,708 [INFO] 
--- Task 2, Round 9/80 (Global 129) ---
2026-05-13 20:28:45,714 [INFO] Edge 0: WTO is OFF, using all 20 clients.
2026-05-13 20:28:46,985 [INFO] Edge 1: WTO is OFF, using all 20 clients.
2026-05-13 20:28:48,041 [INFO] Edge 2: WTO is OFF, using all 20 clients.
2026-05-13 20:30:37,557 [INFO]   [Eval] Task 2, R 9: Acc: 58.89% | Prec-Mac: 47.91% | Rec-Mac: 66.21% | Mi-F1: 58.89% | Ma-F1: 47.15% | We-F1: 63.60% | Loss: 2.2566
2026-05-13 20:30:38,071 [INFO]   [CKPT] Saved: ckpt_wa_task02_r009_global129_acc58.9.pth
2026-05-13 20:30:38,071 [INFO] 
--- Task 2, Round 10/80 (Global 130) ---
2026-05-13 20:30:38,076 [INFO] Edge 0: WTO is OFF, using all 20 clients.
2026-05-13 20:30:39,209 [INFO] Edge 1: WTO is OFF, using all 20 clients.
2026-05-13 20:30:40,279 [INFO] Edge 2: WTO is OFF, using all 20 clients.
2026-05-13 20:32:29,854 [INFO]   [Eval] Task 2, R 10: Acc: 56.44% | Prec-Mac: 42.16% | Rec-Mac: 61.61% | Mi-F1: 56.44% | Ma-F1: 42.99% | We-F1: 60.10% | Loss: 2.3900
2026-05-13 20:32:30,372 [INFO]   [CKPT] Saved: ckpt_wa_task02_r010_global130_acc56.4.pth
2026-05-13 20:32:30,372 [INFO] 
--- Task 2, Round 11/80 (Global 131) ---
2026-05-13 20:32:30,377 [INFO] Edge 0: WTO is OFF, using all 20 clients.
2026-05-13 20:32:31,532 [INFO] Edge 1: WTO is OFF, using all 20 clients.
2026-05-13 20:32:32,602 [INFO] Edge 2: WTO is OFF, using all 20 clients.
2026-05-13 20:34:22,572 [INFO]   [Eval] Task 2, R 11: Acc: 58.45% | Prec-Mac: 47.84% | Rec-Mac: 63.70% | Mi-F1: 58.45% | Ma-F1: 45.98% | We-F1: 63.27% | Loss: 2.3132
2026-05-13 20:34:23,069 [INFO]   [CKPT] Saved: ckpt_wa_task02_r011_global131_acc58.4.pth
2026-05-13 20:34:23,069 [INFO] 
--- Task 2, Round 12/80 (Global 132) ---
2026-05-13 20:34:23,074 [INFO] Edge 0: WTO is OFF, using all 20 clients.
2026-05-13 20:34:24,186 [INFO] Edge 1: WTO is OFF, using all 20 clients.
2026-05-13 20:34:25,247 [INFO] Edge 2: WTO is OFF, using all 20 clients.
2026-05-13 20:36:14,960 [INFO]   [Eval] Task 2, R 12: Acc: 55.51% | Prec-Mac: 48.38% | Rec-Mac: 65.47% | Mi-F1: 55.51% | Ma-F1: 46.14% | We-F1: 59.86% | Loss: 2.5535
2026-05-13 20:36:15,456 [INFO]   [CKPT] Saved: ckpt_wa_task02_r012_global132_acc55.5.pth
2026-05-13 20:36:15,457 [INFO] 
--- Task 2, Round 13/80 (Global 133) ---
2026-05-13 20:36:15,461 [INFO] Edge 0: WTO is OFF, using all 20 clients.
2026-05-13 20:36:16,587 [INFO] Edge 1: WTO is OFF, using all 20 clients.
2026-05-13 20:36:17,675 [INFO] Edge 2: WTO is OFF, using all 20 clients.
2026-05-13 20:38:07,556 [INFO]   [Eval] Task 2, R 13: Acc: 56.46% | Prec-Mac: 47.67% | Rec-Mac: 65.20% | Mi-F1: 56.46% | Ma-F1: 45.11% | We-F1: 61.01% | Loss: 2.5819
2026-05-13 20:38:08,039 [INFO]   [CKPT] Saved: ckpt_wa_task02_r013_global133_acc56.5.pth
2026-05-13 20:38:08,040 [INFO] 
--- Task 2, Round 14/80 (Global 134) ---
2026-05-13 20:38:08,044 [INFO] Edge 0: WTO is OFF, using all 20 clients.
2026-05-13 20:38:09,167 [INFO] Edge 1: WTO is OFF, using all 20 clients.
2026-05-13 20:38:10,229 [INFO] Edge 2: WTO is OFF, using all 20 clients.
2026-05-13 20:40:00,254 [INFO]   [Eval] Task 2, R 14: Acc: 56.15% | Prec-Mac: 48.19% | Rec-Mac: 65.18% | Mi-F1: 56.15% | Ma-F1: 45.77% | We-F1: 60.88% | Loss: 2.4973
2026-05-13 20:40:00,802 [INFO]   [CKPT] Saved: ckpt_wa_task02_r014_global134_acc56.1.pth
2026-05-13 20:40:00,802 [INFO] 
--- Task 2, Round 15/80 (Global 135) ---
2026-05-13 20:40:00,807 [INFO] Edge 0: WTO is OFF, using all 20 clients.
2026-05-13 20:40:01,952 [INFO] Edge 1: WTO is OFF, using all 20 clients.
2026-05-13 20:40:03,014 [INFO] Edge 2: WTO is OFF, using all 20 clients.
2026-05-13 20:41:52,711 [INFO]   [Eval] Task 2, R 15: Acc: 58.07% | Prec-Mac: 47.35% | Rec-Mac: 61.63% | Mi-F1: 58.07% | Ma-F1: 44.74% | We-F1: 62.90% | Loss: 2.4955
2026-05-13 20:41:53,202 [INFO]   [CKPT] Saved: ckpt_wa_task02_r015_global135_acc58.1.pth
2026-05-13 20:41:53,203 [INFO] 
--- Task 2, Round 16/80 (Global 136) ---
2026-05-13 20:41:53,208 [INFO] Edge 0: WTO is OFF, using all 20 clients.
2026-05-13 20:41:54,349 [INFO] Edge 1: WTO is OFF, using all 20 clients.
2026-05-13 20:41:55,396 [INFO] Edge 2: WTO is OFF, using all 20 clients.
2026-05-13 20:43:44,457 [INFO]   [Eval] Task 2, R 16: Acc: 56.57% | Prec-Mac: 47.98% | Rec-Mac: 63.90% | Mi-F1: 56.57% | Ma-F1: 45.92% | We-F1: 61.07% | Loss: 2.5526
2026-05-13 20:43:44,957 [INFO]   [CKPT] Saved: ckpt_wa_task02_r016_global136_acc56.6.pth
2026-05-13 20:43:44,957 [INFO] 
--- Task 2, Round 17/80 (Global 137) ---
2026-05-13 20:43:44,962 [INFO] Edge 0: WTO is OFF, using all 20 clients.
2026-05-13 20:43:46,086 [INFO] Edge 1: WTO is OFF, using all 20 clients.
2026-05-13 20:43:47,283 [INFO] Edge 2: WTO is OFF, using all 20 clients.
2026-05-13 20:45:38,529 [INFO]   [Eval] Task 2, R 17: Acc: 56.28% | Prec-Mac: 48.46% | Rec-Mac: 65.44% | Mi-F1: 56.28% | Ma-F1: 46.05% | We-F1: 60.60% | Loss: 2.5684
2026-05-13 20:45:39,060 [INFO]   [CKPT] Saved: ckpt_wa_task02_r017_global137_acc56.3.pth
2026-05-13 20:45:39,060 [INFO] 
--- Task 2, Round 18/80 (Global 138) ---
2026-05-13 20:45:39,065 [INFO] Edge 0: WTO is OFF, using all 20 clients.
2026-05-13 20:45:40,463 [INFO] Edge 1: WTO is OFF, using all 20 clients.
2026-05-13 20:45:41,602 [INFO] Edge 2: WTO is OFF, using all 20 clients.
2026-05-13 20:47:31,644 [INFO]   [Eval] Task 2, R 18: Acc: 56.09% | Prec-Mac: 48.62% | Rec-Mac: 65.77% | Mi-F1: 56.09% | Ma-F1: 46.08% | We-F1: 60.56% | Loss: 2.6308
2026-05-13 20:47:32,140 [INFO]   [CKPT] Saved: ckpt_wa_task02_r018_global138_acc56.1.pth
2026-05-13 20:47:32,141 [INFO] 
--- Task 2, Round 19/80 (Global 139) ---
2026-05-13 20:47:32,145 [INFO] Edge 0: WTO is OFF, using all 20 clients.
2026-05-13 20:47:33,276 [INFO] Edge 1: WTO is OFF, using all 20 clients.
2026-05-13 20:47:34,339 [INFO] Edge 2: WTO is OFF, using all 20 clients.
2026-05-13 20:49:23,942 [INFO]   [Eval] Task 2, R 19: Acc: 55.51% | Prec-Mac: 47.49% | Rec-Mac: 64.58% | Mi-F1: 55.51% | Ma-F1: 43.78% | We-F1: 60.20% | Loss: 2.6432
2026-05-13 20:49:24,441 [INFO]   [CKPT] Saved: ckpt_wa_task02_r019_global139_acc55.5.pth
2026-05-13 20:49:24,441 [INFO] 
--- Task 2, Round 20/80 (Global 140) ---
2026-05-13 20:49:24,446 [INFO] Edge 0: WTO is OFF, using all 20 clients.
2026-05-13 20:49:25,573 [INFO] Edge 1: WTO is OFF, using all 20 clients.
2026-05-13 20:49:26,633 [INFO] Edge 2: WTO is OFF, using all 20 clients.
2026-05-13 20:51:17,214 [INFO]   [Eval] Task 2, R 20: Acc: 53.72% | Prec-Mac: 47.34% | Rec-Mac: 65.13% | Mi-F1: 53.72% | Ma-F1: 43.26% | We-F1: 57.48% | Loss: 2.9914
2026-05-13 20:51:17,709 [INFO]   [CKPT] Saved: ckpt_wa_task02_r020_global140_acc53.7.pth
2026-05-13 20:51:17,709 [INFO] 
--- Task 2, Round 21/80 (Global 141) ---
2026-05-13 20:51:17,713 [INFO] Edge 0: WTO is OFF, using all 20 clients.
2026-05-13 20:51:18,870 [INFO] Edge 1: WTO is OFF, using all 20 clients.
2026-05-13 20:51:20,005 [INFO] Edge 2: WTO is OFF, using all 20 clients.
2026-05-13 20:53:10,739 [INFO]   [Eval] Task 2, R 21: Acc: 56.12% | Prec-Mac: 48.00% | Rec-Mac: 65.27% | Mi-F1: 56.12% | Ma-F1: 44.87% | We-F1: 60.88% | Loss: 2.6613
2026-05-13 20:53:11,237 [INFO]   [CKPT] Saved: ckpt_wa_task02_r021_global141_acc56.1.pth
2026-05-13 20:53:11,238 [INFO] 
--- Task 2, Round 22/80 (Global 142) ---
2026-05-13 20:53:11,243 [INFO] Edge 0: WTO is OFF, using all 20 clients.
2026-05-13 20:53:12,388 [INFO] Edge 1: WTO is OFF, using all 20 clients.
2026-05-13 20:53:13,447 [INFO] Edge 2: WTO is OFF, using all 20 clients.
2026-05-13 20:55:02,790 [INFO]   [Eval] Task 2, R 22: Acc: 53.09% | Prec-Mac: 41.28% | Rec-Mac: 61.68% | Mi-F1: 53.09% | Ma-F1: 41.74% | We-F1: 55.97% | Loss: 2.7195
2026-05-13 20:55:03,278 [INFO]   [CKPT] Saved: ckpt_wa_task02_r022_global142_acc53.1.pth
2026-05-13 20:55:03,279 [INFO] 
--- Task 2, Round 23/80 (Global 143) ---
2026-05-13 20:55:03,283 [INFO] Edge 0: WTO is OFF, using all 20 clients.
2026-05-13 20:55:04,404 [INFO] Edge 1: WTO is OFF, using all 20 clients.
2026-05-13 20:55:05,457 [INFO] Edge 2: WTO is OFF, using all 20 clients.
2026-05-13 20:56:55,114 [INFO]   [Eval] Task 2, R 23: Acc: 54.46% | Prec-Mac: 41.13% | Rec-Mac: 60.84% | Mi-F1: 54.46% | Ma-F1: 40.91% | We-F1: 57.70% | Loss: 2.6937
2026-05-13 20:56:55,609 [INFO]   [CKPT] Saved: ckpt_wa_task02_r023_global143_acc54.5.pth
2026-05-13 20:56:55,609 [INFO] 
--- Task 2, Round 24/80 (Global 144) ---
2026-05-13 20:56:55,614 [INFO] Edge 0: WTO is OFF, using all 20 clients.
2026-05-13 20:56:56,727 [INFO] Edge 1: WTO is OFF, using all 20 clients.
2026-05-13 20:56:57,778 [INFO] Edge 2: WTO is OFF, using all 20 clients.
2026-05-13 20:58:48,503 [INFO]   [Eval] Task 2, R 24: Acc: 55.76% | Prec-Mac: 46.34% | Rec-Mac: 63.19% | Mi-F1: 55.76% | Ma-F1: 43.80% | We-F1: 60.19% | Loss: 2.6029
2026-05-13 20:58:49,022 [INFO]   [CKPT] Saved: ckpt_wa_task02_r024_global144_acc55.8.pth
2026-05-13 20:58:49,022 [INFO] 
--- Task 2, Round 25/80 (Global 145) ---
2026-05-13 20:58:49,027 [INFO] Edge 0: WTO is OFF, using all 20 clients.
2026-05-13 20:58:50,170 [INFO] Edge 1: WTO is OFF, using all 20 clients.
2026-05-13 20:58:51,291 [INFO] Edge 2: WTO is OFF, using all 20 clients.
2026-05-13 21:00:41,708 [INFO]   [Eval] Task 2, R 25: Acc: 54.28% | Prec-Mac: 47.57% | Rec-Mac: 63.78% | Mi-F1: 54.28% | Ma-F1: 43.30% | We-F1: 58.51% | Loss: 2.7988
2026-05-13 21:00:42,209 [INFO]   [CKPT] Saved: ckpt_wa_task02_r025_global145_acc54.3.pth
2026-05-13 21:00:42,210 [INFO] 
--- Task 2, Round 26/80 (Global 146) ---
2026-05-13 21:00:42,214 [INFO] Edge 0: WTO is OFF, using all 20 clients.
2026-05-13 21:00:43,351 [INFO] Edge 1: WTO is OFF, using all 20 clients.
2026-05-13 21:00:44,561 [INFO] Edge 2: WTO is OFF, using all 20 clients.
2026-05-13 21:02:33,970 [INFO]   [Eval] Task 2, R 26: Acc: 54.25% | Prec-Mac: 46.97% | Rec-Mac: 63.11% | Mi-F1: 54.25% | Ma-F1: 43.23% | We-F1: 58.35% | Loss: 2.8725
2026-05-13 21:02:34,463 [INFO]   [CKPT] Saved: ckpt_wa_task02_r026_global146_acc54.3.pth
2026-05-13 21:02:34,463 [INFO] 
--- Task 2, Round 27/80 (Global 147) ---
2026-05-13 21:02:34,468 [INFO] Edge 0: WTO is OFF, using all 20 clients.
2026-05-13 21:02:35,728 [INFO] Edge 1: WTO is OFF, using all 20 clients.
2026-05-13 21:02:36,787 [INFO] Edge 2: WTO is OFF, using all 20 clients.
2026-05-13 21:04:26,958 [INFO]   [Eval] Task 2, R 27: Acc: 53.88% | Prec-Mac: 41.56% | Rec-Mac: 61.26% | Mi-F1: 53.88% | Ma-F1: 40.27% | We-F1: 57.25% | Loss: 2.7193
2026-05-13 21:04:27,452 [INFO]   [CKPT] Saved: ckpt_wa_task02_r027_global147_acc53.9.pth
2026-05-13 21:04:27,452 [INFO] 
--- Task 2, Round 28/80 (Global 148) ---
2026-05-13 21:04:27,457 [INFO] Edge 0: WTO is OFF, using all 20 clients.
2026-05-13 21:04:28,579 [INFO] Edge 1: WTO is OFF, using all 20 clients.
2026-05-13 21:04:29,632 [INFO] Edge 2: WTO is OFF, using all 20 clients.
2026-05-13 21:06:19,336 [INFO]   [Eval] Task 2, R 28: Acc: 56.70% | Prec-Mac: 47.37% | Rec-Mac: 65.39% | Mi-F1: 56.70% | Ma-F1: 44.44% | We-F1: 61.73% | Loss: 2.6445
2026-05-13 21:06:19,837 [INFO]   [CKPT] Saved: ckpt_wa_task02_r028_global148_acc56.7.pth
2026-05-13 21:06:19,837 [INFO] 
--- Task 2, Round 29/80 (Global 149) ---
2026-05-13 21:06:19,841 [INFO] Edge 0: WTO is OFF, using all 20 clients.
2026-05-13 21:06:21,025 [INFO] Edge 1: WTO is OFF, using all 20 clients.
2026-05-13 21:06:22,072 [INFO] Edge 2: WTO is OFF, using all 20 clients.
2026-05-13 21:08:11,592 [INFO]   [Eval] Task 2, R 29: Acc: 55.18% | Prec-Mac: 46.24% | Rec-Mac: 64.28% | Mi-F1: 55.18% | Ma-F1: 43.23% | We-F1: 59.59% | Loss: 2.6451
2026-05-13 21:08:12,091 [INFO]   [CKPT] Saved: ckpt_wa_task02_r029_global149_acc55.2.pth
2026-05-13 21:08:12,092 [INFO] 
--- Task 2, Round 30/80 (Global 150) ---
2026-05-13 21:08:12,096 [INFO] Edge 0: WTO is OFF, using all 20 clients.
2026-05-13 21:08:13,231 [INFO] Edge 1: WTO is OFF, using all 20 clients.
2026-05-13 21:08:14,275 [INFO] Edge 2: WTO is OFF, using all 20 clients.
2026-05-13 21:10:03,956 [INFO]   [Eval] Task 2, R 30: Acc: 51.54% | Prec-Mac: 41.04% | Rec-Mac: 59.55% | Mi-F1: 51.54% | Ma-F1: 39.11% | We-F1: 55.00% | Loss: 2.8072
2026-05-13 21:10:04,445 [INFO]   [CKPT] Saved: ckpt_wa_task02_r030_global150_acc51.5.pth
2026-05-13 21:10:04,445 [INFO] 
--- Task 2, Round 31/80 (Global 151) ---
2026-05-13 21:10:04,450 [INFO] Edge 0: WTO is OFF, using all 20 clients.
2026-05-13 21:10:05,595 [INFO] Edge 1: WTO is OFF, using all 20 clients.
2026-05-13 21:10:06,689 [INFO] Edge 2: WTO is OFF, using all 20 clients.
2026-05-13 21:11:55,934 [INFO]   [Eval] Task 2, R 31: Acc: 52.90% | Prec-Mac: 48.26% | Rec-Mac: 63.21% | Mi-F1: 52.90% | Ma-F1: 43.09% | We-F1: 56.84% | Loss: 3.0040
2026-05-13 21:11:56,434 [INFO]   [CKPT] Saved: ckpt_wa_task02_r031_global151_acc52.9.pth
2026-05-13 21:11:56,434 [INFO] 
--- Task 2, Round 32/80 (Global 152) ---
2026-05-13 21:11:56,439 [INFO] Edge 0: WTO is OFF, using all 20 clients.
2026-05-13 21:11:57,566 [INFO] Edge 1: WTO is OFF, using all 20 clients.
2026-05-13 21:11:58,644 [INFO] Edge 2: WTO is OFF, using all 20 clients.
2026-05-13 21:13:48,295 [INFO]   [Eval] Task 2, R 32: Acc: 55.63% | Prec-Mac: 42.33% | Rec-Mac: 59.39% | Mi-F1: 55.63% | Ma-F1: 41.05% | We-F1: 58.90% | Loss: 2.7040
2026-05-13 21:13:48,788 [INFO]   [CKPT] Saved: ckpt_wa_task02_r032_global152_acc55.6.pth
2026-05-13 21:13:48,789 [INFO] 
--- Task 2, Round 33/80 (Global 153) ---
2026-05-13 21:13:48,793 [INFO] Edge 0: WTO is OFF, using all 20 clients.
2026-05-13 21:13:49,924 [INFO] Edge 1: WTO is OFF, using all 20 clients.
2026-05-13 21:13:51,021 [INFO] Edge 2: WTO is OFF, using all 20 clients.
2026-05-13 21:15:40,340 [INFO]   [Eval] Task 2, R 33: Acc: 52.37% | Prec-Mac: 48.70% | Rec-Mac: 64.88% | Mi-F1: 52.37% | Ma-F1: 42.22% | We-F1: 56.16% | Loss: 3.1275
2026-05-13 21:15:40,890 [INFO]   [CKPT] Saved: ckpt_wa_task02_r033_global153_acc52.4.pth
2026-05-13 21:15:40,891 [INFO] 
--- Task 2, Round 34/80 (Global 154) ---
2026-05-13 21:15:40,895 [INFO] Edge 0: WTO is OFF, using all 20 clients.
2026-05-13 21:15:42,050 [INFO] Edge 1: WTO is OFF, using all 20 clients.
2026-05-13 21:15:43,131 [INFO] Edge 2: WTO is OFF, using all 20 clients.
2026-05-13 21:17:32,641 [INFO]   [Eval] Task 2, R 34: Acc: 54.33% | Prec-Mac: 47.08% | Rec-Mac: 62.78% | Mi-F1: 54.33% | Ma-F1: 43.11% | We-F1: 58.87% | Loss: 2.8442
2026-05-13 21:17:33,145 [INFO]   [CKPT] Saved: ckpt_wa_task02_r034_global154_acc54.3.pth
2026-05-13 21:17:33,145 [INFO] 
--- Task 2, Round 35/80 (Global 155) ---
2026-05-13 21:17:33,150 [INFO] Edge 0: WTO is OFF, using all 20 clients.
2026-05-13 21:17:34,315 [INFO] Edge 1: WTO is OFF, using all 20 clients.
2026-05-13 21:17:35,532 [INFO] Edge 2: WTO is OFF, using all 20 clients.
2026-05-13 21:19:24,989 [INFO]   [Eval] Task 2, R 35: Acc: 52.32% | Prec-Mac: 46.93% | Rec-Mac: 61.32% | Mi-F1: 52.32% | Ma-F1: 41.06% | We-F1: 56.61% | Loss: 3.0007
2026-05-13 21:19:25,476 [INFO]   [CKPT] Saved: ckpt_wa_task02_r035_global155_acc52.3.pth
2026-05-13 21:19:25,476 [INFO] 
--- Task 2, Round 36/80 (Global 156) ---
2026-05-13 21:19:25,482 [INFO] Edge 0: WTO is OFF, using all 20 clients.
2026-05-13 21:19:26,745 [INFO] Edge 1: WTO is OFF, using all 20 clients.
2026-05-13 21:19:27,806 [INFO] Edge 2: WTO is OFF, using all 20 clients.
2026-05-13 21:21:17,636 [INFO]   [Eval] Task 2, R 36: Acc: 54.06% | Prec-Mac: 47.51% | Rec-Mac: 62.34% | Mi-F1: 54.06% | Ma-F1: 42.44% | We-F1: 58.81% | Loss: 2.9181
2026-05-13 21:21:18,124 [INFO]   [CKPT] Saved: ckpt_wa_task02_r036_global156_acc54.1.pth
2026-05-13 21:21:18,124 [INFO] 
--- Task 2, Round 37/80 (Global 157) ---
2026-05-13 21:21:18,129 [INFO] Edge 0: WTO is OFF, using all 20 clients.
2026-05-13 21:21:19,253 [INFO] Edge 1: WTO is OFF, using all 20 clients.
2026-05-13 21:21:20,330 [INFO] Edge 2: WTO is OFF, using all 20 clients.
2026-05-13 21:23:10,008 [INFO]   [Eval] Task 2, R 37: Acc: 51.85% | Prec-Mac: 41.35% | Rec-Mac: 57.24% | Mi-F1: 51.85% | Ma-F1: 38.17% | We-F1: 56.04% | Loss: 2.9318
2026-05-13 21:23:10,500 [INFO]   [CKPT] Saved: ckpt_wa_task02_r037_global157_acc51.8.pth
2026-05-13 21:23:10,500 [INFO] 
--- Task 2, Round 38/80 (Global 158) ---
2026-05-13 21:23:10,505 [INFO] Edge 0: WTO is OFF, using all 20 clients.
2026-05-13 21:23:11,669 [INFO] Edge 1: WTO is OFF, using all 20 clients.
2026-05-13 21:23:12,716 [INFO] Edge 2: WTO is OFF, using all 20 clients.
2026-05-13 21:25:01,979 [INFO]   [Eval] Task 2, R 38: Acc: 49.35% | Prec-Mac: 45.14% | Rec-Mac: 61.41% | Mi-F1: 49.35% | Ma-F1: 39.29% | We-F1: 53.07% | Loss: 3.3668
2026-05-13 21:25:02,489 [INFO]   [CKPT] Saved: ckpt_wa_task02_r038_global158_acc49.3.pth
2026-05-13 21:25:02,490 [INFO] 
--- Task 2, Round 39/80 (Global 159) ---
2026-05-13 21:25:02,495 [INFO] Edge 0: WTO is OFF, using all 20 clients.
2026-05-13 21:25:03,627 [INFO] Edge 1: WTO is OFF, using all 20 clients.
2026-05-13 21:25:04,684 [INFO] Edge 2: WTO is OFF, using all 20 clients.
2026-05-13 21:26:54,367 [INFO]   [Eval] Task 2, R 39: Acc: 54.27% | Prec-Mac: 47.49% | Rec-Mac: 63.40% | Mi-F1: 54.27% | Ma-F1: 42.92% | We-F1: 59.21% | Loss: 2.8958
2026-05-13 21:26:54,857 [INFO]   [CKPT] Saved: ckpt_wa_task02_r039_global159_acc54.3.pth
2026-05-13 21:26:54,857 [INFO] 
--- Task 2, Round 40/80 (Global 160) ---
2026-05-13 21:26:54,862 [INFO] Edge 0: WTO is OFF, using all 20 clients.
2026-05-13 21:26:55,981 [INFO] Edge 1: WTO is OFF, using all 20 clients.
2026-05-13 21:26:57,046 [INFO] Edge 2: WTO is OFF, using all 20 clients.
2026-05-13 21:28:46,833 [INFO]   [Eval] Task 2, R 40: Acc: 49.54% | Prec-Mac: 41.18% | Rec-Mac: 57.62% | Mi-F1: 49.54% | Ma-F1: 37.54% | We-F1: 53.85% | Loss: 3.1635
2026-05-13 21:28:47,332 [INFO]   [CKPT] Saved: ckpt_wa_task02_r040_global160_acc49.5.pth
2026-05-13 21:28:47,332 [INFO] 
--- Task 2, Round 41/80 (Global 161) ---
2026-05-13 21:28:47,332 [INFO]    [LR DECAY] Round 40 reached milestone: New LR = 0.002
2026-05-13 21:28:47,337 [INFO] Edge 0: WTO is OFF, using all 20 clients.
2026-05-13 21:28:48,451 [INFO] Edge 1: WTO is OFF, using all 20 clients.
2026-05-13 21:28:49,508 [INFO] Edge 2: WTO is OFF, using all 20 clients.
2026-05-13 21:30:38,946 [INFO]   [Eval] Task 2, R 41: Acc: 52.17% | Prec-Mac: 48.11% | Rec-Mac: 62.00% | Mi-F1: 52.17% | Ma-F1: 41.73% | We-F1: 56.78% | Loss: 3.1465
2026-05-13 21:30:39,443 [INFO]   [CKPT] Saved: ckpt_wa_task02_r041_global161_acc52.2.pth
2026-05-13 21:30:39,443 [INFO] 
--- Task 2, Round 42/80 (Global 162) ---
2026-05-13 21:30:39,448 [INFO] Edge 0: WTO is OFF, using all 20 clients.
2026-05-13 21:30:40,590 [INFO] Edge 1: WTO is OFF, using all 20 clients.
2026-05-13 21:30:41,694 [INFO] Edge 2: WTO is OFF, using all 20 clients.
2026-05-13 21:32:31,237 [INFO]   [Eval] Task 2, R 42: Acc: 52.59% | Prec-Mac: 48.41% | Rec-Mac: 63.09% | Mi-F1: 52.59% | Ma-F1: 42.12% | We-F1: 57.16% | Loss: 3.1653
2026-05-13 21:32:31,729 [INFO]   [CKPT] Saved: ckpt_wa_task02_r042_global162_acc52.6.pth
2026-05-13 21:32:31,729 [INFO] 
--- Task 2, Round 43/80 (Global 163) ---
2026-05-13 21:32:31,734 [INFO] Edge 0: WTO is OFF, using all 20 clients.
2026-05-13 21:32:32,849 [INFO] Edge 1: WTO is OFF, using all 20 clients.
2026-05-13 21:32:33,906 [INFO] Edge 2: WTO is OFF, using all 20 clients.
2026-05-13 21:34:23,636 [INFO]   [Eval] Task 2, R 43: Acc: 52.81% | Prec-Mac: 48.56% | Rec-Mac: 63.49% | Mi-F1: 52.81% | Ma-F1: 42.42% | We-F1: 57.44% | Loss: 3.1717
2026-05-13 21:34:24,132 [INFO]   [CKPT] Saved: ckpt_wa_task02_r043_global163_acc52.8.pth
2026-05-13 21:34:24,132 [INFO] 
--- Task 2, Round 44/80 (Global 164) ---
2026-05-13 21:34:24,137 [INFO] Edge 0: WTO is OFF, using all 20 clients.
2026-05-13 21:34:25,252 [INFO] Edge 1: WTO is OFF, using all 20 clients.
2026-05-13 21:34:26,452 [INFO] Edge 2: WTO is OFF, using all 20 clients.
2026-05-13 21:36:16,112 [INFO]   [Eval] Task 2, R 44: Acc: 52.37% | Prec-Mac: 48.18% | Rec-Mac: 62.80% | Mi-F1: 52.37% | Ma-F1: 42.02% | We-F1: 56.99% | Loss: 3.1973
2026-05-13 21:36:16,595 [INFO]   [CKPT] Saved: ckpt_wa_task02_r044_global164_acc52.4.pth
2026-05-13 21:36:16,595 [INFO] 
--- Task 2, Round 45/80 (Global 165) ---
2026-05-13 21:36:16,599 [INFO] Edge 0: WTO is OFF, using all 20 clients.
2026-05-13 21:36:17,883 [INFO] Edge 1: WTO is OFF, using all 20 clients.
2026-05-13 21:36:18,956 [INFO] Edge 2: WTO is OFF, using all 20 clients.
2026-05-13 21:38:08,801 [INFO]   [Eval] Task 2, R 45: Acc: 52.11% | Prec-Mac: 48.16% | Rec-Mac: 62.38% | Mi-F1: 52.11% | Ma-F1: 41.71% | We-F1: 56.69% | Loss: 3.2133
2026-05-13 21:38:09,300 [INFO]   [CKPT] Saved: ckpt_wa_task02_r045_global165_acc52.1.pth
2026-05-13 21:38:09,300 [INFO] 
--- Task 2, Round 46/80 (Global 166) ---
2026-05-13 21:38:09,305 [INFO] Edge 0: WTO is OFF, using all 20 clients.
2026-05-13 21:38:10,423 [INFO] Edge 1: WTO is OFF, using all 20 clients.
2026-05-13 21:38:11,520 [INFO] Edge 2: WTO is OFF, using all 20 clients.
2026-05-13 21:40:01,135 [INFO]   [Eval] Task 2, R 46: Acc: 52.07% | Prec-Mac: 48.00% | Rec-Mac: 62.28% | Mi-F1: 52.07% | Ma-F1: 41.71% | We-F1: 56.73% | Loss: 3.2120
2026-05-13 21:40:01,617 [INFO]   [CKPT] Saved: ckpt_wa_task02_r046_global166_acc52.1.pth
2026-05-13 21:40:01,618 [INFO] 
--- Task 2, Round 47/80 (Global 167) ---
2026-05-13 21:40:01,622 [INFO] Edge 0: WTO is OFF, using all 20 clients.
2026-05-13 21:40:02,749 [INFO] Edge 1: WTO is OFF, using all 20 clients.
2026-05-13 21:40:03,788 [INFO] Edge 2: WTO is OFF, using all 20 clients.
2026-05-13 21:41:53,139 [INFO]   [Eval] Task 2, R 47: Acc: 52.95% | Prec-Mac: 48.50% | Rec-Mac: 63.51% | Mi-F1: 52.95% | Ma-F1: 42.54% | We-F1: 57.63% | Loss: 3.1782
2026-05-13 21:41:53,634 [INFO]   [CKPT] Saved: ckpt_wa_task02_r047_global167_acc52.9.pth
2026-05-13 21:41:53,634 [INFO] 
--- Task 2, Round 48/80 (Global 168) ---
2026-05-13 21:41:53,639 [INFO] Edge 0: WTO is OFF, using all 20 clients.
2026-05-13 21:41:54,762 [INFO] Edge 1: WTO is OFF, using all 20 clients.
2026-05-13 21:41:55,815 [INFO] Edge 2: WTO is OFF, using all 20 clients.
2026-05-13 21:43:45,642 [INFO]   [Eval] Task 2, R 48: Acc: 53.05% | Prec-Mac: 48.79% | Rec-Mac: 63.58% | Mi-F1: 53.05% | Ma-F1: 42.63% | We-F1: 57.64% | Loss: 3.1984
2026-05-13 21:43:46,137 [INFO]   [CKPT] Saved: ckpt_wa_task02_r048_global168_acc53.1.pth
2026-05-13 21:43:46,137 [INFO] 
--- Task 2, Round 49/80 (Global 169) ---
2026-05-13 21:43:46,142 [INFO] Edge 0: WTO is OFF, using all 20 clients.
2026-05-13 21:43:47,237 [INFO] Edge 1: WTO is OFF, using all 20 clients.
2026-05-13 21:43:48,305 [INFO] Edge 2: WTO is OFF, using all 20 clients.
2026-05-13 21:45:38,112 [INFO]   [Eval] Task 2, R 49: Acc: 53.05% | Prec-Mac: 48.66% | Rec-Mac: 63.78% | Mi-F1: 53.05% | Ma-F1: 42.69% | We-F1: 57.64% | Loss: 3.1979
2026-05-13 21:45:38,641 [INFO]   [CKPT] Saved: ckpt_wa_task02_r049_global169_acc53.1.pth
2026-05-13 21:45:38,641 [INFO] 
--- Task 2, Round 50/80 (Global 170) ---
2026-05-13 21:45:38,646 [INFO] Edge 0: WTO is OFF, using all 20 clients.
2026-05-13 21:45:39,815 [INFO] Edge 1: WTO is OFF, using all 20 clients.
2026-05-13 21:45:40,918 [INFO] Edge 2: WTO is OFF, using all 20 clients.
2026-05-13 21:47:30,532 [INFO]   [Eval] Task 2, R 50: Acc: 52.64% | Prec-Mac: 48.61% | Rec-Mac: 63.85% | Mi-F1: 52.64% | Ma-F1: 42.82% | We-F1: 57.38% | Loss: 3.1913
2026-05-13 21:47:31,061 [INFO]   [CKPT] Saved: ckpt_wa_task02_r050_global170_acc52.6.pth
2026-05-13 21:47:31,061 [INFO] 
--- Task 2, Round 51/80 (Global 171) ---
2026-05-13 21:47:31,066 [INFO] Edge 0: WTO is OFF, using all 20 clients.
2026-05-13 21:47:32,198 [INFO] Edge 1: WTO is OFF, using all 20 clients.
2026-05-13 21:47:33,257 [INFO] Edge 2: WTO is OFF, using all 20 clients.
2026-05-13 21:49:24,071 [INFO]   [Eval] Task 2, R 51: Acc: 53.39% | Prec-Mac: 49.81% | Rec-Mac: 64.46% | Mi-F1: 53.39% | Ma-F1: 43.94% | We-F1: 58.07% | Loss: 3.2238
2026-05-13 21:49:24,591 [INFO]   [CKPT] Saved: ckpt_wa_task02_r051_global171_acc53.4.pth
2026-05-13 21:49:24,591 [INFO] 
--- Task 2, Round 52/80 (Global 172) ---
2026-05-13 21:49:24,596 [INFO] Edge 0: WTO is OFF, using all 20 clients.
2026-05-13 21:49:25,773 [INFO] Edge 1: WTO is OFF, using all 20 clients.
2026-05-13 21:49:26,850 [INFO] Edge 2: WTO is OFF, using all 20 clients.
2026-05-13 21:51:18,881 [INFO]   [Eval] Task 2, R 52: Acc: 51.59% | Prec-Mac: 47.56% | Rec-Mac: 62.96% | Mi-F1: 51.59% | Ma-F1: 41.76% | We-F1: 56.14% | Loss: 3.2270
2026-05-13 21:51:19,383 [INFO]   [CKPT] Saved: ckpt_wa_task02_r052_global172_acc51.6.pth
2026-05-13 21:51:19,383 [INFO] 
--- Task 2, Round 53/80 (Global 173) ---
2026-05-13 21:51:19,388 [INFO] Edge 0: WTO is OFF, using all 20 clients.
2026-05-13 21:51:20,559 [INFO] Edge 1: WTO is OFF, using all 20 clients.
2026-05-13 21:51:21,841 [INFO] Edge 2: WTO is OFF, using all 20 clients.
2026-05-13 21:53:12,457 [INFO]   [Eval] Task 2, R 53: Acc: 52.24% | Prec-Mac: 48.32% | Rec-Mac: 62.62% | Mi-F1: 52.24% | Ma-F1: 41.91% | We-F1: 56.83% | Loss: 3.2204
2026-05-13 21:53:12,989 [INFO]   [CKPT] Saved: ckpt_wa_task02_r053_global173_acc52.2.pth
2026-05-13 21:53:12,989 [INFO] 
--- Task 2, Round 54/80 (Global 174) ---
2026-05-13 21:53:12,994 [INFO] Edge 0: WTO is OFF, using all 20 clients.
2026-05-13 21:53:14,302 [INFO] Edge 1: WTO is OFF, using all 20 clients.
2026-05-13 21:53:15,397 [INFO] Edge 2: WTO is OFF, using all 20 clients.
2026-05-13 21:55:06,384 [INFO]   [Eval] Task 2, R 54: Acc: 50.97% | Prec-Mac: 47.59% | Rec-Mac: 61.84% | Mi-F1: 50.97% | Ma-F1: 41.02% | We-F1: 55.38% | Loss: 3.3125
2026-05-13 21:55:06,871 [INFO]   [CKPT] Saved: ckpt_wa_task02_r054_global174_acc51.0.pth
2026-05-13 21:55:06,871 [INFO] 
--- Task 2, Round 55/80 (Global 175) ---
2026-05-13 21:55:06,875 [INFO] Edge 0: WTO is OFF, using all 20 clients.
2026-05-13 21:55:08,005 [INFO] Edge 1: WTO is OFF, using all 20 clients.
2026-05-13 21:55:09,076 [INFO] Edge 2: WTO is OFF, using all 20 clients.
2026-05-13 21:57:00,027 [INFO]   [Eval] Task 2, R 55: Acc: 52.77% | Prec-Mac: 49.06% | Rec-Mac: 63.73% | Mi-F1: 52.77% | Ma-F1: 42.74% | We-F1: 57.32% | Loss: 3.2597
2026-05-13 21:57:00,587 [INFO]   [CKPT] Saved: ckpt_wa_task02_r055_global175_acc52.8.pth
2026-05-13 21:57:00,588 [INFO] 
--- Task 2, Round 56/80 (Global 176) ---
2026-05-13 21:57:00,598 [INFO] Edge 0: WTO is OFF, using all 20 clients.
2026-05-13 21:57:01,765 [INFO] Edge 1: WTO is OFF, using all 20 clients.
2026-05-13 21:57:02,838 [INFO] Edge 2: WTO is OFF, using all 20 clients.
2026-05-13 21:58:53,051 [INFO]   [Eval] Task 2, R 56: Acc: 51.88% | Prec-Mac: 48.16% | Rec-Mac: 62.71% | Mi-F1: 51.88% | Ma-F1: 41.99% | We-F1: 56.51% | Loss: 3.2841
2026-05-13 21:58:53,546 [INFO]   [CKPT] Saved: ckpt_wa_task02_r056_global176_acc51.9.pth
2026-05-13 21:58:53,546 [INFO] 
--- Task 2, Round 57/80 (Global 177) ---
2026-05-13 21:58:53,551 [INFO] Edge 0: WTO is OFF, using all 20 clients.
2026-05-13 21:58:54,691 [INFO] Edge 1: WTO is OFF, using all 20 clients.
2026-05-13 21:58:55,756 [INFO] Edge 2: WTO is OFF, using all 20 clients.
2026-05-13 22:00:45,506 [INFO]   [Eval] Task 2, R 57: Acc: 52.14% | Prec-Mac: 48.30% | Rec-Mac: 62.65% | Mi-F1: 52.14% | Ma-F1: 41.93% | We-F1: 56.76% | Loss: 3.2634
2026-05-13 22:00:46,021 [INFO]   [CKPT] Saved: ckpt_wa_task02_r057_global177_acc52.1.pth
2026-05-13 22:00:46,021 [INFO] 
--- Task 2, Round 58/80 (Global 178) ---
2026-05-13 22:00:46,027 [INFO] Edge 0: WTO is OFF, using all 20 clients.
2026-05-13 22:00:47,121 [INFO] Edge 1: WTO is OFF, using all 20 clients.
2026-05-13 22:00:48,166 [INFO] Edge 2: WTO is OFF, using all 20 clients.
2026-05-13 22:02:37,723 [INFO]   [Eval] Task 2, R 58: Acc: 52.82% | Prec-Mac: 49.11% | Rec-Mac: 63.59% | Mi-F1: 52.82% | Ma-F1: 42.77% | We-F1: 57.40% | Loss: 3.2420
2026-05-13 22:02:38,226 [INFO]   [CKPT] Saved: ckpt_wa_task02_r058_global178_acc52.8.pth
2026-05-13 22:02:38,227 [INFO] 
--- Task 2, Round 59/80 (Global 179) ---
2026-05-13 22:02:38,231 [INFO] Edge 0: WTO is OFF, using all 20 clients.
2026-05-13 22:02:39,347 [INFO] Edge 1: WTO is OFF, using all 20 clients.
2026-05-13 22:02:40,406 [INFO] Edge 2: WTO is OFF, using all 20 clients.
2026-05-13 22:04:30,166 [INFO]   [Eval] Task 2, R 59: Acc: 52.99% | Prec-Mac: 49.29% | Rec-Mac: 64.00% | Mi-F1: 52.99% | Ma-F1: 42.98% | We-F1: 57.56% | Loss: 3.2139
2026-05-13 22:04:30,697 [INFO]   [CKPT] Saved: ckpt_wa_task02_r059_global179_acc53.0.pth
2026-05-13 22:04:30,697 [INFO] 
--- Task 2, Round 60/80 (Global 180) ---
2026-05-13 22:04:30,703 [INFO] Edge 0: WTO is OFF, using all 20 clients.
2026-05-13 22:04:31,811 [INFO] Edge 1: WTO is OFF, using all 20 clients.
2026-05-13 22:04:32,870 [INFO] Edge 2: WTO is OFF, using all 20 clients.
2026-05-13 22:06:22,489 [INFO]   [Eval] Task 2, R 60: Acc: 52.51% | Prec-Mac: 48.84% | Rec-Mac: 63.42% | Mi-F1: 52.51% | Ma-F1: 42.41% | We-F1: 57.15% | Loss: 3.2761
2026-05-13 22:06:22,984 [INFO]   [CKPT] Saved: ckpt_wa_task02_r060_global180_acc52.5.pth
2026-05-13 22:06:22,984 [INFO] 
--- Task 2, Round 61/80 (Global 181) ---
2026-05-13 22:06:22,984 [INFO]    [LR DECAY] Round 60 reached milestone: New LR = 0.0002
2026-05-13 22:06:22,989 [INFO] Edge 0: WTO is OFF, using all 20 clients.
2026-05-13 22:06:24,138 [INFO] Edge 1: WTO is OFF, using all 20 clients.
2026-05-13 22:06:25,222 [INFO] Edge 2: WTO is OFF, using all 20 clients.
2026-05-13 22:08:14,769 [INFO]   [Eval] Task 2, R 61: Acc: 53.01% | Prec-Mac: 49.44% | Rec-Mac: 64.03% | Mi-F1: 53.01% | Ma-F1: 43.12% | We-F1: 57.66% | Loss: 3.2595
2026-05-13 22:08:15,267 [INFO]   [CKPT] Saved: ckpt_wa_task02_r061_global181_acc53.0.pth
2026-05-13 22:08:15,267 [INFO] 
--- Task 2, Round 62/80 (Global 182) ---
2026-05-13 22:08:15,272 [INFO] Edge 0: WTO is OFF, using all 20 clients.
2026-05-13 22:08:16,402 [INFO] Edge 1: WTO is OFF, using all 20 clients.
2026-05-13 22:08:17,621 [INFO] Edge 2: WTO is OFF, using all 20 clients.
2026-05-13 22:10:07,153 [INFO]   [Eval] Task 2, R 62: Acc: 53.29% | Prec-Mac: 49.98% | Rec-Mac: 64.64% | Mi-F1: 53.29% | Ma-F1: 43.88% | We-F1: 57.95% | Loss: 3.2691
2026-05-13 22:10:07,645 [INFO]   [CKPT] Saved: ckpt_wa_task02_r062_global182_acc53.3.pth
2026-05-13 22:10:07,645 [INFO] 
--- Task 2, Round 63/80 (Global 183) ---
2026-05-13 22:10:07,649 [INFO] Edge 0: WTO is OFF, using all 20 clients.
2026-05-13 22:10:08,911 [INFO] Edge 1: WTO is OFF, using all 20 clients.
2026-05-13 22:10:10,015 [INFO] Edge 2: WTO is OFF, using all 20 clients.
2026-05-13 22:11:59,425 [INFO]   [Eval] Task 2, R 63: Acc: 52.56% | Prec-Mac: 48.94% | Rec-Mac: 63.15% | Mi-F1: 52.56% | Ma-F1: 42.34% | We-F1: 57.16% | Loss: 3.2745
2026-05-13 22:11:59,913 [INFO]   [CKPT] Saved: ckpt_wa_task02_r063_global183_acc52.6.pth
2026-05-13 22:11:59,913 [INFO] 
--- Task 2, Round 64/80 (Global 184) ---
2026-05-13 22:11:59,918 [INFO] Edge 0: WTO is OFF, using all 20 clients.
2026-05-13 22:12:01,050 [INFO] Edge 1: WTO is OFF, using all 20 clients.
2026-05-13 22:12:02,106 [INFO] Edge 2: WTO is OFF, using all 20 clients.
2026-05-13 22:13:51,235 [INFO]   [Eval] Task 2, R 64: Acc: 52.50% | Prec-Mac: 48.96% | Rec-Mac: 63.22% | Mi-F1: 52.50% | Ma-F1: 42.52% | We-F1: 57.08% | Loss: 3.2881
2026-05-13 22:13:51,725 [INFO]   [CKPT] Saved: ckpt_wa_task02_r064_global184_acc52.5.pth
2026-05-13 22:13:51,725 [INFO] 
--- Task 2, Round 65/80 (Global 185) ---
2026-05-13 22:13:51,731 [INFO] Edge 0: WTO is OFF, using all 20 clients.
2026-05-13 22:13:52,854 [INFO] Edge 1: WTO is OFF, using all 20 clients.
2026-05-13 22:13:53,914 [INFO] Edge 2: WTO is OFF, using all 20 clients.
2026-05-13 22:15:43,860 [INFO]   [Eval] Task 2, R 65: Acc: 52.59% | Prec-Mac: 48.91% | Rec-Mac: 63.33% | Mi-F1: 52.59% | Ma-F1: 42.49% | We-F1: 57.20% | Loss: 3.2753
2026-05-13 22:15:44,364 [INFO]   [CKPT] Saved: ckpt_wa_task02_r065_global185_acc52.6.pth
2026-05-13 22:15:44,364 [INFO] 
--- Task 2, Round 66/80 (Global 186) ---
2026-05-13 22:15:44,369 [INFO] Edge 0: WTO is OFF, using all 20 clients.
2026-05-13 22:15:45,465 [INFO] Edge 1: WTO is OFF, using all 20 clients.
2026-05-13 22:15:46,543 [INFO] Edge 2: WTO is OFF, using all 20 clients.
2026-05-13 22:17:36,870 [INFO]   [Eval] Task 2, R 66: Acc: 52.15% | Prec-Mac: 48.48% | Rec-Mac: 62.89% | Mi-F1: 52.15% | Ma-F1: 42.08% | We-F1: 56.76% | Loss: 3.2928
2026-05-13 22:17:37,377 [INFO]   [CKPT] Saved: ckpt_wa_task02_r066_global186_acc52.2.pth
2026-05-13 22:17:37,378 [INFO] 
--- Task 2, Round 67/80 (Global 187) ---
2026-05-13 22:17:37,383 [INFO] Edge 0: WTO is OFF, using all 20 clients.
2026-05-13 22:17:38,554 [INFO] Edge 1: WTO is OFF, using all 20 clients.
2026-05-13 22:17:39,669 [INFO] Edge 2: WTO is OFF, using all 20 clients.
2026-05-13 22:19:31,100 [INFO]   [Eval] Task 2, R 67: Acc: 53.19% | Prec-Mac: 49.86% | Rec-Mac: 64.34% | Mi-F1: 53.19% | Ma-F1: 43.56% | We-F1: 57.84% | Loss: 3.2604
2026-05-13 22:19:31,591 [INFO]   [CKPT] Saved: ckpt_wa_task02_r067_global187_acc53.2.pth
2026-05-13 22:19:31,591 [INFO] 
--- Task 2, Round 68/80 (Global 188) ---
2026-05-13 22:19:31,596 [INFO] Edge 0: WTO is OFF, using all 20 clients.
2026-05-13 22:19:32,739 [INFO] Edge 1: WTO is OFF, using all 20 clients.
2026-05-13 22:19:33,804 [INFO] Edge 2: WTO is OFF, using all 20 clients.
2026-05-13 22:21:23,629 [INFO]   [Eval] Task 2, R 68: Acc: 51.64% | Prec-Mac: 48.26% | Rec-Mac: 62.43% | Mi-F1: 51.64% | Ma-F1: 41.63% | We-F1: 56.14% | Loss: 3.3186
2026-05-13 22:21:24,157 [INFO]   [CKPT] Saved: ckpt_wa_task02_r068_global188_acc51.6.pth
2026-05-13 22:21:24,158 [INFO] 
--- Task 2, Round 69/80 (Global 189) ---
2026-05-13 22:21:24,162 [INFO] Edge 0: WTO is OFF, using all 20 clients.
2026-05-13 22:21:25,286 [INFO] Edge 1: WTO is OFF, using all 20 clients.
2026-05-13 22:21:26,344 [INFO] Edge 2: WTO is OFF, using all 20 clients.
2026-05-13 22:23:16,696 [INFO]   [Eval] Task 2, R 69: Acc: 53.36% | Prec-Mac: 50.62% | Rec-Mac: 64.75% | Mi-F1: 53.36% | Ma-F1: 44.31% | We-F1: 58.08% | Loss: 3.2742
2026-05-13 22:23:17,189 [INFO]   [CKPT] Saved: ckpt_wa_task02_r069_global189_acc53.4.pth
2026-05-13 22:23:17,189 [INFO] 
--- Task 2, Round 70/80 (Global 190) ---
2026-05-13 22:23:17,194 [INFO] Edge 0: WTO is OFF, using all 20 clients.
2026-05-13 22:23:18,316 [INFO] Edge 1: WTO is OFF, using all 20 clients.
2026-05-13 22:23:19,389 [INFO] Edge 2: WTO is OFF, using all 20 clients.
2026-05-13 22:25:09,291 [INFO]   [Eval] Task 2, R 70: Acc: 52.57% | Prec-Mac: 48.85% | Rec-Mac: 63.09% | Mi-F1: 52.57% | Ma-F1: 42.34% | We-F1: 57.12% | Loss: 3.2674
2026-05-13 22:25:09,777 [INFO]   [CKPT] Saved: ckpt_wa_task02_r070_global190_acc52.6.pth
2026-05-13 22:25:09,777 [INFO] 
--- Task 2, Round 71/80 (Global 191) ---
2026-05-13 22:25:09,782 [INFO] Edge 0: WTO is OFF, using all 20 clients.
2026-05-13 22:25:10,950 [INFO] Edge 1: WTO is OFF, using all 20 clients.
2026-05-13 22:25:12,166 [INFO] Edge 2: WTO is OFF, using all 20 clients.
2026-05-13 22:27:01,698 [INFO]   [Eval] Task 2, R 71: Acc: 52.77% | Prec-Mac: 49.26% | Rec-Mac: 63.66% | Mi-F1: 52.77% | Ma-F1: 42.79% | We-F1: 57.36% | Loss: 3.2752
2026-05-13 22:27:02,211 [INFO]   [CKPT] Saved: ckpt_wa_task02_r071_global191_acc52.8.pth
2026-05-13 22:27:02,211 [INFO] 
--- Task 2, Round 72/80 (Global 192) ---
2026-05-13 22:27:02,216 [INFO] Edge 0: WTO is OFF, using all 20 clients.
2026-05-13 22:27:03,490 [INFO] Edge 1: WTO is OFF, using all 20 clients.
2026-05-13 22:27:04,532 [INFO] Edge 2: WTO is OFF, using all 20 clients.
2026-05-13 22:28:53,867 [INFO]   [Eval] Task 2, R 72: Acc: 52.89% | Prec-Mac: 49.33% | Rec-Mac: 63.85% | Mi-F1: 52.89% | Ma-F1: 43.00% | We-F1: 57.56% | Loss: 3.2717
2026-05-13 22:28:54,379 [INFO]   [CKPT] Saved: ckpt_wa_task02_r072_global192_acc52.9.pth
2026-05-13 22:28:54,379 [INFO] 
--- Task 2, Round 73/80 (Global 193) ---
2026-05-13 22:28:54,384 [INFO] Edge 0: WTO is OFF, using all 20 clients.
2026-05-13 22:28:55,502 [INFO] Edge 1: WTO is OFF, using all 20 clients.
2026-05-13 22:28:56,553 [INFO] Edge 2: WTO is OFF, using all 20 clients.
2026-05-13 22:30:46,331 [INFO]   [Eval] Task 2, R 73: Acc: 52.74% | Prec-Mac: 49.22% | Rec-Mac: 63.70% | Mi-F1: 52.74% | Ma-F1: 42.85% | We-F1: 57.39% | Loss: 3.2847
2026-05-13 22:30:46,818 [INFO]   [CKPT] Saved: ckpt_wa_task02_r073_global193_acc52.7.pth
2026-05-13 22:30:46,818 [INFO] 
--- Task 2, Round 74/80 (Global 194) ---
2026-05-13 22:30:46,823 [INFO] Edge 0: WTO is OFF, using all 20 clients.
2026-05-13 22:30:47,955 [INFO] Edge 1: WTO is OFF, using all 20 clients.
2026-05-13 22:30:49,007 [INFO] Edge 2: WTO is OFF, using all 20 clients.
2026-05-13 22:32:39,185 [INFO]   [Eval] Task 2, R 74: Acc: 51.24% | Prec-Mac: 47.99% | Rec-Mac: 61.84% | Mi-F1: 51.24% | Ma-F1: 41.25% | We-F1: 55.82% | Loss: 3.3203
2026-05-13 22:32:39,681 [INFO]   [CKPT] Saved: ckpt_wa_task02_r074_global194_acc51.2.pth
2026-05-13 22:32:39,681 [INFO] 
--- Task 2, Round 75/80 (Global 195) ---
2026-05-13 22:32:39,685 [INFO] Edge 0: WTO is OFF, using all 20 clients.
2026-05-13 22:32:40,847 [INFO] Edge 1: WTO is OFF, using all 20 clients.
2026-05-13 22:32:41,929 [INFO] Edge 2: WTO is OFF, using all 20 clients.
2026-05-13 22:34:31,642 [INFO]   [Eval] Task 2, R 75: Acc: 52.40% | Prec-Mac: 48.80% | Rec-Mac: 63.09% | Mi-F1: 52.40% | Ma-F1: 42.34% | We-F1: 57.07% | Loss: 3.2749
2026-05-13 22:34:32,139 [INFO]   [CKPT] Saved: ckpt_wa_task02_r075_global195_acc52.4.pth
2026-05-13 22:34:32,140 [INFO] 
--- Task 2, Round 76/80 (Global 196) ---
2026-05-13 22:34:32,145 [INFO] Edge 0: WTO is OFF, using all 20 clients.
2026-05-13 22:34:33,274 [INFO] Edge 1: WTO is OFF, using all 20 clients.
2026-05-13 22:34:34,339 [INFO] Edge 2: WTO is OFF, using all 20 clients.
2026-05-13 22:36:23,877 [INFO]   [Eval] Task 2, R 76: Acc: 53.49% | Prec-Mac: 51.40% | Rec-Mac: 65.23% | Mi-F1: 53.49% | Ma-F1: 44.95% | We-F1: 58.25% | Loss: 3.2697
2026-05-13 22:36:24,365 [INFO]   [CKPT] Saved: ckpt_wa_task02_r076_global196_acc53.5.pth
2026-05-13 22:36:24,365 [INFO] 
--- Task 2, Round 77/80 (Global 197) ---
2026-05-13 22:36:24,370 [INFO] Edge 0: WTO is OFF, using all 20 clients.
2026-05-13 22:36:25,487 [INFO] Edge 1: WTO is OFF, using all 20 clients.
2026-05-13 22:36:26,551 [INFO] Edge 2: WTO is OFF, using all 20 clients.
2026-05-13 22:38:16,425 [INFO]   [Eval] Task 2, R 77: Acc: 52.58% | Prec-Mac: 49.11% | Rec-Mac: 63.58% | Mi-F1: 52.58% | Ma-F1: 42.71% | We-F1: 57.24% | Loss: 3.2980
2026-05-13 22:38:16,917 [INFO]   [CKPT] Saved: ckpt_wa_task02_r077_global197_acc52.6.pth
2026-05-13 22:38:16,917 [INFO] 
--- Task 2, Round 78/80 (Global 198) ---
2026-05-13 22:38:16,921 [INFO] Edge 0: WTO is OFF, using all 20 clients.
2026-05-13 22:38:18,031 [INFO] Edge 1: WTO is OFF, using all 20 clients.
2026-05-13 22:38:19,108 [INFO] Edge 2: WTO is OFF, using all 20 clients.
2026-05-13 22:40:08,602 [INFO]   [Eval] Task 2, R 78: Acc: 51.81% | Prec-Mac: 48.16% | Rec-Mac: 62.78% | Mi-F1: 51.81% | Ma-F1: 41.85% | We-F1: 56.31% | Loss: 3.3075
2026-05-13 22:40:09,117 [INFO]   [CKPT] Saved: ckpt_wa_task02_r078_global198_acc51.8.pth
2026-05-13 22:40:09,117 [INFO] 
--- Task 2, Round 79/80 (Global 199) ---
2026-05-13 22:40:09,123 [INFO] Edge 0: WTO is OFF, using all 20 clients.
2026-05-13 22:40:10,259 [INFO] Edge 1: WTO is OFF, using all 20 clients.
2026-05-13 22:40:11,346 [INFO] Edge 2: WTO is OFF, using all 20 clients.
2026-05-13 22:42:00,431 [INFO]   [Eval] Task 2, R 79: Acc: 51.39% | Prec-Mac: 48.08% | Rec-Mac: 62.18% | Mi-F1: 51.39% | Ma-F1: 41.57% | We-F1: 55.98% | Loss: 3.3380
2026-05-13 22:42:00,952 [INFO]   [CKPT] Saved: ckpt_wa_task02_r079_global199_acc51.4.pth
2026-05-13 22:42:00,952 [INFO] 
--- Task 2, Round 80/80 (Global 200) ---
2026-05-13 22:42:00,957 [INFO] Edge 0: WTO is OFF, using all 20 clients.
2026-05-13 22:42:02,084 [INFO] Edge 0: [WA] Weight Align applied (13 -> 13).
2026-05-13 22:42:23,265 [INFO] Edge 0: Memory updated at end of task. Total stored: 14989 samples across 13 classes.
2026-05-13 22:42:23,268 [INFO] Edge 1: WTO is OFF, using all 20 clients.
2026-05-13 22:42:24,523 [INFO] Edge 1: [WA] Weight Align applied (13 -> 13).
2026-05-13 22:42:45,350 [INFO] Edge 1: Memory updated at end of task. Total stored: 14989 samples across 13 classes.
2026-05-13 22:42:45,353 [INFO] Edge 2: WTO is OFF, using all 20 clients.
2026-05-13 22:42:46,452 [INFO] Edge 2: [WA] Weight Align applied (13 -> 13).
2026-05-13 22:43:07,547 [INFO] Edge 2: Memory updated at end of task. Total stored: 14989 samples across 13 classes.
2026-05-13 22:44:55,654 [INFO]   [Eval] Task 2, R 80: Acc: 52.51% | Prec-Mac: 48.90% | Rec-Mac: 63.19% | Mi-F1: 52.51% | Ma-F1: 42.38% | We-F1: 57.10% | Loss: 3.2694
2026-05-13 22:44:56,153 [INFO]   [CKPT] Saved: ckpt_wa_task02_r080_global200_acc52.5.pth
2026-05-13 22:44:56,154 [INFO]   [WA-Pre] Avg Norm: Old Classes = 1.5776, New Classes = 1.4619
2026-05-13 22:44:56,154 [INFO]   [WA] Applying Weight Aligning for Task 2...
2026-05-13 22:44:56,155 [INFO]   [WA-Post] Avg Norm: Old Classes = 1.5776, New Classes = 1.5776
2026-05-13 22:48:32,837 [INFO] 
============================================================
  ĐÁNH GIÁ - Task 2
============================================================
  Accuracy:           51.61%
  Precision (micro):  51.61%
  Precision (macro):  48.74%
  Precision (weight): 81.10%
  Recall (micro):     51.61%
  Recall (macro):     62.53%
  Recall (weight):    51.61%
  F1 (micro):         51.61%
  F1 (macro):         41.55%
  F1 (weight):        56.18%
  Loss:               3.4497

  Per-class F1:
    Class 0             : 25.57%
    Class 1             : 87.52%
    Class 2             : 82.38%
    Class 3             : 65.35%
    Class 4             : 48.80%
    Class 5             : 15.34%
    Class 6             : 39.58%
    Class 7             : 31.33%
    Class 8             : 81.87%
    Class 9             : 34.33%
    Class 10            : 5.42%
    Class 11            : 14.38%
    Class 12            : 8.27%
============================================================

2026-05-13 22:48:32,837 [INFO] 
Loading data for Task 3 (Classes: [13, 14, 15, 16])...
2026-05-13 22:48:33,472 [INFO] Expanded global model to 17 classes for Task 3
2026-05-13 22:48:33,484 [INFO] 
============================================================
2026-05-13 22:48:33,485 [INFO] Task 3/4 | Classes: [13, 14, 15, 16] | 80 rounds | LR: 0.02
2026-05-13 22:48:33,485 [INFO] ============================================================
2026-05-13 22:48:33,485 [INFO] 
--- Task 3, Round 1/80 (Global 201) ---
2026-05-13 22:48:33,489 [INFO] Edge 0: WTO is OFF, using all 20 clients.
2026-05-13 22:48:33,962 [INFO] Edge 1: WTO is OFF, using all 20 clients.
2026-05-13 22:48:34,242 [INFO] Edge 2: WTO is OFF, using all 20 clients.
2026-05-13 22:50:24,324 [INFO]   [Eval] Task 3, R 1: Acc: 34.46% | Prec-Mac: 38.32% | Rec-Mac: 41.84% | Mi-F1: 34.46% | Ma-F1: 27.61% | We-F1: 36.20% | Loss: 4.3956
2026-05-13 22:50:24,823 [INFO]   [CKPT] Saved: ckpt_wa_task03_r001_global201_acc34.5.pth
2026-05-13 22:50:24,823 [INFO] 
--- Task 3, Round 2/80 (Global 202) ---
2026-05-13 22:50:24,828 [INFO] Edge 0: WTO is OFF, using all 20 clients.
2026-05-13 22:50:25,277 [INFO] Edge 1: WTO is OFF, using all 20 clients.
2026-05-13 22:50:25,555 [INFO] Edge 2: WTO is OFF, using all 20 clients.
2026-05-13 22:52:16,044 [INFO]   [Eval] Task 3, R 2: Acc: 45.11% | Prec-Mac: 40.80% | Rec-Mac: 50.88% | Mi-F1: 45.11% | Ma-F1: 33.84% | We-F1: 49.84% | Loss: 3.2286
2026-05-13 22:52:16,558 [INFO]   [CKPT] Saved: ckpt_wa_task03_r002_global202_acc45.1.pth
2026-05-13 22:52:16,558 [INFO] 
--- Task 3, Round 3/80 (Global 203) ---
2026-05-13 22:52:16,563 [INFO] Edge 0: WTO is OFF, using all 20 clients.
2026-05-13 22:52:17,014 [INFO] Edge 1: WTO is OFF, using all 20 clients.
2026-05-13 22:52:17,291 [INFO] Edge 2: WTO is OFF, using all 20 clients.
2026-05-13 22:54:07,087 [INFO]   [Eval] Task 3, R 3: Acc: 37.62% | Prec-Mac: 33.18% | Rec-Mac: 47.81% | Mi-F1: 37.62% | Ma-F1: 26.37% | We-F1: 41.98% | Loss: 3.3046
2026-05-13 22:54:07,588 [INFO]   [CKPT] Saved: ckpt_wa_task03_r003_global203_acc37.6.pth
2026-05-13 22:54:07,589 [INFO] 
--- Task 3, Round 4/80 (Global 204) ---
2026-05-13 22:54:07,593 [INFO] Edge 0: WTO is OFF, using all 20 clients.
2026-05-13 22:54:08,048 [INFO] Edge 1: WTO is OFF, using all 20 clients.
2026-05-13 22:54:08,330 [INFO] Edge 2: WTO is OFF, using all 20 clients.
2026-05-13 22:55:59,071 [INFO]   [Eval] Task 3, R 4: Acc: 44.32% | Prec-Mac: 36.26% | Rec-Mac: 50.36% | Mi-F1: 44.32% | Ma-F1: 30.89% | We-F1: 48.86% | Loss: 2.9302
2026-05-13 22:55:59,584 [INFO]   [CKPT] Saved: ckpt_wa_task03_r004_global204_acc44.3.pth
2026-05-13 22:55:59,584 [INFO] 
--- Task 3, Round 5/80 (Global 205) ---
2026-05-13 22:55:59,589 [INFO] Edge 0: WTO is OFF, using all 20 clients.
2026-05-13 22:56:00,054 [INFO] Edge 1: WTO is OFF, using all 20 clients.
2026-05-13 22:56:00,337 [INFO] Edge 2: WTO is OFF, using all 20 clients.
2026-05-13 22:57:50,337 [INFO]   [Eval] Task 3, R 5: Acc: 49.22% | Prec-Mac: 38.66% | Rec-Mac: 53.49% | Mi-F1: 49.22% | Ma-F1: 33.52% | We-F1: 53.92% | Loss: 2.8862
2026-05-13 22:57:50,884 [INFO]   [CKPT] Saved: ckpt_wa_task03_r005_global205_acc49.2.pth
2026-05-13 22:57:50,885 [INFO] 
--- Task 3, Round 6/80 (Global 206) ---
2026-05-13 22:57:50,890 [INFO] Edge 0: WTO is OFF, using all 20 clients.
2026-05-13 22:57:51,364 [INFO] Edge 1: WTO is OFF, using all 20 clients.
2026-05-13 22:57:51,657 [INFO] Edge 2: WTO is OFF, using all 20 clients.
2026-05-13 22:59:41,777 [INFO]   [Eval] Task 3, R 6: Acc: 52.31% | Prec-Mac: 38.29% | Rec-Mac: 53.16% | Mi-F1: 52.31% | Ma-F1: 34.23% | We-F1: 57.23% | Loss: 2.7211
2026-05-13 22:59:42,282 [INFO]   [CKPT] Saved: ckpt_wa_task03_r006_global206_acc52.3.pth
2026-05-13 22:59:42,282 [INFO] 
--- Task 3, Round 7/80 (Global 207) ---
2026-05-13 22:59:42,288 [INFO] Edge 0: WTO is OFF, using all 20 clients.
2026-05-13 22:59:42,577 [INFO] Edge 1: WTO is OFF, using all 20 clients.
2026-05-13 22:59:43,012 [INFO] Edge 2: WTO is OFF, using all 20 clients.
2026-05-13 23:01:34,166 [INFO]   [Eval] Task 3, R 7: Acc: 50.63% | Prec-Mac: 38.13% | Rec-Mac: 54.83% | Mi-F1: 50.63% | Ma-F1: 34.81% | We-F1: 55.77% | Loss: 2.8047
2026-05-13 23:01:34,659 [INFO]   [CKPT] Saved: ckpt_wa_task03_r007_global207_acc50.6.pth
2026-05-13 23:01:34,660 [INFO] 
--- Task 3, Round 8/80 (Global 208) ---
2026-05-13 23:01:34,664 [INFO] Edge 0: WTO is OFF, using all 20 clients.
2026-05-13 23:01:34,956 [INFO] Edge 1: WTO is OFF, using all 20 clients.
2026-05-13 23:01:35,385 [INFO] Edge 2: WTO is OFF, using all 20 clients.
2026-05-13 23:03:25,808 [INFO]   [Eval] Task 3, R 8: Acc: 50.46% | Prec-Mac: 36.89% | Rec-Mac: 55.91% | Mi-F1: 50.46% | Ma-F1: 34.72% | We-F1: 55.48% | Loss: 2.7458
2026-05-13 23:03:26,336 [INFO]   [CKPT] Saved: ckpt_wa_task03_r008_global208_acc50.5.pth
2026-05-13 23:03:26,336 [INFO] 
--- Task 3, Round 9/80 (Global 209) ---
2026-05-13 23:03:26,341 [INFO] Edge 0: WTO is OFF, using all 20 clients.
2026-05-13 23:03:26,813 [INFO] Edge 1: WTO is OFF, using all 20 clients.
2026-05-13 23:03:27,093 [INFO] Edge 2: WTO is OFF, using all 20 clients.
2026-05-13 23:05:17,706 [INFO]   [Eval] Task 3, R 9: Acc: 50.41% | Prec-Mac: 37.98% | Rec-Mac: 54.70% | Mi-F1: 50.41% | Ma-F1: 35.37% | We-F1: 55.24% | Loss: 2.8345
2026-05-13 23:05:18,199 [INFO]   [CKPT] Saved: ckpt_wa_task03_r009_global209_acc50.4.pth
2026-05-13 23:05:18,200 [INFO] 
--- Task 3, Round 10/80 (Global 210) ---
2026-05-13 23:05:18,204 [INFO] Edge 0: WTO is OFF, using all 20 clients.
2026-05-13 23:05:18,655 [INFO] Edge 1: WTO is OFF, using all 20 clients.
2026-05-13 23:05:18,954 [INFO] Edge 2: WTO is OFF, using all 20 clients.
2026-05-13 23:07:10,317 [INFO]   [Eval] Task 3, R 10: Acc: 50.32% | Prec-Mac: 37.46% | Rec-Mac: 53.97% | Mi-F1: 50.32% | Ma-F1: 34.54% | We-F1: 55.65% | Loss: 2.7949
2026-05-13 23:07:10,844 [INFO]   [CKPT] Saved: ckpt_wa_task03_r010_global210_acc50.3.pth
2026-05-13 23:07:10,844 [INFO] 
--- Task 3, Round 11/80 (Global 211) ---
2026-05-13 23:07:10,848 [INFO] Edge 0: WTO is OFF, using all 20 clients.
2026-05-13 23:07:11,139 [INFO] Edge 1: WTO is OFF, using all 20 clients.
2026-05-13 23:07:11,557 [INFO] Edge 2: WTO is OFF, using all 20 clients.
2026-05-13 23:09:02,753 [INFO]   [Eval] Task 3, R 11: Acc: 50.86% | Prec-Mac: 37.20% | Rec-Mac: 58.41% | Mi-F1: 50.86% | Ma-F1: 35.06% | We-F1: 55.50% | Loss: 2.8676
2026-05-13 23:09:03,254 [INFO]   [CKPT] Saved: ckpt_wa_task03_r011_global211_acc50.9.pth
2026-05-13 23:09:03,255 [INFO] 
--- Task 3, Round 12/80 (Global 212) ---
2026-05-13 23:09:03,260 [INFO] Edge 0: WTO is OFF, using all 20 clients.
2026-05-13 23:09:03,551 [INFO] Edge 1: WTO is OFF, using all 20 clients.
2026-05-13 23:09:04,007 [INFO] Edge 2: WTO is OFF, using all 20 clients.
2026-05-13 23:10:54,763 [INFO]   [Eval] Task 3, R 12: Acc: 50.69% | Prec-Mac: 38.18% | Rec-Mac: 55.26% | Mi-F1: 50.69% | Ma-F1: 35.65% | We-F1: 55.77% | Loss: 2.8070
2026-05-13 23:10:55,261 [INFO]   [CKPT] Saved: ckpt_wa_task03_r012_global212_acc50.7.pth
2026-05-13 23:10:55,261 [INFO] 
--- Task 3, Round 13/80 (Global 213) ---
2026-05-13 23:10:55,265 [INFO] Edge 0: WTO is OFF, using all 20 clients.
2026-05-13 23:10:55,710 [INFO] Edge 1: WTO is OFF, using all 20 clients.
2026-05-13 23:10:56,136 [INFO] Edge 2: WTO is OFF, using all 20 clients.
2026-05-13 23:12:47,091 [INFO]   [Eval] Task 3, R 13: Acc: 48.24% | Prec-Mac: 38.63% | Rec-Mac: 58.75% | Mi-F1: 48.24% | Ma-F1: 35.04% | We-F1: 52.91% | Loss: 2.9861
2026-05-13 23:12:47,609 [INFO]   [CKPT] Saved: ckpt_wa_task03_r013_global213_acc48.2.pth
2026-05-13 23:12:47,610 [INFO] 
--- Task 3, Round 14/80 (Global 214) ---
2026-05-13 23:12:47,614 [INFO] Edge 0: WTO is OFF, using all 20 clients.
2026-05-13 23:12:48,066 [INFO] Edge 1: WTO is OFF, using all 20 clients.
2026-05-13 23:12:48,489 [INFO] Edge 2: WTO is OFF, using all 20 clients.
2026-05-13 23:14:38,070 [INFO]   [Eval] Task 3, R 14: Acc: 50.07% | Prec-Mac: 39.17% | Rec-Mac: 58.50% | Mi-F1: 50.07% | Ma-F1: 34.90% | We-F1: 54.98% | Loss: 2.8843
2026-05-13 23:14:38,562 [INFO]   [CKPT] Saved: ckpt_wa_task03_r014_global214_acc50.1.pth
2026-05-13 23:14:38,562 [INFO] 
--- Task 3, Round 15/80 (Global 215) ---
2026-05-13 23:14:38,567 [INFO] Edge 0: WTO is OFF, using all 20 clients.
2026-05-13 23:14:39,011 [INFO] Edge 1: WTO is OFF, using all 20 clients.
2026-05-13 23:14:39,424 [INFO] Edge 2: WTO is OFF, using all 20 clients.
2026-05-13 23:16:29,015 [INFO]   [Eval] Task 3, R 15: Acc: 48.66% | Prec-Mac: 37.72% | Rec-Mac: 58.73% | Mi-F1: 48.66% | Ma-F1: 34.20% | We-F1: 53.14% | Loss: 2.9656
2026-05-13 23:16:29,509 [INFO]   [CKPT] Saved: ckpt_wa_task03_r015_global215_acc48.7.pth
2026-05-13 23:16:29,509 [INFO] 
--- Task 3, Round 16/80 (Global 216) ---
2026-05-13 23:16:29,514 [INFO] Edge 0: WTO is OFF, using all 20 clients.
2026-05-13 23:16:29,956 [INFO] Edge 1: WTO is OFF, using all 20 clients.
2026-05-13 23:16:30,409 [INFO] Edge 2: WTO is OFF, using all 20 clients.
2026-05-13 23:18:20,008 [INFO]   [Eval] Task 3, R 16: Acc: 50.71% | Prec-Mac: 37.41% | Rec-Mac: 57.39% | Mi-F1: 50.71% | Ma-F1: 33.76% | We-F1: 55.69% | Loss: 2.8773
2026-05-13 23:18:20,508 [INFO]   [CKPT] Saved: ckpt_wa_task03_r016_global216_acc50.7.pth
2026-05-13 23:18:20,508 [INFO] 
--- Task 3, Round 17/80 (Global 217) ---
2026-05-13 23:18:20,515 [INFO] Edge 0: WTO is OFF, using all 20 clients.
2026-05-13 23:18:20,988 [INFO] Edge 1: WTO is OFF, using all 20 clients.
2026-05-13 23:18:21,430 [INFO] Edge 2: WTO is OFF, using all 20 clients.
2026-05-13 23:20:10,586 [INFO]   [Eval] Task 3, R 17: Acc: 46.65% | Prec-Mac: 37.59% | Rec-Mac: 55.64% | Mi-F1: 46.65% | Ma-F1: 31.35% | We-F1: 50.51% | Loss: 2.9320
2026-05-13 23:20:11,107 [INFO]   [CKPT] Saved: ckpt_wa_task03_r017_global217_acc46.6.pth
2026-05-13 23:20:11,107 [INFO] 
--- Task 3, Round 18/80 (Global 218) ---
2026-05-13 23:20:11,112 [INFO] Edge 0: WTO is OFF, using all 20 clients.
2026-05-13 23:20:11,571 [INFO] Edge 1: WTO is OFF, using all 20 clients.
2026-05-13 23:20:12,002 [INFO] Edge 2: WTO is OFF, using all 20 clients.
2026-05-13 23:22:01,070 [INFO]   [Eval] Task 3, R 18: Acc: 48.61% | Prec-Mac: 37.67% | Rec-Mac: 56.89% | Mi-F1: 48.61% | Ma-F1: 32.80% | We-F1: 53.70% | Loss: 3.0280
2026-05-13 23:22:01,569 [INFO]   [CKPT] Saved: ckpt_wa_task03_r018_global218_acc48.6.pth
2026-05-13 23:22:01,569 [INFO] 
--- Task 3, Round 19/80 (Global 219) ---
2026-05-13 23:22:01,574 [INFO] Edge 0: WTO is OFF, using all 20 clients.
2026-05-13 23:22:02,021 [INFO] Edge 1: WTO is OFF, using all 20 clients.
2026-05-13 23:22:02,315 [INFO] Edge 2: WTO is OFF, using all 20 clients.
2026-05-13 23:23:52,102 [INFO]   [Eval] Task 3, R 19: Acc: 48.37% | Prec-Mac: 40.38% | Rec-Mac: 58.44% | Mi-F1: 48.37% | Ma-F1: 34.35% | We-F1: 53.20% | Loss: 3.0436
2026-05-13 23:23:52,601 [INFO]   [CKPT] Saved: ckpt_wa_task03_r019_global219_acc48.4.pth
2026-05-13 23:23:52,601 [INFO] 
--- Task 3, Round 20/80 (Global 220) ---
2026-05-13 23:23:52,605 [INFO] Edge 0: WTO is OFF, using all 20 clients.
2026-05-13 23:23:53,052 [INFO] Edge 1: WTO is OFF, using all 20 clients.
2026-05-13 23:23:53,320 [INFO] Edge 2: WTO is OFF, using all 20 clients.
2026-05-13 23:25:43,260 [INFO]   [Eval] Task 3, R 20: Acc: 49.01% | Prec-Mac: 39.24% | Rec-Mac: 59.33% | Mi-F1: 49.01% | Ma-F1: 33.89% | We-F1: 53.83% | Loss: 2.9517
2026-05-13 23:25:43,755 [INFO]   [CKPT] Saved: ckpt_wa_task03_r020_global220_acc49.0.pth
2026-05-13 23:25:43,756 [INFO] 
--- Task 3, Round 21/80 (Global 221) ---
2026-05-13 23:25:43,761 [INFO] Edge 0: WTO is OFF, using all 20 clients.
2026-05-13 23:25:44,200 [INFO] Edge 1: WTO is OFF, using all 20 clients.
2026-05-13 23:25:44,487 [INFO] Edge 2: WTO is OFF, using all 20 clients.
2026-05-13 23:27:35,653 [INFO]   [Eval] Task 3, R 21: Acc: 48.31% | Prec-Mac: 39.94% | Rec-Mac: 58.83% | Mi-F1: 48.31% | Ma-F1: 34.31% | We-F1: 53.29% | Loss: 3.0636
2026-05-13 23:27:36,171 [INFO]   [CKPT] Saved: ckpt_wa_task03_r021_global221_acc48.3.pth
2026-05-13 23:27:36,172 [INFO] 
--- Task 3, Round 22/80 (Global 222) ---
2026-05-13 23:27:36,176 [INFO] Edge 0: WTO is OFF, using all 20 clients.
2026-05-13 23:27:36,656 [INFO] Edge 1: WTO is OFF, using all 20 clients.
2026-05-13 23:27:36,942 [INFO] Edge 2: WTO is OFF, using all 20 clients.
2026-05-13 23:29:28,472 [INFO]   [Eval] Task 3, R 22: Acc: 49.40% | Prec-Mac: 39.23% | Rec-Mac: 60.46% | Mi-F1: 49.40% | Ma-F1: 34.47% | We-F1: 54.26% | Loss: 2.9491
2026-05-13 23:29:29,007 [INFO]   [CKPT] Saved: ckpt_wa_task03_r022_global222_acc49.4.pth
2026-05-13 23:29:29,007 [INFO] 
--- Task 3, Round 23/80 (Global 223) ---
2026-05-13 23:29:29,014 [INFO] Edge 0: WTO is OFF, using all 20 clients.
2026-05-13 23:29:29,320 [INFO] Edge 1: WTO is OFF, using all 20 clients.
2026-05-13 23:29:29,801 [INFO] Edge 2: WTO is OFF, using all 20 clients.
2026-05-13 23:31:20,300 [INFO]   [Eval] Task 3, R 23: Acc: 49.21% | Prec-Mac: 39.02% | Rec-Mac: 60.80% | Mi-F1: 49.21% | Ma-F1: 34.45% | We-F1: 54.04% | Loss: 2.9661
2026-05-13 23:31:20,824 [INFO]   [CKPT] Saved: ckpt_wa_task03_r023_global223_acc49.2.pth
2026-05-13 23:31:20,825 [INFO] 
--- Task 3, Round 24/80 (Global 224) ---
2026-05-13 23:31:20,829 [INFO] Edge 0: WTO is OFF, using all 20 clients.
2026-05-13 23:31:21,130 [INFO] Edge 1: WTO is OFF, using all 20 clients.
2026-05-13 23:31:21,560 [INFO] Edge 2: WTO is OFF, using all 20 clients.
2026-05-13 23:33:11,916 [INFO]   [Eval] Task 3, R 24: Acc: 47.70% | Prec-Mac: 35.94% | Rec-Mac: 58.13% | Mi-F1: 47.70% | Ma-F1: 32.03% | We-F1: 52.03% | Loss: 2.9359
2026-05-13 23:33:12,444 [INFO]   [CKPT] Saved: ckpt_wa_task03_r024_global224_acc47.7.pth
2026-05-13 23:33:12,444 [INFO] 
--- Task 3, Round 25/80 (Global 225) ---
2026-05-13 23:33:12,449 [INFO] Edge 0: WTO is OFF, using all 20 clients.
2026-05-13 23:33:12,746 [INFO] Edge 1: WTO is OFF, using all 20 clients.
2026-05-13 23:33:13,188 [INFO] Edge 2: WTO is OFF, using all 20 clients.
2026-05-13 23:35:03,602 [INFO]   [Eval] Task 3, R 25: Acc: 46.86% | Prec-Mac: 35.84% | Rec-Mac: 56.92% | Mi-F1: 46.86% | Ma-F1: 31.26% | We-F1: 51.01% | Loss: 2.9899
2026-05-13 23:35:04,100 [INFO]   [CKPT] Saved: ckpt_wa_task03_r025_global225_acc46.9.pth
2026-05-13 23:35:04,100 [INFO] 
--- Task 3, Round 26/80 (Global 226) ---
2026-05-13 23:35:04,105 [INFO] Edge 0: WTO is OFF, using all 20 clients.
2026-05-13 23:35:04,562 [INFO] Edge 1: WTO is OFF, using all 20 clients.
2026-05-13 23:35:04,995 [INFO] Edge 2: WTO is OFF, using all 20 clients.
2026-05-13 23:36:55,318 [INFO]   [Eval] Task 3, R 26: Acc: 47.03% | Prec-Mac: 35.81% | Rec-Mac: 57.05% | Mi-F1: 47.03% | Ma-F1: 30.98% | We-F1: 51.08% | Loss: 2.9937
2026-05-13 23:36:55,842 [INFO]   [CKPT] Saved: ckpt_wa_task03_r026_global226_acc47.0.pth
2026-05-13 23:36:55,842 [INFO] 
--- Task 3, Round 27/80 (Global 227) ---
2026-05-13 23:36:55,847 [INFO] Edge 0: WTO is OFF, using all 20 clients.
2026-05-13 23:36:56,303 [INFO] Edge 1: WTO is OFF, using all 20 clients.
2026-05-13 23:36:56,730 [INFO] Edge 2: WTO is OFF, using all 20 clients.
2026-05-13 23:38:47,527 [INFO]   [Eval] Task 3, R 27: Acc: 46.76% | Prec-Mac: 36.14% | Rec-Mac: 57.27% | Mi-F1: 46.76% | Ma-F1: 31.22% | We-F1: 50.88% | Loss: 3.0193
2026-05-13 23:38:48,021 [INFO]   [CKPT] Saved: ckpt_wa_task03_r027_global227_acc46.8.pth
2026-05-13 23:38:48,022 [INFO] 
--- Task 3, Round 28/80 (Global 228) ---
2026-05-13 23:38:48,026 [INFO] Edge 0: WTO is OFF, using all 20 clients.
2026-05-13 23:38:48,470 [INFO] Edge 1: WTO is OFF, using all 20 clients.
2026-05-13 23:38:48,914 [INFO] Edge 2: WTO is OFF, using all 20 clients.
2026-05-13 23:40:38,792 [INFO]   [Eval] Task 3, R 28: Acc: 49.22% | Prec-Mac: 37.03% | Rec-Mac: 57.77% | Mi-F1: 49.22% | Ma-F1: 32.17% | We-F1: 53.37% | Loss: 2.8891
2026-05-13 23:40:39,299 [INFO]   [CKPT] Saved: ckpt_wa_task03_r028_global228_acc49.2.pth
2026-05-13 23:40:39,299 [INFO] 
--- Task 3, Round 29/80 (Global 229) ---
2026-05-13 23:40:39,304 [INFO] Edge 0: WTO is OFF, using all 20 clients.
2026-05-13 23:40:39,756 [INFO] Edge 1: WTO is OFF, using all 20 clients.
2026-05-13 23:40:40,192 [INFO] Edge 2: WTO is OFF, using all 20 clients.
2026-05-13 23:42:30,583 [INFO]   [Eval] Task 3, R 29: Acc: 46.55% | Prec-Mac: 35.22% | Rec-Mac: 57.21% | Mi-F1: 46.55% | Ma-F1: 31.18% | We-F1: 50.86% | Loss: 3.0102
2026-05-13 23:42:31,101 [INFO]   [CKPT] Saved: ckpt_wa_task03_r029_global229_acc46.6.pth
2026-05-13 23:42:31,101 [INFO] 
--- Task 3, Round 30/80 (Global 230) ---
2026-05-13 23:42:31,106 [INFO] Edge 0: WTO is OFF, using all 20 clients.
2026-05-13 23:42:31,567 [INFO] Edge 1: WTO is OFF, using all 20 clients.
2026-05-13 23:42:32,017 [INFO] Edge 2: WTO is OFF, using all 20 clients.
2026-05-13 23:44:22,307 [INFO]   [Eval] Task 3, R 30: Acc: 48.24% | Prec-Mac: 33.12% | Rec-Mac: 59.30% | Mi-F1: 48.24% | Ma-F1: 32.53% | We-F1: 52.48% | Loss: 2.9032
2026-05-13 23:44:22,803 [INFO]   [CKPT] Saved: ckpt_wa_task03_r030_global230_acc48.2.pth
2026-05-13 23:44:22,803 [INFO] 
--- Task 3, Round 31/80 (Global 231) ---
2026-05-13 23:44:22,808 [INFO] Edge 0: WTO is OFF, using all 20 clients.
2026-05-13 23:44:23,261 [INFO] Edge 1: WTO is OFF, using all 20 clients.
2026-05-13 23:44:23,544 [INFO] Edge 2: WTO is OFF, using all 20 clients.
2026-05-13 23:46:14,123 [INFO]   [Eval] Task 3, R 31: Acc: 46.29% | Prec-Mac: 34.80% | Rec-Mac: 56.46% | Mi-F1: 46.29% | Ma-F1: 30.29% | We-F1: 50.61% | Loss: 3.0354
2026-05-13 23:46:14,649 [INFO]   [CKPT] Saved: ckpt_wa_task03_r031_global231_acc46.3.pth
2026-05-13 23:46:14,649 [INFO] 
--- Task 3, Round 32/80 (Global 232) ---
2026-05-13 23:46:14,654 [INFO] Edge 0: WTO is OFF, using all 20 clients.
2026-05-13 23:46:15,119 [INFO] Edge 1: WTO is OFF, using all 20 clients.
2026-05-13 23:46:15,403 [INFO] Edge 2: WTO is OFF, using all 20 clients.
2026-05-13 23:48:05,794 [INFO]   [Eval] Task 3, R 32: Acc: 47.34% | Prec-Mac: 36.04% | Rec-Mac: 59.37% | Mi-F1: 47.34% | Ma-F1: 32.36% | We-F1: 51.95% | Loss: 3.0010
2026-05-13 23:48:06,344 [INFO]   [CKPT] Saved: ckpt_wa_task03_r032_global232_acc47.3.pth
2026-05-13 23:48:06,345 [INFO] 
--- Task 3, Round 33/80 (Global 233) ---
2026-05-13 23:48:06,350 [INFO] Edge 0: WTO is OFF, using all 20 clients.
2026-05-13 23:48:06,794 [INFO] Edge 1: WTO is OFF, using all 20 clients.
2026-05-13 23:48:07,228 [INFO] Edge 2: WTO is OFF, using all 20 clients.
2026-05-13 23:49:56,596 [INFO]   [Eval] Task 3, R 33: Acc: 44.12% | Prec-Mac: 35.82% | Rec-Mac: 55.98% | Mi-F1: 44.12% | Ma-F1: 29.50% | We-F1: 48.83% | Loss: 3.2402
2026-05-13 23:49:57,085 [INFO]   [CKPT] Saved: ckpt_wa_task03_r033_global233_acc44.1.pth
2026-05-13 23:49:57,085 [INFO] 
--- Task 3, Round 34/80 (Global 234) ---
2026-05-13 23:49:57,090 [INFO] Edge 0: WTO is OFF, using all 20 clients.
2026-05-13 23:49:57,544 [INFO] Edge 1: WTO is OFF, using all 20 clients.
2026-05-13 23:49:57,984 [INFO] Edge 2: WTO is OFF, using all 20 clients.
2026-05-13 23:51:47,670 [INFO]   [Eval] Task 3, R 34: Acc: 45.60% | Prec-Mac: 35.50% | Rec-Mac: 58.66% | Mi-F1: 45.60% | Ma-F1: 31.11% | We-F1: 49.95% | Loss: 3.1675
2026-05-13 23:51:48,175 [INFO]   [CKPT] Saved: ckpt_wa_task03_r034_global234_acc45.6.pth
2026-05-13 23:51:48,175 [INFO] 
--- Task 3, Round 35/80 (Global 235) ---
2026-05-13 23:51:48,179 [INFO] Edge 0: WTO is OFF, using all 20 clients.
2026-05-13 23:51:48,627 [INFO] Edge 1: WTO is OFF, using all 20 clients.
2026-05-13 23:51:49,074 [INFO] Edge 2: WTO is OFF, using all 20 clients.
2026-05-13 23:53:38,671 [INFO]   [Eval] Task 3, R 35: Acc: 43.36% | Prec-Mac: 33.75% | Rec-Mac: 55.86% | Mi-F1: 43.36% | Ma-F1: 29.05% | We-F1: 48.02% | Loss: 3.2695
2026-05-13 23:53:39,178 [INFO]   [CKPT] Saved: ckpt_wa_task03_r035_global235_acc43.4.pth
2026-05-13 23:53:39,178 [INFO] 
--- Task 3, Round 36/80 (Global 236) ---
2026-05-13 23:53:39,183 [INFO] Edge 0: WTO is OFF, using all 20 clients.
2026-05-13 23:53:39,633 [INFO] Edge 1: WTO is OFF, using all 20 clients.
2026-05-13 23:53:39,911 [INFO] Edge 2: WTO is OFF, using all 20 clients.
2026-05-13 23:55:29,872 [INFO]   [Eval] Task 3, R 36: Acc: 45.24% | Prec-Mac: 34.82% | Rec-Mac: 58.16% | Mi-F1: 45.24% | Ma-F1: 31.01% | We-F1: 49.73% | Loss: 3.1776
2026-05-13 23:55:30,373 [INFO]   [CKPT] Saved: ckpt_wa_task03_r036_global236_acc45.2.pth
2026-05-13 23:55:30,373 [INFO] 
--- Task 3, Round 37/80 (Global 237) ---
2026-05-13 23:55:30,378 [INFO] Edge 0: WTO is OFF, using all 20 clients.
2026-05-13 23:55:30,845 [INFO] Edge 1: WTO is OFF, using all 20 clients.
2026-05-13 23:55:31,123 [INFO] Edge 2: WTO is OFF, using all 20 clients.
2026-05-13 23:57:21,052 [INFO]   [Eval] Task 3, R 37: Acc: 44.44% | Prec-Mac: 34.60% | Rec-Mac: 56.71% | Mi-F1: 44.44% | Ma-F1: 29.73% | We-F1: 49.16% | Loss: 3.2291
2026-05-13 23:57:21,543 [INFO]   [CKPT] Saved: ckpt_wa_task03_r037_global237_acc44.4.pth
2026-05-13 23:57:21,544 [INFO] 
--- Task 3, Round 38/80 (Global 238) ---
2026-05-13 23:57:21,549 [INFO] Edge 0: WTO is OFF, using all 20 clients.
2026-05-13 23:57:22,006 [INFO] Edge 1: WTO is OFF, using all 20 clients.
2026-05-13 23:57:22,452 [INFO] Edge 2: WTO is OFF, using all 20 clients.
2026-05-13 23:59:13,143 [INFO]   [Eval] Task 3, R 38: Acc: 45.65% | Prec-Mac: 33.80% | Rec-Mac: 59.19% | Mi-F1: 45.65% | Ma-F1: 31.66% | We-F1: 50.20% | Loss: 3.2123
2026-05-13 23:59:13,633 [INFO]   [CKPT] Saved: ckpt_wa_task03_r038_global238_acc45.7.pth
2026-05-13 23:59:13,633 [INFO] 
--- Task 3, Round 39/80 (Global 239) ---
2026-05-13 23:59:13,639 [INFO] Edge 0: WTO is OFF, using all 20 clients.
2026-05-13 23:59:14,091 [INFO] Edge 1: WTO is OFF, using all 20 clients.
2026-05-13 23:59:14,517 [INFO] Edge 2: WTO is OFF, using all 20 clients.
2026-05-14 00:01:04,917 [INFO]   [Eval] Task 3, R 39: Acc: 45.78% | Prec-Mac: 34.76% | Rec-Mac: 57.45% | Mi-F1: 45.78% | Ma-F1: 30.21% | We-F1: 50.31% | Loss: 3.1222
2026-05-14 00:01:05,406 [INFO]   [CKPT] Saved: ckpt_wa_task03_r039_global239_acc45.8.pth
2026-05-14 00:01:05,406 [INFO] 
--- Task 3, Round 40/80 (Global 240) ---
2026-05-14 00:01:05,410 [INFO] Edge 0: WTO is OFF, using all 20 clients.
2026-05-14 00:01:05,858 [INFO] Edge 1: WTO is OFF, using all 20 clients.
2026-05-14 00:01:06,291 [INFO] Edge 2: WTO is OFF, using all 20 clients.
2026-05-14 00:02:56,596 [INFO]   [Eval] Task 3, R 40: Acc: 45.92% | Prec-Mac: 32.56% | Rec-Mac: 58.13% | Mi-F1: 45.92% | Ma-F1: 30.96% | We-F1: 50.46% | Loss: 3.1183
2026-05-14 00:02:57,090 [INFO]   [CKPT] Saved: ckpt_wa_task03_r040_global240_acc45.9.pth
2026-05-14 00:02:57,091 [INFO] 
--- Task 3, Round 41/80 (Global 241) ---
2026-05-14 00:02:57,091 [INFO]    [LR DECAY] Round 40 reached milestone: New LR = 0.002
2026-05-14 00:02:57,095 [INFO] Edge 0: WTO is OFF, using all 20 clients.
2026-05-14 00:02:57,548 [INFO] Edge 1: WTO is OFF, using all 20 clients.
2026-05-14 00:02:57,827 [INFO] Edge 2: WTO is OFF, using all 20 clients.
2026-05-14 00:04:47,881 [INFO]   [Eval] Task 3, R 41: Acc: 45.14% | Prec-Mac: 34.54% | Rec-Mac: 57.73% | Mi-F1: 45.14% | Ma-F1: 30.41% | We-F1: 49.82% | Loss: 3.1975
2026-05-14 00:04:48,378 [INFO]   [CKPT] Saved: ckpt_wa_task03_r041_global241_acc45.1.pth
2026-05-14 00:04:48,378 [INFO] 
--- Task 3, Round 42/80 (Global 242) ---
2026-05-14 00:04:48,383 [INFO] Edge 0: WTO is OFF, using all 20 clients.
2026-05-14 00:04:48,835 [INFO] Edge 1: WTO is OFF, using all 20 clients.
2026-05-14 00:04:49,120 [INFO] Edge 2: WTO is OFF, using all 20 clients.
2026-05-14 00:06:38,913 [INFO]   [Eval] Task 3, R 42: Acc: 45.02% | Prec-Mac: 34.36% | Rec-Mac: 57.89% | Mi-F1: 45.02% | Ma-F1: 30.48% | We-F1: 49.73% | Loss: 3.2262
2026-05-14 00:06:39,416 [INFO]   [CKPT] Saved: ckpt_wa_task03_r042_global242_acc45.0.pth
2026-05-14 00:06:39,416 [INFO] 
--- Task 3, Round 43/80 (Global 243) ---
2026-05-14 00:06:39,420 [INFO] Edge 0: WTO is OFF, using all 20 clients.
2026-05-14 00:06:39,885 [INFO] Edge 1: WTO is OFF, using all 20 clients.
2026-05-14 00:06:40,327 [INFO] Edge 2: WTO is OFF, using all 20 clients.
2026-05-14 00:08:29,866 [INFO]   [Eval] Task 3, R 43: Acc: 44.99% | Prec-Mac: 34.42% | Rec-Mac: 57.87% | Mi-F1: 44.99% | Ma-F1: 30.45% | We-F1: 49.72% | Loss: 3.2334
2026-05-14 00:08:30,372 [INFO]   [CKPT] Saved: ckpt_wa_task03_r043_global243_acc45.0.pth
2026-05-14 00:08:30,372 [INFO] 
--- Task 3, Round 44/80 (Global 244) ---
2026-05-14 00:08:30,376 [INFO] Edge 0: WTO is OFF, using all 20 clients.
2026-05-14 00:08:30,861 [INFO] Edge 1: WTO is OFF, using all 20 clients.
2026-05-14 00:08:31,287 [INFO] Edge 2: WTO is OFF, using all 20 clients.
2026-05-14 00:10:21,127 [INFO]   [Eval] Task 3, R 44: Acc: 45.10% | Prec-Mac: 34.50% | Rec-Mac: 57.86% | Mi-F1: 45.10% | Ma-F1: 30.56% | We-F1: 49.84% | Loss: 3.2275
2026-05-14 00:10:21,633 [INFO]   [CKPT] Saved: ckpt_wa_task03_r044_global244_acc45.1.pth
2026-05-14 00:10:21,633 [INFO] 
--- Task 3, Round 45/80 (Global 245) ---
2026-05-14 00:10:21,638 [INFO] Edge 0: WTO is OFF, using all 20 clients.
2026-05-14 00:10:22,102 [INFO] Edge 1: WTO is OFF, using all 20 clients.
2026-05-14 00:10:22,538 [INFO] Edge 2: WTO is OFF, using all 20 clients.
2026-05-14 00:12:11,967 [INFO]   [Eval] Task 3, R 45: Acc: 45.22% | Prec-Mac: 34.45% | Rec-Mac: 58.04% | Mi-F1: 45.22% | Ma-F1: 30.69% | We-F1: 49.94% | Loss: 3.2273
2026-05-14 00:12:12,457 [INFO]   [CKPT] Saved: ckpt_wa_task03_r045_global245_acc45.2.pth
2026-05-14 00:12:12,458 [INFO] 
--- Task 3, Round 46/80 (Global 246) ---
2026-05-14 00:12:12,462 [INFO] Edge 0: WTO is OFF, using all 20 clients.
2026-05-14 00:12:12,913 [INFO] Edge 1: WTO is OFF, using all 20 clients.
2026-05-14 00:12:13,180 [INFO] Edge 2: WTO is OFF, using all 20 clients.
2026-05-14 00:14:02,605 [INFO]   [Eval] Task 3, R 46: Acc: 44.61% | Prec-Mac: 32.54% | Rec-Mac: 57.30% | Mi-F1: 44.61% | Ma-F1: 30.16% | We-F1: 49.46% | Loss: 3.2628
2026-05-14 00:14:03,109 [INFO]   [CKPT] Saved: ckpt_wa_task03_r046_global246_acc44.6.pth
2026-05-14 00:14:03,109 [INFO] 
--- Task 3, Round 47/80 (Global 247) ---
2026-05-14 00:14:03,114 [INFO] Edge 0: WTO is OFF, using all 20 clients.
2026-05-14 00:14:03,552 [INFO] Edge 1: WTO is OFF, using all 20 clients.
2026-05-14 00:14:03,823 [INFO] Edge 2: WTO is OFF, using all 20 clients.
2026-05-14 00:15:53,534 [INFO]   [Eval] Task 3, R 47: Acc: 45.75% | Prec-Mac: 34.75% | Rec-Mac: 58.19% | Mi-F1: 45.75% | Ma-F1: 31.13% | We-F1: 50.40% | Loss: 3.1706
2026-05-14 00:15:54,056 [INFO]   [CKPT] Saved: ckpt_wa_task03_r047_global247_acc45.7.pth
2026-05-14 00:15:54,056 [INFO] 
--- Task 3, Round 48/80 (Global 248) ---
2026-05-14 00:15:54,061 [INFO] Edge 0: WTO is OFF, using all 20 clients.
2026-05-14 00:15:54,514 [INFO] Edge 1: WTO is OFF, using all 20 clients.
2026-05-14 00:15:54,947 [INFO] Edge 2: WTO is OFF, using all 20 clients.
2026-05-14 00:17:44,264 [INFO]   [Eval] Task 3, R 48: Acc: 45.75% | Prec-Mac: 34.75% | Rec-Mac: 58.22% | Mi-F1: 45.75% | Ma-F1: 31.15% | We-F1: 50.40% | Loss: 3.1685
2026-05-14 00:17:44,760 [INFO]   [CKPT] Saved: ckpt_wa_task03_r048_global248_acc45.7.pth
2026-05-14 00:17:44,760 [INFO] 
--- Task 3, Round 49/80 (Global 249) ---
2026-05-14 00:17:44,764 [INFO] Edge 0: WTO is OFF, using all 20 clients.
2026-05-14 00:17:45,219 [INFO] Edge 1: WTO is OFF, using all 20 clients.
2026-05-14 00:17:45,664 [INFO] Edge 2: WTO is OFF, using all 20 clients.
2026-05-14 00:19:35,661 [INFO]   [Eval] Task 3, R 49: Acc: 45.82% | Prec-Mac: 35.08% | Rec-Mac: 58.23% | Mi-F1: 45.82% | Ma-F1: 31.16% | We-F1: 50.48% | Loss: 3.1576
2026-05-14 00:19:36,204 [INFO]   [CKPT] Saved: ckpt_wa_task03_r049_global249_acc45.8.pth
2026-05-14 00:19:36,204 [INFO] 
--- Task 3, Round 50/80 (Global 250) ---
2026-05-14 00:19:36,209 [INFO] Edge 0: WTO is OFF, using all 20 clients.
2026-05-14 00:19:36,668 [INFO] Edge 1: WTO is OFF, using all 20 clients.
2026-05-14 00:19:37,114 [INFO] Edge 2: WTO is OFF, using all 20 clients.
2026-05-14 00:21:26,859 [INFO]   [Eval] Task 3, R 50: Acc: 46.01% | Prec-Mac: 35.56% | Rec-Mac: 58.36% | Mi-F1: 46.01% | Ma-F1: 31.40% | We-F1: 50.66% | Loss: 3.1354
2026-05-14 00:21:27,371 [INFO]   [CKPT] Saved: ckpt_wa_task03_r050_global250_acc46.0.pth
2026-05-14 00:21:27,371 [INFO] 
--- Task 3, Round 51/80 (Global 251) ---
2026-05-14 00:21:27,376 [INFO] Edge 0: WTO is OFF, using all 20 clients.
2026-05-14 00:21:27,842 [INFO] Edge 1: WTO is OFF, using all 20 clients.
2026-05-14 00:21:28,136 [INFO] Edge 2: WTO is OFF, using all 20 clients.
2026-05-14 00:23:19,083 [INFO]   [Eval] Task 3, R 51: Acc: 45.53% | Prec-Mac: 34.09% | Rec-Mac: 58.01% | Mi-F1: 45.53% | Ma-F1: 30.80% | We-F1: 50.22% | Loss: 3.1933
2026-05-14 00:23:19,586 [INFO]   [CKPT] Saved: ckpt_wa_task03_r051_global251_acc45.5.pth
2026-05-14 00:23:19,586 [INFO] 
--- Task 3, Round 52/80 (Global 252) ---
2026-05-14 00:23:19,591 [INFO] Edge 0: WTO is OFF, using all 20 clients.
2026-05-14 00:23:20,038 [INFO] Edge 1: WTO is OFF, using all 20 clients.
2026-05-14 00:23:20,323 [INFO] Edge 2: WTO is OFF, using all 20 clients.
2026-05-14 00:25:10,478 [INFO]   [Eval] Task 3, R 52: Acc: 45.30% | Prec-Mac: 34.33% | Rec-Mac: 57.76% | Mi-F1: 45.30% | Ma-F1: 30.64% | We-F1: 50.04% | Loss: 3.2203
2026-05-14 00:25:11,008 [INFO]   [CKPT] Saved: ckpt_wa_task03_r052_global252_acc45.3.pth
2026-05-14 00:25:11,008 [INFO] 
--- Task 3, Round 53/80 (Global 253) ---
2026-05-14 00:25:11,012 [INFO] Edge 0: WTO is OFF, using all 20 clients.
2026-05-14 00:25:11,454 [INFO] Edge 1: WTO is OFF, using all 20 clients.
2026-05-14 00:25:11,888 [INFO] Edge 2: WTO is OFF, using all 20 clients.
2026-05-14 00:27:01,930 [INFO]   [Eval] Task 3, R 53: Acc: 45.45% | Prec-Mac: 34.15% | Rec-Mac: 57.78% | Mi-F1: 45.45% | Ma-F1: 30.70% | We-F1: 50.18% | Loss: 3.2033
2026-05-14 00:27:02,419 [INFO]   [CKPT] Saved: ckpt_wa_task03_r053_global253_acc45.5.pth
2026-05-14 00:27:02,419 [INFO] 
--- Task 3, Round 54/80 (Global 254) ---
2026-05-14 00:27:02,423 [INFO] Edge 0: WTO is OFF, using all 20 clients.
2026-05-14 00:27:02,872 [INFO] Edge 1: WTO is OFF, using all 20 clients.
2026-05-14 00:27:03,303 [INFO] Edge 2: WTO is OFF, using all 20 clients.
2026-05-14 00:28:53,021 [INFO]   [Eval] Task 3, R 54: Acc: 45.37% | Prec-Mac: 34.12% | Rec-Mac: 57.77% | Mi-F1: 45.37% | Ma-F1: 30.69% | We-F1: 50.11% | Loss: 3.2149
2026-05-14 00:28:53,509 [INFO]   [CKPT] Saved: ckpt_wa_task03_r054_global254_acc45.4.pth
2026-05-14 00:28:53,510 [INFO] 
--- Task 3, Round 55/80 (Global 255) ---
2026-05-14 00:28:53,514 [INFO] Edge 0: WTO is OFF, using all 20 clients.
2026-05-14 00:28:53,968 [INFO] Edge 1: WTO is OFF, using all 20 clients.
2026-05-14 00:28:54,397 [INFO] Edge 2: WTO is OFF, using all 20 clients.
2026-05-14 00:30:44,183 [INFO]   [Eval] Task 3, R 55: Acc: 45.73% | Prec-Mac: 34.70% | Rec-Mac: 57.97% | Mi-F1: 45.73% | Ma-F1: 31.16% | We-F1: 50.44% | Loss: 3.1650
2026-05-14 00:30:44,673 [INFO]   [CKPT] Saved: ckpt_wa_task03_r055_global255_acc45.7.pth
2026-05-14 00:30:44,673 [INFO] 
--- Task 3, Round 56/80 (Global 256) ---
2026-05-14 00:30:44,678 [INFO] Edge 0: WTO is OFF, using all 20 clients.
2026-05-14 00:30:45,129 [INFO] Edge 1: WTO is OFF, using all 20 clients.
2026-05-14 00:30:45,400 [INFO] Edge 2: WTO is OFF, using all 20 clients.
2026-05-14 00:32:36,006 [INFO]   [Eval] Task 3, R 56: Acc: 45.79% | Prec-Mac: 34.79% | Rec-Mac: 58.00% | Mi-F1: 45.79% | Ma-F1: 31.20% | We-F1: 50.49% | Loss: 3.1533
2026-05-14 00:32:36,516 [INFO]   [CKPT] Saved: ckpt_wa_task03_r056_global256_acc45.8.pth
2026-05-14 00:32:36,516 [INFO] 
--- Task 3, Round 57/80 (Global 257) ---
2026-05-14 00:32:36,521 [INFO] Edge 0: WTO is OFF, using all 20 clients.
2026-05-14 00:32:36,977 [INFO] Edge 1: WTO is OFF, using all 20 clients.
2026-05-14 00:32:37,249 [INFO] Edge 2: WTO is OFF, using all 20 clients.
2026-05-14 00:34:29,220 [INFO]   [Eval] Task 3, R 57: Acc: 45.44% | Prec-Mac: 34.07% | Rec-Mac: 57.70% | Mi-F1: 45.44% | Ma-F1: 30.73% | We-F1: 50.18% | Loss: 3.1998
2026-05-14 00:34:29,727 [INFO]   [CKPT] Saved: ckpt_wa_task03_r057_global257_acc45.4.pth
2026-05-14 00:34:29,727 [INFO] 
--- Task 3, Round 58/80 (Global 258) ---
2026-05-14 00:34:29,732 [INFO] Edge 0: WTO is OFF, using all 20 clients.
2026-05-14 00:34:30,182 [INFO] Edge 1: WTO is OFF, using all 20 clients.
2026-05-14 00:34:30,651 [INFO] Edge 2: WTO is OFF, using all 20 clients.
2026-05-14 00:36:21,895 [INFO]   [Eval] Task 3, R 58: Acc: 45.00% | Prec-Mac: 32.47% | Rec-Mac: 57.29% | Mi-F1: 45.00% | Ma-F1: 30.34% | We-F1: 49.84% | Loss: 3.2396
2026-05-14 00:36:22,433 [INFO]   [CKPT] Saved: ckpt_wa_task03_r058_global258_acc45.0.pth
2026-05-14 00:36:22,433 [INFO] 
--- Task 3, Round 59/80 (Global 259) ---
2026-05-14 00:36:22,439 [INFO] Edge 0: WTO is OFF, using all 20 clients.
2026-05-14 00:36:22,921 [INFO] Edge 1: WTO is OFF, using all 20 clients.
2026-05-14 00:36:23,360 [INFO] Edge 2: WTO is OFF, using all 20 clients.
2026-05-14 00:38:13,085 [INFO]   [Eval] Task 3, R 59: Acc: 45.00% | Prec-Mac: 32.35% | Rec-Mac: 57.22% | Mi-F1: 45.00% | Ma-F1: 30.32% | We-F1: 49.83% | Loss: 3.2464
2026-05-14 00:38:13,577 [INFO]   [CKPT] Saved: ckpt_wa_task03_r059_global259_acc45.0.pth
2026-05-14 00:38:13,577 [INFO] 
--- Task 3, Round 60/80 (Global 260) ---
2026-05-14 00:38:13,582 [INFO] Edge 0: WTO is OFF, using all 20 clients.
2026-05-14 00:38:14,039 [INFO] Edge 1: WTO is OFF, using all 20 clients.
2026-05-14 00:38:14,479 [INFO] Edge 2: WTO is OFF, using all 20 clients.
2026-05-14 00:40:04,378 [INFO]   [Eval] Task 3, R 60: Acc: 45.31% | Prec-Mac: 34.20% | Rec-Mac: 57.54% | Mi-F1: 45.31% | Ma-F1: 30.62% | We-F1: 50.09% | Loss: 3.2175
2026-05-14 00:40:04,868 [INFO]   [CKPT] Saved: ckpt_wa_task03_r060_global260_acc45.3.pth
2026-05-14 00:40:04,868 [INFO] 
--- Task 3, Round 61/80 (Global 261) ---
2026-05-14 00:40:04,868 [INFO]    [LR DECAY] Round 60 reached milestone: New LR = 0.0002
2026-05-14 00:40:04,873 [INFO] Edge 0: WTO is OFF, using all 20 clients.
2026-05-14 00:40:05,320 [INFO] Edge 1: WTO is OFF, using all 20 clients.
2026-05-14 00:40:05,597 [INFO] Edge 2: WTO is OFF, using all 20 clients.
2026-05-14 00:41:54,934 [INFO]   [Eval] Task 3, R 61: Acc: 45.26% | Prec-Mac: 32.60% | Rec-Mac: 57.56% | Mi-F1: 45.26% | Ma-F1: 30.62% | We-F1: 50.05% | Loss: 3.2245
2026-05-14 00:41:55,425 [INFO]   [CKPT] Saved: ckpt_wa_task03_r061_global261_acc45.3.pth
2026-05-14 00:41:55,426 [INFO] 
--- Task 3, Round 62/80 (Global 262) ---
2026-05-14 00:41:55,431 [INFO] Edge 0: WTO is OFF, using all 20 clients.
2026-05-14 00:41:55,874 [INFO] Edge 1: WTO is OFF, using all 20 clients.
2026-05-14 00:41:56,148 [INFO] Edge 2: WTO is OFF, using all 20 clients.
2026-05-14 00:43:46,825 [INFO]   [Eval] Task 3, R 62: Acc: 45.39% | Prec-Mac: 34.03% | Rec-Mac: 57.64% | Mi-F1: 45.39% | Ma-F1: 30.72% | We-F1: 50.15% | Loss: 3.1994
2026-05-14 00:43:47,329 [INFO]   [CKPT] Saved: ckpt_wa_task03_r062_global262_acc45.4.pth
2026-05-14 00:43:47,329 [INFO] 
--- Task 3, Round 63/80 (Global 263) ---
2026-05-14 00:43:47,334 [INFO] Edge 0: WTO is OFF, using all 20 clients.
2026-05-14 00:43:47,777 [INFO] Edge 1: WTO is OFF, using all 20 clients.
2026-05-14 00:43:48,211 [INFO] Edge 2: WTO is OFF, using all 20 clients.
2026-05-14 00:45:39,161 [INFO]   [Eval] Task 3, R 63: Acc: 45.40% | Prec-Mac: 34.07% | Rec-Mac: 57.68% | Mi-F1: 45.40% | Ma-F1: 30.78% | We-F1: 50.16% | Loss: 3.1994
2026-05-14 00:45:39,655 [INFO]   [CKPT] Saved: ckpt_wa_task03_r063_global263_acc45.4.pth
2026-05-14 00:45:39,655 [INFO] 
--- Task 3, Round 64/80 (Global 264) ---
2026-05-14 00:45:39,660 [INFO] Edge 0: WTO is OFF, using all 20 clients.
2026-05-14 00:45:40,110 [INFO] Edge 1: WTO is OFF, using all 20 clients.
2026-05-14 00:45:40,558 [INFO] Edge 2: WTO is OFF, using all 20 clients.
2026-05-14 00:47:33,402 [INFO]   [Eval] Task 3, R 64: Acc: 45.73% | Prec-Mac: 34.85% | Rec-Mac: 57.91% | Mi-F1: 45.73% | Ma-F1: 31.21% | We-F1: 50.46% | Loss: 3.1648
2026-05-14 00:47:33,906 [INFO]   [CKPT] Saved: ckpt_wa_task03_r064_global264_acc45.7.pth
2026-05-14 00:47:33,906 [INFO] 
--- Task 3, Round 65/80 (Global 265) ---
2026-05-14 00:47:33,911 [INFO] Edge 0: WTO is OFF, using all 20 clients.
2026-05-14 00:47:34,372 [INFO] Edge 1: WTO is OFF, using all 20 clients.
2026-05-14 00:47:34,798 [INFO] Edge 2: WTO is OFF, using all 20 clients.
2026-05-14 00:49:25,553 [INFO]   [Eval] Task 3, R 65: Acc: 46.02% | Prec-Mac: 35.18% | Rec-Mac: 58.18% | Mi-F1: 46.02% | Ma-F1: 31.51% | We-F1: 50.71% | Loss: 3.1328
2026-05-14 00:49:26,099 [INFO]   [CKPT] Saved: ckpt_wa_task03_r065_global265_acc46.0.pth
2026-05-14 00:49:26,099 [INFO] 
--- Task 3, Round 66/80 (Global 266) ---
2026-05-14 00:49:26,104 [INFO] Edge 0: WTO is OFF, using all 20 clients.
2026-05-14 00:49:26,564 [INFO] Edge 1: WTO is OFF, using all 20 clients.
2026-05-14 00:49:26,852 [INFO] Edge 2: WTO is OFF, using all 20 clients.
2026-05-14 00:51:19,044 [INFO]   [Eval] Task 3, R 66: Acc: 45.40% | Prec-Mac: 34.04% | Rec-Mac: 57.66% | Mi-F1: 45.40% | Ma-F1: 30.73% | We-F1: 50.16% | Loss: 3.2051
2026-05-14 00:51:19,553 [INFO]   [CKPT] Saved: ckpt_wa_task03_r066_global266_acc45.4.pth
2026-05-14 00:51:19,553 [INFO] 
--- Task 3, Round 67/80 (Global 267) ---
2026-05-14 00:51:19,557 [INFO] Edge 0: WTO is OFF, using all 20 clients.
2026-05-14 00:51:20,018 [INFO] Edge 1: WTO is OFF, using all 20 clients.
2026-05-14 00:51:20,314 [INFO] Edge 2: WTO is OFF, using all 20 clients.
2026-05-14 00:53:12,335 [INFO]   [Eval] Task 3, R 67: Acc: 45.28% | Prec-Mac: 34.03% | Rec-Mac: 57.55% | Mi-F1: 45.28% | Ma-F1: 30.64% | We-F1: 50.07% | Loss: 3.2182
2026-05-14 00:53:12,842 [INFO]   [CKPT] Saved: ckpt_wa_task03_r067_global267_acc45.3.pth
2026-05-14 00:53:12,842 [INFO] 
--- Task 3, Round 68/80 (Global 268) ---
2026-05-14 00:53:12,847 [INFO] Edge 0: WTO is OFF, using all 20 clients.
2026-05-14 00:53:13,299 [INFO] Edge 1: WTO is OFF, using all 20 clients.
2026-05-14 00:53:13,737 [INFO] Edge 2: WTO is OFF, using all 20 clients.
2026-05-14 00:55:06,313 [INFO]   [Eval] Task 3, R 68: Acc: 45.21% | Prec-Mac: 34.12% | Rec-Mac: 57.40% | Mi-F1: 45.21% | Ma-F1: 30.49% | We-F1: 50.00% | Loss: 3.2296
2026-05-14 00:55:06,867 [INFO]   [CKPT] Saved: ckpt_wa_task03_r068_global268_acc45.2.pth
2026-05-14 00:55:06,867 [INFO] 
--- Task 3, Round 69/80 (Global 269) ---
2026-05-14 00:55:06,872 [INFO] Edge 0: WTO is OFF, using all 20 clients.
2026-05-14 00:55:07,358 [INFO] Edge 1: WTO is OFF, using all 20 clients.
2026-05-14 00:55:07,822 [INFO] Edge 2: WTO is OFF, using all 20 clients.
2026-05-14 00:56:58,210 [INFO]   [Eval] Task 3, R 69: Acc: 45.46% | Prec-Mac: 34.28% | Rec-Mac: 57.71% | Mi-F1: 45.46% | Ma-F1: 30.82% | We-F1: 50.21% | Loss: 3.1892
2026-05-14 00:56:58,733 [INFO]   [CKPT] Saved: ckpt_wa_task03_r069_global269_acc45.5.pth
2026-05-14 00:56:58,733 [INFO] 
--- Task 3, Round 70/80 (Global 270) ---
2026-05-14 00:56:58,738 [INFO] Edge 0: WTO is OFF, using all 20 clients.
2026-05-14 00:56:59,202 [INFO] Edge 1: WTO is OFF, using all 20 clients.
2026-05-14 00:56:59,637 [INFO] Edge 2: WTO is OFF, using all 20 clients.
2026-05-14 00:58:49,693 [INFO]   [Eval] Task 3, R 70: Acc: 45.38% | Prec-Mac: 34.05% | Rec-Mac: 57.65% | Mi-F1: 45.38% | Ma-F1: 30.75% | We-F1: 50.14% | Loss: 3.2059
2026-05-14 00:58:50,201 [INFO]   [CKPT] Saved: ckpt_wa_task03_r070_global270_acc45.4.pth
2026-05-14 00:58:50,202 [INFO] 
--- Task 3, Round 71/80 (Global 271) ---
2026-05-14 00:58:50,206 [INFO] Edge 0: WTO is OFF, using all 20 clients.
2026-05-14 00:58:50,679 [INFO] Edge 1: WTO is OFF, using all 20 clients.
2026-05-14 00:58:50,962 [INFO] Edge 2: WTO is OFF, using all 20 clients.
2026-05-14 01:00:40,998 [INFO]   [Eval] Task 3, R 71: Acc: 44.67% | Prec-Mac: 32.31% | Rec-Mac: 56.96% | Mi-F1: 44.67% | Ma-F1: 30.12% | We-F1: 49.58% | Loss: 3.2731
2026-05-14 01:00:41,503 [INFO]   [CKPT] Saved: ckpt_wa_task03_r071_global271_acc44.7.pth
2026-05-14 01:00:41,504 [INFO] 
--- Task 3, Round 72/80 (Global 272) ---
2026-05-14 01:00:41,508 [INFO] Edge 0: WTO is OFF, using all 20 clients.
2026-05-14 01:00:41,969 [INFO] Edge 1: WTO is OFF, using all 20 clients.
2026-05-14 01:00:42,254 [INFO] Edge 2: WTO is OFF, using all 20 clients.
2026-05-14 01:02:32,277 [INFO]   [Eval] Task 3, R 72: Acc: 45.12% | Prec-Mac: 34.23% | Rec-Mac: 57.41% | Mi-F1: 45.12% | Ma-F1: 30.48% | We-F1: 49.94% | Loss: 3.2404
2026-05-14 01:02:32,766 [INFO]   [CKPT] Saved: ckpt_wa_task03_r072_global272_acc45.1.pth
2026-05-14 01:02:32,766 [INFO] 
--- Task 3, Round 73/80 (Global 273) ---
2026-05-14 01:02:32,770 [INFO] Edge 0: WTO is OFF, using all 20 clients.
2026-05-14 01:02:33,228 [INFO] Edge 1: WTO is OFF, using all 20 clients.
2026-05-14 01:02:33,663 [INFO] Edge 2: WTO is OFF, using all 20 clients.
2026-05-14 01:04:23,079 [INFO]   [Eval] Task 3, R 73: Acc: 45.60% | Prec-Mac: 34.44% | Rec-Mac: 57.78% | Mi-F1: 45.60% | Ma-F1: 30.89% | We-F1: 50.34% | Loss: 3.1822
2026-05-14 01:04:23,581 [INFO]   [CKPT] Saved: ckpt_wa_task03_r073_global273_acc45.6.pth
2026-05-14 01:04:23,581 [INFO] 
--- Task 3, Round 74/80 (Global 274) ---
2026-05-14 01:04:23,586 [INFO] Edge 0: WTO is OFF, using all 20 clients.
2026-05-14 01:04:24,028 [INFO] Edge 1: WTO is OFF, using all 20 clients.
2026-05-14 01:04:24,455 [INFO] Edge 2: WTO is OFF, using all 20 clients.
2026-05-14 01:06:14,458 [INFO]   [Eval] Task 3, R 74: Acc: 45.10% | Prec-Mac: 32.36% | Rec-Mac: 57.23% | Mi-F1: 45.10% | Ma-F1: 30.37% | We-F1: 49.92% | Loss: 3.2365
2026-05-14 01:06:14,965 [INFO]   [CKPT] Saved: ckpt_wa_task03_r074_global274_acc45.1.pth
2026-05-14 01:06:14,965 [INFO] 
--- Task 3, Round 75/80 (Global 275) ---
2026-05-14 01:06:14,970 [INFO] Edge 0: WTO is OFF, using all 20 clients.
2026-05-14 01:06:15,418 [INFO] Edge 1: WTO is OFF, using all 20 clients.
2026-05-14 01:06:15,842 [INFO] Edge 2: WTO is OFF, using all 20 clients.
2026-05-14 01:08:05,964 [INFO]   [Eval] Task 3, R 75: Acc: 45.26% | Prec-Mac: 34.10% | Rec-Mac: 57.57% | Mi-F1: 45.26% | Ma-F1: 30.60% | We-F1: 50.04% | Loss: 3.2197
2026-05-14 01:08:06,459 [INFO]   [CKPT] Saved: ckpt_wa_task03_r075_global275_acc45.3.pth
2026-05-14 01:08:06,459 [INFO] 
--- Task 3, Round 76/80 (Global 276) ---
2026-05-14 01:08:06,464 [INFO] Edge 0: WTO is OFF, using all 20 clients.
2026-05-14 01:08:06,927 [INFO] Edge 1: WTO is OFF, using all 20 clients.
2026-05-14 01:08:07,204 [INFO] Edge 2: WTO is OFF, using all 20 clients.
2026-05-14 01:09:56,874 [INFO]   [Eval] Task 3, R 76: Acc: 45.44% | Prec-Mac: 34.42% | Rec-Mac: 57.69% | Mi-F1: 45.44% | Ma-F1: 30.79% | We-F1: 50.20% | Loss: 3.1983
2026-05-14 01:09:57,367 [INFO]   [CKPT] Saved: ckpt_wa_task03_r076_global276_acc45.4.pth
2026-05-14 01:09:57,367 [INFO] 
--- Task 3, Round 77/80 (Global 277) ---
2026-05-14 01:09:57,372 [INFO] Edge 0: WTO is OFF, using all 20 clients.
2026-05-14 01:09:57,816 [INFO] Edge 1: WTO is OFF, using all 20 clients.
2026-05-14 01:09:58,089 [INFO] Edge 2: WTO is OFF, using all 20 clients.
2026-05-14 01:11:47,527 [INFO]   [Eval] Task 3, R 77: Acc: 45.77% | Prec-Mac: 35.03% | Rec-Mac: 57.96% | Mi-F1: 45.77% | Ma-F1: 31.24% | We-F1: 50.50% | Loss: 3.1598
2026-05-14 01:11:48,014 [INFO]   [CKPT] Saved: ckpt_wa_task03_r077_global277_acc45.8.pth
2026-05-14 01:11:48,014 [INFO] 
--- Task 3, Round 78/80 (Global 278) ---
2026-05-14 01:11:48,019 [INFO] Edge 0: WTO is OFF, using all 20 clients.
2026-05-14 01:11:48,462 [INFO] Edge 1: WTO is OFF, using all 20 clients.
2026-05-14 01:11:48,881 [INFO] Edge 2: WTO is OFF, using all 20 clients.
2026-05-14 01:13:40,083 [INFO]   [Eval] Task 3, R 78: Acc: 45.94% | Prec-Mac: 34.92% | Rec-Mac: 58.09% | Mi-F1: 45.94% | Ma-F1: 31.36% | We-F1: 50.63% | Loss: 3.1406
2026-05-14 01:13:40,608 [INFO]   [CKPT] Saved: ckpt_wa_task03_r078_global278_acc45.9.pth
2026-05-14 01:13:40,608 [INFO] 
--- Task 3, Round 79/80 (Global 279) ---
2026-05-14 01:13:40,613 [INFO] Edge 0: WTO is OFF, using all 20 clients.
2026-05-14 01:13:41,083 [INFO] Edge 1: WTO is OFF, using all 20 clients.
2026-05-14 01:13:41,521 [INFO] Edge 2: WTO is OFF, using all 20 clients.
2026-05-14 01:15:31,155 [INFO]   [Eval] Task 3, R 79: Acc: 46.07% | Prec-Mac: 35.13% | Rec-Mac: 58.18% | Mi-F1: 46.07% | Ma-F1: 31.53% | We-F1: 50.74% | Loss: 3.1311
2026-05-14 01:15:31,648 [INFO]   [CKPT] Saved: ckpt_wa_task03_r079_global279_acc46.1.pth
2026-05-14 01:15:31,648 [INFO] 
--- Task 3, Round 80/80 (Global 280) ---
2026-05-14 01:15:31,654 [INFO] Edge 0: WTO is OFF, using all 20 clients.
2026-05-14 01:15:32,098 [INFO] Edge 0: [WA] Weight Align applied (17 -> 17).
2026-05-14 01:15:34,540 [INFO] Edge 0: Memory updated at end of task. Total stored: 14824 samples across 17 classes.
2026-05-14 01:15:34,543 [INFO] Edge 1: WTO is OFF, using all 20 clients.
2026-05-14 01:15:34,981 [INFO] Edge 1: [WA] Weight Align applied (17 -> 17).
2026-05-14 01:15:37,405 [INFO] Edge 1: Memory updated at end of task. Total stored: 14826 samples across 17 classes.
2026-05-14 01:15:37,408 [INFO] Edge 2: WTO is OFF, using all 20 clients.
2026-05-14 01:15:37,698 [INFO] Edge 2: [WA] Weight Align applied (17 -> 17).
2026-05-14 01:15:40,160 [INFO] Edge 2: Memory updated at end of task. Total stored: 14784 samples across 17 classes.
2026-05-14 01:17:28,674 [INFO]   [Eval] Task 3, R 80: Acc: 46.02% | Prec-Mac: 35.36% | Rec-Mac: 58.18% | Mi-F1: 46.02% | Ma-F1: 31.53% | We-F1: 50.72% | Loss: 3.1328
2026-05-14 01:17:29,165 [INFO]   [CKPT] Saved: ckpt_wa_task03_r080_global280_acc46.0.pth
2026-05-14 01:17:29,166 [INFO]   [WA-Pre] Avg Norm: Old Classes = 1.5540, New Classes = 0.8543
2026-05-14 01:17:29,166 [INFO]   [WA] Applying Weight Aligning for Task 3...
2026-05-14 01:17:29,167 [INFO]   [WA-Post] Avg Norm: Old Classes = 1.5540, New Classes = 1.5540
2026-05-14 01:21:07,055 [INFO] 
============================================================
  ĐÁNH GIÁ - Task 3
============================================================
  Accuracy:           30.49%
  Precision (micro):  30.49%
  Precision (macro):  42.83%
  Precision (weight): 73.78%
  Recall (micro):     30.49%
  Recall (macro):     46.78%
  Recall (weight):    30.49%
  F1 (micro):         30.49%
  F1 (macro):         28.25%
  F1 (weight):        38.02%
  Loss:               4.2864

  Per-class F1:
    Class 0             : 14.95%
    Class 1             : 66.43%
    Class 2             : 51.16%
    Class 3             : 65.99%
    Class 4             : 0.00%
    Class 5             : 0.00%
    Class 6             : 13.39%
    Class 7             : 27.68%
    Class 8             : 91.07%
    Class 9             : 75.08%
    Class 10            : 7.21%
    Class 11            : 57.01%
    Class 12            : 0.00%
    Class 13            : 0.98%
    Class 14            : 7.79%
    Class 15            : 0.76%
    Class 16            : 0.68%
============================================================

2026-05-14 01:21:07,055 [INFO] 
Loading data for Task 4 (Classes: [17, 18, 19, 20])...
2026-05-14 01:21:07,534 [INFO] Expanded global model to 21 classes for Task 4
2026-05-14 01:21:07,548 [INFO] 
============================================================
2026-05-14 01:21:07,548 [INFO] Task 4/4 | Classes: [17, 18, 19, 20] | 80 rounds | LR: 0.02
2026-05-14 01:21:07,548 [INFO] ============================================================
2026-05-14 01:21:07,548 [INFO] 
--- Task 4, Round 1/80 (Global 281) ---
2026-05-14 01:21:07,552 [INFO] Edge 0: WTO is OFF, using all 20 clients.
2026-05-14 01:21:07,764 [INFO] Edge 1: WTO is OFF, using all 20 clients.
2026-05-14 01:21:08,110 [INFO] Edge 2: WTO is OFF, using all 20 clients.
2026-05-14 01:22:57,902 [INFO]   [Eval] Task 4, R 1: Acc: 25.37% | Prec-Mac: 32.17% | Rec-Mac: 39.47% | Mi-F1: 25.37% | Ma-F1: 23.50% | We-F1: 30.10% | Loss: 4.9076
2026-05-14 01:22:58,403 [INFO]   [CKPT] Saved: ckpt_wa_task04_r001_global281_acc25.4.pth
2026-05-14 01:22:58,403 [INFO] 
--- Task 4, Round 2/80 (Global 282) ---
2026-05-14 01:22:58,408 [INFO] Edge 0: WTO is OFF, using all 20 clients.
2026-05-14 01:22:58,759 [INFO] Edge 1: WTO is OFF, using all 20 clients.
2026-05-14 01:22:58,960 [INFO] Edge 2: WTO is OFF, using all 20 clients.
2026-05-14 01:24:49,455 [INFO]   [Eval] Task 4, R 2: Acc: 32.74% | Prec-Mac: 31.74% | Rec-Mac: 40.56% | Mi-F1: 32.74% | Ma-F1: 24.38% | We-F1: 40.07% | Loss: 4.5430
2026-05-14 01:24:49,946 [INFO]   [CKPT] Saved: ckpt_wa_task04_r002_global282_acc32.7.pth
2026-05-14 01:24:49,946 [INFO] 
--- Task 4, Round 3/80 (Global 283) ---
2026-05-14 01:24:49,951 [INFO] Edge 0: WTO is OFF, using all 20 clients.
2026-05-14 01:24:50,303 [INFO] Edge 1: WTO is OFF, using all 20 clients.
2026-05-14 01:24:50,495 [INFO] Edge 2: WTO is OFF, using all 20 clients.
2026-05-14 01:26:41,283 [INFO]   [Eval] Task 4, R 3: Acc: 32.56% | Prec-Mac: 33.56% | Rec-Mac: 40.89% | Mi-F1: 32.56% | Ma-F1: 25.40% | We-F1: 40.19% | Loss: 4.4751
2026-05-14 01:26:41,772 [INFO]   [CKPT] Saved: ckpt_wa_task04_r003_global283_acc32.6.pth
2026-05-14 01:26:41,772 [INFO] 
--- Task 4, Round 4/80 (Global 284) ---
2026-05-14 01:26:41,777 [INFO] Edge 0: WTO is OFF, using all 20 clients.
2026-05-14 01:26:41,976 [INFO] Edge 1: WTO is OFF, using all 20 clients.
2026-05-14 01:26:42,322 [INFO] Edge 2: WTO is OFF, using all 20 clients.
2026-05-14 01:28:32,817 [INFO]   [Eval] Task 4, R 4: Acc: 36.51% | Prec-Mac: 36.33% | Rec-Mac: 42.93% | Mi-F1: 36.51% | Ma-F1: 26.42% | We-F1: 44.06% | Loss: 4.1650
2026-05-14 01:28:33,309 [INFO]   [CKPT] Saved: ckpt_wa_task04_r004_global284_acc36.5.pth
2026-05-14 01:28:33,309 [INFO] 
--- Task 4, Round 5/80 (Global 285) ---
2026-05-14 01:28:33,314 [INFO] Edge 0: WTO is OFF, using all 20 clients.
2026-05-14 01:28:33,509 [INFO] Edge 1: WTO is OFF, using all 20 clients.
2026-05-14 01:28:33,848 [INFO] Edge 2: WTO is OFF, using all 20 clients.
2026-05-14 01:30:24,141 [INFO]   [Eval] Task 4, R 5: Acc: 36.98% | Prec-Mac: 38.44% | Rec-Mac: 43.65% | Mi-F1: 36.98% | Ma-F1: 28.53% | We-F1: 45.40% | Loss: 4.0729
2026-05-14 01:30:24,624 [INFO]   [CKPT] Saved: ckpt_wa_task04_r005_global285_acc37.0.pth
2026-05-14 01:30:24,624 [INFO] 
--- Task 4, Round 6/80 (Global 286) ---
2026-05-14 01:30:24,629 [INFO] Edge 0: WTO is OFF, using all 20 clients.
2026-05-14 01:30:24,982 [INFO] Edge 1: WTO is OFF, using all 20 clients.
2026-05-14 01:30:25,177 [INFO] Edge 2: WTO is OFF, using all 20 clients.
2026-05-14 01:32:15,780 [INFO]   [Eval] Task 4, R 6: Acc: 37.49% | Prec-Mac: 38.90% | Rec-Mac: 42.86% | Mi-F1: 37.49% | Ma-F1: 28.03% | We-F1: 45.47% | Loss: 4.0121
2026-05-14 01:32:16,270 [INFO]   [CKPT] Saved: ckpt_wa_task04_r006_global286_acc37.5.pth
2026-05-14 01:32:16,270 [INFO] 
--- Task 4, Round 7/80 (Global 287) ---
2026-05-14 01:32:16,275 [INFO] Edge 0: WTO is OFF, using all 20 clients.
2026-05-14 01:32:16,624 [INFO] Edge 1: WTO is OFF, using all 20 clients.
2026-05-14 01:32:16,813 [INFO] Edge 2: WTO is OFF, using all 20 clients.
2026-05-14 01:34:08,448 [INFO]   [Eval] Task 4, R 7: Acc: 37.13% | Prec-Mac: 38.53% | Rec-Mac: 43.64% | Mi-F1: 37.13% | Ma-F1: 28.54% | We-F1: 45.16% | Loss: 3.9101
2026-05-14 01:34:08,948 [INFO]   [CKPT] Saved: ckpt_wa_task04_r007_global287_acc37.1.pth
2026-05-14 01:34:08,948 [INFO] 
--- Task 4, Round 8/80 (Global 288) ---
2026-05-14 01:34:08,953 [INFO] Edge 0: WTO is OFF, using all 20 clients.
2026-05-14 01:34:09,151 [INFO] Edge 1: WTO is OFF, using all 20 clients.
2026-05-14 01:34:09,499 [INFO] Edge 2: WTO is OFF, using all 20 clients.
2026-05-14 01:35:59,394 [INFO]   [Eval] Task 4, R 8: Acc: 39.89% | Prec-Mac: 37.35% | Rec-Mac: 44.37% | Mi-F1: 39.89% | Ma-F1: 28.29% | We-F1: 47.39% | Loss: 3.8740
2026-05-14 01:35:59,891 [INFO]   [CKPT] Saved: ckpt_wa_task04_r008_global288_acc39.9.pth
2026-05-14 01:35:59,891 [INFO] 
--- Task 4, Round 9/80 (Global 289) ---
2026-05-14 01:35:59,896 [INFO] Edge 0: WTO is OFF, using all 20 clients.
2026-05-14 01:36:00,250 [INFO] Edge 1: WTO is OFF, using all 20 clients.
2026-05-14 01:36:00,459 [INFO] Edge 2: WTO is OFF, using all 20 clients.
2026-05-14 01:37:50,257 [INFO]   [Eval] Task 4, R 9: Acc: 39.11% | Prec-Mac: 40.41% | Rec-Mac: 44.92% | Mi-F1: 39.11% | Ma-F1: 29.51% | We-F1: 46.78% | Loss: 3.8544
2026-05-14 01:37:50,792 [INFO]   [CKPT] Saved: ckpt_wa_task04_r009_global289_acc39.1.pth
2026-05-14 01:37:50,792 [INFO] 
--- Task 4, Round 10/80 (Global 290) ---
2026-05-14 01:37:50,797 [INFO] Edge 0: WTO is OFF, using all 20 clients.
2026-05-14 01:37:51,156 [INFO] Edge 1: WTO is OFF, using all 20 clients.
2026-05-14 01:37:51,355 [INFO] Edge 2: WTO is OFF, using all 20 clients.
2026-05-14 01:39:41,240 [INFO]   [Eval] Task 4, R 10: Acc: 40.05% | Prec-Mac: 40.44% | Rec-Mac: 44.92% | Mi-F1: 40.05% | Ma-F1: 29.44% | We-F1: 47.46% | Loss: 3.8433
2026-05-14 01:39:41,905 [INFO]   [CKPT] Saved: ckpt_wa_task04_r010_global290_acc40.0.pth
2026-05-14 01:39:41,905 [INFO] 
--- Task 4, Round 11/80 (Global 291) ---
2026-05-14 01:39:41,909 [INFO] Edge 0: WTO is OFF, using all 20 clients.
2026-05-14 01:39:42,108 [INFO] Edge 1: WTO is OFF, using all 20 clients.
2026-05-14 01:39:42,295 [INFO] Edge 2: WTO is OFF, using all 20 clients.
2026-05-14 01:41:32,404 [INFO]   [Eval] Task 4, R 11: Acc: 39.01% | Prec-Mac: 40.79% | Rec-Mac: 44.67% | Mi-F1: 39.01% | Ma-F1: 29.35% | We-F1: 46.84% | Loss: 3.8095
2026-05-14 01:41:32,891 [INFO]   [CKPT] Saved: ckpt_wa_task04_r011_global291_acc39.0.pth
2026-05-14 01:41:32,891 [INFO] 
--- Task 4, Round 12/80 (Global 292) ---
2026-05-14 01:41:32,897 [INFO] Edge 0: WTO is OFF, using all 20 clients.
2026-05-14 01:41:33,094 [INFO] Edge 1: WTO is OFF, using all 20 clients.
2026-05-14 01:41:33,450 [INFO] Edge 2: WTO is OFF, using all 20 clients.
2026-05-14 01:43:23,302 [INFO]   [Eval] Task 4, R 12: Acc: 40.08% | Prec-Mac: 40.86% | Rec-Mac: 44.99% | Mi-F1: 40.08% | Ma-F1: 29.56% | We-F1: 47.64% | Loss: 3.8009
2026-05-14 01:43:23,790 [INFO]   [CKPT] Saved: ckpt_wa_task04_r012_global292_acc40.1.pth
2026-05-14 01:43:23,790 [INFO] 
--- Task 4, Round 13/80 (Global 293) ---
2026-05-14 01:43:23,795 [INFO] Edge 0: WTO is OFF, using all 20 clients.
2026-05-14 01:43:24,150 [INFO] Edge 1: WTO is OFF, using all 20 clients.
2026-05-14 01:43:24,340 [INFO] Edge 2: WTO is OFF, using all 20 clients.
2026-05-14 01:45:14,253 [INFO]   [Eval] Task 4, R 13: Acc: 39.78% | Prec-Mac: 40.67% | Rec-Mac: 45.40% | Mi-F1: 39.78% | Ma-F1: 29.81% | We-F1: 47.28% | Loss: 3.8186
2026-05-14 01:45:14,741 [INFO]   [CKPT] Saved: ckpt_wa_task04_r013_global293_acc39.8.pth
2026-05-14 01:45:14,741 [INFO] 
--- Task 4, Round 14/80 (Global 294) ---
2026-05-14 01:45:14,746 [INFO] Edge 0: WTO is OFF, using all 20 clients.
2026-05-14 01:45:15,100 [INFO] Edge 1: WTO is OFF, using all 20 clients.
2026-05-14 01:45:15,303 [INFO] Edge 2: WTO is OFF, using all 20 clients.
2026-05-14 01:47:04,795 [INFO]   [Eval] Task 4, R 14: Acc: 40.40% | Prec-Mac: 40.45% | Rec-Mac: 45.36% | Mi-F1: 40.40% | Ma-F1: 29.78% | We-F1: 47.85% | Loss: 3.8101
2026-05-14 01:47:05,290 [INFO]   [CKPT] Saved: ckpt_wa_task04_r014_global294_acc40.4.pth
2026-05-14 01:47:05,291 [INFO] 
--- Task 4, Round 15/80 (Global 295) ---
2026-05-14 01:47:05,295 [INFO] Edge 0: WTO is OFF, using all 20 clients.
2026-05-14 01:47:05,646 [INFO] Edge 1: WTO is OFF, using all 20 clients.
2026-05-14 01:47:05,841 [INFO] Edge 2: WTO is OFF, using all 20 clients.
2026-05-14 01:48:56,130 [INFO]   [Eval] Task 4, R 15: Acc: 39.99% | Prec-Mac: 41.45% | Rec-Mac: 45.54% | Mi-F1: 39.99% | Ma-F1: 29.98% | We-F1: 47.44% | Loss: 3.8193
2026-05-14 01:48:56,626 [INFO]   [CKPT] Saved: ckpt_wa_task04_r015_global295_acc40.0.pth
2026-05-14 01:48:56,627 [INFO] 
--- Task 4, Round 16/80 (Global 296) ---
2026-05-14 01:48:56,631 [INFO] Edge 0: WTO is OFF, using all 20 clients.
2026-05-14 01:48:56,842 [INFO] Edge 1: WTO is OFF, using all 20 clients.
2026-05-14 01:48:57,210 [INFO] Edge 2: WTO is OFF, using all 20 clients.
2026-05-14 01:50:47,735 [INFO]   [Eval] Task 4, R 16: Acc: 40.75% | Prec-Mac: 41.78% | Rec-Mac: 46.46% | Mi-F1: 40.75% | Ma-F1: 30.93% | We-F1: 48.19% | Loss: 3.7858
2026-05-14 01:50:48,229 [INFO]   [CKPT] Saved: ckpt_wa_task04_r016_global296_acc40.7.pth
2026-05-14 01:50:48,230 [INFO] 
--- Task 4, Round 17/80 (Global 297) ---
2026-05-14 01:50:48,234 [INFO] Edge 0: WTO is OFF, using all 20 clients.
2026-05-14 01:50:48,592 [INFO] Edge 1: WTO is OFF, using all 20 clients.
2026-05-14 01:50:48,790 [INFO] Edge 2: WTO is OFF, using all 20 clients.
2026-05-14 01:52:40,081 [INFO]   [Eval] Task 4, R 17: Acc: 40.17% | Prec-Mac: 40.94% | Rec-Mac: 46.72% | Mi-F1: 40.17% | Ma-F1: 30.93% | We-F1: 47.53% | Loss: 3.8228
2026-05-14 01:52:40,601 [INFO]   [CKPT] Saved: ckpt_wa_task04_r017_global297_acc40.2.pth
2026-05-14 01:52:40,601 [INFO] 
--- Task 4, Round 18/80 (Global 298) ---
2026-05-14 01:52:40,607 [INFO] Edge 0: WTO is OFF, using all 20 clients.
2026-05-14 01:52:40,979 [INFO] Edge 1: WTO is OFF, using all 20 clients.
2026-05-14 01:52:41,185 [INFO] Edge 2: WTO is OFF, using all 20 clients.
2026-05-14 01:54:31,745 [INFO]   [Eval] Task 4, R 18: Acc: 40.99% | Prec-Mac: 41.75% | Rec-Mac: 48.24% | Mi-F1: 40.99% | Ma-F1: 31.50% | We-F1: 48.34% | Loss: 3.7860
2026-05-14 01:54:32,419 [INFO]   [CKPT] Saved: ckpt_wa_task04_r018_global298_acc41.0.pth
2026-05-14 01:54:32,419 [INFO] 
--- Task 4, Round 19/80 (Global 299) ---
2026-05-14 01:54:32,424 [INFO] Edge 0: WTO is OFF, using all 20 clients.
2026-05-14 01:54:32,623 [INFO] Edge 1: WTO is OFF, using all 20 clients.
2026-05-14 01:54:32,815 [INFO] Edge 2: WTO is OFF, using all 20 clients.
2026-05-14 01:56:23,021 [INFO]   [Eval] Task 4, R 19: Acc: 40.32% | Prec-Mac: 41.74% | Rec-Mac: 48.47% | Mi-F1: 40.32% | Ma-F1: 31.28% | We-F1: 47.81% | Loss: 3.7798
2026-05-14 01:56:23,518 [INFO]   [CKPT] Saved: ckpt_wa_task04_r019_global299_acc40.3.pth
2026-05-14 01:56:23,519 [INFO] 
--- Task 4, Round 20/80 (Global 300) ---
2026-05-14 01:56:23,524 [INFO] Edge 0: WTO is OFF, using all 20 clients.
2026-05-14 01:56:23,723 [INFO] Edge 1: WTO is OFF, using all 20 clients.
2026-05-14 01:56:24,080 [INFO] Edge 2: WTO is OFF, using all 20 clients.
2026-05-14 01:58:13,933 [INFO]   [Eval] Task 4, R 20: Acc: 40.80% | Prec-Mac: 41.92% | Rec-Mac: 48.71% | Mi-F1: 40.80% | Ma-F1: 31.48% | We-F1: 48.26% | Loss: 3.7863
2026-05-14 01:58:14,427 [INFO]   [CKPT] Saved: ckpt_wa_task04_r020_global300_acc40.8.pth
2026-05-14 01:58:14,427 [INFO] 
--- Task 4, Round 21/80 (Global 301) ---
2026-05-14 01:58:14,432 [INFO] Edge 0: WTO is OFF, using all 20 clients.
2026-05-14 01:58:14,788 [INFO] Edge 1: WTO is OFF, using all 20 clients.
2026-05-14 01:58:14,988 [INFO] Edge 2: WTO is OFF, using all 20 clients.
2026-05-14 02:00:04,465 [INFO]   [Eval] Task 4, R 21: Acc: 40.22% | Prec-Mac: 41.93% | Rec-Mac: 48.55% | Mi-F1: 40.22% | Ma-F1: 31.41% | We-F1: 47.86% | Loss: 3.7833
2026-05-14 02:00:04,957 [INFO]   [CKPT] Saved: ckpt_wa_task04_r021_global301_acc40.2.pth
2026-05-14 02:00:04,957 [INFO] 
--- Task 4, Round 22/80 (Global 302) ---
2026-05-14 02:00:04,961 [INFO] Edge 0: WTO is OFF, using all 20 clients.
2026-05-14 02:00:05,316 [INFO] Edge 1: WTO is OFF, using all 20 clients.
2026-05-14 02:00:05,518 [INFO] Edge 2: WTO is OFF, using all 20 clients.
2026-05-14 02:01:55,660 [INFO]   [Eval] Task 4, R 22: Acc: 40.48% | Prec-Mac: 41.92% | Rec-Mac: 48.57% | Mi-F1: 40.48% | Ma-F1: 31.44% | We-F1: 48.10% | Loss: 3.7561
2026-05-14 02:01:56,170 [INFO]   [CKPT] Saved: ckpt_wa_task04_r022_global302_acc40.5.pth
2026-05-14 02:01:56,170 [INFO] 
--- Task 4, Round 23/80 (Global 303) ---
2026-05-14 02:01:56,174 [INFO] Edge 0: WTO is OFF, using all 20 clients.
2026-05-14 02:01:56,532 [INFO] Edge 1: WTO is OFF, using all 20 clients.
2026-05-14 02:01:56,725 [INFO] Edge 2: WTO is OFF, using all 20 clients.
2026-05-14 02:03:47,434 [INFO]   [Eval] Task 4, R 23: Acc: 40.43% | Prec-Mac: 41.99% | Rec-Mac: 50.50% | Mi-F1: 40.43% | Ma-F1: 31.74% | We-F1: 48.01% | Loss: 3.7961
2026-05-14 02:03:47,920 [INFO]   [CKPT] Saved: ckpt_wa_task04_r023_global303_acc40.4.pth
2026-05-14 02:03:47,920 [INFO] 
--- Task 4, Round 24/80 (Global 304) ---
2026-05-14 02:03:47,925 [INFO] Edge 0: WTO is OFF, using all 20 clients.
2026-05-14 02:03:48,126 [INFO] Edge 1: WTO is OFF, using all 20 clients.
2026-05-14 02:03:48,481 [INFO] Edge 2: WTO is OFF, using all 20 clients.
2026-05-14 02:05:38,919 [INFO]   [Eval] Task 4, R 24: Acc: 40.62% | Prec-Mac: 42.29% | Rec-Mac: 50.64% | Mi-F1: 40.62% | Ma-F1: 31.84% | We-F1: 48.22% | Loss: 3.7778
2026-05-14 02:05:39,417 [INFO]   [CKPT] Saved: ckpt_wa_task04_r024_global304_acc40.6.pth
2026-05-14 02:05:39,417 [INFO] 
--- Task 4, Round 25/80 (Global 305) ---
2026-05-14 02:05:39,422 [INFO] Edge 0: WTO is OFF, using all 20 clients.
2026-05-14 02:05:39,779 [INFO] Edge 1: WTO is OFF, using all 20 clients.
2026-05-14 02:05:39,981 [INFO] Edge 2: WTO is OFF, using all 20 clients.
2026-05-14 02:07:30,369 [INFO]   [Eval] Task 4, R 25: Acc: 40.32% | Prec-Mac: 42.24% | Rec-Mac: 50.38% | Mi-F1: 40.32% | Ma-F1: 31.69% | We-F1: 47.84% | Loss: 3.8089
2026-05-14 02:07:30,889 [INFO]   [CKPT] Saved: ckpt_wa_task04_r025_global305_acc40.3.pth
2026-05-14 02:07:30,889 [INFO] 
--- Task 4, Round 26/80 (Global 306) ---
2026-05-14 02:07:30,894 [INFO] Edge 0: WTO is OFF, using all 20 clients.
2026-05-14 02:07:31,257 [INFO] Edge 1: WTO is OFF, using all 20 clients.
2026-05-14 02:07:31,454 [INFO] Edge 2: WTO is OFF, using all 20 clients.
2026-05-14 02:09:21,693 [INFO]   [Eval] Task 4, R 26: Acc: 40.21% | Prec-Mac: 42.27% | Rec-Mac: 50.41% | Mi-F1: 40.21% | Ma-F1: 31.61% | We-F1: 47.84% | Loss: 3.8115
2026-05-14 02:09:22,363 [INFO]   [CKPT] Saved: ckpt_wa_task04_r026_global306_acc40.2.pth
2026-05-14 02:09:22,364 [INFO] 
--- Task 4, Round 27/80 (Global 307) ---
2026-05-14 02:09:22,368 [INFO] Edge 0: WTO is OFF, using all 20 clients.
2026-05-14 02:09:22,571 [INFO] Edge 1: WTO is OFF, using all 20 clients.
2026-05-14 02:09:22,776 [INFO] Edge 2: WTO is OFF, using all 20 clients.
2026-05-14 02:11:12,830 [INFO]   [Eval] Task 4, R 27: Acc: 40.47% | Prec-Mac: 42.13% | Rec-Mac: 50.49% | Mi-F1: 40.47% | Ma-F1: 31.70% | We-F1: 47.98% | Loss: 3.8115
2026-05-14 02:11:13,315 [INFO]   [CKPT] Saved: ckpt_wa_task04_r027_global307_acc40.5.pth
2026-05-14 02:11:13,315 [INFO] 
--- Task 4, Round 28/80 (Global 308) ---
2026-05-14 02:11:13,320 [INFO] Edge 0: WTO is OFF, using all 20 clients.
2026-05-14 02:11:13,519 [INFO] Edge 1: WTO is OFF, using all 20 clients.
2026-05-14 02:11:13,881 [INFO] Edge 2: WTO is OFF, using all 20 clients.
2026-05-14 02:13:03,847 [INFO]   [Eval] Task 4, R 28: Acc: 40.73% | Prec-Mac: 42.28% | Rec-Mac: 50.72% | Mi-F1: 40.73% | Ma-F1: 31.86% | We-F1: 48.39% | Loss: 3.7671
2026-05-14 02:13:04,330 [INFO]   [CKPT] Saved: ckpt_wa_task04_r028_global308_acc40.7.pth
2026-05-14 02:13:04,331 [INFO] 
--- Task 4, Round 29/80 (Global 309) ---
2026-05-14 02:13:04,335 [INFO] Edge 0: WTO is OFF, using all 20 clients.
2026-05-14 02:13:04,682 [INFO] Edge 1: WTO is OFF, using all 20 clients.
2026-05-14 02:13:04,875 [INFO] Edge 2: WTO is OFF, using all 20 clients.
2026-05-14 02:14:54,119 [INFO]   [Eval] Task 4, R 29: Acc: 41.21% | Prec-Mac: 42.08% | Rec-Mac: 51.00% | Mi-F1: 41.21% | Ma-F1: 31.94% | We-F1: 48.68% | Loss: 3.7571
2026-05-14 02:14:54,599 [INFO]   [CKPT] Saved: ckpt_wa_task04_r029_global309_acc41.2.pth
2026-05-14 02:14:54,600 [INFO] 
--- Task 4, Round 30/80 (Global 310) ---
2026-05-14 02:14:54,604 [INFO] Edge 0: WTO is OFF, using all 20 clients.
2026-05-14 02:14:54,958 [INFO] Edge 1: WTO is OFF, using all 20 clients.
2026-05-14 02:14:55,151 [INFO] Edge 2: WTO is OFF, using all 20 clients.
2026-05-14 02:16:45,596 [INFO]   [Eval] Task 4, R 30: Acc: 40.57% | Prec-Mac: 42.25% | Rec-Mac: 50.76% | Mi-F1: 40.57% | Ma-F1: 31.86% | We-F1: 48.18% | Loss: 3.7988
2026-05-14 02:16:46,081 [INFO]   [CKPT] Saved: ckpt_wa_task04_r030_global310_acc40.6.pth
2026-05-14 02:16:46,081 [INFO] 
--- Task 4, Round 31/80 (Global 311) ---
2026-05-14 02:16:46,086 [INFO] Edge 0: WTO is OFF, using all 20 clients.
2026-05-14 02:16:46,440 [INFO] Edge 1: WTO is OFF, using all 20 clients.
2026-05-14 02:16:46,635 [INFO] Edge 2: WTO is OFF, using all 20 clients.
2026-05-14 02:18:37,089 [INFO]   [Eval] Task 4, R 31: Acc: 40.70% | Prec-Mac: 42.35% | Rec-Mac: 50.78% | Mi-F1: 40.70% | Ma-F1: 31.93% | We-F1: 48.24% | Loss: 3.8036
2026-05-14 02:18:37,576 [INFO]   [CKPT] Saved: ckpt_wa_task04_r031_global311_acc40.7.pth
2026-05-14 02:18:37,576 [INFO] 
--- Task 4, Round 32/80 (Global 312) ---
2026-05-14 02:18:37,580 [INFO] Edge 0: WTO is OFF, using all 20 clients.
2026-05-14 02:18:37,782 [INFO] Edge 1: WTO is OFF, using all 20 clients.
2026-05-14 02:18:38,129 [INFO] Edge 2: WTO is OFF, using all 20 clients.
2026-05-14 02:20:28,690 [INFO]   [Eval] Task 4, R 32: Acc: 40.82% | Prec-Mac: 42.34% | Rec-Mac: 50.83% | Mi-F1: 40.82% | Ma-F1: 31.97% | We-F1: 48.41% | Loss: 3.7832
2026-05-14 02:20:29,184 [INFO]   [CKPT] Saved: ckpt_wa_task04_r032_global312_acc40.8.pth
2026-05-14 02:20:29,184 [INFO] 
--- Task 4, Round 33/80 (Global 313) ---
2026-05-14 02:20:29,189 [INFO] Edge 0: WTO is OFF, using all 20 clients.
2026-05-14 02:20:29,553 [INFO] Edge 1: WTO is OFF, using all 20 clients.
2026-05-14 02:20:29,755 [INFO] Edge 2: WTO is OFF, using all 20 clients.
2026-05-14 02:22:20,493 [INFO]   [Eval] Task 4, R 33: Acc: 40.77% | Prec-Mac: 42.46% | Rec-Mac: 50.75% | Mi-F1: 40.77% | Ma-F1: 31.92% | We-F1: 48.33% | Loss: 3.8027
2026-05-14 02:22:21,024 [INFO]   [CKPT] Saved: ckpt_wa_task04_r033_global313_acc40.8.pth
2026-05-14 02:22:21,024 [INFO] 
--- Task 4, Round 34/80 (Global 314) ---
2026-05-14 02:22:21,028 [INFO] Edge 0: WTO is OFF, using all 20 clients.
2026-05-14 02:22:21,384 [INFO] Edge 1: WTO is OFF, using all 20 clients.
2026-05-14 02:22:21,584 [INFO] Edge 2: WTO is OFF, using all 20 clients.
2026-05-14 02:24:12,622 [INFO]   [Eval] Task 4, R 34: Acc: 40.79% | Prec-Mac: 42.42% | Rec-Mac: 50.62% | Mi-F1: 40.79% | Ma-F1: 31.81% | We-F1: 48.43% | Loss: 3.7884
2026-05-14 02:24:13,302 [INFO]   [CKPT] Saved: ckpt_wa_task04_r034_global314_acc40.8.pth
2026-05-14 02:24:13,303 [INFO] 
--- Task 4, Round 35/80 (Global 315) ---
2026-05-14 02:24:13,307 [INFO] Edge 0: WTO is OFF, using all 20 clients.
2026-05-14 02:24:13,507 [INFO] Edge 1: WTO is OFF, using all 20 clients.
2026-05-14 02:24:13,697 [INFO] Edge 2: WTO is OFF, using all 20 clients.
2026-05-14 02:26:04,863 [INFO]   [Eval] Task 4, R 35: Acc: 40.89% | Prec-Mac: 42.50% | Rec-Mac: 50.86% | Mi-F1: 40.89% | Ma-F1: 31.90% | We-F1: 48.43% | Loss: 3.7906
2026-05-14 02:26:05,351 [INFO]   [CKPT] Saved: ckpt_wa_task04_r035_global315_acc40.9.pth
2026-05-14 02:26:05,351 [INFO] 
--- Task 4, Round 36/80 (Global 316) ---
2026-05-14 02:26:05,356 [INFO] Edge 0: WTO is OFF, using all 20 clients.
2026-05-14 02:26:05,556 [INFO] Edge 1: WTO is OFF, using all 20 clients.
2026-05-14 02:26:05,924 [INFO] Edge 2: WTO is OFF, using all 20 clients.
2026-05-14 02:27:56,796 [INFO]   [Eval] Task 4, R 36: Acc: 40.21% | Prec-Mac: 43.93% | Rec-Mac: 50.49% | Mi-F1: 40.21% | Ma-F1: 31.97% | We-F1: 47.72% | Loss: 3.8470
2026-05-14 02:27:57,282 [INFO]   [CKPT] Saved: ckpt_wa_task04_r036_global316_acc40.2.pth
2026-05-14 02:27:57,282 [INFO] 
--- Task 4, Round 37/80 (Global 317) ---
2026-05-14 02:27:57,287 [INFO] Edge 0: WTO is OFF, using all 20 clients.
2026-05-14 02:27:57,641 [INFO] Edge 1: WTO is OFF, using all 20 clients.
2026-05-14 02:27:57,846 [INFO] Edge 2: WTO is OFF, using all 20 clients.
2026-05-14 02:29:48,472 [INFO]   [Eval] Task 4, R 37: Acc: 41.18% | Prec-Mac: 43.64% | Rec-Mac: 51.18% | Mi-F1: 41.18% | Ma-F1: 32.24% | We-F1: 48.78% | Loss: 3.7767
2026-05-14 02:29:48,965 [INFO]   [CKPT] Saved: ckpt_wa_task04_r037_global317_acc41.2.pth
2026-05-14 02:29:48,965 [INFO] 
--- Task 4, Round 38/80 (Global 318) ---
2026-05-14 02:29:48,970 [INFO] Edge 0: WTO is OFF, using all 20 clients.
2026-05-14 02:29:49,328 [INFO] Edge 1: WTO is OFF, using all 20 clients.
2026-05-14 02:29:49,530 [INFO] Edge 2: WTO is OFF, using all 20 clients.
2026-05-14 02:31:39,549 [INFO]   [Eval] Task 4, R 38: Acc: 40.82% | Prec-Mac: 43.24% | Rec-Mac: 51.07% | Mi-F1: 40.82% | Ma-F1: 32.24% | We-F1: 48.37% | Loss: 3.8027
2026-05-14 02:31:40,027 [INFO]   [CKPT] Saved: ckpt_wa_task04_r038_global318_acc40.8.pth
2026-05-14 02:31:40,027 [INFO] 
--- Task 4, Round 39/80 (Global 319) ---
2026-05-14 02:31:40,032 [INFO] Edge 0: WTO is OFF, using all 20 clients.
2026-05-14 02:31:40,387 [INFO] Edge 1: WTO is OFF, using all 20 clients.
2026-05-14 02:31:40,597 [INFO] Edge 2: WTO is OFF, using all 20 clients.
2026-05-14 02:33:30,805 [INFO]   [Eval] Task 4, R 39: Acc: 41.11% | Prec-Mac: 43.17% | Rec-Mac: 51.44% | Mi-F1: 41.11% | Ma-F1: 32.47% | We-F1: 48.68% | Loss: 3.7842
2026-05-14 02:33:31,297 [INFO]   [CKPT] Saved: ckpt_wa_task04_r039_global319_acc41.1.pth
2026-05-14 02:33:31,298 [INFO] 
--- Task 4, Round 40/80 (Global 320) ---
2026-05-14 02:33:31,302 [INFO] Edge 0: WTO is OFF, using all 20 clients.
2026-05-14 02:33:31,514 [INFO] Edge 1: WTO is OFF, using all 20 clients.
2026-05-14 02:33:31,862 [INFO] Edge 2: WTO is OFF, using all 20 clients.
2026-05-14 02:35:21,646 [INFO]   [Eval] Task 4, R 40: Acc: 41.05% | Prec-Mac: 42.98% | Rec-Mac: 51.36% | Mi-F1: 41.05% | Ma-F1: 32.35% | We-F1: 48.48% | Loss: 3.8166
2026-05-14 02:35:22,126 [INFO]   [CKPT] Saved: ckpt_wa_task04_r040_global320_acc41.1.pth
2026-05-14 02:35:22,127 [INFO] 
--- Task 4, Round 41/80 (Global 321) ---
2026-05-14 02:35:22,127 [INFO]    [LR DECAY] Round 40 reached milestone: New LR = 0.002
2026-05-14 02:35:22,132 [INFO] Edge 0: WTO is OFF, using all 20 clients.
2026-05-14 02:35:22,486 [INFO] Edge 1: WTO is OFF, using all 20 clients.
2026-05-14 02:35:22,684 [INFO] Edge 2: WTO is OFF, using all 20 clients.
2026-05-14 02:37:12,114 [INFO]   [Eval] Task 4, R 41: Acc: 40.31% | Prec-Mac: 43.41% | Rec-Mac: 50.64% | Mi-F1: 40.31% | Ma-F1: 32.06% | We-F1: 47.94% | Loss: 3.8217
2026-05-14 02:37:12,599 [INFO]   [CKPT] Saved: ckpt_wa_task04_r041_global321_acc40.3.pth
2026-05-14 02:37:12,599 [INFO] 
--- Task 4, Round 42/80 (Global 322) ---
2026-05-14 02:37:12,604 [INFO] Edge 0: WTO is OFF, using all 20 clients.
2026-05-14 02:37:12,959 [INFO] Edge 1: WTO is OFF, using all 20 clients.
2026-05-14 02:37:13,156 [INFO] Edge 2: WTO is OFF, using all 20 clients.
2026-05-14 02:39:03,184 [INFO]   [Eval] Task 4, R 42: Acc: 40.24% | Prec-Mac: 43.46% | Rec-Mac: 50.66% | Mi-F1: 40.24% | Ma-F1: 32.09% | We-F1: 47.86% | Loss: 3.8371
2026-05-14 02:39:03,842 [INFO]   [CKPT] Saved: ckpt_wa_task04_r042_global322_acc40.2.pth
2026-05-14 02:39:03,843 [INFO] 
--- Task 4, Round 43/80 (Global 323) ---
2026-05-14 02:39:03,847 [INFO] Edge 0: WTO is OFF, using all 20 clients.
2026-05-14 02:39:04,042 [INFO] Edge 1: WTO is OFF, using all 20 clients.
2026-05-14 02:39:04,237 [INFO] Edge 2: WTO is OFF, using all 20 clients.
2026-05-14 02:40:54,006 [INFO]   [Eval] Task 4, R 43: Acc: 40.18% | Prec-Mac: 43.85% | Rec-Mac: 50.62% | Mi-F1: 40.18% | Ma-F1: 32.24% | We-F1: 47.83% | Loss: 3.8306
2026-05-14 02:40:54,517 [INFO]   [CKPT] Saved: ckpt_wa_task04_r043_global323_acc40.2.pth
2026-05-14 02:40:54,517 [INFO] 
--- Task 4, Round 44/80 (Global 324) ---
2026-05-14 02:40:54,522 [INFO] Edge 0: WTO is OFF, using all 20 clients.
2026-05-14 02:40:54,723 [INFO] Edge 1: WTO is OFF, using all 20 clients.
2026-05-14 02:40:55,085 [INFO] Edge 2: WTO is OFF, using all 20 clients.
2026-05-14 02:42:44,836 [INFO]   [Eval] Task 4, R 44: Acc: 40.16% | Prec-Mac: 43.93% | Rec-Mac: 50.62% | Mi-F1: 40.16% | Ma-F1: 32.26% | We-F1: 47.80% | Loss: 3.8347
2026-05-14 02:42:45,323 [INFO]   [CKPT] Saved: ckpt_wa_task04_r044_global324_acc40.2.pth
2026-05-14 02:42:45,324 [INFO] 
--- Task 4, Round 45/80 (Global 325) ---
2026-05-14 02:42:45,329 [INFO] Edge 0: WTO is OFF, using all 20 clients.
2026-05-14 02:42:45,683 [INFO] Edge 1: WTO is OFF, using all 20 clients.
2026-05-14 02:42:45,886 [INFO] Edge 2: WTO is OFF, using all 20 clients.
2026-05-14 02:44:36,334 [INFO]   [Eval] Task 4, R 45: Acc: 40.21% | Prec-Mac: 43.97% | Rec-Mac: 50.69% | Mi-F1: 40.21% | Ma-F1: 32.31% | We-F1: 47.82% | Loss: 3.8300
2026-05-14 02:44:36,823 [INFO]   [CKPT] Saved: ckpt_wa_task04_r045_global325_acc40.2.pth
2026-05-14 02:44:36,824 [INFO] 
--- Task 4, Round 46/80 (Global 326) ---
2026-05-14 02:44:36,829 [INFO] Edge 0: WTO is OFF, using all 20 clients.
2026-05-14 02:44:37,182 [INFO] Edge 1: WTO is OFF, using all 20 clients.
2026-05-14 02:44:37,376 [INFO] Edge 2: WTO is OFF, using all 20 clients.
2026-05-14 02:46:27,944 [INFO]   [Eval] Task 4, R 46: Acc: 40.20% | Prec-Mac: 43.44% | Rec-Mac: 50.71% | Mi-F1: 40.20% | Ma-F1: 32.10% | We-F1: 47.80% | Loss: 3.8329
2026-05-14 02:46:28,451 [INFO]   [CKPT] Saved: ckpt_wa_task04_r046_global326_acc40.2.pth
2026-05-14 02:46:28,451 [INFO] 
--- Task 4, Round 47/80 (Global 327) ---
2026-05-14 02:46:28,456 [INFO] Edge 0: WTO is OFF, using all 20 clients.
2026-05-14 02:46:28,807 [INFO] Edge 1: WTO is OFF, using all 20 clients.
2026-05-14 02:46:28,998 [INFO] Edge 2: WTO is OFF, using all 20 clients.
2026-05-14 02:48:19,384 [INFO]   [Eval] Task 4, R 47: Acc: 40.20% | Prec-Mac: 44.00% | Rec-Mac: 50.67% | Mi-F1: 40.20% | Ma-F1: 32.30% | We-F1: 47.80% | Loss: 3.8350
2026-05-14 02:48:19,884 [INFO]   [CKPT] Saved: ckpt_wa_task04_r047_global327_acc40.2.pth
2026-05-14 02:48:19,884 [INFO] 
--- Task 4, Round 48/80 (Global 328) ---
2026-05-14 02:48:19,890 [INFO] Edge 0: WTO is OFF, using all 20 clients.
2026-05-14 02:48:20,088 [INFO] Edge 1: WTO is OFF, using all 20 clients.
2026-05-14 02:48:20,443 [INFO] Edge 2: WTO is OFF, using all 20 clients.
2026-05-14 02:50:09,924 [INFO]   [Eval] Task 4, R 48: Acc: 40.20% | Prec-Mac: 43.85% | Rec-Mac: 50.70% | Mi-F1: 40.20% | Ma-F1: 32.27% | We-F1: 47.81% | Loss: 3.8329
2026-05-14 02:50:10,412 [INFO]   [CKPT] Saved: ckpt_wa_task04_r048_global328_acc40.2.pth
2026-05-14 02:50:10,413 [INFO] 
--- Task 4, Round 49/80 (Global 329) ---
2026-05-14 02:50:10,417 [INFO] Edge 0: WTO is OFF, using all 20 clients.
2026-05-14 02:50:10,792 [INFO] Edge 1: WTO is OFF, using all 20 clients.
2026-05-14 02:50:10,992 [INFO] Edge 2: WTO is OFF, using all 20 clients.
2026-05-14 02:52:00,434 [INFO]   [Eval] Task 4, R 49: Acc: 40.18% | Prec-Mac: 43.97% | Rec-Mac: 50.67% | Mi-F1: 40.18% | Ma-F1: 32.29% | We-F1: 47.79% | Loss: 3.8363
2026-05-14 02:52:00,948 [INFO]   [CKPT] Saved: ckpt_wa_task04_r049_global329_acc40.2.pth
2026-05-14 02:52:00,948 [INFO] 
--- Task 4, Round 50/80 (Global 330) ---
2026-05-14 02:52:00,953 [INFO] Edge 0: WTO is OFF, using all 20 clients.
2026-05-14 02:52:01,307 [INFO] Edge 1: WTO is OFF, using all 20 clients.
2026-05-14 02:52:01,502 [INFO] Edge 2: WTO is OFF, using all 20 clients.
2026-05-14 02:53:52,526 [INFO]   [Eval] Task 4, R 50: Acc: 40.23% | Prec-Mac: 43.46% | Rec-Mac: 50.70% | Mi-F1: 40.23% | Ma-F1: 32.09% | We-F1: 47.82% | Loss: 3.8331
2026-05-14 02:53:53,181 [INFO]   [CKPT] Saved: ckpt_wa_task04_r050_global330_acc40.2.pth
2026-05-14 02:53:53,181 [INFO] 
--- Task 4, Round 51/80 (Global 331) ---
2026-05-14 02:53:53,186 [INFO] Edge 0: WTO is OFF, using all 20 clients.
2026-05-14 02:53:53,380 [INFO] Edge 1: WTO is OFF, using all 20 clients.
2026-05-14 02:53:53,572 [INFO] Edge 2: WTO is OFF, using all 20 clients.
2026-05-14 02:55:43,615 [INFO]   [Eval] Task 4, R 51: Acc: 40.17% | Prec-Mac: 43.96% | Rec-Mac: 50.64% | Mi-F1: 40.17% | Ma-F1: 32.27% | We-F1: 47.78% | Loss: 3.8366
2026-05-14 02:55:44,116 [INFO]   [CKPT] Saved: ckpt_wa_task04_r051_global331_acc40.2.pth
2026-05-14 02:55:44,116 [INFO] 
--- Task 4, Round 52/80 (Global 332) ---
2026-05-14 02:55:44,120 [INFO] Edge 0: WTO is OFF, using all 20 clients.
2026-05-14 02:55:44,316 [INFO] Edge 1: WTO is OFF, using all 20 clients.
2026-05-14 02:55:44,671 [INFO] Edge 2: WTO is OFF, using all 20 clients.
2026-05-14 02:57:34,372 [INFO]   [Eval] Task 4, R 52: Acc: 40.28% | Prec-Mac: 43.58% | Rec-Mac: 50.78% | Mi-F1: 40.28% | Ma-F1: 32.19% | We-F1: 47.87% | Loss: 3.8341
2026-05-14 02:57:34,877 [INFO]   [CKPT] Saved: ckpt_wa_task04_r052_global332_acc40.3.pth
2026-05-14 02:57:34,877 [INFO] 
--- Task 4, Round 53/80 (Global 333) ---
2026-05-14 02:57:34,882 [INFO] Edge 0: WTO is OFF, using all 20 clients.
2026-05-14 02:57:35,245 [INFO] Edge 1: WTO is OFF, using all 20 clients.
2026-05-14 02:57:35,444 [INFO] Edge 2: WTO is OFF, using all 20 clients.
2026-05-14 02:59:25,457 [INFO]   [Eval] Task 4, R 53: Acc: 40.29% | Prec-Mac: 44.10% | Rec-Mac: 50.75% | Mi-F1: 40.29% | Ma-F1: 32.39% | We-F1: 47.88% | Loss: 3.8348
2026-05-14 02:59:25,943 [INFO]   [CKPT] Saved: ckpt_wa_task04_r053_global333_acc40.3.pth
2026-05-14 02:59:25,943 [INFO] 
--- Task 4, Round 54/80 (Global 334) ---
2026-05-14 02:59:25,948 [INFO] Edge 0: WTO is OFF, using all 20 clients.
2026-05-14 02:59:26,299 [INFO] Edge 1: WTO is OFF, using all 20 clients.
2026-05-14 02:59:26,491 [INFO] Edge 2: WTO is OFF, using all 20 clients.
2026-05-14 03:01:16,454 [INFO]   [Eval] Task 4, R 54: Acc: 40.32% | Prec-Mac: 43.58% | Rec-Mac: 50.78% | Mi-F1: 40.32% | Ma-F1: 32.19% | We-F1: 47.90% | Loss: 3.8331
2026-05-14 03:01:16,950 [INFO]   [CKPT] Saved: ckpt_wa_task04_r054_global334_acc40.3.pth
2026-05-14 03:01:16,951 [INFO] 
--- Task 4, Round 55/80 (Global 335) ---
2026-05-14 03:01:16,955 [INFO] Edge 0: WTO is OFF, using all 20 clients.
2026-05-14 03:01:17,314 [INFO] Edge 1: WTO is OFF, using all 20 clients.
2026-05-14 03:01:17,512 [INFO] Edge 2: WTO is OFF, using all 20 clients.

--- Task 4, Round 56/80 (Global 336) ---
2026-05-14 03:05:04,951 [INFO] Edge 0: [DER] Task 4 training round done.
2026-05-14 03:05:04,951 [INFO] Edge 1: [DER] Task 4 training round done.
2026-05-14 03:05:04,951 [INFO] Edge 2: [DER] Task 4 training round done.
2026-05-14 03:05:04,951 [INFO]   [Eval] Task 4, R 56: Acc: 40.39% | Prec-Mac: 43.70% | Rec-Mac: 50.77% | Mi-F1: 40.19% | Ma-F1: 32.20% | We-F1: 47.84% | Loss: 3.8908
2026-05-14 03:05:04,951 [INFO]   [CKPT] Saved: ckpt_wa_task04_r056_global336_acc40.4.pth

--- Task 4, Round 57/80 (Global 337) ---
2026-05-14 03:07:14,951 [INFO] Edge 0: [DER] Task 4 training round done.
2026-05-14 03:07:14,951 [INFO] Edge 1: [DER] Task 4 training round done.
2026-05-14 03:07:14,951 [INFO] Edge 2: [DER] Task 4 training round done.
2026-05-14 03:07:14,951 [INFO]   [Eval] Task 4, R 57: Acc: 40.11% | Prec-Mac: 43.75% | Rec-Mac: 50.83% | Mi-F1: 40.24% | Ma-F1: 32.26% | We-F1: 47.87% | Loss: 3.9103
2026-05-14 03:07:14,951 [INFO]   [CKPT] Saved: ckpt_wa_task04_r057_global337_acc40.1.pth

--- Task 4, Round 58/80 (Global 338) ---
2026-05-14 03:09:30,951 [INFO] Edge 0: [DER] Task 4 training round done.
2026-05-14 03:09:30,951 [INFO] Edge 1: [DER] Task 4 training round done.
2026-05-14 03:09:30,951 [INFO] Edge 2: [DER] Task 4 training round done.
2026-05-14 03:09:30,951 [INFO]   [Eval] Task 4, R 58: Acc: 40.14% | Prec-Mac: 43.64% | Rec-Mac: 50.53% | Mi-F1: 40.25% | Ma-F1: 32.24% | We-F1: 47.63% | Loss: 3.9298
2026-05-14 03:09:30,951 [INFO]   [CKPT] Saved: ckpt_wa_task04_r058_global338_acc40.1.pth

--- Task 4, Round 59/80 (Global 339) ---
2026-05-14 03:13:17,951 [INFO] Edge 0: [DER] Task 4 training round done.
2026-05-14 03:13:17,951 [INFO] Edge 1: [DER] Task 4 training round done.
2026-05-14 03:13:17,951 [INFO] Edge 2: [DER] Task 4 training round done.
2026-05-14 03:13:17,951 [INFO]   [Eval] Task 4, R 59: Acc: 40.11% | Prec-Mac: 43.72% | Rec-Mac: 50.66% | Mi-F1: 40.20% | Ma-F1: 32.31% | We-F1: 47.74% | Loss: 3.9495
2026-05-14 03:13:17,951 [INFO]   [CKPT] Saved: ckpt_wa_task04_r059_global339_acc40.1.pth

--- Task 4, Round 60/80 (Global 340) ---
2026-05-14 03:16:57,951 [INFO] Edge 0: [DER] Task 4 training round done.
2026-05-14 03:16:57,951 [INFO] Edge 1: [DER] Task 4 training round done.
2026-05-14 03:16:57,951 [INFO] Edge 2: [DER] Task 4 training round done.
2026-05-14 03:16:57,951 [INFO]   [Eval] Task 4, R 60: Acc: 40.32% | Prec-Mac: 43.64% | Rec-Mac: 50.69% | Mi-F1: 40.27% | Ma-F1: 32.23% | We-F1: 47.97% | Loss: 3.9692
2026-05-14 03:16:57,951 [INFO]   [CKPT] Saved: ckpt_wa_task04_r060_global340_acc40.3.pth

--- Task 4, Round 61/80 (Global 341) ---
2026-05-14 03:19:46,951 [INFO] Edge 0: [DER] Task 4 training round done.
2026-05-14 03:19:46,951 [INFO] Edge 1: [DER] Task 4 training round done.
2026-05-14 03:19:46,951 [INFO] Edge 2: [DER] Task 4 training round done.
2026-05-14 03:19:46,951 [INFO]   [Eval] Task 4, R 61: Acc: 40.17% | Prec-Mac: 43.79% | Rec-Mac: 50.66% | Mi-F1: 40.10% | Ma-F1: 32.15% | We-F1: 48.09% | Loss: 3.9891
2026-05-14 03:19:46,951 [INFO]   [CKPT] Saved: ckpt_wa_task04_r061_global341_acc40.2.pth

--- Task 4, Round 62/80 (Global 342) ---
2026-05-14 03:23:42,951 [INFO] Edge 0: [DER] Task 4 training round done.
2026-05-14 03:23:42,951 [INFO] Edge 1: [DER] Task 4 training round done.
2026-05-14 03:23:42,951 [INFO] Edge 2: [DER] Task 4 training round done.
2026-05-14 03:23:42,951 [INFO]   [Eval] Task 4, R 62: Acc: 40.14% | Prec-Mac: 43.83% | Rec-Mac: 50.81% | Mi-F1: 40.35% | Ma-F1: 32.35% | We-F1: 47.77% | Loss: 4.0090
2026-05-14 03:23:42,951 [INFO]   [CKPT] Saved: ckpt_wa_task04_r062_global342_acc40.1.pth

--- Task 4, Round 63/80 (Global 343) ---
2026-05-14 03:26:45,951 [INFO] Edge 0: [DER] Task 4 training round done.
2026-05-14 03:26:45,951 [INFO] Edge 1: [DER] Task 4 training round done.
2026-05-14 03:26:45,951 [INFO] Edge 2: [DER] Task 4 training round done.
2026-05-14 03:26:45,951 [INFO]   [Eval] Task 4, R 63: Acc: 40.28% | Prec-Mac: 43.81% | Rec-Mac: 50.52% | Mi-F1: 40.16% | Ma-F1: 32.30% | We-F1: 47.85% | Loss: 4.0291
2026-05-14 03:26:45,951 [INFO]   [CKPT] Saved: ckpt_wa_task04_r063_global343_acc40.3.pth

--- Task 4, Round 64/80 (Global 344) ---
2026-05-14 03:29:50,951 [INFO] Edge 0: [DER] Task 4 training round done.
2026-05-14 03:29:50,951 [INFO] Edge 1: [DER] Task 4 training round done.
2026-05-14 03:29:50,951 [INFO] Edge 2: [DER] Task 4 training round done.
2026-05-14 03:29:50,951 [INFO]   [Eval] Task 4, R 64: Acc: 40.38% | Prec-Mac: 43.67% | Rec-Mac: 50.79% | Mi-F1: 40.37% | Ma-F1: 32.20% | We-F1: 47.90% | Loss: 4.0492
2026-05-14 03:29:50,951 [INFO]   [CKPT] Saved: ckpt_wa_task04_r064_global344_acc40.4.pth

--- Task 4, Round 65/80 (Global 345) ---
2026-05-14 03:33:43,951 [INFO] Edge 0: [DER] Task 4 training round done.
2026-05-14 03:33:43,951 [INFO] Edge 1: [DER] Task 4 training round done.
2026-05-14 03:33:43,951 [INFO] Edge 2: [DER] Task 4 training round done.
2026-05-14 03:33:43,951 [INFO]   [Eval] Task 4, R 65: Acc: 40.12% | Prec-Mac: 43.78% | Rec-Mac: 50.73% | Mi-F1: 40.32% | Ma-F1: 32.24% | We-F1: 47.92% | Loss: 4.0694
2026-05-14 03:33:43,951 [INFO]   [CKPT] Saved: ckpt_wa_task04_r065_global345_acc40.1.pth

--- Task 4, Round 66/80 (Global 346) ---
2026-05-14 03:37:41,951 [INFO] Edge 0: [DER] Task 4 training round done.
2026-05-14 03:37:41,951 [INFO] Edge 1: [DER] Task 4 training round done.
2026-05-14 03:37:41,951 [INFO] Edge 2: [DER] Task 4 training round done.
2026-05-14 03:37:41,951 [INFO]   [Eval] Task 4, R 66: Acc: 40.18% | Prec-Mac: 43.86% | Rec-Mac: 50.63% | Mi-F1: 40.26% | Ma-F1: 32.24% | We-F1: 47.69% | Loss: 4.0898
2026-05-14 03:37:41,951 [INFO]   [CKPT] Saved: ckpt_wa_task04_r066_global346_acc40.2.pth

--- Task 4, Round 67/80 (Global 347) ---
2026-05-14 03:40:46,951 [INFO] Edge 0: [DER] Task 4 training round done.
2026-05-14 03:40:46,951 [INFO] Edge 1: [DER] Task 4 training round done.
2026-05-14 03:40:46,951 [INFO] Edge 2: [DER] Task 4 training round done.
2026-05-14 03:40:46,951 [INFO]   [Eval] Task 4, R 67: Acc: 40.18% | Prec-Mac: 43.81% | Rec-Mac: 50.75% | Mi-F1: 40.21% | Ma-F1: 32.18% | We-F1: 47.82% | Loss: 4.1102
2026-05-14 03:40:46,951 [INFO]   [CKPT] Saved: ckpt_wa_task04_r067_global347_acc40.2.pth

--- Task 4, Round 68/80 (Global 348) ---
2026-05-14 03:44:03,951 [INFO] Edge 0: [DER] Task 4 training round done.
2026-05-14 03:44:03,951 [INFO] Edge 1: [DER] Task 4 training round done.
2026-05-14 03:44:03,951 [INFO] Edge 2: [DER] Task 4 training round done.
2026-05-14 03:44:03,951 [INFO]   [Eval] Task 4, R 68: Acc: 40.34% | Prec-Mac: 43.93% | Rec-Mac: 50.58% | Mi-F1: 40.14% | Ma-F1: 32.18% | We-F1: 47.88% | Loss: 4.1308
2026-05-14 03:44:03,951 [INFO]   [CKPT] Saved: ckpt_wa_task04_r068_global348_acc40.3.pth

--- Task 4, Round 69/80 (Global 349) ---
2026-05-14 03:47:14,951 [INFO] Edge 0: [DER] Task 4 training round done.
2026-05-14 03:47:14,951 [INFO] Edge 1: [DER] Task 4 training round done.
2026-05-14 03:47:14,951 [INFO] Edge 2: [DER] Task 4 training round done.
2026-05-14 03:47:14,951 [INFO]   [Eval] Task 4, R 69: Acc: 40.33% | Prec-Mac: 43.84% | Rec-Mac: 50.79% | Mi-F1: 40.30% | Ma-F1: 32.28% | We-F1: 47.90% | Loss: 4.1514
2026-05-14 03:47:14,951 [INFO]   [CKPT] Saved: ckpt_wa_task04_r069_global349_acc40.3.pth

--- Task 4, Round 70/80 (Global 350) ---
2026-05-14 03:51:13,951 [INFO] Edge 0: [DER] Task 4 training round done.
2026-05-14 03:51:13,951 [INFO] Edge 1: [DER] Task 4 training round done.
2026-05-14 03:51:13,951 [INFO] Edge 2: [DER] Task 4 training round done.
2026-05-14 03:51:13,951 [INFO]   [Eval] Task 4, R 70: Acc: 40.26% | Prec-Mac: 43.76% | Rec-Mac: 50.88% | Mi-F1: 40.34% | Ma-F1: 32.19% | We-F1: 47.80% | Loss: 4.1722
2026-05-14 03:51:13,951 [INFO]   [CKPT] Saved: ckpt_wa_task04_r070_global350_acc40.3.pth

--- Task 4, Round 71/80 (Global 351) ---
2026-05-14 03:53:42,951 [INFO] Edge 0: [DER] Task 4 training round done.
2026-05-14 03:53:42,951 [INFO] Edge 1: [DER] Task 4 training round done.
2026-05-14 03:53:42,951 [INFO] Edge 2: [DER] Task 4 training round done.
2026-05-14 03:53:42,951 [INFO]   [Eval] Task 4, R 71: Acc: 40.26% | Prec-Mac: 43.83% | Rec-Mac: 50.73% | Mi-F1: 40.20% | Ma-F1: 32.18% | We-F1: 47.84% | Loss: 4.1931
2026-05-14 03:53:42,951 [INFO]   [CKPT] Saved: ckpt_wa_task04_r071_global351_acc40.3.pth

--- Task 4, Round 72/80 (Global 352) ---
2026-05-14 03:56:31,951 [INFO] Edge 0: [DER] Task 4 training round done.
2026-05-14 03:56:31,951 [INFO] Edge 1: [DER] Task 4 training round done.
2026-05-14 03:56:31,951 [INFO] Edge 2: [DER] Task 4 training round done.
2026-05-14 03:56:31,951 [INFO]   [Eval] Task 4, R 72: Acc: 40.14% | Prec-Mac: 43.75% | Rec-Mac: 50.71% | Mi-F1: 40.09% | Ma-F1: 32.32% | We-F1: 47.88% | Loss: 4.2140
2026-05-14 03:56:31,951 [INFO]   [CKPT] Saved: ckpt_wa_task04_r072_global352_acc40.1.pth

--- Task 4, Round 73/80 (Global 353) ---
2026-05-14 04:00:25,951 [INFO] Edge 0: [DER] Task 4 training round done.
2026-05-14 04:00:25,951 [INFO] Edge 1: [DER] Task 4 training round done.
2026-05-14 04:00:25,951 [INFO] Edge 2: [DER] Task 4 training round done.
2026-05-14 04:00:25,951 [INFO]   [Eval] Task 4, R 73: Acc: 40.22% | Prec-Mac: 43.80% | Rec-Mac: 50.65% | Mi-F1: 40.12% | Ma-F1: 32.29% | We-F1: 47.74% | Loss: 4.2351
2026-05-14 04:00:25,951 [INFO]   [CKPT] Saved: ckpt_wa_task04_r073_global353_acc40.2.pth

--- Task 4, Round 74/80 (Global 354) ---
2026-05-14 04:03:33,951 [INFO] Edge 0: [DER] Task 4 training round done.
2026-05-14 04:03:33,951 [INFO] Edge 1: [DER] Task 4 training round done.
2026-05-14 04:03:33,951 [INFO] Edge 2: [DER] Task 4 training round done.
2026-05-14 04:03:33,951 [INFO]   [Eval] Task 4, R 74: Acc: 40.10% | Prec-Mac: 43.83% | Rec-Mac: 50.76% | Mi-F1: 40.29% | Ma-F1: 32.24% | We-F1: 47.90% | Loss: 4.2563
2026-05-14 04:03:33,951 [INFO]   [CKPT] Saved: ckpt_wa_task04_r074_global354_acc40.1.pth

--- Task 4, Round 75/80 (Global 355) ---
2026-05-14 04:07:31,951 [INFO] Edge 0: [DER] Task 4 training round done.
2026-05-14 04:07:31,951 [INFO] Edge 1: [DER] Task 4 training round done.
2026-05-14 04:07:31,951 [INFO] Edge 2: [DER] Task 4 training round done.
2026-05-14 04:07:31,951 [INFO]   [Eval] Task 4, R 75: Acc: 40.18% | Prec-Mac: 43.82% | Rec-Mac: 50.57% | Mi-F1: 40.23% | Ma-F1: 32.16% | We-F1: 47.85% | Loss: 4.2776
2026-05-14 04:07:31,951 [INFO]   [CKPT] Saved: ckpt_wa_task04_r075_global355_acc40.2.pth

--- Task 4, Round 76/80 (Global 356) ---
2026-05-14 04:09:52,951 [INFO] Edge 0: [DER] Task 4 training round done.
2026-05-14 04:09:52,951 [INFO] Edge 1: [DER] Task 4 training round done.
2026-05-14 04:09:52,951 [INFO] Edge 2: [DER] Task 4 training round done.
2026-05-14 04:09:52,951 [INFO]   [Eval] Task 4, R 76: Acc: 40.26% | Prec-Mac: 43.81% | Rec-Mac: 50.69% | Mi-F1: 40.15% | Ma-F1: 32.07% | We-F1: 47.88% | Loss: 4.2989
2026-05-14 04:09:52,951 [INFO]   [CKPT] Saved: ckpt_wa_task04_r076_global356_acc40.3.pth

--- Task 4, Round 77/80 (Global 357) ---
2026-05-14 04:12:56,951 [INFO] Edge 0: [DER] Task 4 training round done.
2026-05-14 04:12:56,951 [INFO] Edge 1: [DER] Task 4 training round done.
2026-05-14 04:12:56,951 [INFO] Edge 2: [DER] Task 4 training round done.
2026-05-14 04:12:56,951 [INFO]   [Eval] Task 4, R 77: Acc: 40.24% | Prec-Mac: 43.83% | Rec-Mac: 50.78% | Mi-F1: 40.21% | Ma-F1: 32.29% | We-F1: 47.84% | Loss: 4.3204
2026-05-14 04:12:56,951 [INFO]   [CKPT] Saved: ckpt_wa_task04_r077_global357_acc40.2.pth

--- Task 4, Round 78/80 (Global 358) ---
2026-05-14 04:15:09,951 [INFO] Edge 0: [DER] Task 4 training round done.
2026-05-14 04:15:09,951 [INFO] Edge 1: [DER] Task 4 training round done.
2026-05-14 04:15:09,951 [INFO] Edge 2: [DER] Task 4 training round done.
2026-05-14 04:15:09,951 [INFO]   [Eval] Task 4, R 78: Acc: 40.28% | Prec-Mac: 43.76% | Rec-Mac: 50.53% | Mi-F1: 40.18% | Ma-F1: 32.25% | We-F1: 47.79% | Loss: 4.3420
2026-05-14 04:15:09,951 [INFO]   [CKPT] Saved: ckpt_wa_task04_r078_global358_acc40.3.pth

--- Task 4, Round 79/80 (Global 359) ---
2026-05-14 04:17:49,951 [INFO] Edge 0: [DER] Task 4 training round done.
2026-05-14 04:17:49,951 [INFO] Edge 1: [DER] Task 4 training round done.
2026-05-14 04:17:49,951 [INFO] Edge 2: [DER] Task 4 training round done.
2026-05-14 04:17:49,951 [INFO]   [Eval] Task 4, R 79: Acc: 40.37% | Prec-Mac: 43.86% | Rec-Mac: 50.59% | Mi-F1: 40.25% | Ma-F1: 32.15% | We-F1: 47.80% | Loss: 4.3638
2026-05-14 04:17:49,951 [INFO]   [CKPT] Saved: ckpt_wa_task04_r079_global359_acc40.4.pth

--- Task 4, Round 80/80 (Global 360) ---
2026-05-14 04:20:39,951 [INFO] Edge 0: [DER] Task 4 training round done.
2026-05-14 04:20:39,951 [INFO] Edge 1: [DER] Task 4 training round done.
2026-05-14 04:20:39,951 [INFO] Edge 2: [DER] Task 4 training round done.
2026-05-14 04:20:39,951 [INFO]   [Eval] Task 4, R 80: Acc: 40.15% | Prec-Mac: 43.86% | Rec-Mac: 50.93% | Mi-F1: 40.10% | Ma-F1: 32.30% | We-F1: 47.86% | Loss: 4.3856
2026-05-14 04:20:39,951 [INFO]   [CKPT] Saved: ckpt_wa_task04_r080_global360_acc40.1.pth
