2026-05-13 17:40:08,343 [INFO] ============================================================
2026-05-13 17:40:08,343 [INFO] HFIN - Hierarchical Federated Class-Incremental Learning
2026-05-13 17:40:08,343 [INFO]    Network Intrusion Detection for IIoT
2026-05-13 17:40:08,343 [INFO] ============================================================
2026-05-13 17:40:08,343 [INFO] Device: cuda
2026-05-13 17:40:08,343 [INFO] Dataset: nf_uq_nids
2026-05-13 17:40:08,343 [INFO] Method: ICARL
2026-05-13 17:40:08,343 [INFO] Mode: TRAIN
2026-05-13 17:40:08,343 [INFO] Clients: 60, Edge Servers: 3
2026-05-13 17:40:08,343 [INFO] Base classes: 2, Task size: 2
2026-05-13 17:40:08,343 [INFO] Total classes: 11
2026-05-13 17:40:08,343 [INFO] 
[1/4] Loading global test data for NF_UQ_NIDS...
2026-05-13 17:40:12,823 [INFO] Features: 39, Global Test: 4861950
2026-05-13 17:40:12,824 [INFO] Total classes: 21 | Clients: 60 | Edges: 3
2026-05-13 17:40:13,374 [INFO] 
[2/4] Mapping 60 FL Clients to 3 Edge Server(s)...
2026-05-13 17:40:13,374 [INFO] 
[2/4] Mapping 60 FL Clients to 3 Edge Servers...
2026-05-13 17:40:13,374 [INFO] Edge-Client mapping: defaultdict(<class 'list'>, {0: [0, 1, 2, 3, 4, 5, 6, 7, 8, 9, 10, 11, 12, 13, 14, 15, 16, 17, 18, 19], 1: [20, 21, 22, 23, 24, 25, 26, 27, 28, 29, 30, 31, 32, 33, 34, 35, 36, 37, 38, 39], 2: [40, 41, 42, 43, 44, 45, 46, 47, 48, 49, 50, 51, 52, 53, 54, 55, 56, 57, 58, 59]})
2026-05-13 17:40:13,374 [INFO] 
[3/4] Initializing models...
2026-05-13 17:40:13,678 [INFO] 
[4/4] Starting training...
2026-05-13 17:40:13,679 [INFO] 
Loading data for Task 0 (Classes: [0, 1, 2, 3, 4])...
2026-05-13 17:41:18,469 [INFO] Expanded global model to 5 classes for Task 0
2026-05-13 17:41:18,483 [INFO] 
============================================================
2026-05-13 17:41:18,484 [INFO] Task 0/4 | Classes: [0, 1, 2, 3, 4] | 40 rounds | LR: 0.01
2026-05-13 17:41:18,484 [INFO] ============================================================
2026-05-13 17:41:18,484 [INFO] 
--- Task 0, Round 1/40 (Global 1) ---
2026-05-13 17:44:16,111 [INFO]   [Eval] Task 0, R 1: Acc: 92.61% | Prec-Mac: 91.22% | Rec-Mac: 90.98% | Mi-F1: 92.61% | Ma-F1: 90.67% | We-F1: 92.69% | Loss: 0.2353
2026-05-13 17:44:16,116 [INFO]   [CKPT] Saved: ckpt_icarl_task00_r001_global001_acc92.6.pth
2026-05-13 17:44:16,117 [INFO] 
--- Task 0, Round 2/40 (Global 2) ---
2026-05-13 17:47:10,917 [INFO]   [Eval] Task 0, R 2: Acc: 94.50% | Prec-Mac: 92.17% | Rec-Mac: 94.27% | Mi-F1: 94.50% | Ma-F1: 92.91% | We-F1: 94.67% | Loss: 0.1662
2026-05-13 17:47:10,921 [INFO]   [CKPT] Saved: ckpt_icarl_task00_r002_global002_acc94.5.pth
2026-05-13 17:47:10,921 [INFO] 
--- Task 0, Round 3/40 (Global 3) ---
2026-05-13 17:50:03,896 [INFO]   [Eval] Task 0, R 3: Acc: 95.55% | Prec-Mac: 93.09% | Rec-Mac: 95.22% | Mi-F1: 95.55% | Ma-F1: 93.92% | We-F1: 95.69% | Loss: 0.1314
2026-05-13 17:50:03,899 [INFO]   [CKPT] Saved: ckpt_icarl_task00_r003_global003_acc95.5.pth
2026-05-13 17:50:03,900 [INFO] 
--- Task 0, Round 4/40 (Global 4) ---
2026-05-13 17:53:00,695 [INFO]   [Eval] Task 0, R 4: Acc: 95.57% | Prec-Mac: 92.90% | Rec-Mac: 95.03% | Mi-F1: 95.57% | Ma-F1: 93.85% | We-F1: 95.65% | Loss: 0.1303
2026-05-13 17:53:00,699 [INFO]   [CKPT] Saved: ckpt_icarl_task00_r004_global004_acc95.6.pth
2026-05-13 17:53:00,699 [INFO] 
--- Task 0, Round 5/40 (Global 5) ---
2026-05-13 17:55:57,880 [INFO]   [Eval] Task 0, R 5: Acc: 95.62% | Prec-Mac: 93.15% | Rec-Mac: 95.37% | Mi-F1: 95.62% | Ma-F1: 94.03% | We-F1: 95.76% | Loss: 0.1337
2026-05-13 17:55:57,883 [INFO]   [CKPT] Saved: ckpt_icarl_task00_r005_global005_acc95.6.pth
2026-05-13 17:55:57,884 [INFO] 
--- Task 0, Round 6/40 (Global 6) ---
2026-05-13 17:58:52,936 [INFO]   [Eval] Task 0, R 6: Acc: 95.68% | Prec-Mac: 93.21% | Rec-Mac: 95.48% | Mi-F1: 95.68% | Ma-F1: 94.12% | We-F1: 95.81% | Loss: 0.1259
2026-05-13 17:58:52,940 [INFO]   [CKPT] Saved: ckpt_icarl_task00_r006_global006_acc95.7.pth
2026-05-13 17:58:52,940 [INFO] 
--- Task 0, Round 7/40 (Global 7) ---
2026-05-13 18:01:49,323 [INFO]   [Eval] Task 0, R 7: Acc: 95.78% | Prec-Mac: 93.35% | Rec-Mac: 95.57% | Mi-F1: 95.78% | Ma-F1: 94.22% | We-F1: 95.92% | Loss: 0.1207
2026-05-13 18:01:49,327 [INFO]   [CKPT] Saved: ckpt_icarl_task00_r007_global007_acc95.8.pth
2026-05-13 18:01:49,327 [INFO] 
--- Task 0, Round 8/40 (Global 8) ---
2026-05-13 18:04:44,241 [INFO]   [Eval] Task 0, R 8: Acc: 95.71% | Prec-Mac: 93.24% | Rec-Mac: 95.53% | Mi-F1: 95.71% | Ma-F1: 94.14% | We-F1: 95.85% | Loss: 0.1412
2026-05-13 18:04:44,245 [INFO]   [CKPT] Saved: ckpt_icarl_task00_r008_global008_acc95.7.pth
2026-05-13 18:04:44,245 [INFO] 
--- Task 0, Round 9/40 (Global 9) ---
2026-05-13 18:07:40,688 [INFO]   [Eval] Task 0, R 9: Acc: 95.60% | Prec-Mac: 93.09% | Rec-Mac: 95.43% | Mi-F1: 95.60% | Ma-F1: 93.99% | We-F1: 95.75% | Loss: 0.1300
2026-05-13 18:07:40,692 [INFO]   [CKPT] Saved: ckpt_icarl_task00_r009_global009_acc95.6.pth
2026-05-13 18:07:40,692 [INFO] 
--- Task 0, Round 10/40 (Global 10) ---
2026-05-13 18:10:36,537 [INFO]   [Eval] Task 0, R 10: Acc: 95.69% | Prec-Mac: 93.02% | Rec-Mac: 95.20% | Mi-F1: 95.69% | Ma-F1: 93.99% | We-F1: 95.77% | Loss: 0.1276
2026-05-13 18:10:36,541 [INFO]   [CKPT] Saved: ckpt_icarl_task00_r010_global010_acc95.7.pth
2026-05-13 18:10:36,541 [INFO] 
--- Task 0, Round 11/40 (Global 11) ---
2026-05-13 18:13:33,030 [INFO]   [Eval] Task 0, R 11: Acc: 95.70% | Prec-Mac: 93.06% | Rec-Mac: 95.15% | Mi-F1: 95.70% | Ma-F1: 94.00% | We-F1: 95.78% | Loss: 0.1254
2026-05-13 18:13:33,033 [INFO]   [CKPT] Saved: ckpt_icarl_task00_r011_global011_acc95.7.pth
2026-05-13 18:13:33,033 [INFO] 
--- Task 0, Round 12/40 (Global 12) ---
2026-05-13 18:16:27,989 [INFO]   [Eval] Task 0, R 12: Acc: 95.77% | Prec-Mac: 93.33% | Rec-Mac: 95.61% | Mi-F1: 95.77% | Ma-F1: 94.22% | We-F1: 95.91% | Loss: 0.1153
2026-05-13 18:16:27,993 [INFO]   [CKPT] Saved: ckpt_icarl_task00_r012_global012_acc95.8.pth
2026-05-13 18:16:27,993 [INFO] 
--- Task 0, Round 13/40 (Global 13) ---
2026-05-13 18:19:22,471 [INFO]   [Eval] Task 0, R 13: Acc: 95.83% | Prec-Mac: 93.40% | Rec-Mac: 95.66% | Mi-F1: 95.83% | Ma-F1: 94.28% | We-F1: 95.97% | Loss: 0.1195
2026-05-13 18:19:22,475 [INFO]   [CKPT] Saved: ckpt_icarl_task00_r013_global013_acc95.8.pth
2026-05-13 18:19:22,476 [INFO] 
--- Task 0, Round 14/40 (Global 14) ---
2026-05-13 18:22:17,680 [INFO]   [Eval] Task 0, R 14: Acc: 95.91% | Prec-Mac: 93.54% | Rec-Mac: 95.72% | Mi-F1: 95.91% | Ma-F1: 94.39% | We-F1: 96.05% | Loss: 0.1134
2026-05-13 18:22:17,684 [INFO]   [CKPT] Saved: ckpt_icarl_task00_r014_global014_acc95.9.pth
2026-05-13 18:22:17,684 [INFO] 
--- Task 0, Round 15/40 (Global 15) ---
2026-05-13 18:25:13,303 [INFO]   [Eval] Task 0, R 15: Acc: 95.85% | Prec-Mac: 93.47% | Rec-Mac: 95.66% | Mi-F1: 95.85% | Ma-F1: 94.31% | We-F1: 95.99% | Loss: 0.1162
2026-05-13 18:25:13,307 [INFO]   [CKPT] Saved: ckpt_icarl_task00_r015_global015_acc95.8.pth
2026-05-13 18:25:13,307 [INFO] 
--- Task 0, Round 16/40 (Global 16) ---
2026-05-13 18:28:09,117 [INFO]   [Eval] Task 0, R 16: Acc: 95.75% | Prec-Mac: 93.36% | Rec-Mac: 95.51% | Mi-F1: 95.75% | Ma-F1: 94.20% | We-F1: 95.89% | Loss: 0.1231
2026-05-13 18:28:09,121 [INFO]   [CKPT] Saved: ckpt_icarl_task00_r016_global016_acc95.8.pth
2026-05-13 18:28:09,121 [INFO] 
--- Task 0, Round 17/40 (Global 17) ---
2026-05-13 18:31:05,584 [INFO]   [Eval] Task 0, R 17: Acc: 95.35% | Prec-Mac: 93.10% | Rec-Mac: 94.85% | Mi-F1: 95.35% | Ma-F1: 93.69% | We-F1: 95.49% | Loss: 0.1363
2026-05-13 18:31:05,587 [INFO]   [CKPT] Saved: ckpt_icarl_task00_r017_global017_acc95.3.pth
2026-05-13 18:31:05,588 [INFO] 
--- Task 0, Round 18/40 (Global 18) ---
2026-05-13 18:34:01,410 [INFO]   [Eval] Task 0, R 18: Acc: 95.62% | Prec-Mac: 93.15% | Rec-Mac: 95.37% | Mi-F1: 95.62% | Ma-F1: 94.04% | We-F1: 95.75% | Loss: 0.1279
2026-05-13 18:34:01,413 [INFO]   [CKPT] Saved: ckpt_icarl_task00_r018_global018_acc95.6.pth
2026-05-13 18:34:01,414 [INFO] 
--- Task 0, Round 19/40 (Global 19) ---
2026-05-13 18:36:56,953 [INFO]   [Eval] Task 0, R 19: Acc: 86.87% | Prec-Mac: 86.59% | Rec-Mac: 82.36% | Mi-F1: 86.87% | Ma-F1: 81.02% | We-F1: 87.18% | Loss: 0.2178
2026-05-13 18:36:56,957 [INFO]   [CKPT] Saved: ckpt_icarl_task00_r019_global019_acc86.9.pth
2026-05-13 18:36:56,957 [INFO] 
--- Task 0, Round 20/40 (Global 20) ---
2026-05-13 18:39:51,895 [INFO]   [Eval] Task 0, R 20: Acc: 95.73% | Prec-Mac: 93.12% | Rec-Mac: 95.23% | Mi-F1: 95.73% | Ma-F1: 94.07% | We-F1: 95.81% | Loss: 0.1246
2026-05-13 18:39:51,899 [INFO]   [CKPT] Saved: ckpt_icarl_task00_r020_global020_acc95.7.pth
2026-05-13 18:39:51,899 [INFO] 
--- Task 0, Round 21/40 (Global 21) ---
2026-05-13 18:39:51,899 [INFO]    [LR DECAY] Round 20 reached milestone: New LR = 0.001
2026-05-13 18:42:47,358 [INFO]   [Eval] Task 0, R 21: Acc: 95.73% | Prec-Mac: 93.31% | Rec-Mac: 95.49% | Mi-F1: 95.73% | Ma-F1: 94.16% | We-F1: 95.86% | Loss: 0.1193
2026-05-13 18:42:47,362 [INFO]   [CKPT] Saved: ckpt_icarl_task00_r021_global021_acc95.7.pth
2026-05-13 18:42:47,362 [INFO] 
--- Task 0, Round 22/40 (Global 22) ---
2026-05-13 18:45:42,497 [INFO]   [Eval] Task 0, R 22: Acc: 95.77% | Prec-Mac: 93.35% | Rec-Mac: 95.55% | Mi-F1: 95.77% | Ma-F1: 94.21% | We-F1: 95.90% | Loss: 0.1170
2026-05-13 18:45:42,501 [INFO]   [CKPT] Saved: ckpt_icarl_task00_r022_global022_acc95.8.pth
2026-05-13 18:45:42,502 [INFO] 
--- Task 0, Round 23/40 (Global 23) ---
2026-05-13 18:48:37,487 [INFO]   [Eval] Task 0, R 23: Acc: 95.74% | Prec-Mac: 93.35% | Rec-Mac: 95.48% | Mi-F1: 95.74% | Ma-F1: 94.18% | We-F1: 95.88% | Loss: 0.1201
2026-05-13 18:48:37,491 [INFO]   [CKPT] Saved: ckpt_icarl_task00_r023_global023_acc95.7.pth
2026-05-13 18:48:37,491 [INFO] 
--- Task 0, Round 24/40 (Global 24) ---
2026-05-13 18:51:32,522 [INFO]   [Eval] Task 0, R 24: Acc: 95.80% | Prec-Mac: 93.39% | Rec-Mac: 95.58% | Mi-F1: 95.80% | Ma-F1: 94.25% | We-F1: 95.93% | Loss: 0.1172
2026-05-13 18:51:32,526 [INFO]   [CKPT] Saved: ckpt_icarl_task00_r024_global024_acc95.8.pth
2026-05-13 18:51:32,526 [INFO] 
--- Task 0, Round 25/40 (Global 25) ---
2026-05-13 18:54:27,663 [INFO]   [Eval] Task 0, R 25: Acc: 95.80% | Prec-Mac: 93.41% | Rec-Mac: 95.57% | Mi-F1: 95.80% | Ma-F1: 94.25% | We-F1: 95.94% | Loss: 0.1166
2026-05-13 18:54:27,666 [INFO]   [CKPT] Saved: ckpt_icarl_task00_r025_global025_acc95.8.pth
2026-05-13 18:54:27,667 [INFO] 
--- Task 0, Round 26/40 (Global 26) ---
2026-05-13 18:57:22,310 [INFO]   [Eval] Task 0, R 26: Acc: 95.85% | Prec-Mac: 93.46% | Rec-Mac: 95.63% | Mi-F1: 95.85% | Ma-F1: 94.31% | We-F1: 95.99% | Loss: 0.1140
2026-05-13 18:57:22,314 [INFO]   [CKPT] Saved: ckpt_icarl_task00_r026_global026_acc95.9.pth
2026-05-13 18:57:22,314 [INFO] 
--- Task 0, Round 27/40 (Global 27) ---
2026-05-13 19:00:16,800 [INFO]   [Eval] Task 0, R 27: Acc: 95.80% | Prec-Mac: 93.40% | Rec-Mac: 95.57% | Mi-F1: 95.80% | Ma-F1: 94.25% | We-F1: 95.93% | Loss: 0.1180
2026-05-13 19:00:16,804 [INFO]   [CKPT] Saved: ckpt_icarl_task00_r027_global027_acc95.8.pth
2026-05-13 19:00:16,804 [INFO] 
--- Task 0, Round 28/40 (Global 28) ---
2026-05-13 19:03:12,055 [INFO]   [Eval] Task 0, R 28: Acc: 95.85% | Prec-Mac: 93.47% | Rec-Mac: 95.62% | Mi-F1: 95.85% | Ma-F1: 94.31% | We-F1: 95.99% | Loss: 0.1144
2026-05-13 19:03:12,059 [INFO]   [CKPT] Saved: ckpt_icarl_task00_r028_global028_acc95.9.pth
2026-05-13 19:03:12,059 [INFO] 
--- Task 0, Round 29/40 (Global 29) ---
2026-05-13 19:06:08,280 [INFO]   [Eval] Task 0, R 29: Acc: 95.82% | Prec-Mac: 93.43% | Rec-Mac: 95.60% | Mi-F1: 95.82% | Ma-F1: 94.28% | We-F1: 95.96% | Loss: 0.1169
2026-05-13 19:06:08,283 [INFO]   [CKPT] Saved: ckpt_icarl_task00_r029_global029_acc95.8.pth
2026-05-13 19:06:08,284 [INFO] 
--- Task 0, Round 30/40 (Global 30) ---
2026-05-13 19:09:04,759 [INFO]   [Eval] Task 0, R 30: Acc: 95.85% | Prec-Mac: 93.48% | Rec-Mac: 95.62% | Mi-F1: 95.85% | Ma-F1: 94.32% | We-F1: 95.99% | Loss: 0.1148
2026-05-13 19:09:04,763 [INFO]   [CKPT] Saved: ckpt_icarl_task00_r030_global030_acc95.9.pth
2026-05-13 19:09:04,763 [INFO] 
--- Task 0, Round 31/40 (Global 31) ---
2026-05-13 19:09:04,763 [INFO]    [LR DECAY] Round 30 reached milestone: New LR = 0.0001
2026-05-13 19:11:59,201 [INFO]   [Eval] Task 0, R 31: Acc: 95.85% | Prec-Mac: 93.47% | Rec-Mac: 95.62% | Mi-F1: 95.85% | Ma-F1: 94.31% | We-F1: 95.99% | Loss: 0.1149
2026-05-13 19:11:59,205 [INFO]   [CKPT] Saved: ckpt_icarl_task00_r031_global031_acc95.9.pth
2026-05-13 19:11:59,205 [INFO] 
--- Task 0, Round 32/40 (Global 32) ---
2026-05-13 19:14:57,114 [INFO]   [Eval] Task 0, R 32: Acc: 95.86% | Prec-Mac: 93.48% | Rec-Mac: 95.63% | Mi-F1: 95.86% | Ma-F1: 94.32% | We-F1: 95.99% | Loss: 0.1137
2026-05-13 19:14:57,117 [INFO]   [CKPT] Saved: ckpt_icarl_task00_r032_global032_acc95.9.pth
2026-05-13 19:14:57,118 [INFO] 
--- Task 0, Round 33/40 (Global 33) ---
2026-05-13 19:17:52,119 [INFO]   [Eval] Task 0, R 33: Acc: 95.84% | Prec-Mac: 93.48% | Rec-Mac: 95.59% | Mi-F1: 95.84% | Ma-F1: 94.30% | We-F1: 95.97% | Loss: 0.1176
2026-05-13 19:17:52,122 [INFO]   [CKPT] Saved: ckpt_icarl_task00_r033_global033_acc95.8.pth
2026-05-13 19:17:52,123 [INFO] 
--- Task 0, Round 34/40 (Global 34) ---
2026-05-13 19:20:47,168 [INFO]   [Eval] Task 0, R 34: Acc: 95.81% | Prec-Mac: 93.44% | Rec-Mac: 95.57% | Mi-F1: 95.81% | Ma-F1: 94.27% | We-F1: 95.95% | Loss: 0.1183
2026-05-13 19:20:47,172 [INFO]   [CKPT] Saved: ckpt_icarl_task00_r034_global034_acc95.8.pth
2026-05-13 19:20:47,172 [INFO] 
--- Task 0, Round 35/40 (Global 35) ---
2026-05-13 19:23:42,008 [INFO]   [Eval] Task 0, R 35: Acc: 95.83% | Prec-Mac: 93.48% | Rec-Mac: 95.59% | Mi-F1: 95.83% | Ma-F1: 94.30% | We-F1: 95.97% | Loss: 0.1183
2026-05-13 19:23:42,011 [INFO]   [CKPT] Saved: ckpt_icarl_task00_r035_global035_acc95.8.pth
2026-05-13 19:23:42,011 [INFO] 
--- Task 0, Round 36/40 (Global 36) ---
2026-05-13 19:26:37,557 [INFO]   [Eval] Task 0, R 36: Acc: 95.05% | Prec-Mac: 92.64% | Rec-Mac: 94.77% | Mi-F1: 95.05% | Ma-F1: 93.48% | We-F1: 95.17% | Loss: 0.1779
2026-05-13 19:26:37,561 [INFO]   [CKPT] Saved: ckpt_icarl_task00_r036_global036_acc95.0.pth
2026-05-13 19:26:37,562 [INFO] 
--- Task 0, Round 37/40 (Global 37) ---
2026-05-13 19:29:32,946 [INFO]   [Eval] Task 0, R 37: Acc: 95.87% | Prec-Mac: 93.48% | Rec-Mac: 95.65% | Mi-F1: 95.87% | Ma-F1: 94.33% | We-F1: 96.00% | Loss: 0.1147
2026-05-13 19:29:32,950 [INFO]   [CKPT] Saved: ckpt_icarl_task00_r037_global037_acc95.9.pth
2026-05-13 19:29:32,950 [INFO] 
--- Task 0, Round 38/40 (Global 38) ---
2026-05-13 19:32:28,771 [INFO]   [Eval] Task 0, R 38: Acc: 95.75% | Prec-Mac: 93.36% | Rec-Mac: 95.49% | Mi-F1: 95.75% | Ma-F1: 94.19% | We-F1: 95.88% | Loss: 0.1344
2026-05-13 19:32:28,776 [INFO]   [CKPT] Saved: ckpt_icarl_task00_r038_global038_acc95.7.pth
2026-05-13 19:32:28,776 [INFO] 
--- Task 0, Round 39/40 (Global 39) ---
2026-05-13 19:35:23,081 [INFO]   [Eval] Task 0, R 39: Acc: 95.82% | Prec-Mac: 93.46% | Rec-Mac: 95.58% | Mi-F1: 95.82% | Ma-F1: 94.28% | We-F1: 95.96% | Loss: 0.1195
2026-05-13 19:35:23,084 [INFO]   [CKPT] Saved: ckpt_icarl_task00_r039_global039_acc95.8.pth
2026-05-13 19:35:23,084 [INFO] 
--- Task 0, Round 40/40 (Global 40) ---
2026-05-13 19:40:48,084 [INFO] Edge 0: Memory updated at end of task. Total stored: 15000 samples across 5 classes.
2026-05-13 19:46:12,075 [INFO] Edge 1: Memory updated at end of task. Total stored: 15000 samples across 5 classes.
2026-05-13 19:51:32,578 [INFO] Edge 2: Memory updated at end of task. Total stored: 15000 samples across 5 classes.
2026-05-13 19:53:07,242 [INFO]   [Eval] Task 0, R 40: Acc: 95.92% | Prec-Mac: 93.54% | Rec-Mac: 95.70% | Mi-F1: 95.92% | Ma-F1: 94.38% | We-F1: 96.05% | Loss: 0.1114
2026-05-13 19:53:07,831 [INFO]   [CKPT] Saved: ckpt_icarl_task00_r040_global040_acc95.9.pth
2026-05-13 19:53:07,831 [INFO] 
Loading data for Task 1 (Classes: [5, 6, 7, 8])...
2026-05-13 19:53:17,249 [INFO] Expanded global model to 9 classes for Task 1
2026-05-13 19:53:17,262 [INFO] 
============================================================
2026-05-13 19:53:17,262 [INFO] Task 1/4 | Classes: [5, 6, 7, 8] | 80 rounds | LR: 0.02
2026-05-13 19:53:17,262 [INFO] ============================================================
2026-05-13 19:53:17,262 [INFO] 
--- Task 1, Round 1/80 (Global 41) ---
2026-05-13 19:53:17,338 [INFO] Edge 0: Balanced replay 15000->60000 (4x) for 251481 new samples.
2026-05-13 19:53:22,777 [INFO] Edge 1: Balanced replay 15000->60000 (4x) for 251481 new samples.
2026-05-13 19:53:27,872 [INFO] Edge 2: Balanced replay 15000->60000 (4x) for 251481 new samples.
2026-05-13 19:55:21,954 [INFO]   [Eval] Task 1, R 1: Acc: 61.22% | Prec-Mac: 53.16% | Rec-Mac: 60.14% | Mi-F1: 61.22% | Ma-F1: 50.01% | We-F1: 61.19% | Loss: 1.9242
2026-05-13 19:55:22,561 [INFO]   [CKPT] Saved: ckpt_icarl_task01_r001_global041_acc61.2.pth
2026-05-13 19:55:22,562 [INFO] 
--- Task 1, Round 2/80 (Global 42) ---
2026-05-13 19:55:22,618 [INFO] Edge 0: Balanced replay 15000->60000 (4x) for 251480 new samples.
2026-05-13 19:55:27,639 [INFO] Edge 1: Balanced replay 15000->60000 (4x) for 251481 new samples.
2026-05-13 19:55:32,445 [INFO] Edge 2: Balanced replay 15000->60000 (4x) for 251481 new samples.
2026-05-13 19:57:25,623 [INFO]   [Eval] Task 1, R 2: Acc: 67.67% | Prec-Mac: 60.70% | Rec-Mac: 74.09% | Mi-F1: 67.67% | Ma-F1: 61.57% | We-F1: 70.06% | Loss: 2.1569
2026-05-13 19:57:26,303 [INFO]   [CKPT] Saved: ckpt_icarl_task01_r002_global042_acc67.7.pth
2026-05-13 19:57:26,303 [INFO] 
--- Task 1, Round 3/80 (Global 43) ---
2026-05-13 19:57:26,357 [INFO] Edge 0: Balanced replay 15000->60000 (4x) for 251482 new samples.
2026-05-13 19:57:31,007 [INFO] Edge 1: Balanced replay 15000->60000 (4x) for 251481 new samples.
2026-05-13 19:57:35,992 [INFO] Edge 2: Balanced replay 15000->60000 (4x) for 251481 new samples.
2026-05-13 19:59:30,108 [INFO]   [Eval] Task 1, R 3: Acc: 65.65% | Prec-Mac: 59.22% | Rec-Mac: 72.29% | Mi-F1: 65.65% | Ma-F1: 59.56% | We-F1: 68.87% | Loss: 1.9442
2026-05-13 19:59:30,676 [INFO]   [CKPT] Saved: ckpt_icarl_task01_r003_global043_acc65.7.pth
2026-05-13 19:59:30,677 [INFO] 
--- Task 1, Round 4/80 (Global 44) ---
2026-05-13 19:59:30,731 [INFO] Edge 0: Balanced replay 15000->60000 (4x) for 251483 new samples.
2026-05-13 19:59:35,902 [INFO] Edge 1: Balanced replay 15000->60000 (4x) for 251482 new samples.
2026-05-13 19:59:40,899 [INFO] Edge 2: Balanced replay 15000->60000 (4x) for 251480 new samples.
2026-05-13 20:01:35,287 [INFO]   [Eval] Task 1, R 4: Acc: 65.30% | Prec-Mac: 59.74% | Rec-Mac: 73.37% | Mi-F1: 65.30% | Ma-F1: 59.73% | We-F1: 68.36% | Loss: 2.0966
2026-05-13 20:01:35,868 [INFO]   [CKPT] Saved: ckpt_icarl_task01_r004_global044_acc65.3.pth
2026-05-13 20:01:35,868 [INFO] 
--- Task 1, Round 5/80 (Global 45) ---
2026-05-13 20:01:35,922 [INFO] Edge 0: Balanced replay 15000->60000 (4x) for 251482 new samples.
2026-05-13 20:01:41,015 [INFO] Edge 1: Balanced replay 15000->60000 (4x) for 251482 new samples.
2026-05-13 20:01:45,876 [INFO] Edge 2: Balanced replay 15000->60000 (4x) for 251481 new samples.
2026-05-13 20:03:40,012 [INFO]   [Eval] Task 1, R 5: Acc: 63.07% | Prec-Mac: 60.01% | Rec-Mac: 73.40% | Mi-F1: 63.07% | Ma-F1: 58.54% | We-F1: 66.28% | Loss: 2.2905
2026-05-13 20:03:40,566 [INFO]   [CKPT] Saved: ckpt_icarl_task01_r005_global045_acc63.1.pth
2026-05-13 20:03:40,566 [INFO] 
--- Task 1, Round 6/80 (Global 46) ---
2026-05-13 20:03:40,620 [INFO] Edge 0: Balanced replay 15000->60000 (4x) for 251482 new samples.
2026-05-13 20:03:45,171 [INFO] Edge 1: Balanced replay 15000->60000 (4x) for 251480 new samples.
2026-05-13 20:03:49,965 [INFO] Edge 2: Balanced replay 15000->60000 (4x) for 251482 new samples.
2026-05-13 20:05:44,285 [INFO]   [Eval] Task 1, R 6: Acc: 64.21% | Prec-Mac: 60.64% | Rec-Mac: 74.42% | Mi-F1: 64.21% | Ma-F1: 59.69% | We-F1: 67.40% | Loss: 2.1823
2026-05-13 20:05:44,801 [INFO]   [CKPT] Saved: ckpt_icarl_task01_r006_global046_acc64.2.pth
2026-05-13 20:05:44,802 [INFO] 
--- Task 1, Round 7/80 (Global 47) ---
2026-05-13 20:05:44,855 [INFO] Edge 0: Balanced replay 15000->60000 (4x) for 251481 new samples.
2026-05-13 20:05:49,506 [INFO] Edge 1: Balanced replay 15000->60000 (4x) for 251480 new samples.
2026-05-13 20:05:54,511 [INFO] Edge 2: Balanced replay 15000->60000 (4x) for 251480 new samples.
2026-05-13 20:07:47,963 [INFO]   [Eval] Task 1, R 7: Acc: 63.52% | Prec-Mac: 61.40% | Rec-Mac: 74.19% | Mi-F1: 63.52% | Ma-F1: 59.32% | We-F1: 67.10% | Loss: 2.3007
2026-05-13 20:07:48,504 [INFO]   [CKPT] Saved: ckpt_icarl_task01_r007_global047_acc63.5.pth
2026-05-13 20:07:48,505 [INFO] 
--- Task 1, Round 8/80 (Global 48) ---
2026-05-13 20:07:48,559 [INFO] Edge 0: Balanced replay 15000->60000 (4x) for 251482 new samples.
2026-05-13 20:07:53,695 [INFO] Edge 1: Balanced replay 15000->60000 (4x) for 251481 new samples.
2026-05-13 20:07:58,680 [INFO] Edge 2: Balanced replay 15000->60000 (4x) for 251480 new samples.
2026-05-13 20:09:52,563 [INFO]   [Eval] Task 1, R 8: Acc: 63.83% | Prec-Mac: 60.82% | Rec-Mac: 73.52% | Mi-F1: 63.83% | Ma-F1: 59.08% | We-F1: 67.66% | Loss: 2.2688
2026-05-13 20:09:53,104 [INFO]   [CKPT] Saved: ckpt_icarl_task01_r008_global048_acc63.8.pth
2026-05-13 20:09:53,104 [INFO] 
--- Task 1, Round 9/80 (Global 49) ---
2026-05-13 20:09:53,158 [INFO] Edge 0: Balanced replay 15000->60000 (4x) for 251483 new samples.
2026-05-13 20:09:58,457 [INFO] Edge 1: Balanced replay 15000->60000 (4x) for 251481 new samples.
2026-05-13 20:10:03,567 [INFO] Edge 2: Balanced replay 15000->60000 (4x) for 251480 new samples.
2026-05-13 20:11:59,716 [INFO]   [Eval] Task 1, R 9: Acc: 62.91% | Prec-Mac: 60.95% | Rec-Mac: 73.63% | Mi-F1: 62.91% | Ma-F1: 58.42% | We-F1: 66.52% | Loss: 2.4530
2026-05-13 20:12:00,257 [INFO]   [CKPT] Saved: ckpt_icarl_task01_r009_global049_acc62.9.pth
2026-05-13 20:12:00,258 [INFO] 
--- Task 1, Round 10/80 (Global 50) ---
2026-05-13 20:12:00,319 [INFO] Edge 0: Balanced replay 15000->60000 (4x) for 251481 new samples.
2026-05-13 20:12:05,412 [INFO] Edge 1: Balanced replay 15000->60000 (4x) for 251481 new samples.
2026-05-13 20:12:10,305 [INFO] Edge 2: Balanced replay 15000->60000 (4x) for 251481 new samples.
2026-05-13 20:14:06,743 [INFO]   [Eval] Task 1, R 10: Acc: 63.47% | Prec-Mac: 61.10% | Rec-Mac: 73.97% | Mi-F1: 63.47% | Ma-F1: 58.82% | We-F1: 67.16% | Loss: 2.4253
2026-05-13 20:14:07,294 [INFO]   [CKPT] Saved: ckpt_icarl_task01_r010_global050_acc63.5.pth
2026-05-13 20:14:07,294 [INFO] 
--- Task 1, Round 11/80 (Global 51) ---
2026-05-13 20:14:07,351 [INFO] Edge 0: Balanced replay 15000->60000 (4x) for 251482 new samples.
2026-05-13 20:14:12,301 [INFO] Edge 1: Balanced replay 15000->60000 (4x) for 251481 new samples.
2026-05-13 20:14:17,369 [INFO] Edge 2: Balanced replay 15000->60000 (4x) for 251481 new samples.
2026-05-13 20:16:12,730 [INFO]   [Eval] Task 1, R 11: Acc: 63.63% | Prec-Mac: 61.20% | Rec-Mac: 73.98% | Mi-F1: 63.63% | Ma-F1: 59.00% | We-F1: 67.33% | Loss: 2.4138
2026-05-13 20:16:13,289 [INFO]   [CKPT] Saved: ckpt_icarl_task01_r011_global051_acc63.6.pth
2026-05-13 20:16:13,289 [INFO] 
--- Task 1, Round 12/80 (Global 52) ---
2026-05-13 20:16:13,342 [INFO] Edge 0: Balanced replay 15000->60000 (4x) for 251482 new samples.
2026-05-13 20:16:18,453 [INFO] Edge 1: Balanced replay 15000->60000 (4x) for 251481 new samples.
2026-05-13 20:16:23,472 [INFO] Edge 2: Balanced replay 15000->60000 (4x) for 251479 new samples.
2026-05-13 20:18:18,565 [INFO]   [Eval] Task 1, R 12: Acc: 64.63% | Prec-Mac: 61.31% | Rec-Mac: 74.72% | Mi-F1: 64.63% | Ma-F1: 59.61% | We-F1: 68.23% | Loss: 2.3790
2026-05-13 20:18:19,123 [INFO]   [CKPT] Saved: ckpt_icarl_task01_r012_global052_acc64.6.pth
2026-05-13 20:18:19,123 [INFO] 
--- Task 1, Round 13/80 (Global 53) ---
2026-05-13 20:18:19,177 [INFO] Edge 0: Balanced replay 15000->60000 (4x) for 251482 new samples.
2026-05-13 20:18:24,300 [INFO] Edge 1: Balanced replay 15000->60000 (4x) for 251481 new samples.
2026-05-13 20:18:29,170 [INFO] Edge 2: Balanced replay 15000->60000 (4x) for 251480 new samples.
2026-05-13 20:20:23,985 [INFO]   [Eval] Task 1, R 13: Acc: 64.67% | Prec-Mac: 61.27% | Rec-Mac: 74.49% | Mi-F1: 64.67% | Ma-F1: 59.96% | We-F1: 68.38% | Loss: 2.3721
2026-05-13 20:20:24,522 [INFO]   [CKPT] Saved: ckpt_icarl_task01_r013_global053_acc64.7.pth
2026-05-13 20:20:24,523 [INFO] 
--- Task 1, Round 14/80 (Global 54) ---
2026-05-13 20:20:24,579 [INFO] Edge 0: Balanced replay 15000->60000 (4x) for 251482 new samples.
2026-05-13 20:20:29,715 [INFO] Edge 1: Balanced replay 15000->60000 (4x) for 251479 new samples.
2026-05-13 20:20:34,592 [INFO] Edge 2: Balanced replay 15000->60000 (4x) for 251481 new samples.
2026-05-13 20:22:30,704 [INFO]   [Eval] Task 1, R 14: Acc: 64.21% | Prec-Mac: 61.31% | Rec-Mac: 74.74% | Mi-F1: 64.21% | Ma-F1: 59.54% | We-F1: 67.72% | Loss: 2.4283
2026-05-13 20:22:31,269 [INFO]   [CKPT] Saved: ckpt_icarl_task01_r014_global054_acc64.2.pth
2026-05-13 20:22:31,270 [INFO] 
--- Task 1, Round 15/80 (Global 55) ---
2026-05-13 20:22:31,326 [INFO] Edge 0: Balanced replay 15000->60000 (4x) for 251482 new samples.
2026-05-13 20:22:36,269 [INFO] Edge 1: Balanced replay 15000->60000 (4x) for 251480 new samples.
2026-05-13 20:22:41,113 [INFO] Edge 2: Balanced replay 15000->60000 (4x) for 251481 new samples.
2026-05-13 20:24:37,190 [INFO]   [Eval] Task 1, R 15: Acc: 63.99% | Prec-Mac: 61.16% | Rec-Mac: 74.38% | Mi-F1: 63.99% | Ma-F1: 59.15% | We-F1: 67.63% | Loss: 2.4330
2026-05-13 20:24:37,783 [INFO]   [CKPT] Saved: ckpt_icarl_task01_r015_global055_acc64.0.pth
2026-05-13 20:24:37,783 [INFO] 
--- Task 1, Round 16/80 (Global 56) ---
2026-05-13 20:24:37,843 [INFO] Edge 0: Balanced replay 15000->60000 (4x) for 251483 new samples.
2026-05-13 20:24:42,771 [INFO] Edge 1: Balanced replay 15000->60000 (4x) for 251479 new samples.
2026-05-13 20:24:47,651 [INFO] Edge 2: Balanced replay 15000->60000 (4x) for 251479 new samples.
2026-05-13 20:26:44,362 [INFO]   [Eval] Task 1, R 16: Acc: 65.01% | Prec-Mac: 61.42% | Rec-Mac: 75.37% | Mi-F1: 65.01% | Ma-F1: 60.04% | We-F1: 68.48% | Loss: 2.4224
2026-05-13 20:26:44,940 [INFO]   [CKPT] Saved: ckpt_icarl_task01_r016_global056_acc65.0.pth
2026-05-13 20:26:44,940 [INFO] 
--- Task 1, Round 17/80 (Global 57) ---
2026-05-13 20:26:44,995 [INFO] Edge 0: Balanced replay 15000->60000 (4x) for 251481 new samples.
2026-05-13 20:26:49,920 [INFO] Edge 1: Balanced replay 15000->60000 (4x) for 251481 new samples.
2026-05-13 20:26:54,773 [INFO] Edge 2: Balanced replay 15000->60000 (4x) for 251481 new samples.
2026-05-13 20:28:49,994 [INFO]   [Eval] Task 1, R 17: Acc: 65.07% | Prec-Mac: 61.62% | Rec-Mac: 75.34% | Mi-F1: 65.07% | Ma-F1: 60.25% | We-F1: 68.51% | Loss: 2.3977
2026-05-13 20:28:50,592 [INFO]   [CKPT] Saved: ckpt_icarl_task01_r017_global057_acc65.1.pth
2026-05-13 20:28:50,592 [INFO] 
--- Task 1, Round 18/80 (Global 58) ---
2026-05-13 20:28:50,648 [INFO] Edge 0: Balanced replay 15000->60000 (4x) for 251481 new samples.
2026-05-13 20:28:55,734 [INFO] Edge 1: Balanced replay 15000->60000 (4x) for 251480 new samples.
2026-05-13 20:29:00,538 [INFO] Edge 2: Balanced replay 15000->60000 (4x) for 251480 new samples.
2026-05-13 20:30:55,433 [INFO]   [Eval] Task 1, R 18: Acc: 64.37% | Prec-Mac: 61.50% | Rec-Mac: 74.65% | Mi-F1: 64.37% | Ma-F1: 59.70% | We-F1: 67.95% | Loss: 2.4167
2026-05-13 20:30:55,977 [INFO]   [CKPT] Saved: ckpt_icarl_task01_r018_global058_acc64.4.pth
2026-05-13 20:30:55,978 [INFO] 
--- Task 1, Round 19/80 (Global 59) ---
2026-05-13 20:30:56,031 [INFO] Edge 0: Balanced replay 15000->60000 (4x) for 251483 new samples.
2026-05-13 20:31:00,765 [INFO] Edge 1: Balanced replay 15000->60000 (4x) for 251481 new samples.
2026-05-13 20:31:05,781 [INFO] Edge 2: Balanced replay 15000->60000 (4x) for 251480 new samples.
2026-05-13 20:33:02,223 [INFO]   [Eval] Task 1, R 19: Acc: 63.87% | Prec-Mac: 61.10% | Rec-Mac: 74.32% | Mi-F1: 63.87% | Ma-F1: 59.03% | We-F1: 67.53% | Loss: 2.4244
2026-05-13 20:33:02,776 [INFO]   [CKPT] Saved: ckpt_icarl_task01_r019_global059_acc63.9.pth
2026-05-13 20:33:02,777 [INFO] 
--- Task 1, Round 20/80 (Global 60) ---
2026-05-13 20:33:02,831 [INFO] Edge 0: Balanced replay 15000->60000 (4x) for 251481 new samples.
2026-05-13 20:33:07,681 [INFO] Edge 1: Balanced replay 15000->60000 (4x) for 251480 new samples.
2026-05-13 20:33:12,676 [INFO] Edge 2: Balanced replay 15000->60000 (4x) for 251483 new samples.
2026-05-13 20:35:09,335 [INFO]   [Eval] Task 1, R 20: Acc: 64.28% | Prec-Mac: 61.02% | Rec-Mac: 74.57% | Mi-F1: 64.28% | Ma-F1: 59.21% | We-F1: 67.82% | Loss: 2.4367
2026-05-13 20:35:09,905 [INFO]   [CKPT] Saved: ckpt_icarl_task01_r020_global060_acc64.3.pth
2026-05-13 20:35:09,905 [INFO] 
--- Task 1, Round 21/80 (Global 61) ---
2026-05-13 20:35:09,958 [INFO] Edge 0: Balanced replay 15000->60000 (4x) for 251482 new samples.
2026-05-13 20:35:15,136 [INFO] Edge 1: Balanced replay 15000->60000 (4x) for 251481 new samples.
2026-05-13 20:35:20,009 [INFO] Edge 2: Balanced replay 15000->60000 (4x) for 251482 new samples.
2026-05-13 20:37:16,341 [INFO]   [Eval] Task 1, R 21: Acc: 64.32% | Prec-Mac: 61.17% | Rec-Mac: 75.03% | Mi-F1: 64.32% | Ma-F1: 59.49% | We-F1: 67.78% | Loss: 2.4529
2026-05-13 20:37:16,890 [INFO]   [CKPT] Saved: ckpt_icarl_task01_r021_global061_acc64.3.pth
2026-05-13 20:37:16,890 [INFO] 
--- Task 1, Round 22/80 (Global 62) ---
2026-05-13 20:37:16,953 [INFO] Edge 0: Balanced replay 15000->60000 (4x) for 251482 new samples.
2026-05-13 20:37:22,022 [INFO] Edge 1: Balanced replay 15000->60000 (4x) for 251481 new samples.
2026-05-13 20:37:26,872 [INFO] Edge 2: Balanced replay 15000->60000 (4x) for 251481 new samples.
2026-05-13 20:39:22,788 [INFO]   [Eval] Task 1, R 22: Acc: 65.21% | Prec-Mac: 61.27% | Rec-Mac: 75.39% | Mi-F1: 65.21% | Ma-F1: 60.04% | We-F1: 68.56% | Loss: 2.3750
2026-05-13 20:39:23,312 [INFO]   [CKPT] Saved: ckpt_icarl_task01_r022_global062_acc65.2.pth
2026-05-13 20:39:23,312 [INFO] 
--- Task 1, Round 23/80 (Global 63) ---
2026-05-13 20:39:23,370 [INFO] Edge 0: Balanced replay 15000->60000 (4x) for 251481 new samples.
2026-05-13 20:39:28,194 [INFO] Edge 1: Balanced replay 15000->60000 (4x) for 251481 new samples.
2026-05-13 20:39:33,080 [INFO] Edge 2: Balanced replay 15000->60000 (4x) for 251481 new samples.
2026-05-13 20:41:28,694 [INFO]   [Eval] Task 1, R 23: Acc: 64.67% | Prec-Mac: 61.33% | Rec-Mac: 74.79% | Mi-F1: 64.67% | Ma-F1: 59.61% | We-F1: 68.33% | Loss: 2.4217
2026-05-13 20:41:29,225 [INFO]   [CKPT] Saved: ckpt_icarl_task01_r023_global063_acc64.7.pth
2026-05-13 20:41:29,225 [INFO] 
--- Task 1, Round 24/80 (Global 64) ---
2026-05-13 20:41:29,279 [INFO] Edge 0: Balanced replay 15000->60000 (4x) for 251481 new samples.
2026-05-13 20:41:34,349 [INFO] Edge 1: Balanced replay 15000->60000 (4x) for 251481 new samples.
2026-05-13 20:41:39,382 [INFO] Edge 2: Balanced replay 15000->60000 (4x) for 251480 new samples.
2026-05-13 20:43:35,212 [INFO]   [Eval] Task 1, R 24: Acc: 63.64% | Prec-Mac: 61.01% | Rec-Mac: 74.35% | Mi-F1: 63.64% | Ma-F1: 58.84% | We-F1: 67.30% | Loss: 2.4837
2026-05-13 20:43:35,769 [INFO]   [CKPT] Saved: ckpt_icarl_task01_r024_global064_acc63.6.pth
2026-05-13 20:43:35,769 [INFO] 
--- Task 1, Round 25/80 (Global 65) ---
2026-05-13 20:43:35,836 [INFO] Edge 0: Balanced replay 15000->60000 (4x) for 251481 new samples.
2026-05-13 20:43:40,786 [INFO] Edge 1: Balanced replay 15000->60000 (4x) for 251480 new samples.
2026-05-13 20:43:45,457 [INFO] Edge 2: Balanced replay 15000->60000 (4x) for 251481 new samples.
2026-05-13 20:45:40,958 [INFO]   [Eval] Task 1, R 25: Acc: 64.87% | Prec-Mac: 61.14% | Rec-Mac: 75.34% | Mi-F1: 64.87% | Ma-F1: 59.77% | We-F1: 68.24% | Loss: 2.4411
2026-05-13 20:45:41,510 [INFO]   [CKPT] Saved: ckpt_icarl_task01_r025_global065_acc64.9.pth
2026-05-13 20:45:41,510 [INFO] 
--- Task 1, Round 26/80 (Global 66) ---
2026-05-13 20:45:41,564 [INFO] Edge 0: Balanced replay 15000->60000 (4x) for 251482 new samples.
2026-05-13 20:45:46,741 [INFO] Edge 1: Balanced replay 15000->60000 (4x) for 251480 new samples.
2026-05-13 20:45:51,299 [INFO] Edge 2: Balanced replay 15000->60000 (4x) for 251479 new samples.
2026-05-13 20:47:46,158 [INFO]   [Eval] Task 1, R 26: Acc: 64.42% | Prec-Mac: 59.98% | Rec-Mac: 73.64% | Mi-F1: 64.42% | Ma-F1: 59.44% | We-F1: 67.99% | Loss: 2.4489
2026-05-13 20:47:46,706 [INFO]   [CKPT] Saved: ckpt_icarl_task01_r026_global066_acc64.4.pth
2026-05-13 20:47:46,706 [INFO] 
--- Task 1, Round 27/80 (Global 67) ---
2026-05-13 20:47:46,760 [INFO] Edge 0: Balanced replay 15000->60000 (4x) for 251481 new samples.
2026-05-13 20:47:51,478 [INFO] Edge 1: Balanced replay 15000->60000 (4x) for 251481 new samples.
2026-05-13 20:47:56,355 [INFO] Edge 2: Balanced replay 15000->60000 (4x) for 251481 new samples.
2026-05-13 20:49:51,307 [INFO]   [Eval] Task 1, R 27: Acc: 64.31% | Prec-Mac: 60.64% | Rec-Mac: 74.72% | Mi-F1: 64.31% | Ma-F1: 59.59% | We-F1: 67.60% | Loss: 2.4699
2026-05-13 20:49:51,896 [INFO]   [CKPT] Saved: ckpt_icarl_task01_r027_global067_acc64.3.pth
2026-05-13 20:49:51,896 [INFO] 
--- Task 1, Round 28/80 (Global 68) ---
2026-05-13 20:49:51,951 [INFO] Edge 0: Balanced replay 15000->60000 (4x) for 251482 new samples.
2026-05-13 20:49:56,884 [INFO] Edge 1: Balanced replay 15000->60000 (4x) for 251481 new samples.
2026-05-13 20:50:01,850 [INFO] Edge 2: Balanced replay 15000->60000 (4x) for 251482 new samples.
2026-05-13 20:51:56,410 [INFO]   [Eval] Task 1, R 28: Acc: 64.82% | Prec-Mac: 61.22% | Rec-Mac: 75.31% | Mi-F1: 64.82% | Ma-F1: 59.94% | We-F1: 68.13% | Loss: 2.4763
2026-05-13 20:51:56,965 [INFO]   [CKPT] Saved: ckpt_icarl_task01_r028_global068_acc64.8.pth
2026-05-13 20:51:56,966 [INFO] 
--- Task 1, Round 29/80 (Global 69) ---
2026-05-13 20:51:57,024 [INFO] Edge 0: Balanced replay 15000->60000 (4x) for 251481 new samples.
2026-05-13 20:52:02,091 [INFO] Edge 1: Balanced replay 15000->60000 (4x) for 251480 new samples.
2026-05-13 20:52:06,939 [INFO] Edge 2: Balanced replay 15000->60000 (4x) for 251480 new samples.
2026-05-13 20:54:01,949 [INFO]   [Eval] Task 1, R 29: Acc: 64.34% | Prec-Mac: 60.42% | Rec-Mac: 74.44% | Mi-F1: 64.34% | Ma-F1: 59.55% | We-F1: 67.72% | Loss: 2.4429
2026-05-13 20:54:02,574 [INFO]   [CKPT] Saved: ckpt_icarl_task01_r029_global069_acc64.3.pth
2026-05-13 20:54:02,574 [INFO] 
--- Task 1, Round 30/80 (Global 70) ---
2026-05-13 20:54:02,629 [INFO] Edge 0: Balanced replay 15000->60000 (4x) for 251482 new samples.
2026-05-13 20:54:07,705 [INFO] Edge 1: Balanced replay 15000->60000 (4x) for 251480 new samples.
2026-05-13 20:54:12,566 [INFO] Edge 2: Balanced replay 15000->60000 (4x) for 251481 new samples.
2026-05-13 20:56:08,333 [INFO]   [Eval] Task 1, R 30: Acc: 64.08% | Prec-Mac: 60.36% | Rec-Mac: 74.58% | Mi-F1: 64.08% | Ma-F1: 59.32% | We-F1: 67.21% | Loss: 2.5378
2026-05-13 20:56:08,897 [INFO]   [CKPT] Saved: ckpt_icarl_task01_r030_global070_acc64.1.pth
2026-05-13 20:56:08,897 [INFO] 
--- Task 1, Round 31/80 (Global 71) ---
2026-05-13 20:56:08,952 [INFO] Edge 0: Balanced replay 15000->60000 (4x) for 251481 new samples.
2026-05-13 20:56:13,900 [INFO] Edge 1: Balanced replay 15000->60000 (4x) for 251481 new samples.
2026-05-13 20:56:18,964 [INFO] Edge 2: Balanced replay 15000->60000 (4x) for 251479 new samples.
2026-05-13 20:58:14,496 [INFO]   [Eval] Task 1, R 31: Acc: 64.52% | Prec-Mac: 61.14% | Rec-Mac: 75.16% | Mi-F1: 64.52% | Ma-F1: 59.68% | We-F1: 67.96% | Loss: 2.5267
2026-05-13 20:58:15,053 [INFO]   [CKPT] Saved: ckpt_icarl_task01_r031_global071_acc64.5.pth
2026-05-13 20:58:15,053 [INFO] 
--- Task 1, Round 32/80 (Global 72) ---
2026-05-13 20:58:15,108 [INFO] Edge 0: Balanced replay 15000->60000 (4x) for 251482 new samples.
2026-05-13 20:58:20,208 [INFO] Edge 1: Balanced replay 15000->60000 (4x) for 251481 new samples.
2026-05-13 20:58:25,032 [INFO] Edge 2: Balanced replay 15000->60000 (4x) for 251480 new samples.
2026-05-13 21:00:20,348 [INFO]   [Eval] Task 1, R 32: Acc: 64.02% | Prec-Mac: 59.98% | Rec-Mac: 74.56% | Mi-F1: 64.02% | Ma-F1: 59.03% | We-F1: 67.08% | Loss: 2.5614
2026-05-13 21:00:20,928 [INFO]   [CKPT] Saved: ckpt_icarl_task01_r032_global072_acc64.0.pth
2026-05-13 21:00:20,928 [INFO] 
--- Task 1, Round 33/80 (Global 73) ---
2026-05-13 21:00:20,986 [INFO] Edge 0: Balanced replay 15000->60000 (4x) for 251481 new samples.
2026-05-13 21:00:26,158 [INFO] Edge 1: Balanced replay 15000->60000 (4x) for 251482 new samples.
2026-05-13 21:00:31,035 [INFO] Edge 2: Balanced replay 15000->60000 (4x) for 251481 new samples.
2026-05-13 21:02:27,341 [INFO]   [Eval] Task 1, R 33: Acc: 64.40% | Prec-Mac: 60.99% | Rec-Mac: 75.01% | Mi-F1: 64.40% | Ma-F1: 59.56% | We-F1: 67.74% | Loss: 2.5210
2026-05-13 21:02:27,897 [INFO]   [CKPT] Saved: ckpt_icarl_task01_r033_global073_acc64.4.pth
2026-05-13 21:02:27,898 [INFO] 
--- Task 1, Round 34/80 (Global 74) ---
2026-05-13 21:02:27,957 [INFO] Edge 0: Balanced replay 15000->60000 (4x) for 251482 new samples.
2026-05-13 21:02:33,130 [INFO] Edge 1: Balanced replay 15000->60000 (4x) for 251481 new samples.
2026-05-13 21:02:37,917 [INFO] Edge 2: Balanced replay 15000->60000 (4x) for 251480 new samples.
2026-05-13 21:04:32,785 [INFO]   [Eval] Task 1, R 34: Acc: 64.09% | Prec-Mac: 60.63% | Rec-Mac: 74.57% | Mi-F1: 64.09% | Ma-F1: 59.43% | We-F1: 67.46% | Loss: 2.5024
2026-05-13 21:04:33,327 [INFO]   [CKPT] Saved: ckpt_icarl_task01_r034_global074_acc64.1.pth
2026-05-13 21:04:33,327 [INFO] 
--- Task 1, Round 35/80 (Global 75) ---
2026-05-13 21:04:33,380 [INFO] Edge 0: Balanced replay 15000->60000 (4x) for 251481 new samples.
2026-05-13 21:04:38,243 [INFO] Edge 1: Balanced replay 15000->60000 (4x) for 251482 new samples.
2026-05-13 21:04:43,284 [INFO] Edge 2: Balanced replay 15000->60000 (4x) for 251482 new samples.
2026-05-13 21:06:38,375 [INFO]   [Eval] Task 1, R 35: Acc: 63.91% | Prec-Mac: 60.28% | Rec-Mac: 74.58% | Mi-F1: 63.91% | Ma-F1: 59.17% | We-F1: 67.07% | Loss: 2.5865
2026-05-13 21:06:38,927 [INFO]   [CKPT] Saved: ckpt_icarl_task01_r035_global075_acc63.9.pth
2026-05-13 21:06:38,927 [INFO] 
--- Task 1, Round 36/80 (Global 76) ---
2026-05-13 21:06:38,982 [INFO] Edge 0: Balanced replay 15000->60000 (4x) for 251481 new samples.
2026-05-13 21:06:43,979 [INFO] Edge 1: Balanced replay 15000->60000 (4x) for 251480 new samples.
2026-05-13 21:06:48,979 [INFO] Edge 2: Balanced replay 15000->60000 (4x) for 251480 new samples.
2026-05-13 21:08:43,924 [INFO]   [Eval] Task 1, R 36: Acc: 64.36% | Prec-Mac: 60.96% | Rec-Mac: 75.15% | Mi-F1: 64.36% | Ma-F1: 59.62% | We-F1: 67.55% | Loss: 2.5145
2026-05-13 21:08:44,469 [INFO]   [CKPT] Saved: ckpt_icarl_task01_r036_global076_acc64.4.pth
2026-05-13 21:08:44,469 [INFO] 
--- Task 1, Round 37/80 (Global 77) ---
2026-05-13 21:08:44,525 [INFO] Edge 0: Balanced replay 15000->60000 (4x) for 251481 new samples.
2026-05-13 21:08:49,642 [INFO] Edge 1: Balanced replay 15000->60000 (4x) for 251480 new samples.
2026-05-13 21:08:54,434 [INFO] Edge 2: Balanced replay 15000->60000 (4x) for 251479 new samples.
2026-05-13 21:10:49,300 [INFO]   [Eval] Task 1, R 37: Acc: 64.17% | Prec-Mac: 60.57% | Rec-Mac: 74.71% | Mi-F1: 64.17% | Ma-F1: 59.48% | We-F1: 67.49% | Loss: 2.5310
2026-05-13 21:10:49,886 [INFO]   [CKPT] Saved: ckpt_icarl_task01_r037_global077_acc64.2.pth
2026-05-13 21:10:49,886 [INFO] 
--- Task 1, Round 38/80 (Global 78) ---
2026-05-13 21:10:49,941 [INFO] Edge 0: Balanced replay 15000->60000 (4x) for 251482 new samples.
2026-05-13 21:10:55,129 [INFO] Edge 1: Balanced replay 15000->60000 (4x) for 251480 new samples.
2026-05-13 21:10:59,972 [INFO] Edge 2: Balanced replay 15000->60000 (4x) for 251479 new samples.
2026-05-13 21:12:54,962 [INFO]   [Eval] Task 1, R 38: Acc: 63.97% | Prec-Mac: 60.39% | Rec-Mac: 74.57% | Mi-F1: 63.97% | Ma-F1: 59.28% | We-F1: 67.24% | Loss: 2.5477
2026-05-13 21:12:55,520 [INFO]   [CKPT] Saved: ckpt_icarl_task01_r038_global078_acc64.0.pth
2026-05-13 21:12:55,520 [INFO] 
--- Task 1, Round 39/80 (Global 79) ---
2026-05-13 21:12:55,583 [INFO] Edge 0: Balanced replay 15000->60000 (4x) for 251481 new samples.
2026-05-13 21:13:00,240 [INFO] Edge 1: Balanced replay 15000->60000 (4x) for 251481 new samples.
2026-05-13 21:13:05,050 [INFO] Edge 2: Balanced replay 15000->60000 (4x) for 251481 new samples.
2026-05-13 21:15:00,112 [INFO]   [Eval] Task 1, R 39: Acc: 63.95% | Prec-Mac: 60.96% | Rec-Mac: 74.61% | Mi-F1: 63.95% | Ma-F1: 59.73% | We-F1: 67.17% | Loss: 2.5721
2026-05-13 21:15:00,663 [INFO]   [CKPT] Saved: ckpt_icarl_task01_r039_global079_acc64.0.pth
2026-05-13 21:15:00,664 [INFO] 
--- Task 1, Round 40/80 (Global 80) ---
2026-05-13 21:15:00,722 [INFO] Edge 0: Balanced replay 15000->60000 (4x) for 251481 new samples.
2026-05-13 21:15:05,679 [INFO] Edge 1: Balanced replay 15000->60000 (4x) for 251482 new samples.
2026-05-13 21:15:10,580 [INFO] Edge 2: Balanced replay 15000->60000 (4x) for 251480 new samples.
2026-05-13 21:17:07,325 [INFO]   [Eval] Task 1, R 40: Acc: 63.46% | Prec-Mac: 60.13% | Rec-Mac: 74.28% | Mi-F1: 63.46% | Ma-F1: 58.90% | We-F1: 66.53% | Loss: 2.5913
2026-05-13 21:17:07,880 [INFO]   [CKPT] Saved: ckpt_icarl_task01_r040_global080_acc63.5.pth
2026-05-13 21:17:07,880 [INFO] 
--- Task 1, Round 41/80 (Global 81) ---
2026-05-13 21:17:07,881 [INFO]    [LR DECAY] Round 40 reached milestone: New LR = 0.002
2026-05-13 21:17:07,939 [INFO] Edge 0: Balanced replay 15000->60000 (4x) for 251482 new samples.
2026-05-13 21:17:13,168 [INFO] Edge 1: Balanced replay 15000->60000 (4x) for 251480 new samples.
2026-05-13 21:17:18,156 [INFO] Edge 2: Balanced replay 15000->60000 (4x) for 251480 new samples.
2026-05-13 21:19:17,775 [INFO]   [Eval] Task 1, R 41: Acc: 63.68% | Prec-Mac: 60.68% | Rec-Mac: 74.46% | Mi-F1: 63.68% | Ma-F1: 59.36% | We-F1: 67.01% | Loss: 2.5529
2026-05-13 21:19:18,335 [INFO]   [CKPT] Saved: ckpt_icarl_task01_r041_global081_acc63.7.pth
2026-05-13 21:19:18,336 [INFO] 
--- Task 1, Round 42/80 (Global 82) ---
2026-05-13 21:19:18,398 [INFO] Edge 0: Balanced replay 15000->60000 (4x) for 251482 new samples.
2026-05-13 21:19:23,622 [INFO] Edge 1: Balanced replay 15000->60000 (4x) for 251482 new samples.
2026-05-13 21:19:28,375 [INFO] Edge 2: Balanced replay 15000->60000 (4x) for 251480 new samples.
2026-05-13 21:21:29,225 [INFO]   [Eval] Task 1, R 42: Acc: 63.76% | Prec-Mac: 60.73% | Rec-Mac: 74.52% | Mi-F1: 63.76% | Ma-F1: 59.44% | We-F1: 67.10% | Loss: 2.5754
2026-05-13 21:21:29,827 [INFO]   [CKPT] Saved: ckpt_icarl_task01_r042_global082_acc63.8.pth
2026-05-13 21:21:29,827 [INFO] 
--- Task 1, Round 43/80 (Global 83) ---
2026-05-13 21:21:29,886 [INFO] Edge 0: Balanced replay 15000->60000 (4x) for 251483 new samples.
2026-05-13 21:21:35,302 [INFO] Edge 1: Balanced replay 15000->60000 (4x) for 251481 new samples.
2026-05-13 21:21:40,816 [INFO] Edge 2: Balanced replay 15000->60000 (4x) for 251479 new samples.
2026-05-13 21:23:44,298 [INFO]   [Eval] Task 1, R 43: Acc: 63.49% | Prec-Mac: 60.76% | Rec-Mac: 74.41% | Mi-F1: 63.49% | Ma-F1: 59.34% | We-F1: 66.80% | Loss: 2.5998
2026-05-13 21:23:44,898 [INFO]   [CKPT] Saved: ckpt_icarl_task01_r043_global083_acc63.5.pth
2026-05-13 21:23:44,899 [INFO] 
--- Task 1, Round 44/80 (Global 84) ---
2026-05-13 21:23:44,957 [INFO] Edge 0: Balanced replay 15000->60000 (4x) for 251480 new samples.
2026-05-13 21:23:50,363 [INFO] Edge 1: Balanced replay 15000->60000 (4x) for 251480 new samples.
2026-05-13 21:23:55,971 [INFO] Edge 2: Balanced replay 15000->60000 (4x) for 251480 new samples.
2026-05-13 21:26:03,314 [INFO]   [Eval] Task 1, R 44: Acc: 63.38% | Prec-Mac: 60.68% | Rec-Mac: 74.35% | Mi-F1: 63.38% | Ma-F1: 59.24% | We-F1: 66.66% | Loss: 2.5893
2026-05-13 21:26:03,886 [INFO]   [CKPT] Saved: ckpt_icarl_task01_r044_global084_acc63.4.pth
2026-05-13 21:26:03,887 [INFO] 
--- Task 1, Round 45/80 (Global 85) ---
2026-05-13 21:26:03,945 [INFO] Edge 0: Balanced replay 15000->60000 (4x) for 251482 new samples.
2026-05-13 21:26:09,558 [INFO] Edge 1: Balanced replay 15000->60000 (4x) for 251481 new samples.
2026-05-13 21:26:14,889 [INFO] Edge 2: Balanced replay 15000->60000 (4x) for 251480 new samples.
2026-05-13 21:28:24,095 [INFO]   [Eval] Task 1, R 45: Acc: 63.50% | Prec-Mac: 60.80% | Rec-Mac: 74.38% | Mi-F1: 63.50% | Ma-F1: 59.36% | We-F1: 66.87% | Loss: 2.5966
2026-05-13 21:28:24,731 [INFO]   [CKPT] Saved: ckpt_icarl_task01_r045_global085_acc63.5.pth
2026-05-13 21:28:24,731 [INFO] 
--- Task 1, Round 46/80 (Global 86) ---
2026-05-13 21:28:24,790 [INFO] Edge 0: Balanced replay 15000->60000 (4x) for 251482 new samples.
2026-05-13 21:28:30,407 [INFO] Edge 1: Balanced replay 15000->60000 (4x) for 251480 new samples.
2026-05-13 21:28:35,781 [INFO] Edge 2: Balanced replay 15000->60000 (4x) for 251480 new samples.
2026-05-13 21:30:42,923 [INFO]   [Eval] Task 1, R 46: Acc: 63.33% | Prec-Mac: 60.50% | Rec-Mac: 74.31% | Mi-F1: 63.33% | Ma-F1: 59.08% | We-F1: 66.60% | Loss: 2.5872
2026-05-13 21:30:43,601 [INFO]   [CKPT] Saved: ckpt_icarl_task01_r046_global086_acc63.3.pth
2026-05-13 21:30:43,601 [INFO] 
--- Task 1, Round 47/80 (Global 87) ---
2026-05-13 21:30:43,672 [INFO] Edge 0: Balanced replay 15000->60000 (4x) for 251482 new samples.
2026-05-13 21:30:49,041 [INFO] Edge 1: Balanced replay 15000->60000 (4x) for 251480 new samples.
2026-05-13 21:30:54,291 [INFO] Edge 2: Balanced replay 15000->60000 (4x) for 251480 new samples.
2026-05-13 21:33:02,595 [INFO]   [Eval] Task 1, R 47: Acc: 63.15% | Prec-Mac: 60.55% | Rec-Mac: 74.27% | Mi-F1: 63.15% | Ma-F1: 59.05% | We-F1: 66.37% | Loss: 2.6230
2026-05-13 21:33:03,209 [INFO]   [CKPT] Saved: ckpt_icarl_task01_r047_global087_acc63.1.pth
2026-05-13 21:33:03,210 [INFO] 
--- Task 1, Round 48/80 (Global 88) ---
2026-05-13 21:33:03,269 [INFO] Edge 0: Balanced replay 15000->60000 (4x) for 251482 new samples.
2026-05-13 21:33:08,838 [INFO] Edge 1: Balanced replay 15000->60000 (4x) for 251480 new samples.
2026-05-13 21:33:14,230 [INFO] Edge 2: Balanced replay 15000->60000 (4x) for 251482 new samples.
2026-05-13 21:35:24,666 [INFO]   [Eval] Task 1, R 48: Acc: 62.99% | Prec-Mac: 60.42% | Rec-Mac: 74.15% | Mi-F1: 62.99% | Ma-F1: 58.88% | We-F1: 66.17% | Loss: 2.6128
2026-05-13 21:35:25,263 [INFO]   [CKPT] Saved: ckpt_icarl_task01_r048_global088_acc63.0.pth
2026-05-13 21:35:25,263 [INFO] 
--- Task 1, Round 49/80 (Global 89) ---
2026-05-13 21:35:25,328 [INFO] Edge 0: Balanced replay 15000->60000 (4x) for 251481 new samples.
2026-05-13 21:35:30,757 [INFO] Edge 1: Balanced replay 15000->60000 (4x) for 251481 new samples.
2026-05-13 21:35:36,029 [INFO] Edge 2: Balanced replay 15000->60000 (4x) for 251481 new samples.
2026-05-13 21:37:46,964 [INFO]   [Eval] Task 1, R 49: Acc: 63.06% | Prec-Mac: 60.60% | Rec-Mac: 74.21% | Mi-F1: 63.06% | Ma-F1: 59.04% | We-F1: 66.29% | Loss: 2.6310
2026-05-13 21:37:47,590 [INFO]   [CKPT] Saved: ckpt_icarl_task01_r049_global089_acc63.1.pth
2026-05-13 21:37:47,591 [INFO] 
--- Task 1, Round 50/80 (Global 90) ---
2026-05-13 21:37:47,655 [INFO] Edge 0: Balanced replay 15000->60000 (4x) for 251482 new samples.
2026-05-13 21:37:53,361 [INFO] Edge 1: Balanced replay 15000->60000 (4x) for 251481 new samples.
2026-05-13 21:37:58,800 [INFO] Edge 2: Balanced replay 15000->60000 (4x) for 251481 new samples.
2026-05-13 21:40:12,489 [INFO]   [Eval] Task 1, R 50: Acc: 62.78% | Prec-Mac: 60.32% | Rec-Mac: 74.07% | Mi-F1: 62.78% | Ma-F1: 58.72% | We-F1: 65.91% | Loss: 2.6181
2026-05-13 21:40:13,148 [INFO]   [CKPT] Saved: ckpt_icarl_task01_r050_global090_acc62.8.pth
2026-05-13 21:40:13,149 [INFO] 
--- Task 1, Round 51/80 (Global 91) ---
2026-05-13 21:40:13,211 [INFO] Edge 0: Balanced replay 15000->60000 (4x) for 251482 new samples.
2026-05-13 21:40:18,671 [INFO] Edge 1: Balanced replay 15000->60000 (4x) for 251480 new samples.
2026-05-13 21:40:24,103 [INFO] Edge 2: Balanced replay 15000->60000 (4x) for 251482 new samples.
2026-05-13 21:42:37,278 [INFO]   [Eval] Task 1, R 51: Acc: 63.05% | Prec-Mac: 60.47% | Rec-Mac: 74.19% | Mi-F1: 63.05% | Ma-F1: 58.95% | We-F1: 66.24% | Loss: 2.6184
2026-05-13 21:42:37,926 [INFO]   [CKPT] Saved: ckpt_icarl_task01_r051_global091_acc63.0.pth
2026-05-13 21:42:37,927 [INFO] 
--- Task 1, Round 52/80 (Global 92) ---
2026-05-13 21:42:37,990 [INFO] Edge 0: Balanced replay 15000->60000 (4x) for 251482 new samples.
2026-05-13 21:42:43,907 [INFO] Edge 1: Balanced replay 15000->60000 (4x) for 251480 new samples.
2026-05-13 21:42:49,573 [INFO] Edge 2: Balanced replay 15000->60000 (4x) for 251480 new samples.
2026-05-13 21:45:04,554 [INFO]   [Eval] Task 1, R 52: Acc: 62.60% | Prec-Mac: 60.30% | Rec-Mac: 74.01% | Mi-F1: 62.60% | Ma-F1: 58.64% | We-F1: 65.69% | Loss: 2.6250
2026-05-13 21:45:05,162 [INFO]   [CKPT] Saved: ckpt_icarl_task01_r052_global092_acc62.6.pth
2026-05-13 21:45:05,162 [INFO] 
--- Task 1, Round 53/80 (Global 93) ---
2026-05-13 21:45:05,221 [INFO] Edge 0: Balanced replay 15000->60000 (4x) for 251482 new samples.
2026-05-13 21:45:10,784 [INFO] Edge 1: Balanced replay 15000->60000 (4x) for 251481 new samples.
2026-05-13 21:45:16,253 [INFO] Edge 2: Balanced replay 15000->60000 (4x) for 251480 new samples.
2026-05-13 21:47:26,763 [INFO]   [Eval] Task 1, R 53: Acc: 62.57% | Prec-Mac: 60.33% | Rec-Mac: 73.98% | Mi-F1: 62.57% | Ma-F1: 58.63% | We-F1: 65.69% | Loss: 2.6318
2026-05-13 21:47:27,388 [INFO]   [CKPT] Saved: ckpt_icarl_task01_r053_global093_acc62.6.pth
2026-05-13 21:47:27,389 [INFO] 
--- Task 1, Round 54/80 (Global 94) ---
2026-05-13 21:47:27,463 [INFO] Edge 0: Balanced replay 15000->60000 (4x) for 251482 new samples.
2026-05-13 21:47:33,125 [INFO] Edge 1: Balanced replay 15000->60000 (4x) for 251479 new samples.
2026-05-13 21:47:38,532 [INFO] Edge 2: Balanced replay 15000->60000 (4x) for 251482 new samples.
2026-05-13 21:49:49,982 [INFO]   [Eval] Task 1, R 54: Acc: 62.56% | Prec-Mac: 60.31% | Rec-Mac: 73.96% | Mi-F1: 62.56% | Ma-F1: 58.62% | We-F1: 65.64% | Loss: 2.6191
2026-05-13 21:49:50,644 [INFO]   [CKPT] Saved: ckpt_icarl_task01_r054_global094_acc62.6.pth
2026-05-13 21:49:50,644 [INFO] 
--- Task 1, Round 55/80 (Global 95) ---
2026-05-13 21:49:50,704 [INFO] Edge 0: Balanced replay 15000->60000 (4x) for 251481 new samples.
2026-05-13 21:49:56,173 [INFO] Edge 1: Balanced replay 15000->60000 (4x) for 251482 new samples.
2026-05-13 21:50:01,682 [INFO] Edge 2: Balanced replay 15000->60000 (4x) for 251480 new samples.
2026-05-13 21:52:12,561 [INFO]   [Eval] Task 1, R 55: Acc: 62.69% | Prec-Mac: 60.24% | Rec-Mac: 74.00% | Mi-F1: 62.69% | Ma-F1: 58.61% | We-F1: 65.82% | Loss: 2.6191
2026-05-13 21:52:13,205 [INFO]   [CKPT] Saved: ckpt_icarl_task01_r055_global095_acc62.7.pth
2026-05-13 21:52:13,205 [INFO] 
--- Task 1, Round 56/80 (Global 96) ---
2026-05-13 21:52:13,265 [INFO] Edge 0: Balanced replay 15000->60000 (4x) for 251480 new samples.
2026-05-13 21:52:18,844 [INFO] Edge 1: Balanced replay 15000->60000 (4x) for 251480 new samples.
2026-05-13 21:52:24,625 [INFO] Edge 2: Balanced replay 15000->60000 (4x) for 251482 new samples.
2026-05-13 21:54:36,951 [INFO]   [Eval] Task 1, R 56: Acc: 62.44% | Prec-Mac: 60.14% | Rec-Mac: 73.95% | Mi-F1: 62.44% | Ma-F1: 58.44% | We-F1: 65.50% | Loss: 2.6533
2026-05-13 21:54:37,614 [INFO]   [CKPT] Saved: ckpt_icarl_task01_r056_global096_acc62.4.pth
2026-05-13 21:54:37,614 [INFO] 
--- Task 1, Round 57/80 (Global 97) ---
2026-05-13 21:54:37,673 [INFO] Edge 0: Balanced replay 15000->60000 (4x) for 251480 new samples.
2026-05-13 21:54:43,318 [INFO] Edge 1: Balanced replay 15000->60000 (4x) for 251482 new samples.
2026-05-13 21:54:48,748 [INFO] Edge 2: Balanced replay 15000->60000 (4x) for 251480 new samples.
2026-05-13 21:57:01,955 [INFO]   [Eval] Task 1, R 57: Acc: 62.37% | Prec-Mac: 60.23% | Rec-Mac: 73.92% | Mi-F1: 62.37% | Ma-F1: 58.47% | We-F1: 65.43% | Loss: 2.6561
2026-05-13 21:57:02,626 [INFO]   [CKPT] Saved: ckpt_icarl_task01_r057_global097_acc62.4.pth
2026-05-13 21:57:02,627 [INFO] 
--- Task 1, Round 58/80 (Global 98) ---
2026-05-13 21:57:02,692 [INFO] Edge 0: Balanced replay 15000->60000 (4x) for 251482 new samples.
2026-05-13 21:57:08,120 [INFO] Edge 1: Balanced replay 15000->60000 (4x) for 251480 new samples.
2026-05-13 21:57:13,407 [INFO] Edge 2: Balanced replay 15000->60000 (4x) for 251479 new samples.
2026-05-13 21:59:26,045 [INFO]   [Eval] Task 1, R 58: Acc: 62.36% | Prec-Mac: 60.20% | Rec-Mac: 73.91% | Mi-F1: 62.36% | Ma-F1: 58.46% | We-F1: 65.39% | Loss: 2.6508
2026-05-13 21:59:26,699 [INFO]   [CKPT] Saved: ckpt_icarl_task01_r058_global098_acc62.4.pth
2026-05-13 21:59:26,699 [INFO] 
--- Task 1, Round 59/80 (Global 99) ---
2026-05-13 21:59:26,765 [INFO] Edge 0: Balanced replay 15000->60000 (4x) for 251483 new samples.
2026-05-13 21:59:32,022 [INFO] Edge 1: Balanced replay 15000->60000 (4x) for 251482 new samples.
2026-05-13 21:59:37,514 [INFO] Edge 2: Balanced replay 15000->60000 (4x) for 251480 new samples.
2026-05-13 22:01:50,138 [INFO]   [Eval] Task 1, R 59: Acc: 62.49% | Prec-Mac: 60.13% | Rec-Mac: 73.99% | Mi-F1: 62.49% | Ma-F1: 58.46% | We-F1: 65.53% | Loss: 2.6468
2026-05-13 22:01:50,760 [INFO]   [CKPT] Saved: ckpt_icarl_task01_r059_global099_acc62.5.pth
2026-05-13 22:01:50,760 [INFO] 
--- Task 1, Round 60/80 (Global 100) ---
2026-05-13 22:01:50,818 [INFO] Edge 0: Balanced replay 15000->60000 (4x) for 251481 new samples.
2026-05-13 22:01:56,518 [INFO] Edge 1: Balanced replay 15000->60000 (4x) for 251480 new samples.
2026-05-13 22:02:02,121 [INFO] Edge 2: Balanced replay 15000->60000 (4x) for 251481 new samples.
2026-05-13 22:04:14,503 [INFO]   [Eval] Task 1, R 60: Acc: 62.45% | Prec-Mac: 60.22% | Rec-Mac: 73.92% | Mi-F1: 62.45% | Ma-F1: 58.50% | We-F1: 65.52% | Loss: 2.6458
2026-05-13 22:04:15,107 [INFO]   [CKPT] Saved: ckpt_icarl_task01_r060_global100_acc62.4.pth
2026-05-13 22:04:15,107 [INFO] 
--- Task 1, Round 61/80 (Global 101) ---
2026-05-13 22:04:15,107 [INFO]    [LR DECAY] Round 60 reached milestone: New LR = 0.0002
2026-05-13 22:04:15,167 [INFO] Edge 0: Balanced replay 15000->60000 (4x) for 251483 new samples.
2026-05-13 22:04:20,767 [INFO] Edge 1: Balanced replay 15000->60000 (4x) for 251480 new samples.
2026-05-13 22:04:26,229 [INFO] Edge 2: Balanced replay 15000->60000 (4x) for 251482 new samples.
2026-05-13 22:06:39,123 [INFO]   [Eval] Task 1, R 61: Acc: 62.38% | Prec-Mac: 60.24% | Rec-Mac: 73.90% | Mi-F1: 62.38% | Ma-F1: 58.48% | We-F1: 65.45% | Loss: 2.6541
2026-05-13 22:06:39,777 [INFO]   [CKPT] Saved: ckpt_icarl_task01_r061_global101_acc62.4.pth
2026-05-13 22:06:39,778 [INFO] 
--- Task 1, Round 62/80 (Global 102) ---
2026-05-13 22:06:39,837 [INFO] Edge 0: Balanced replay 15000->60000 (4x) for 251483 new samples.
2026-05-13 22:06:45,582 [INFO] Edge 1: Balanced replay 15000->60000 (4x) for 251481 new samples.
2026-05-13 22:06:50,942 [INFO] Edge 2: Balanced replay 15000->60000 (4x) for 251481 new samples.
2026-05-13 22:09:04,398 [INFO]   [Eval] Task 1, R 62: Acc: 62.29% | Prec-Mac: 60.25% | Rec-Mac: 73.89% | Mi-F1: 62.29% | Ma-F1: 58.44% | We-F1: 65.36% | Loss: 2.6687
2026-05-13 22:09:05,062 [INFO]   [CKPT] Saved: ckpt_icarl_task01_r062_global102_acc62.3.pth
2026-05-13 22:09:05,063 [INFO] 
--- Task 1, Round 63/80 (Global 103) ---
2026-05-13 22:09:05,132 [INFO] Edge 0: Balanced replay 15000->60000 (4x) for 251481 new samples.
2026-05-13 22:09:10,723 [INFO] Edge 1: Balanced replay 15000->60000 (4x) for 251480 new samples.
2026-05-13 22:09:16,385 [INFO] Edge 2: Balanced replay 15000->60000 (4x) for 251482 new samples.
2026-05-13 22:11:29,962 [INFO]   [Eval] Task 1, R 63: Acc: 62.37% | Prec-Mac: 60.28% | Rec-Mac: 73.91% | Mi-F1: 62.37% | Ma-F1: 58.50% | We-F1: 65.45% | Loss: 2.6651
2026-05-13 22:11:30,643 [INFO]   [CKPT] Saved: ckpt_icarl_task01_r063_global103_acc62.4.pth
2026-05-13 22:11:30,643 [INFO] 
--- Task 1, Round 64/80 (Global 104) ---
2026-05-13 22:11:30,708 [INFO] Edge 0: Balanced replay 15000->60000 (4x) for 251483 new samples.
2026-05-13 22:11:36,452 [INFO] Edge 1: Balanced replay 15000->60000 (4x) for 251481 new samples.
2026-05-13 22:11:42,045 [INFO] Edge 2: Balanced replay 15000->60000 (4x) for 251481 new samples.
2026-05-13 22:13:54,429 [INFO]   [Eval] Task 1, R 64: Acc: 62.45% | Prec-Mac: 60.16% | Rec-Mac: 73.95% | Mi-F1: 62.45% | Ma-F1: 58.45% | We-F1: 65.52% | Loss: 2.6546
2026-05-13 22:13:55,051 [INFO]   [CKPT] Saved: ckpt_icarl_task01_r064_global104_acc62.4.pth
2026-05-13 22:13:55,052 [INFO] 
--- Task 1, Round 65/80 (Global 105) ---
2026-05-13 22:13:55,113 [INFO] Edge 0: Balanced replay 15000->60000 (4x) for 251480 new samples.
2026-05-13 22:14:00,697 [INFO] Edge 1: Balanced replay 15000->60000 (4x) for 251481 new samples.
2026-05-13 22:14:06,156 [INFO] Edge 2: Balanced replay 15000->60000 (4x) for 251482 new samples.
2026-05-13 22:16:18,369 [INFO]   [Eval] Task 1, R 65: Acc: 62.35% | Prec-Mac: 60.20% | Rec-Mac: 73.91% | Mi-F1: 62.35% | Ma-F1: 58.44% | We-F1: 65.42% | Loss: 2.6633
2026-05-13 22:16:18,966 [INFO]   [CKPT] Saved: ckpt_icarl_task01_r065_global105_acc62.3.pth
2026-05-13 22:16:18,966 [INFO] 
--- Task 1, Round 66/80 (Global 106) ---
2026-05-13 22:16:19,025 [INFO] Edge 0: Balanced replay 15000->60000 (4x) for 251481 new samples.
2026-05-13 22:16:24,588 [INFO] Edge 1: Balanced replay 15000->60000 (4x) for 251482 new samples.
2026-05-13 22:16:29,959 [INFO] Edge 2: Balanced replay 15000->60000 (4x) for 251479 new samples.
2026-05-13 22:18:39,689 [INFO]   [Eval] Task 1, R 66: Acc: 62.42% | Prec-Mac: 60.17% | Rec-Mac: 73.96% | Mi-F1: 62.42% | Ma-F1: 58.45% | We-F1: 65.48% | Loss: 2.6635
2026-05-13 22:18:40,311 [INFO]   [CKPT] Saved: ckpt_icarl_task01_r066_global106_acc62.4.pth
2026-05-13 22:18:40,311 [INFO] 
--- Task 1, Round 67/80 (Global 107) ---
2026-05-13 22:18:40,372 [INFO] Edge 0: Balanced replay 15000->60000 (4x) for 251480 new samples.
2026-05-13 22:18:45,899 [INFO] Edge 1: Balanced replay 15000->60000 (4x) for 251480 new samples.
2026-05-13 22:18:51,405 [INFO] Edge 2: Balanced replay 15000->60000 (4x) for 251481 new samples.
2026-05-13 22:21:02,309 [INFO]   [Eval] Task 1, R 67: Acc: 62.44% | Prec-Mac: 60.16% | Rec-Mac: 73.95% | Mi-F1: 62.44% | Ma-F1: 58.45% | We-F1: 65.52% | Loss: 2.6572
2026-05-13 22:21:02,954 [INFO]   [CKPT] Saved: ckpt_icarl_task01_r067_global107_acc62.4.pth
2026-05-13 22:21:02,954 [INFO] 
--- Task 1, Round 68/80 (Global 108) ---
2026-05-13 22:21:03,014 [INFO] Edge 0: Balanced replay 15000->60000 (4x) for 251483 new samples.
2026-05-13 22:21:08,498 [INFO] Edge 1: Balanced replay 15000->60000 (4x) for 251481 new samples.
2026-05-13 22:21:13,980 [INFO] Edge 2: Balanced replay 15000->60000 (4x) for 251480 new samples.
2026-05-13 22:23:26,251 [INFO]   [Eval] Task 1, R 68: Acc: 62.43% | Prec-Mac: 60.16% | Rec-Mac: 73.95% | Mi-F1: 62.43% | Ma-F1: 58.45% | We-F1: 65.48% | Loss: 2.6598
2026-05-13 22:23:26,894 [INFO]   [CKPT] Saved: ckpt_icarl_task01_r068_global108_acc62.4.pth
2026-05-13 22:23:26,894 [INFO] 
--- Task 1, Round 69/80 (Global 109) ---
2026-05-13 22:23:26,961 [INFO] Edge 0: Balanced replay 15000->60000 (4x) for 251480 new samples.
2026-05-13 22:23:32,465 [INFO] Edge 1: Balanced replay 15000->60000 (4x) for 251481 new samples.
2026-05-13 22:23:37,833 [INFO] Edge 2: Balanced replay 15000->60000 (4x) for 251479 new samples.
2026-05-13 22:25:51,175 [INFO]   [Eval] Task 1, R 69: Acc: 62.41% | Prec-Mac: 60.13% | Rec-Mac: 73.94% | Mi-F1: 62.41% | Ma-F1: 58.41% | We-F1: 65.47% | Loss: 2.6560
2026-05-13 22:25:51,836 [INFO]   [CKPT] Saved: ckpt_icarl_task01_r069_global109_acc62.4.pth
2026-05-13 22:25:51,836 [INFO] 
--- Task 1, Round 70/80 (Global 110) ---
2026-05-13 22:25:51,896 [INFO] Edge 0: Balanced replay 15000->60000 (4x) for 251482 new samples.
2026-05-13 22:25:57,699 [INFO] Edge 1: Balanced replay 15000->60000 (4x) for 251482 new samples.
2026-05-13 22:26:03,135 [INFO] Edge 2: Balanced replay 15000->60000 (4x) for 251480 new samples.
2026-05-13 22:28:16,563 [INFO]   [Eval] Task 1, R 70: Acc: 62.38% | Prec-Mac: 60.22% | Rec-Mac: 73.92% | Mi-F1: 62.38% | Ma-F1: 58.47% | We-F1: 65.45% | Loss: 2.6710
2026-05-13 22:28:17,182 [INFO]   [CKPT] Saved: ckpt_icarl_task01_r070_global110_acc62.4.pth
2026-05-13 22:28:17,183 [INFO] 
--- Task 1, Round 71/80 (Global 111) ---
2026-05-13 22:28:17,241 [INFO] Edge 0: Balanced replay 15000->60000 (4x) for 251482 new samples.
2026-05-13 22:28:22,710 [INFO] Edge 1: Balanced replay 15000->60000 (4x) for 251480 new samples.
2026-05-13 22:28:28,313 [INFO] Edge 2: Balanced replay 15000->60000 (4x) for 251480 new samples.
2026-05-13 22:30:39,169 [INFO]   [Eval] Task 1, R 71: Acc: 62.41% | Prec-Mac: 60.29% | Rec-Mac: 73.94% | Mi-F1: 62.41% | Ma-F1: 58.53% | We-F1: 65.51% | Loss: 2.6655
2026-05-13 22:30:39,784 [INFO]   [CKPT] Saved: ckpt_icarl_task01_r071_global111_acc62.4.pth
2026-05-13 22:30:39,784 [INFO] 
--- Task 1, Round 72/80 (Global 112) ---
2026-05-13 22:30:39,845 [INFO] Edge 0: Balanced replay 15000->60000 (4x) for 251482 new samples.
2026-05-13 22:30:45,552 [INFO] Edge 1: Balanced replay 15000->60000 (4x) for 251479 new samples.
2026-05-13 22:30:51,067 [INFO] Edge 2: Balanced replay 15000->60000 (4x) for 251480 new samples.
2026-05-13 22:33:02,742 [INFO]   [Eval] Task 1, R 72: Acc: 62.39% | Prec-Mac: 60.14% | Rec-Mac: 73.93% | Mi-F1: 62.39% | Ma-F1: 58.42% | We-F1: 65.43% | Loss: 2.6640
2026-05-13 22:33:03,341 [INFO]   [CKPT] Saved: ckpt_icarl_task01_r072_global112_acc62.4.pth
2026-05-13 22:33:03,341 [INFO] 
--- Task 1, Round 73/80 (Global 113) ---
2026-05-13 22:33:03,402 [INFO] Edge 0: Balanced replay 15000->60000 (4x) for 251482 new samples.
2026-05-13 22:33:08,954 [INFO] Edge 1: Balanced replay 15000->60000 (4x) for 251480 new samples.
2026-05-13 22:33:14,305 [INFO] Edge 2: Balanced replay 15000->60000 (4x) for 251480 new samples.
2026-05-13 22:35:25,100 [INFO]   [Eval] Task 1, R 73: Acc: 62.40% | Prec-Mac: 60.13% | Rec-Mac: 73.94% | Mi-F1: 62.40% | Ma-F1: 58.41% | We-F1: 65.46% | Loss: 2.6612
2026-05-13 22:35:25,780 [INFO]   [CKPT] Saved: ckpt_icarl_task01_r073_global113_acc62.4.pth
2026-05-13 22:35:25,780 [INFO] 
--- Task 1, Round 74/80 (Global 114) ---
2026-05-13 22:35:25,840 [INFO] Edge 0: Balanced replay 15000->60000 (4x) for 251482 new samples.
2026-05-13 22:35:31,456 [INFO] Edge 1: Balanced replay 15000->60000 (4x) for 251480 new samples.
2026-05-13 22:35:36,735 [INFO] Edge 2: Balanced replay 15000->60000 (4x) for 251481 new samples.
2026-05-13 22:37:43,800 [INFO]   [Eval] Task 1, R 74: Acc: 62.49% | Prec-Mac: 60.17% | Rec-Mac: 73.95% | Mi-F1: 62.49% | Ma-F1: 58.49% | We-F1: 65.56% | Loss: 2.6444
2026-05-13 22:37:44,397 [INFO]   [CKPT] Saved: ckpt_icarl_task01_r074_global114_acc62.5.pth
2026-05-13 22:37:44,398 [INFO] 
--- Task 1, Round 75/80 (Global 115) ---
2026-05-13 22:37:44,462 [INFO] Edge 0: Balanced replay 15000->60000 (4x) for 251483 new samples.
2026-05-13 22:37:49,527 [INFO] Edge 1: Balanced replay 15000->60000 (4x) for 251481 new samples.
2026-05-13 22:37:54,643 [INFO] Edge 2: Balanced replay 15000->60000 (4x) for 251482 new samples.
2026-05-13 22:39:56,017 [INFO]   [Eval] Task 1, R 75: Acc: 62.38% | Prec-Mac: 60.19% | Rec-Mac: 73.93% | Mi-F1: 62.38% | Ma-F1: 58.45% | We-F1: 65.43% | Loss: 2.6657
2026-05-13 22:39:56,625 [INFO]   [CKPT] Saved: ckpt_icarl_task01_r075_global115_acc62.4.pth
2026-05-13 22:39:56,625 [INFO] 
--- Task 1, Round 76/80 (Global 116) ---
2026-05-13 22:39:56,684 [INFO] Edge 0: Balanced replay 15000->60000 (4x) for 251484 new samples.
2026-05-13 22:40:02,005 [INFO] Edge 1: Balanced replay 15000->60000 (4x) for 251481 new samples.
2026-05-13 22:40:07,184 [INFO] Edge 2: Balanced replay 15000->60000 (4x) for 251481 new samples.
2026-05-13 22:42:11,978 [INFO]   [Eval] Task 1, R 76: Acc: 62.49% | Prec-Mac: 60.16% | Rec-Mac: 73.97% | Mi-F1: 62.49% | Ma-F1: 58.47% | We-F1: 65.56% | Loss: 2.6574
2026-05-13 22:42:12,646 [INFO]   [CKPT] Saved: ckpt_icarl_task01_r076_global116_acc62.5.pth
2026-05-13 22:42:12,646 [INFO] 
--- Task 1, Round 77/80 (Global 117) ---
2026-05-13 22:42:12,703 [INFO] Edge 0: Balanced replay 15000->60000 (4x) for 251482 new samples.
2026-05-13 22:42:18,003 [INFO] Edge 1: Balanced replay 15000->60000 (4x) for 251482 new samples.
2026-05-13 22:42:22,948 [INFO] Edge 2: Balanced replay 15000->60000 (4x) for 251481 new samples.
2026-05-13 22:44:31,214 [INFO]   [Eval] Task 1, R 77: Acc: 62.39% | Prec-Mac: 60.21% | Rec-Mac: 73.93% | Mi-F1: 62.39% | Ma-F1: 58.46% | We-F1: 65.45% | Loss: 2.6671
2026-05-13 22:44:31,823 [INFO]   [CKPT] Saved: ckpt_icarl_task01_r077_global117_acc62.4.pth
2026-05-13 22:44:31,823 [INFO] 
--- Task 1, Round 78/80 (Global 118) ---
2026-05-13 22:44:31,880 [INFO] Edge 0: Balanced replay 15000->60000 (4x) for 251482 new samples.
2026-05-13 22:44:37,302 [INFO] Edge 1: Balanced replay 15000->60000 (4x) for 251480 new samples.
2026-05-13 22:44:42,399 [INFO] Edge 2: Balanced replay 15000->60000 (4x) for 251482 new samples.
2026-05-13 22:46:49,089 [INFO]   [Eval] Task 1, R 78: Acc: 62.46% | Prec-Mac: 60.13% | Rec-Mac: 73.96% | Mi-F1: 62.46% | Ma-F1: 58.44% | We-F1: 65.52% | Loss: 2.6535
2026-05-13 22:46:49,725 [INFO]   [CKPT] Saved: ckpt_icarl_task01_r078_global118_acc62.5.pth
2026-05-13 22:46:49,725 [INFO] 
--- Task 1, Round 79/80 (Global 119) ---
2026-05-13 22:46:49,784 [INFO] Edge 0: Balanced replay 15000->60000 (4x) for 251481 new samples.
2026-05-13 22:46:55,192 [INFO] Edge 1: Balanced replay 15000->60000 (4x) for 251480 new samples.
2026-05-13 22:47:00,669 [INFO] Edge 2: Balanced replay 15000->60000 (4x) for 251481 new samples.
2026-05-13 22:49:09,251 [INFO]   [Eval] Task 1, R 79: Acc: 62.41% | Prec-Mac: 60.13% | Rec-Mac: 73.93% | Mi-F1: 62.41% | Ma-F1: 58.41% | We-F1: 65.48% | Loss: 2.6651
2026-05-13 22:49:09,865 [INFO]   [CKPT] Saved: ckpt_icarl_task01_r079_global119_acc62.4.pth
2026-05-13 22:49:09,865 [INFO] 
--- Task 1, Round 80/80 (Global 120) ---
2026-05-13 22:49:09,927 [INFO] Edge 0: Balanced replay 15000->60000 (4x) for 251482 new samples.
2026-05-13 22:51:13,327 [INFO] Edge 0: Memory updated at end of task. Total stored: 14994 samples across 9 classes.
2026-05-13 22:51:13,393 [INFO] Edge 1: Balanced replay 15000->60000 (4x) for 251480 new samples.
2026-05-13 22:53:11,685 [INFO] Edge 1: Memory updated at end of task. Total stored: 14994 samples across 9 classes.
2026-05-13 22:53:11,763 [INFO] Edge 2: Balanced replay 15000->60000 (4x) for 251480 new samples.
2026-05-13 22:55:06,582 [INFO] Edge 2: Memory updated at end of task. Total stored: 14994 samples across 9 classes.
2026-05-13 22:57:07,589 [INFO]   [Eval] Task 1, R 80: Acc: 62.34% | Prec-Mac: 60.14% | Rec-Mac: 73.89% | Mi-F1: 62.34% | Ma-F1: 58.39% | We-F1: 65.40% | Loss: 2.6712
2026-05-13 22:57:08,174 [INFO]   [CKPT] Saved: ckpt_icarl_task01_r080_global120_acc62.3.pth
2026-05-13 22:57:08,174 [INFO] 
Loading data for Task 2 (Classes: [9, 10, 11, 12])...
2026-05-13 22:57:10,510 [INFO] Expanded global model to 13 classes for Task 2
2026-05-13 22:57:10,525 [INFO] 
============================================================
2026-05-13 22:57:10,526 [INFO] Task 2/4 | Classes: [9, 10, 11, 12] | 80 rounds | LR: 0.02
2026-05-13 22:57:10,526 [INFO] ============================================================
2026-05-13 22:57:10,526 [INFO] 
--- Task 2, Round 1/80 (Global 121) ---
2026-05-13 22:59:20,744 [INFO]   [Eval] Task 2, R 1: Acc: 57.25% | Prec-Mac: 39.77% | Rec-Mac: 53.87% | Mi-F1: 57.25% | Ma-F1: 37.93% | We-F1: 61.26% | Loss: 2.7097
2026-05-13 22:59:21,332 [INFO]   [CKPT] Saved: ckpt_icarl_task02_r001_global121_acc57.2.pth
2026-05-13 22:59:21,332 [INFO] 
--- Task 2, Round 2/80 (Global 122) ---
2026-05-13 23:01:29,982 [INFO]   [Eval] Task 2, R 2: Acc: 57.80% | Prec-Mac: 41.97% | Rec-Mac: 62.21% | Mi-F1: 57.80% | Ma-F1: 41.23% | We-F1: 60.74% | Loss: 2.4821
2026-05-13 23:01:30,571 [INFO]   [CKPT] Saved: ckpt_icarl_task02_r002_global122_acc57.8.pth
2026-05-13 23:01:30,571 [INFO] 
--- Task 2, Round 3/80 (Global 123) ---
2026-05-13 23:03:39,150 [INFO]   [Eval] Task 2, R 3: Acc: 57.14% | Prec-Mac: 43.41% | Rec-Mac: 60.74% | Mi-F1: 57.14% | Ma-F1: 39.45% | We-F1: 57.36% | Loss: 2.0893
2026-05-13 23:03:39,790 [INFO]   [CKPT] Saved: ckpt_icarl_task02_r003_global123_acc57.1.pth
2026-05-13 23:03:39,790 [INFO] 
--- Task 2, Round 4/80 (Global 124) ---
2026-05-13 23:05:46,284 [INFO]   [Eval] Task 2, R 4: Acc: 56.95% | Prec-Mac: 39.16% | Rec-Mac: 62.18% | Mi-F1: 56.95% | Ma-F1: 39.19% | We-F1: 57.35% | Loss: 2.0777
2026-05-13 23:05:46,930 [INFO]   [CKPT] Saved: ckpt_icarl_task02_r004_global124_acc56.9.pth
2026-05-13 23:05:46,930 [INFO] 
--- Task 2, Round 5/80 (Global 125) ---
2026-05-13 23:07:55,960 [INFO]   [Eval] Task 2, R 5: Acc: 58.68% | Prec-Mac: 44.82% | Rec-Mac: 64.73% | Mi-F1: 58.68% | Ma-F1: 44.49% | We-F1: 62.24% | Loss: 2.1548
2026-05-13 23:07:56,618 [INFO]   [CKPT] Saved: ckpt_icarl_task02_r005_global125_acc58.7.pth
2026-05-13 23:07:56,618 [INFO] 
--- Task 2, Round 6/80 (Global 126) ---
2026-05-13 23:10:08,474 [INFO]   [Eval] Task 2, R 6: Acc: 58.84% | Prec-Mac: 44.32% | Rec-Mac: 65.62% | Mi-F1: 58.84% | Ma-F1: 44.07% | We-F1: 62.10% | Loss: 2.2592
2026-05-13 23:10:09,058 [INFO]   [CKPT] Saved: ckpt_icarl_task02_r006_global126_acc58.8.pth
2026-05-13 23:10:09,058 [INFO] 
--- Task 2, Round 7/80 (Global 127) ---
2026-05-13 23:12:19,420 [INFO]   [Eval] Task 2, R 7: Acc: 58.41% | Prec-Mac: 45.24% | Rec-Mac: 65.81% | Mi-F1: 58.41% | Ma-F1: 44.90% | We-F1: 62.09% | Loss: 2.2275
2026-05-13 23:12:20,216 [INFO]   [CKPT] Saved: ckpt_icarl_task02_r007_global127_acc58.4.pth
2026-05-13 23:12:20,216 [INFO] 
--- Task 2, Round 8/80 (Global 128) ---
2026-05-13 23:14:30,203 [INFO]   [Eval] Task 2, R 8: Acc: 58.46% | Prec-Mac: 44.86% | Rec-Mac: 66.11% | Mi-F1: 58.46% | Ma-F1: 44.27% | We-F1: 62.12% | Loss: 2.2694
2026-05-13 23:14:30,807 [INFO]   [CKPT] Saved: ckpt_icarl_task02_r008_global128_acc58.5.pth
2026-05-13 23:14:30,807 [INFO] 
--- Task 2, Round 9/80 (Global 129) ---
2026-05-13 23:16:40,711 [INFO]   [Eval] Task 2, R 9: Acc: 57.41% | Prec-Mac: 44.78% | Rec-Mac: 65.70% | Mi-F1: 57.41% | Ma-F1: 43.87% | We-F1: 61.21% | Loss: 2.3709
2026-05-13 23:16:41,298 [INFO]   [CKPT] Saved: ckpt_icarl_task02_r009_global129_acc57.4.pth
2026-05-13 23:16:41,299 [INFO] 
--- Task 2, Round 10/80 (Global 130) ---
2026-05-13 23:18:50,769 [INFO]   [Eval] Task 2, R 10: Acc: 57.37% | Prec-Mac: 44.97% | Rec-Mac: 66.56% | Mi-F1: 57.37% | Ma-F1: 44.05% | We-F1: 60.25% | Loss: 2.4016
2026-05-13 23:18:51,369 [INFO]   [CKPT] Saved: ckpt_icarl_task02_r010_global130_acc57.4.pth
2026-05-13 23:18:51,369 [INFO] 
--- Task 2, Round 11/80 (Global 131) ---
2026-05-13 23:21:00,063 [INFO]   [Eval] Task 2, R 11: Acc: 57.17% | Prec-Mac: 44.55% | Rec-Mac: 65.45% | Mi-F1: 57.17% | Ma-F1: 43.87% | We-F1: 60.94% | Loss: 2.3405
2026-05-13 23:21:00,713 [INFO]   [CKPT] Saved: ckpt_icarl_task02_r011_global131_acc57.2.pth
2026-05-13 23:21:00,713 [INFO] 
--- Task 2, Round 12/80 (Global 132) ---
2026-05-13 23:23:09,304 [INFO]   [Eval] Task 2, R 12: Acc: 55.76% | Prec-Mac: 46.41% | Rec-Mac: 65.40% | Mi-F1: 55.76% | Ma-F1: 44.30% | We-F1: 59.63% | Loss: 2.4956
2026-05-13 23:23:09,932 [INFO]   [CKPT] Saved: ckpt_icarl_task02_r012_global132_acc55.8.pth
2026-05-13 23:23:09,933 [INFO] 
--- Task 2, Round 13/80 (Global 133) ---
2026-05-13 23:25:16,664 [INFO]   [Eval] Task 2, R 13: Acc: 55.68% | Prec-Mac: 46.23% | Rec-Mac: 65.94% | Mi-F1: 55.68% | Ma-F1: 44.43% | We-F1: 59.38% | Loss: 2.5285
2026-05-13 23:25:17,255 [INFO]   [CKPT] Saved: ckpt_icarl_task02_r013_global133_acc55.7.pth
2026-05-13 23:25:17,255 [INFO] 
--- Task 2, Round 14/80 (Global 134) ---
2026-05-13 23:27:27,007 [INFO]   [Eval] Task 2, R 14: Acc: 57.70% | Prec-Mac: 46.75% | Rec-Mac: 66.62% | Mi-F1: 57.70% | Ma-F1: 45.54% | We-F1: 61.70% | Loss: 2.5220
2026-05-13 23:27:27,628 [INFO]   [CKPT] Saved: ckpt_icarl_task02_r014_global134_acc57.7.pth
2026-05-13 23:27:27,629 [INFO] 
--- Task 2, Round 15/80 (Global 135) ---
2026-05-13 23:29:33,560 [INFO]   [Eval] Task 2, R 15: Acc: 56.73% | Prec-Mac: 46.43% | Rec-Mac: 65.71% | Mi-F1: 56.73% | Ma-F1: 45.16% | We-F1: 61.14% | Loss: 2.5295
2026-05-13 23:29:34,161 [INFO]   [CKPT] Saved: ckpt_icarl_task02_r015_global135_acc56.7.pth
2026-05-13 23:29:34,161 [INFO] 
--- Task 2, Round 16/80 (Global 136) ---
2026-05-13 23:31:41,428 [INFO]   [Eval] Task 2, R 16: Acc: 56.28% | Prec-Mac: 46.61% | Rec-Mac: 65.96% | Mi-F1: 56.28% | Ma-F1: 45.04% | We-F1: 60.21% | Loss: 2.6179
2026-05-13 23:31:42,010 [INFO]   [CKPT] Saved: ckpt_icarl_task02_r016_global136_acc56.3.pth
2026-05-13 23:31:42,010 [INFO] 
--- Task 2, Round 17/80 (Global 137) ---
2026-05-13 23:33:40,103 [INFO]   [Eval] Task 2, R 17: Acc: 55.80% | Prec-Mac: 47.08% | Rec-Mac: 65.80% | Mi-F1: 55.80% | Ma-F1: 45.19% | We-F1: 60.17% | Loss: 2.6957
2026-05-13 23:33:40,641 [INFO]   [CKPT] Saved: ckpt_icarl_task02_r017_global137_acc55.8.pth
2026-05-13 23:33:40,641 [INFO] 
--- Task 2, Round 18/80 (Global 138) ---
2026-05-13 23:35:38,839 [INFO]   [Eval] Task 2, R 18: Acc: 54.83% | Prec-Mac: 47.54% | Rec-Mac: 65.64% | Mi-F1: 54.83% | Ma-F1: 44.97% | We-F1: 58.93% | Loss: 2.7778
2026-05-13 23:35:39,383 [INFO]   [CKPT] Saved: ckpt_icarl_task02_r018_global138_acc54.8.pth
2026-05-13 23:35:39,384 [INFO] 
--- Task 2, Round 19/80 (Global 139) ---
2026-05-13 23:37:35,790 [INFO]   [Eval] Task 2, R 19: Acc: 55.20% | Prec-Mac: 45.45% | Rec-Mac: 65.74% | Mi-F1: 55.20% | Ma-F1: 43.41% | We-F1: 58.94% | Loss: 2.7619
2026-05-13 23:37:36,289 [INFO]   [CKPT] Saved: ckpt_icarl_task02_r019_global139_acc55.2.pth
2026-05-13 23:37:36,289 [INFO] 
--- Task 2, Round 20/80 (Global 140) ---
2026-05-13 23:39:32,056 [INFO]   [Eval] Task 2, R 20: Acc: 53.64% | Prec-Mac: 47.63% | Rec-Mac: 65.15% | Mi-F1: 53.64% | Ma-F1: 44.13% | We-F1: 57.81% | Loss: 2.9135
2026-05-13 23:39:32,627 [INFO]   [CKPT] Saved: ckpt_icarl_task02_r020_global140_acc53.6.pth
2026-05-13 23:39:32,627 [INFO] 
--- Task 2, Round 21/80 (Global 141) ---
2026-05-13 23:41:29,023 [INFO]   [Eval] Task 2, R 21: Acc: 54.44% | Prec-Mac: 47.85% | Rec-Mac: 65.73% | Mi-F1: 54.44% | Ma-F1: 44.89% | We-F1: 58.27% | Loss: 2.8349
2026-05-13 23:41:29,560 [INFO]   [CKPT] Saved: ckpt_icarl_task02_r021_global141_acc54.4.pth
2026-05-13 23:41:29,561 [INFO] 
--- Task 2, Round 22/80 (Global 142) ---
2026-05-13 23:43:26,098 [INFO]   [Eval] Task 2, R 22: Acc: 55.21% | Prec-Mac: 47.70% | Rec-Mac: 65.58% | Mi-F1: 55.21% | Ma-F1: 44.55% | We-F1: 57.03% | Loss: 2.7500
2026-05-13 23:43:26,639 [INFO]   [CKPT] Saved: ckpt_icarl_task02_r022_global142_acc55.2.pth
2026-05-13 23:43:26,639 [INFO] 
--- Task 2, Round 23/80 (Global 143) ---
2026-05-13 23:45:22,801 [INFO]   [Eval] Task 2, R 23: Acc: 54.31% | Prec-Mac: 48.58% | Rec-Mac: 65.76% | Mi-F1: 54.31% | Ma-F1: 45.52% | We-F1: 57.89% | Loss: 2.9812
2026-05-13 23:45:23,337 [INFO]   [CKPT] Saved: ckpt_icarl_task02_r023_global143_acc54.3.pth
2026-05-13 23:45:23,337 [INFO] 
--- Task 2, Round 24/80 (Global 144) ---
2026-05-13 23:47:19,680 [INFO]   [Eval] Task 2, R 24: Acc: 53.60% | Prec-Mac: 48.97% | Rec-Mac: 65.54% | Mi-F1: 53.60% | Ma-F1: 45.31% | We-F1: 57.43% | Loss: 3.0821
2026-05-13 23:47:20,238 [INFO]   [CKPT] Saved: ckpt_icarl_task02_r024_global144_acc53.6.pth
2026-05-13 23:47:20,239 [INFO] 
--- Task 2, Round 25/80 (Global 145) ---
2026-05-13 23:49:14,040 [INFO]   [Eval] Task 2, R 25: Acc: 52.42% | Prec-Mac: 49.12% | Rec-Mac: 65.14% | Mi-F1: 52.42% | Ma-F1: 44.55% | We-F1: 56.29% | Loss: 3.2035
2026-05-13 23:49:14,554 [INFO]   [CKPT] Saved: ckpt_icarl_task02_r025_global145_acc52.4.pth
2026-05-13 23:49:14,554 [INFO] 
--- Task 2, Round 26/80 (Global 146) ---
2026-05-13 23:51:07,943 [INFO]   [Eval] Task 2, R 26: Acc: 54.42% | Prec-Mac: 48.92% | Rec-Mac: 65.62% | Mi-F1: 54.42% | Ma-F1: 45.63% | We-F1: 58.47% | Loss: 3.0102
2026-05-13 23:51:08,478 [INFO]   [CKPT] Saved: ckpt_icarl_task02_r026_global146_acc54.4.pth
2026-05-13 23:51:08,478 [INFO] 
--- Task 2, Round 27/80 (Global 147) ---
2026-05-13 23:53:02,935 [INFO]   [Eval] Task 2, R 27: Acc: 55.93% | Prec-Mac: 46.95% | Rec-Mac: 66.37% | Mi-F1: 55.93% | Ma-F1: 46.52% | We-F1: 58.80% | Loss: 3.0739
2026-05-13 23:53:03,471 [INFO]   [CKPT] Saved: ckpt_icarl_task02_r027_global147_acc55.9.pth
2026-05-13 23:53:03,471 [INFO] 
--- Task 2, Round 28/80 (Global 148) ---
2026-05-13 23:55:00,086 [INFO]   [Eval] Task 2, R 28: Acc: 53.79% | Prec-Mac: 48.85% | Rec-Mac: 65.50% | Mi-F1: 53.79% | Ma-F1: 44.94% | We-F1: 58.00% | Loss: 3.0290
2026-05-13 23:55:00,675 [INFO]   [CKPT] Saved: ckpt_icarl_task02_r028_global148_acc53.8.pth
2026-05-13 23:55:00,675 [INFO] 
--- Task 2, Round 29/80 (Global 149) ---
2026-05-13 23:56:58,044 [INFO]   [Eval] Task 2, R 29: Acc: 53.25% | Prec-Mac: 48.20% | Rec-Mac: 65.01% | Mi-F1: 53.25% | Ma-F1: 44.25% | We-F1: 57.36% | Loss: 3.0918
2026-05-13 23:56:58,570 [INFO]   [CKPT] Saved: ckpt_icarl_task02_r029_global149_acc53.2.pth
2026-05-13 23:56:58,571 [INFO] 
--- Task 2, Round 30/80 (Global 150) ---
2026-05-13 23:58:54,450 [INFO]   [Eval] Task 2, R 30: Acc: 53.08% | Prec-Mac: 48.98% | Rec-Mac: 65.13% | Mi-F1: 53.08% | Ma-F1: 44.72% | We-F1: 56.71% | Loss: 3.1369
2026-05-13 23:58:54,980 [INFO]   [CKPT] Saved: ckpt_icarl_task02_r030_global150_acc53.1.pth
2026-05-13 23:58:54,980 [INFO] 
--- Task 2, Round 31/80 (Global 151) ---
2026-05-14 00:00:50,337 [INFO]   [Eval] Task 2, R 31: Acc: 53.16% | Prec-Mac: 49.40% | Rec-Mac: 65.06% | Mi-F1: 53.16% | Ma-F1: 44.83% | We-F1: 57.31% | Loss: 3.2828
2026-05-14 00:00:50,835 [INFO]   [CKPT] Saved: ckpt_icarl_task02_r031_global151_acc53.2.pth
2026-05-14 00:00:50,836 [INFO] 
--- Task 2, Round 32/80 (Global 152) ---
2026-05-14 00:02:45,426 [INFO]   [Eval] Task 2, R 32: Acc: 54.78% | Prec-Mac: 49.71% | Rec-Mac: 66.02% | Mi-F1: 54.78% | Ma-F1: 46.12% | We-F1: 58.72% | Loss: 3.0562
2026-05-14 00:02:45,970 [INFO]   [CKPT] Saved: ckpt_icarl_task02_r032_global152_acc54.8.pth
2026-05-14 00:02:45,970 [INFO] 
--- Task 2, Round 33/80 (Global 153) ---
2026-05-14 00:04:41,776 [INFO]   [Eval] Task 2, R 33: Acc: 54.23% | Prec-Mac: 50.78% | Rec-Mac: 66.42% | Mi-F1: 54.23% | Ma-F1: 46.42% | We-F1: 57.62% | Loss: 3.1925
2026-05-14 00:04:42,302 [INFO]   [CKPT] Saved: ckpt_icarl_task02_r033_global153_acc54.2.pth
2026-05-14 00:04:42,302 [INFO] 
--- Task 2, Round 34/80 (Global 154) ---
2026-05-14 00:06:37,835 [INFO]   [Eval] Task 2, R 34: Acc: 53.38% | Prec-Mac: 50.11% | Rec-Mac: 65.71% | Mi-F1: 53.38% | Ma-F1: 45.58% | We-F1: 56.96% | Loss: 3.3259
2026-05-14 00:06:38,364 [INFO]   [CKPT] Saved: ckpt_icarl_task02_r034_global154_acc53.4.pth
2026-05-14 00:06:38,364 [INFO] 
--- Task 2, Round 35/80 (Global 155) ---
2026-05-14 00:08:34,080 [INFO]   [Eval] Task 2, R 35: Acc: 53.69% | Prec-Mac: 50.89% | Rec-Mac: 65.89% | Mi-F1: 53.69% | Ma-F1: 46.11% | We-F1: 57.61% | Loss: 3.3259
2026-05-14 00:08:34,609 [INFO]   [CKPT] Saved: ckpt_icarl_task02_r035_global155_acc53.7.pth
2026-05-14 00:08:34,609 [INFO] 
--- Task 2, Round 36/80 (Global 156) ---
2026-05-14 00:10:30,023 [INFO]   [Eval] Task 2, R 36: Acc: 54.34% | Prec-Mac: 50.93% | Rec-Mac: 66.26% | Mi-F1: 54.34% | Ma-F1: 46.49% | We-F1: 58.08% | Loss: 3.2975
2026-05-14 00:10:30,569 [INFO]   [CKPT] Saved: ckpt_icarl_task02_r036_global156_acc54.3.pth
2026-05-14 00:10:30,569 [INFO] 
--- Task 2, Round 37/80 (Global 157) ---
2026-05-14 00:12:25,325 [INFO]   [Eval] Task 2, R 37: Acc: 50.16% | Prec-Mac: 39.55% | Rec-Mac: 61.55% | Mi-F1: 50.16% | Ma-F1: 39.98% | We-F1: 50.60% | Loss: 3.1260
2026-05-14 00:12:25,823 [INFO]   [CKPT] Saved: ckpt_icarl_task02_r037_global157_acc50.2.pth
2026-05-14 00:12:25,824 [INFO] 
--- Task 2, Round 38/80 (Global 158) ---
2026-05-14 00:14:19,857 [INFO]   [Eval] Task 2, R 38: Acc: 54.58% | Prec-Mac: 51.25% | Rec-Mac: 66.37% | Mi-F1: 54.58% | Ma-F1: 46.95% | We-F1: 58.38% | Loss: 3.2804
2026-05-14 00:14:20,422 [INFO]   [CKPT] Saved: ckpt_icarl_task02_r038_global158_acc54.6.pth
2026-05-14 00:14:20,423 [INFO] 
--- Task 2, Round 39/80 (Global 159) ---
2026-05-14 00:16:15,942 [INFO]   [Eval] Task 2, R 39: Acc: 53.96% | Prec-Mac: 51.20% | Rec-Mac: 65.68% | Mi-F1: 53.96% | Ma-F1: 46.60% | We-F1: 58.24% | Loss: 3.4617
2026-05-14 00:16:16,481 [INFO]   [CKPT] Saved: ckpt_icarl_task02_r039_global159_acc54.0.pth
2026-05-14 00:16:16,482 [INFO] 
--- Task 2, Round 40/80 (Global 160) ---
2026-05-14 00:18:11,143 [INFO]   [Eval] Task 2, R 40: Acc: 54.32% | Prec-Mac: 51.57% | Rec-Mac: 66.90% | Mi-F1: 54.32% | Ma-F1: 47.44% | We-F1: 57.29% | Loss: 3.4458
2026-05-14 00:18:11,687 [INFO]   [CKPT] Saved: ckpt_icarl_task02_r040_global160_acc54.3.pth
2026-05-14 00:18:11,688 [INFO] 
--- Task 2, Round 41/80 (Global 161) ---
2026-05-14 00:18:11,688 [INFO]    [LR DECAY] Round 40 reached milestone: New LR = 0.002
2026-05-14 00:20:06,902 [INFO]   [Eval] Task 2, R 41: Acc: 52.32% | Prec-Mac: 51.50% | Rec-Mac: 65.43% | Mi-F1: 52.32% | Ma-F1: 45.69% | We-F1: 56.19% | Loss: 3.6270
2026-05-14 00:20:07,453 [INFO]   [CKPT] Saved: ckpt_icarl_task02_r041_global161_acc52.3.pth
2026-05-14 00:20:07,454 [INFO] 
--- Task 2, Round 42/80 (Global 162) ---
2026-05-14 00:22:01,134 [INFO]   [Eval] Task 2, R 42: Acc: 52.64% | Prec-Mac: 51.68% | Rec-Mac: 65.69% | Mi-F1: 52.64% | Ma-F1: 46.13% | We-F1: 56.28% | Loss: 3.5847
2026-05-14 00:22:01,640 [INFO]   [CKPT] Saved: ckpt_icarl_task02_r042_global162_acc52.6.pth
2026-05-14 00:22:01,640 [INFO] 
--- Task 2, Round 43/80 (Global 163) ---
2026-05-14 00:23:56,382 [INFO]   [Eval] Task 2, R 43: Acc: 53.54% | Prec-Mac: 47.93% | Rec-Mac: 65.55% | Mi-F1: 53.54% | Ma-F1: 46.11% | We-F1: 56.19% | Loss: 3.3195
2026-05-14 00:23:56,930 [INFO]   [CKPT] Saved: ckpt_icarl_task02_r043_global163_acc53.5.pth
2026-05-14 00:23:56,930 [INFO] 
--- Task 2, Round 44/80 (Global 164) ---
2026-05-14 00:25:51,470 [INFO]   [Eval] Task 2, R 44: Acc: 52.89% | Prec-Mac: 51.88% | Rec-Mac: 65.87% | Mi-F1: 52.89% | Ma-F1: 46.32% | We-F1: 56.54% | Loss: 3.5228
2026-05-14 00:25:51,994 [INFO]   [CKPT] Saved: ckpt_icarl_task02_r044_global164_acc52.9.pth
2026-05-14 00:25:51,994 [INFO] 
--- Task 2, Round 45/80 (Global 165) ---
2026-05-14 00:27:47,401 [INFO]   [Eval] Task 2, R 45: Acc: 52.63% | Prec-Mac: 51.68% | Rec-Mac: 65.66% | Mi-F1: 52.63% | Ma-F1: 46.11% | We-F1: 56.31% | Loss: 3.5896
2026-05-14 00:27:47,962 [INFO]   [CKPT] Saved: ckpt_icarl_task02_r045_global165_acc52.6.pth
2026-05-14 00:27:47,962 [INFO] 
--- Task 2, Round 46/80 (Global 166) ---
2026-05-14 00:29:44,992 [INFO]   [Eval] Task 2, R 46: Acc: 52.56% | Prec-Mac: 51.93% | Rec-Mac: 65.63% | Mi-F1: 52.56% | Ma-F1: 46.15% | We-F1: 56.24% | Loss: 3.6219
2026-05-14 00:29:45,574 [INFO]   [CKPT] Saved: ckpt_icarl_task02_r046_global166_acc52.6.pth
2026-05-14 00:29:45,575 [INFO] 
--- Task 2, Round 47/80 (Global 167) ---
2026-05-14 00:31:41,663 [INFO]   [Eval] Task 2, R 47: Acc: 53.19% | Prec-Mac: 51.97% | Rec-Mac: 66.23% | Mi-F1: 53.19% | Ma-F1: 46.59% | We-F1: 56.55% | Loss: 3.5054
2026-05-14 00:31:42,218 [INFO]   [CKPT] Saved: ckpt_icarl_task02_r047_global167_acc53.2.pth
2026-05-14 00:31:42,218 [INFO] 
--- Task 2, Round 48/80 (Global 168) ---
2026-05-14 00:33:36,501 [INFO]   [Eval] Task 2, R 48: Acc: 52.02% | Prec-Mac: 51.62% | Rec-Mac: 65.24% | Mi-F1: 52.02% | Ma-F1: 45.57% | We-F1: 55.83% | Loss: 3.6918
2026-05-14 00:33:37,000 [INFO]   [CKPT] Saved: ckpt_icarl_task02_r048_global168_acc52.0.pth
2026-05-14 00:33:37,000 [INFO] 
--- Task 2, Round 49/80 (Global 169) ---
2026-05-14 00:35:31,422 [INFO]   [Eval] Task 2, R 49: Acc: 52.17% | Prec-Mac: 51.92% | Rec-Mac: 65.39% | Mi-F1: 52.17% | Ma-F1: 45.96% | We-F1: 55.93% | Loss: 3.6583
2026-05-14 00:35:31,948 [INFO]   [CKPT] Saved: ckpt_icarl_task02_r049_global169_acc52.2.pth
2026-05-14 00:35:31,948 [INFO] 
--- Task 2, Round 50/80 (Global 170) ---
2026-05-14 00:37:25,299 [INFO]   [Eval] Task 2, R 50: Acc: 52.36% | Prec-Mac: 51.97% | Rec-Mac: 65.54% | Mi-F1: 52.36% | Ma-F1: 46.05% | We-F1: 56.10% | Loss: 3.6780
2026-05-14 00:37:25,832 [INFO]   [CKPT] Saved: ckpt_icarl_task02_r050_global170_acc52.4.pth
2026-05-14 00:37:25,832 [INFO] 
--- Task 2, Round 51/80 (Global 171) ---
2026-05-14 00:39:20,557 [INFO]   [Eval] Task 2, R 51: Acc: 51.73% | Prec-Mac: 51.68% | Rec-Mac: 65.06% | Mi-F1: 51.73% | Ma-F1: 45.34% | We-F1: 55.67% | Loss: 3.7554
2026-05-14 00:39:21,129 [INFO]   [CKPT] Saved: ckpt_icarl_task02_r051_global171_acc51.7.pth
2026-05-14 00:39:21,129 [INFO] 
--- Task 2, Round 52/80 (Global 172) ---
2026-05-14 00:41:15,867 [INFO]   [Eval] Task 2, R 52: Acc: 51.72% | Prec-Mac: 42.33% | Rec-Mac: 62.19% | Mi-F1: 51.72% | Ma-F1: 42.29% | We-F1: 53.97% | Loss: 3.3415
2026-05-14 00:41:16,407 [INFO]   [CKPT] Saved: ckpt_icarl_task02_r052_global172_acc51.7.pth
2026-05-14 00:41:16,408 [INFO] 
--- Task 2, Round 53/80 (Global 173) ---
2026-05-14 00:43:11,464 [INFO]   [Eval] Task 2, R 53: Acc: 52.44% | Prec-Mac: 51.92% | Rec-Mac: 65.61% | Mi-F1: 52.44% | Ma-F1: 46.12% | We-F1: 56.08% | Loss: 3.6276
2026-05-14 00:43:12,029 [INFO]   [CKPT] Saved: ckpt_icarl_task02_r053_global173_acc52.4.pth
2026-05-14 00:43:12,029 [INFO] 
--- Task 2, Round 54/80 (Global 174) ---
2026-05-14 00:45:08,134 [INFO]   [Eval] Task 2, R 54: Acc: 52.18% | Prec-Mac: 51.88% | Rec-Mac: 65.46% | Mi-F1: 52.18% | Ma-F1: 45.97% | We-F1: 55.89% | Loss: 3.6564
2026-05-14 00:45:08,710 [INFO]   [CKPT] Saved: ckpt_icarl_task02_r054_global174_acc52.2.pth
2026-05-14 00:45:08,710 [INFO] 
--- Task 2, Round 55/80 (Global 175) ---
2026-05-14 00:47:02,334 [INFO]   [Eval] Task 2, R 55: Acc: 51.49% | Prec-Mac: 51.68% | Rec-Mac: 64.98% | Mi-F1: 51.49% | Ma-F1: 45.18% | We-F1: 55.35% | Loss: 3.8076
2026-05-14 00:47:02,909 [INFO]   [CKPT] Saved: ckpt_icarl_task02_r055_global175_acc51.5.pth
2026-05-14 00:47:02,909 [INFO] 
--- Task 2, Round 56/80 (Global 176) ---
2026-05-14 00:48:57,951 [INFO]   [Eval] Task 2, R 56: Acc: 51.53% | Prec-Mac: 51.80% | Rec-Mac: 65.07% | Mi-F1: 51.53% | Ma-F1: 45.40% | We-F1: 55.30% | Loss: 3.7625
2026-05-14 00:48:58,489 [INFO]   [CKPT] Saved: ckpt_icarl_task02_r056_global176_acc51.5.pth
2026-05-14 00:48:58,489 [INFO] 
--- Task 2, Round 57/80 (Global 177) ---
2026-05-14 00:50:53,724 [INFO]   [Eval] Task 2, R 57: Acc: 51.96% | Prec-Mac: 51.88% | Rec-Mac: 65.43% | Mi-F1: 51.96% | Ma-F1: 45.83% | We-F1: 55.63% | Loss: 3.7086
2026-05-14 00:50:54,277 [INFO]   [CKPT] Saved: ckpt_icarl_task02_r057_global177_acc52.0.pth
2026-05-14 00:50:54,277 [INFO] 
--- Task 2, Round 58/80 (Global 178) ---
2026-05-14 00:52:49,877 [INFO]   [Eval] Task 2, R 58: Acc: 51.65% | Prec-Mac: 51.87% | Rec-Mac: 65.21% | Mi-F1: 51.65% | Ma-F1: 45.53% | We-F1: 55.46% | Loss: 3.7486
2026-05-14 00:52:50,436 [INFO]   [CKPT] Saved: ckpt_icarl_task02_r058_global178_acc51.7.pth
2026-05-14 00:52:50,437 [INFO] 
--- Task 2, Round 59/80 (Global 179) ---
2026-05-14 00:54:45,141 [INFO]   [Eval] Task 2, R 59: Acc: 51.62% | Prec-Mac: 51.89% | Rec-Mac: 65.22% | Mi-F1: 51.62% | Ma-F1: 45.52% | We-F1: 55.40% | Loss: 3.7657
2026-05-14 00:54:45,682 [INFO]   [CKPT] Saved: ckpt_icarl_task02_r059_global179_acc51.6.pth
2026-05-14 00:54:45,682 [INFO] 
--- Task 2, Round 60/80 (Global 180) ---
2026-05-14 00:56:40,144 [INFO]   [Eval] Task 2, R 60: Acc: 51.60% | Prec-Mac: 51.77% | Rec-Mac: 65.11% | Mi-F1: 51.60% | Ma-F1: 45.35% | We-F1: 55.47% | Loss: 3.8091
2026-05-14 00:56:40,691 [INFO]   [CKPT] Saved: ckpt_icarl_task02_r060_global180_acc51.6.pth
2026-05-14 00:56:40,692 [INFO] 
--- Task 2, Round 61/80 (Global 181) ---
2026-05-14 00:56:40,692 [INFO]    [LR DECAY] Round 60 reached milestone: New LR = 0.0002
2026-05-14 00:58:35,632 [INFO]   [Eval] Task 2, R 61: Acc: 51.65% | Prec-Mac: 51.78% | Rec-Mac: 65.15% | Mi-F1: 51.65% | Ma-F1: 45.41% | We-F1: 55.51% | Loss: 3.8045
2026-05-14 00:58:36,222 [INFO]   [CKPT] Saved: ckpt_icarl_task02_r061_global181_acc51.7.pth
2026-05-14 00:58:36,222 [INFO] 
--- Task 2, Round 62/80 (Global 182) ---
2026-05-14 01:00:31,763 [INFO]   [Eval] Task 2, R 62: Acc: 51.62% | Prec-Mac: 51.73% | Rec-Mac: 65.15% | Mi-F1: 51.62% | Ma-F1: 45.39% | We-F1: 55.47% | Loss: 3.8011
2026-05-14 01:00:32,278 [INFO]   [CKPT] Saved: ckpt_icarl_task02_r062_global182_acc51.6.pth
2026-05-14 01:00:32,278 [INFO] 
--- Task 2, Round 63/80 (Global 183) ---
2026-05-14 01:02:26,359 [INFO]   [Eval] Task 2, R 63: Acc: 51.58% | Prec-Mac: 51.71% | Rec-Mac: 65.13% | Mi-F1: 51.58% | Ma-F1: 45.37% | We-F1: 55.42% | Loss: 3.8128
2026-05-14 01:02:26,915 [INFO]   [CKPT] Saved: ckpt_icarl_task02_r063_global183_acc51.6.pth
2026-05-14 01:02:26,916 [INFO] 
--- Task 2, Round 64/80 (Global 184) ---
2026-05-14 01:04:23,063 [INFO]   [Eval] Task 2, R 64: Acc: 51.66% | Prec-Mac: 51.86% | Rec-Mac: 65.21% | Mi-F1: 51.66% | Ma-F1: 45.52% | We-F1: 55.49% | Loss: 3.7914
2026-05-14 01:04:23,615 [INFO]   [CKPT] Saved: ckpt_icarl_task02_r064_global184_acc51.7.pth
2026-05-14 01:04:23,616 [INFO] 
--- Task 2, Round 65/80 (Global 185) ---
2026-05-14 01:06:19,647 [INFO]   [Eval] Task 2, R 65: Acc: 51.21% | Prec-Mac: 51.89% | Rec-Mac: 64.73% | Mi-F1: 51.21% | Ma-F1: 44.92% | We-F1: 55.10% | Loss: 3.9309
2026-05-14 01:06:20,194 [INFO]   [CKPT] Saved: ckpt_icarl_task02_r065_global185_acc51.2.pth
2026-05-14 01:06:20,194 [INFO] 
--- Task 2, Round 66/80 (Global 186) ---
2026-05-14 01:08:16,357 [INFO]   [Eval] Task 2, R 66: Acc: 51.43% | Prec-Mac: 51.74% | Rec-Mac: 64.98% | Mi-F1: 51.43% | Ma-F1: 45.18% | We-F1: 55.28% | Loss: 3.8685
2026-05-14 01:08:16,876 [INFO]   [CKPT] Saved: ckpt_icarl_task02_r066_global186_acc51.4.pth
2026-05-14 01:08:16,876 [INFO] 
--- Task 2, Round 67/80 (Global 187) ---
2026-05-14 01:10:11,193 [INFO]   [Eval] Task 2, R 67: Acc: 51.55% | Prec-Mac: 51.78% | Rec-Mac: 65.11% | Mi-F1: 51.55% | Ma-F1: 45.38% | We-F1: 55.42% | Loss: 3.8151
2026-05-14 01:10:11,697 [INFO]   [CKPT] Saved: ckpt_icarl_task02_r067_global187_acc51.5.pth
2026-05-14 01:10:11,697 [INFO] 
--- Task 2, Round 68/80 (Global 188) ---
2026-05-14 01:12:06,293 [INFO]   [Eval] Task 2, R 68: Acc: 51.90% | Prec-Mac: 51.87% | Rec-Mac: 65.39% | Mi-F1: 51.90% | Ma-F1: 45.76% | We-F1: 55.64% | Loss: 3.7389
2026-05-14 01:12:06,872 [INFO]   [CKPT] Saved: ckpt_icarl_task02_r068_global188_acc51.9.pth
2026-05-14 01:12:06,872 [INFO] 
--- Task 2, Round 69/80 (Global 189) ---
2026-05-14 01:14:00,859 [INFO]   [Eval] Task 2, R 69: Acc: 51.69% | Prec-Mac: 51.87% | Rec-Mac: 65.23% | Mi-F1: 51.69% | Ma-F1: 45.57% | We-F1: 55.51% | Loss: 3.7829
2026-05-14 01:14:01,356 [INFO]   [CKPT] Saved: ckpt_icarl_task02_r069_global189_acc51.7.pth
2026-05-14 01:14:01,356 [INFO] 
--- Task 2, Round 70/80 (Global 190) ---
2026-05-14 01:15:54,693 [INFO]   [Eval] Task 2, R 70: Acc: 52.19% | Prec-Mac: 51.92% | Rec-Mac: 65.57% | Mi-F1: 52.19% | Ma-F1: 46.01% | We-F1: 55.84% | Loss: 3.6966
2026-05-14 01:15:55,236 [INFO]   [CKPT] Saved: ckpt_icarl_task02_r070_global190_acc52.2.pth
2026-05-14 01:15:55,236 [INFO] 
--- Task 2, Round 71/80 (Global 191) ---
2026-05-14 01:17:49,878 [INFO]   [Eval] Task 2, R 71: Acc: 52.18% | Prec-Mac: 51.91% | Rec-Mac: 65.57% | Mi-F1: 52.18% | Ma-F1: 45.99% | We-F1: 55.83% | Loss: 3.7008
2026-05-14 01:17:50,407 [INFO]   [CKPT] Saved: ckpt_icarl_task02_r071_global191_acc52.2.pth
2026-05-14 01:17:50,407 [INFO] 
--- Task 2, Round 72/80 (Global 192) ---
2026-05-14 01:19:45,547 [INFO]   [Eval] Task 2, R 72: Acc: 52.19% | Prec-Mac: 51.96% | Rec-Mac: 65.57% | Mi-F1: 52.19% | Ma-F1: 46.03% | We-F1: 55.87% | Loss: 3.7004
2026-05-14 01:19:46,098 [INFO]   [CKPT] Saved: ckpt_icarl_task02_r072_global192_acc52.2.pth
2026-05-14 01:19:46,098 [INFO] 
--- Task 2, Round 73/80 (Global 193) ---
2026-05-14 01:21:41,278 [INFO]   [Eval] Task 2, R 73: Acc: 52.09% | Prec-Mac: 51.94% | Rec-Mac: 65.49% | Mi-F1: 52.09% | Ma-F1: 45.96% | We-F1: 55.79% | Loss: 3.7277
2026-05-14 01:21:41,827 [INFO]   [CKPT] Saved: ckpt_icarl_task02_r073_global193_acc52.1.pth
2026-05-14 01:21:41,827 [INFO] 
--- Task 2, Round 74/80 (Global 194) ---
2026-05-14 01:23:35,847 [INFO]   [Eval] Task 2, R 74: Acc: 51.59% | Prec-Mac: 51.74% | Rec-Mac: 65.14% | Mi-F1: 51.59% | Ma-F1: 45.38% | We-F1: 55.47% | Loss: 3.8214
2026-05-14 01:23:36,369 [INFO]   [CKPT] Saved: ckpt_icarl_task02_r074_global194_acc51.6.pth
2026-05-14 01:23:36,369 [INFO] 
--- Task 2, Round 75/80 (Global 195) ---
2026-05-14 01:25:30,039 [INFO]   [Eval] Task 2, R 75: Acc: 51.72% | Prec-Mac: 51.85% | Rec-Mac: 65.28% | Mi-F1: 51.72% | Ma-F1: 45.60% | We-F1: 55.52% | Loss: 3.7701
2026-05-14 01:25:30,546 [INFO]   [CKPT] Saved: ckpt_icarl_task02_r075_global195_acc51.7.pth
2026-05-14 01:25:30,546 [INFO] 
--- Task 2, Round 76/80 (Global 196) ---
2026-05-14 01:27:23,205 [INFO]   [Eval] Task 2, R 76: Acc: 51.70% | Prec-Mac: 51.85% | Rec-Mac: 65.29% | Mi-F1: 51.70% | Ma-F1: 45.61% | We-F1: 55.50% | Loss: 3.7664
2026-05-14 01:27:23,722 [INFO]   [CKPT] Saved: ckpt_icarl_task02_r076_global196_acc51.7.pth
2026-05-14 01:27:23,722 [INFO] 
--- Task 2, Round 77/80 (Global 197) ---
2026-05-14 01:29:16,740 [INFO]   [Eval] Task 2, R 77: Acc: 51.45% | Prec-Mac: 51.76% | Rec-Mac: 65.02% | Mi-F1: 51.45% | Ma-F1: 45.23% | We-F1: 55.32% | Loss: 3.8656
2026-05-14 01:29:17,240 [INFO]   [CKPT] Saved: ckpt_icarl_task02_r077_global197_acc51.4.pth
2026-05-14 01:29:17,240 [INFO] 
--- Task 2, Round 78/80 (Global 198) ---
2026-05-14 01:31:16,773 [INFO]   [Eval] Task 2, R 78: Acc: 51.55% | Prec-Mac: 51.73% | Rec-Mac: 65.11% | Mi-F1: 51.55% | Ma-F1: 45.36% | We-F1: 55.43% | Loss: 3.8231
2026-05-14 01:31:17,348 [INFO]   [CKPT] Saved: ckpt_icarl_task02_r078_global198_acc51.6.pth
2026-05-14 01:31:17,348 [INFO] 
--- Task 2, Round 79/80 (Global 199) ---
2026-05-14 01:33:28,272 [INFO]   [Eval] Task 2, R 79: Acc: 51.65% | Prec-Mac: 51.77% | Rec-Mac: 65.21% | Mi-F1: 51.65% | Ma-F1: 45.46% | We-F1: 55.48% | Loss: 3.7989
2026-05-14 01:33:28,878 [INFO]   [CKPT] Saved: ckpt_icarl_task02_r079_global199_acc51.7.pth
2026-05-14 01:33:28,879 [INFO] 
--- Task 2, Round 80/80 (Global 200) ---
2026-05-14 01:33:49,388 [INFO] Edge 0: Memory updated at end of task. Total stored: 14989 samples across 13 classes.
2026-05-14 01:34:09,630 [INFO] Edge 1: Memory updated at end of task. Total stored: 14989 samples across 13 classes.
2026-05-14 01:34:29,149 [INFO] Edge 2: Memory updated at end of task. Total stored: 14989 samples across 13 classes.
2026-05-14 01:36:29,078 [INFO]   [Eval] Task 2, R 80: Acc: 52.00% | Prec-Mac: 51.93% | Rec-Mac: 65.44% | Mi-F1: 52.00% | Ma-F1: 45.91% | We-F1: 55.73% | Loss: 3.7299
2026-05-14 01:36:29,661 [INFO]   [CKPT] Saved: ckpt_icarl_task02_r080_global200_acc52.0.pth
2026-05-14 01:36:29,661 [INFO] 
Loading data for Task 3 (Classes: [13, 14, 15, 16])...
2026-05-14 01:36:30,362 [INFO] Expanded global model to 17 classes for Task 3
2026-05-14 01:36:30,376 [INFO] 
============================================================
2026-05-14 01:36:30,376 [INFO] Task 3/4 | Classes: [13, 14, 15, 16] | 80 rounds | LR: 0.02
2026-05-14 01:36:30,376 [INFO] ============================================================
2026-05-14 01:36:30,376 [INFO] 
--- Task 3, Round 1/80 (Global 201) ---
2026-05-14 01:38:30,916 [INFO]   [Eval] Task 3, R 1: Acc: 53.43% | Prec-Mac: 34.09% | Rec-Mac: 55.87% | Mi-F1: 53.43% | Ma-F1: 33.01% | We-F1: 53.32% | Loss: 3.2317
2026-05-14 01:38:31,458 [INFO]   [CKPT] Saved: ckpt_icarl_task03_r001_global201_acc53.4.pth
2026-05-14 01:38:31,459 [INFO] 
--- Task 3, Round 2/80 (Global 202) ---
2026-05-14 01:40:32,052 [INFO]   [Eval] Task 3, R 2: Acc: 53.13% | Prec-Mac: 42.29% | Rec-Mac: 60.87% | Mi-F1: 53.13% | Ma-F1: 40.06% | We-F1: 55.37% | Loss: 3.1334
2026-05-14 01:40:32,678 [INFO]   [CKPT] Saved: ckpt_icarl_task03_r002_global202_acc53.1.pth
2026-05-14 01:40:32,678 [INFO] 
--- Task 3, Round 3/80 (Global 203) ---
2026-05-14 01:42:35,989 [INFO]   [Eval] Task 3, R 3: Acc: 55.21% | Prec-Mac: 38.16% | Rec-Mac: 59.03% | Mi-F1: 55.21% | Ma-F1: 37.35% | We-F1: 56.64% | Loss: 2.9997
2026-05-14 01:42:36,559 [INFO]   [CKPT] Saved: ckpt_icarl_task03_r003_global203_acc55.2.pth
2026-05-14 01:42:36,560 [INFO] 
--- Task 3, Round 4/80 (Global 204) ---
2026-05-14 01:44:36,995 [INFO]   [Eval] Task 3, R 4: Acc: 55.55% | Prec-Mac: 38.98% | Rec-Mac: 61.87% | Mi-F1: 55.55% | Ma-F1: 39.70% | We-F1: 58.47% | Loss: 2.7988
2026-05-14 01:44:37,573 [INFO]   [CKPT] Saved: ckpt_icarl_task03_r004_global204_acc55.6.pth
2026-05-14 01:44:37,573 [INFO] 
--- Task 3, Round 5/80 (Global 205) ---
2026-05-14 01:46:34,064 [INFO]   [Eval] Task 3, R 5: Acc: 55.67% | Prec-Mac: 38.61% | Rec-Mac: 62.22% | Mi-F1: 55.67% | Ma-F1: 38.07% | We-F1: 58.08% | Loss: 2.7914
2026-05-14 01:46:34,613 [INFO]   [CKPT] Saved: ckpt_icarl_task03_r005_global205_acc55.7.pth
2026-05-14 01:46:34,613 [INFO] 
--- Task 3, Round 6/80 (Global 206) ---
2026-05-14 01:48:30,105 [INFO]   [Eval] Task 3, R 6: Acc: 55.34% | Prec-Mac: 39.57% | Rec-Mac: 62.22% | Mi-F1: 55.34% | Ma-F1: 38.69% | We-F1: 58.11% | Loss: 2.7629
2026-05-14 01:48:30,682 [INFO]   [CKPT] Saved: ckpt_icarl_task03_r006_global206_acc55.3.pth
2026-05-14 01:48:30,682 [INFO] 
--- Task 3, Round 7/80 (Global 207) ---
2026-05-14 01:50:23,798 [INFO]   [Eval] Task 3, R 7: Acc: 55.18% | Prec-Mac: 37.86% | Rec-Mac: 63.13% | Mi-F1: 55.18% | Ma-F1: 38.57% | We-F1: 58.07% | Loss: 2.7808
2026-05-14 01:50:24,310 [INFO]   [CKPT] Saved: ckpt_icarl_task03_r007_global207_acc55.2.pth
2026-05-14 01:50:24,310 [INFO] 
--- Task 3, Round 8/80 (Global 208) ---
2026-05-14 01:52:19,767 [INFO]   [Eval] Task 3, R 8: Acc: 54.98% | Prec-Mac: 38.52% | Rec-Mac: 62.94% | Mi-F1: 54.98% | Ma-F1: 38.97% | We-F1: 57.93% | Loss: 2.7763
2026-05-14 01:52:20,290 [INFO]   [CKPT] Saved: ckpt_icarl_task03_r008_global208_acc55.0.pth
2026-05-14 01:52:20,290 [INFO] 
--- Task 3, Round 9/80 (Global 209) ---
2026-05-14 01:54:13,997 [INFO]   [Eval] Task 3, R 9: Acc: 55.00% | Prec-Mac: 38.27% | Rec-Mac: 63.51% | Mi-F1: 55.00% | Ma-F1: 39.05% | We-F1: 57.94% | Loss: 2.7702
2026-05-14 01:54:14,519 [INFO]   [CKPT] Saved: ckpt_icarl_task03_r009_global209_acc55.0.pth
2026-05-14 01:54:14,520 [INFO] 
--- Task 3, Round 10/80 (Global 210) ---
2026-05-14 01:56:07,176 [INFO]   [Eval] Task 3, R 10: Acc: 55.19% | Prec-Mac: 37.75% | Rec-Mac: 63.52% | Mi-F1: 55.19% | Ma-F1: 38.35% | We-F1: 58.09% | Loss: 2.7473
2026-05-14 01:56:07,727 [INFO]   [CKPT] Saved: ckpt_icarl_task03_r010_global210_acc55.2.pth
2026-05-14 01:56:07,728 [INFO] 
--- Task 3, Round 11/80 (Global 211) ---
2026-05-14 01:58:03,233 [INFO]   [Eval] Task 3, R 11: Acc: 55.50% | Prec-Mac: 37.86% | Rec-Mac: 63.45% | Mi-F1: 55.50% | Ma-F1: 38.37% | We-F1: 58.67% | Loss: 2.6974
2026-05-14 01:58:03,761 [INFO]   [CKPT] Saved: ckpt_icarl_task03_r011_global211_acc55.5.pth
2026-05-14 01:58:03,761 [INFO] 
--- Task 3, Round 12/80 (Global 212) ---
2026-05-14 01:59:59,070 [INFO]   [Eval] Task 3, R 12: Acc: 55.19% | Prec-Mac: 38.02% | Rec-Mac: 63.80% | Mi-F1: 55.19% | Ma-F1: 38.98% | We-F1: 57.72% | Loss: 2.7684
2026-05-14 01:59:59,623 [INFO]   [CKPT] Saved: ckpt_icarl_task03_r012_global212_acc55.2.pth
2026-05-14 01:59:59,623 [INFO] 
--- Task 3, Round 13/80 (Global 213) ---
2026-05-14 02:01:55,998 [INFO]   [Eval] Task 3, R 13: Acc: 55.79% | Prec-Mac: 37.94% | Rec-Mac: 63.61% | Mi-F1: 55.79% | Ma-F1: 38.43% | We-F1: 59.11% | Loss: 2.6859
2026-05-14 02:01:56,572 [INFO]   [CKPT] Saved: ckpt_icarl_task03_r013_global213_acc55.8.pth
2026-05-14 02:01:56,572 [INFO] 
--- Task 3, Round 14/80 (Global 214) ---
2026-05-14 02:03:51,299 [INFO]   [Eval] Task 3, R 14: Acc: 55.77% | Prec-Mac: 38.93% | Rec-Mac: 64.16% | Mi-F1: 55.77% | Ma-F1: 39.16% | We-F1: 59.40% | Loss: 2.6776
2026-05-14 02:03:51,860 [INFO]   [CKPT] Saved: ckpt_icarl_task03_r014_global214_acc55.8.pth
2026-05-14 02:03:51,860 [INFO] 
--- Task 3, Round 15/80 (Global 215) ---
2026-05-14 02:05:47,051 [INFO]   [Eval] Task 3, R 15: Acc: 54.91% | Prec-Mac: 37.32% | Rec-Mac: 64.27% | Mi-F1: 54.91% | Ma-F1: 38.28% | We-F1: 57.07% | Loss: 2.7971
2026-05-14 02:05:47,618 [INFO]   [CKPT] Saved: ckpt_icarl_task03_r015_global215_acc54.9.pth
2026-05-14 02:05:47,618 [INFO] 
--- Task 3, Round 16/80 (Global 216) ---
2026-05-14 02:07:44,124 [INFO]   [Eval] Task 3, R 16: Acc: 56.32% | Prec-Mac: 37.83% | Rec-Mac: 64.21% | Mi-F1: 56.32% | Ma-F1: 38.52% | We-F1: 59.58% | Loss: 2.6317
2026-05-14 02:07:44,709 [INFO]   [CKPT] Saved: ckpt_icarl_task03_r016_global216_acc56.3.pth
2026-05-14 02:07:44,710 [INFO] 
--- Task 3, Round 17/80 (Global 217) ---
2026-05-14 02:09:40,357 [INFO]   [Eval] Task 3, R 17: Acc: 55.34% | Prec-Mac: 37.98% | Rec-Mac: 64.44% | Mi-F1: 55.34% | Ma-F1: 38.52% | We-F1: 58.50% | Loss: 2.7101
2026-05-14 02:09:40,911 [INFO]   [CKPT] Saved: ckpt_icarl_task03_r017_global217_acc55.3.pth
2026-05-14 02:09:40,912 [INFO] 
--- Task 3, Round 18/80 (Global 218) ---
2026-05-14 02:11:36,655 [INFO]   [Eval] Task 3, R 18: Acc: 55.44% | Prec-Mac: 37.55% | Rec-Mac: 64.34% | Mi-F1: 55.44% | Ma-F1: 38.19% | We-F1: 58.36% | Loss: 2.7244
2026-05-14 02:11:37,203 [INFO]   [CKPT] Saved: ckpt_icarl_task03_r018_global218_acc55.4.pth
2026-05-14 02:11:37,203 [INFO] 
--- Task 3, Round 19/80 (Global 219) ---
2026-05-14 02:13:31,526 [INFO]   [Eval] Task 3, R 19: Acc: 55.00% | Prec-Mac: 38.08% | Rec-Mac: 64.72% | Mi-F1: 55.00% | Ma-F1: 38.72% | We-F1: 57.98% | Loss: 2.7481
2026-05-14 02:13:32,060 [INFO]   [CKPT] Saved: ckpt_icarl_task03_r019_global219_acc55.0.pth
2026-05-14 02:13:32,060 [INFO] 
--- Task 3, Round 20/80 (Global 220) ---
2026-05-14 02:15:27,325 [INFO]   [Eval] Task 3, R 20: Acc: 55.72% | Prec-Mac: 38.22% | Rec-Mac: 64.57% | Mi-F1: 55.72% | Ma-F1: 38.54% | We-F1: 59.36% | Loss: 2.6901
2026-05-14 02:15:27,865 [INFO]   [CKPT] Saved: ckpt_icarl_task03_r020_global220_acc55.7.pth
2026-05-14 02:15:27,865 [INFO] 
--- Task 3, Round 21/80 (Global 221) ---
2026-05-14 02:17:22,894 [INFO]   [Eval] Task 3, R 21: Acc: 54.86% | Prec-Mac: 37.97% | Rec-Mac: 64.77% | Mi-F1: 54.86% | Ma-F1: 38.54% | We-F1: 57.81% | Loss: 2.7677
2026-05-14 02:17:23,474 [INFO]   [CKPT] Saved: ckpt_icarl_task03_r021_global221_acc54.9.pth
2026-05-14 02:17:23,474 [INFO] 
--- Task 3, Round 22/80 (Global 222) ---
2026-05-14 02:19:17,511 [INFO]   [Eval] Task 3, R 22: Acc: 55.46% | Prec-Mac: 38.25% | Rec-Mac: 64.96% | Mi-F1: 55.46% | Ma-F1: 38.71% | We-F1: 58.40% | Loss: 2.7453
2026-05-14 02:19:18,034 [INFO]   [CKPT] Saved: ckpt_icarl_task03_r022_global222_acc55.5.pth
2026-05-14 02:19:18,034 [INFO] 
--- Task 3, Round 23/80 (Global 223) ---
2026-05-14 02:21:09,747 [INFO]   [Eval] Task 3, R 23: Acc: 55.52% | Prec-Mac: 38.06% | Rec-Mac: 64.69% | Mi-F1: 55.52% | Ma-F1: 38.28% | We-F1: 58.99% | Loss: 2.7079
2026-05-14 02:21:10,249 [INFO]   [CKPT] Saved: ckpt_icarl_task03_r023_global223_acc55.5.pth
2026-05-14 02:21:10,250 [INFO] 
--- Task 3, Round 24/80 (Global 224) ---
2026-05-14 02:23:04,148 [INFO]   [Eval] Task 3, R 24: Acc: 55.28% | Prec-Mac: 38.36% | Rec-Mac: 64.88% | Mi-F1: 55.28% | Ma-F1: 38.75% | We-F1: 58.51% | Loss: 2.7215
2026-05-14 02:23:04,654 [INFO]   [CKPT] Saved: ckpt_icarl_task03_r024_global224_acc55.3.pth
2026-05-14 02:23:04,654 [INFO] 
--- Task 3, Round 25/80 (Global 225) ---
2026-05-14 02:24:59,690 [INFO]   [Eval] Task 3, R 25: Acc: 55.48% | Prec-Mac: 38.02% | Rec-Mac: 64.78% | Mi-F1: 55.48% | Ma-F1: 38.52% | We-F1: 58.64% | Loss: 2.6905
2026-05-14 02:25:00,232 [INFO]   [CKPT] Saved: ckpt_icarl_task03_r025_global225_acc55.5.pth
2026-05-14 02:25:00,233 [INFO] 
--- Task 3, Round 26/80 (Global 226) ---
2026-05-14 02:26:55,778 [INFO]   [Eval] Task 3, R 26: Acc: 55.46% | Prec-Mac: 38.52% | Rec-Mac: 64.91% | Mi-F1: 55.46% | Ma-F1: 39.00% | We-F1: 58.89% | Loss: 2.6971
2026-05-14 02:26:56,349 [INFO]   [CKPT] Saved: ckpt_icarl_task03_r026_global226_acc55.5.pth
2026-05-14 02:26:56,350 [INFO] 
--- Task 3, Round 27/80 (Global 227) ---
2026-05-14 02:28:51,517 [INFO]   [Eval] Task 3, R 27: Acc: 55.28% | Prec-Mac: 38.21% | Rec-Mac: 64.70% | Mi-F1: 55.28% | Ma-F1: 38.65% | We-F1: 58.57% | Loss: 2.7428
2026-05-14 02:28:52,061 [INFO]   [CKPT] Saved: ckpt_icarl_task03_r027_global227_acc55.3.pth
2026-05-14 02:28:52,061 [INFO] 
--- Task 3, Round 28/80 (Global 228) ---
2026-05-14 02:30:47,848 [INFO]   [Eval] Task 3, R 28: Acc: 55.69% | Prec-Mac: 38.27% | Rec-Mac: 64.79% | Mi-F1: 55.69% | Ma-F1: 38.61% | We-F1: 59.18% | Loss: 2.6984
2026-05-14 02:30:48,417 [INFO]   [CKPT] Saved: ckpt_icarl_task03_r028_global228_acc55.7.pth
2026-05-14 02:30:48,417 [INFO] 
--- Task 3, Round 29/80 (Global 229) ---
2026-05-14 02:32:43,433 [INFO]   [Eval] Task 3, R 29: Acc: 55.32% | Prec-Mac: 38.34% | Rec-Mac: 64.52% | Mi-F1: 55.32% | Ma-F1: 38.79% | We-F1: 58.67% | Loss: 2.7360
2026-05-14 02:32:43,970 [INFO]   [CKPT] Saved: ckpt_icarl_task03_r029_global229_acc55.3.pth
2026-05-14 02:32:43,971 [INFO] 
--- Task 3, Round 30/80 (Global 230) ---
2026-05-14 02:34:37,438 [INFO]   [Eval] Task 3, R 30: Acc: 55.62% | Prec-Mac: 37.99% | Rec-Mac: 64.89% | Mi-F1: 55.62% | Ma-F1: 38.56% | We-F1: 58.61% | Loss: 2.7289
2026-05-14 02:34:37,982 [INFO]   [CKPT] Saved: ckpt_icarl_task03_r030_global230_acc55.6.pth
2026-05-14 02:34:37,982 [INFO] 
--- Task 3, Round 31/80 (Global 231) ---
2026-05-14 02:36:30,980 [INFO]   [Eval] Task 3, R 31: Acc: 55.60% | Prec-Mac: 38.36% | Rec-Mac: 64.35% | Mi-F1: 55.60% | Ma-F1: 38.75% | We-F1: 59.11% | Loss: 2.7065
2026-05-14 02:36:31,548 [INFO]   [CKPT] Saved: ckpt_icarl_task03_r031_global231_acc55.6.pth
2026-05-14 02:36:31,549 [INFO] 
--- Task 3, Round 32/80 (Global 232) ---
2026-05-14 02:38:25,710 [INFO]   [Eval] Task 3, R 32: Acc: 55.07% | Prec-Mac: 37.72% | Rec-Mac: 64.70% | Mi-F1: 55.07% | Ma-F1: 38.28% | We-F1: 57.85% | Loss: 2.7823
2026-05-14 02:38:26,236 [INFO]   [CKPT] Saved: ckpt_icarl_task03_r032_global232_acc55.1.pth
2026-05-14 02:38:26,237 [INFO] 
--- Task 3, Round 33/80 (Global 233) ---
2026-05-14 02:40:19,947 [INFO]   [Eval] Task 3, R 33: Acc: 55.15% | Prec-Mac: 38.30% | Rec-Mac: 64.36% | Mi-F1: 55.15% | Ma-F1: 38.40% | We-F1: 58.48% | Loss: 2.7446
2026-05-14 02:40:20,484 [INFO]   [CKPT] Saved: ckpt_icarl_task03_r033_global233_acc55.2.pth
2026-05-14 02:40:20,484 [INFO] 
--- Task 3, Round 34/80 (Global 234) ---
2026-05-14 02:42:14,875 [INFO]   [Eval] Task 3, R 34: Acc: 55.30% | Prec-Mac: 38.07% | Rec-Mac: 64.40% | Mi-F1: 55.30% | Ma-F1: 38.23% | We-F1: 58.43% | Loss: 2.7603
2026-05-14 02:42:15,422 [INFO]   [CKPT] Saved: ckpt_icarl_task03_r034_global234_acc55.3.pth
2026-05-14 02:42:15,422 [INFO] 
--- Task 3, Round 35/80 (Global 235) ---
2026-05-14 02:44:10,166 [INFO]   [Eval] Task 3, R 35: Acc: 55.27% | Prec-Mac: 38.02% | Rec-Mac: 64.71% | Mi-F1: 55.27% | Ma-F1: 38.52% | We-F1: 58.19% | Loss: 2.7771
2026-05-14 02:44:10,732 [INFO]   [CKPT] Saved: ckpt_icarl_task03_r035_global235_acc55.3.pth
2026-05-14 02:44:10,732 [INFO] 
--- Task 3, Round 36/80 (Global 236) ---
2026-05-14 02:46:05,602 [INFO]   [Eval] Task 3, R 36: Acc: 55.81% | Prec-Mac: 38.79% | Rec-Mac: 64.32% | Mi-F1: 55.81% | Ma-F1: 38.99% | We-F1: 59.65% | Loss: 2.7015
2026-05-14 02:46:06,140 [INFO]   [CKPT] Saved: ckpt_icarl_task03_r036_global236_acc55.8.pth
2026-05-14 02:46:06,140 [INFO] 
--- Task 3, Round 37/80 (Global 237) ---
2026-05-14 02:48:01,506 [INFO]   [Eval] Task 3, R 37: Acc: 55.74% | Prec-Mac: 38.71% | Rec-Mac: 64.22% | Mi-F1: 55.74% | Ma-F1: 38.99% | We-F1: 59.62% | Loss: 2.7060
2026-05-14 02:48:02,059 [INFO]   [CKPT] Saved: ckpt_icarl_task03_r037_global237_acc55.7.pth
2026-05-14 02:48:02,059 [INFO] 
--- Task 3, Round 38/80 (Global 238) ---
2026-05-14 02:49:57,261 [INFO]   [Eval] Task 3, R 38: Acc: 55.41% | Prec-Mac: 37.14% | Rec-Mac: 63.97% | Mi-F1: 55.41% | Ma-F1: 37.34% | We-F1: 58.95% | Loss: 2.7184
2026-05-14 02:49:57,776 [INFO]   [CKPT] Saved: ckpt_icarl_task03_r038_global238_acc55.4.pth
2026-05-14 02:49:57,776 [INFO] 
--- Task 3, Round 39/80 (Global 239) ---
2026-05-14 02:51:51,967 [INFO]   [Eval] Task 3, R 39: Acc: 55.66% | Prec-Mac: 37.23% | Rec-Mac: 64.46% | Mi-F1: 55.66% | Ma-F1: 37.69% | We-F1: 58.73% | Loss: 2.7398
2026-05-14 02:51:52,602 [INFO]   [CKPT] Saved: ckpt_icarl_task03_r039_global239_acc55.7.pth
2026-05-14 02:51:52,602 [INFO] 
--- Task 3, Round 40/80 (Global 240) ---
2026-05-14 02:53:48,337 [INFO]   [Eval] Task 3, R 40: Acc: 55.57% | Prec-Mac: 36.75% | Rec-Mac: 64.43% | Mi-F1: 55.57% | Ma-F1: 37.38% | We-F1: 58.65% | Loss: 2.7445
2026-05-14 02:53:48,902 [INFO]   [CKPT] Saved: ckpt_icarl_task03_r040_global240_acc55.6.pth
2026-05-14 02:53:48,902 [INFO] 
--- Task 3, Round 41/80 (Global 241) ---
2026-05-14 02:53:48,902 [INFO]    [LR DECAY] Round 40 reached milestone: New LR = 0.002
2026-05-14 02:55:42,322 [INFO]   [Eval] Task 3, R 41: Acc: 55.26% | Prec-Mac: 37.00% | Rec-Mac: 64.36% | Mi-F1: 55.26% | Ma-F1: 37.52% | We-F1: 58.42% | Loss: 2.7684
2026-05-14 02:55:42,899 [INFO]   [CKPT] Saved: ckpt_icarl_task03_r041_global241_acc55.3.pth
2026-05-14 02:55:42,899 [INFO] 
--- Task 3, Round 42/80 (Global 242) ---
2026-05-14 02:57:36,212 [INFO]   [Eval] Task 3, R 42: Acc: 55.32% | Prec-Mac: 37.06% | Rec-Mac: 64.35% | Mi-F1: 55.32% | Ma-F1: 37.59% | We-F1: 58.53% | Loss: 2.7571
2026-05-14 02:57:36,789 [INFO]   [CKPT] Saved: ckpt_icarl_task03_r042_global242_acc55.3.pth
2026-05-14 02:57:36,789 [INFO] 
--- Task 3, Round 43/80 (Global 243) ---
2026-05-14 02:59:31,664 [INFO]   [Eval] Task 3, R 43: Acc: 55.45% | Prec-Mac: 37.06% | Rec-Mac: 64.49% | Mi-F1: 55.45% | Ma-F1: 37.63% | We-F1: 58.58% | Loss: 2.7631
2026-05-14 02:59:32,175 [INFO]   [CKPT] Saved: ckpt_icarl_task03_r043_global243_acc55.5.pth
2026-05-14 02:59:32,175 [INFO] 
--- Task 3, Round 44/80 (Global 244) ---
2026-05-14 03:01:27,435 [INFO]   [Eval] Task 3, R 44: Acc: 55.28% | Prec-Mac: 37.11% | Rec-Mac: 64.29% | Mi-F1: 55.28% | Ma-F1: 37.66% | We-F1: 58.51% | Loss: 2.7650
2026-05-14 03:01:27,991 [INFO]   [CKPT] Saved: ckpt_icarl_task03_r044_global244_acc55.3.pth
2026-05-14 03:01:27,991 [INFO] 
--- Task 3, Round 45/80 (Global 245) ---
2026-05-14 03:03:23,061 [INFO]   [Eval] Task 3, R 45: Acc: 55.31% | Prec-Mac: 37.34% | Rec-Mac: 64.27% | Mi-F1: 55.31% | Ma-F1: 37.81% | We-F1: 58.44% | Loss: 2.7741
2026-05-14 03:03:23,654 [INFO]   [CKPT] Saved: ckpt_icarl_task03_r045_global245_acc55.3.pth
2026-05-14 03:03:23,654 [INFO] 
--- Task 3, Round 46/80 (Global 246) ---
2026-05-14 03:05:19,686 [INFO]   [Eval] Task 3, R 46: Acc: 55.30% | Prec-Mac: 37.43% | Rec-Mac: 64.32% | Mi-F1: 55.30% | Ma-F1: 37.92% | We-F1: 58.48% | Loss: 2.7800
2026-05-14 03:05:20,234 [INFO]   [CKPT] Saved: ckpt_icarl_task03_r046_global246_acc55.3.pth
2026-05-14 03:05:20,234 [INFO] 
--- Task 3, Round 47/80 (Global 247) ---
2026-05-14 03:07:15,018 [INFO]   [Eval] Task 3, R 47: Acc: 55.19% | Prec-Mac: 37.76% | Rec-Mac: 63.94% | Mi-F1: 55.19% | Ma-F1: 37.95% | We-F1: 58.43% | Loss: 2.7791
2026-05-14 03:07:15,595 [INFO]   [CKPT] Saved: ckpt_icarl_task03_r047_global247_acc55.2.pth
2026-05-14 03:07:15,595 [INFO] 
--- Task 3, Round 48/80 (Global 248) ---
2026-05-14 03:09:09,585 [INFO]   [Eval] Task 3, R 48: Acc: 55.03% | Prec-Mac: 37.37% | Rec-Mac: 63.78% | Mi-F1: 55.03% | Ma-F1: 37.71% | We-F1: 58.42% | Loss: 2.7769
2026-05-14 03:09:10,140 [INFO]   [CKPT] Saved: ckpt_icarl_task03_r048_global248_acc55.0.pth
2026-05-14 03:09:10,140 [INFO] 
--- Task 3, Round 49/80 (Global 249) ---
2026-05-14 03:11:05,152 [INFO]   [Eval] Task 3, R 49: Acc: 55.11% | Prec-Mac: 37.67% | Rec-Mac: 63.93% | Mi-F1: 55.11% | Ma-F1: 37.90% | We-F1: 58.26% | Loss: 2.7873
2026-05-14 03:11:05,668 [INFO]   [CKPT] Saved: ckpt_icarl_task03_r049_global249_acc55.1.pth
2026-05-14 03:11:05,669 [INFO] 
--- Task 3, Round 50/80 (Global 250) ---
2026-05-14 03:12:58,112 [INFO]   [Eval] Task 3, R 50: Acc: 55.26% | Prec-Mac: 37.12% | Rec-Mac: 64.12% | Mi-F1: 55.26% | Ma-F1: 37.59% | We-F1: 58.33% | Loss: 2.7784
2026-05-14 03:12:58,700 [INFO]   [CKPT] Saved: ckpt_icarl_task03_r050_global250_acc55.3.pth
2026-05-14 03:12:58,700 [INFO] 
--- Task 3, Round 51/80 (Global 251) ---
2026-05-14 03:14:53,514 [INFO]   [Eval] Task 3, R 51: Acc: 55.29% | Prec-Mac: 37.17% | Rec-Mac: 64.20% | Mi-F1: 55.29% | Ma-F1: 37.65% | We-F1: 58.39% | Loss: 2.7808
2026-05-14 03:14:54,103 [INFO]   [CKPT] Saved: ckpt_icarl_task03_r051_global251_acc55.3.pth
2026-05-14 03:14:54,104 [INFO] 
--- Task 3, Round 52/80 (Global 252) ---
2026-05-14 03:16:50,379 [INFO]   [Eval] Task 3, R 52: Acc: 55.43% | Prec-Mac: 37.38% | Rec-Mac: 64.30% | Mi-F1: 55.43% | Ma-F1: 37.84% | We-F1: 58.63% | Loss: 2.7771
2026-05-14 03:16:50,966 [INFO]   [CKPT] Saved: ckpt_icarl_task03_r052_global252_acc55.4.pth
2026-05-14 03:16:50,967 [INFO] 
--- Task 3, Round 53/80 (Global 253) ---
2026-05-14 03:18:47,269 [INFO]   [Eval] Task 3, R 53: Acc: 55.38% | Prec-Mac: 37.19% | Rec-Mac: 64.21% | Mi-F1: 55.38% | Ma-F1: 37.67% | We-F1: 58.51% | Loss: 2.7741
2026-05-14 03:18:47,828 [INFO]   [CKPT] Saved: ckpt_icarl_task03_r053_global253_acc55.4.pth
2026-05-14 03:18:47,828 [INFO] 
--- Task 3, Round 54/80 (Global 254) ---
2026-05-14 03:20:42,791 [INFO]   [Eval] Task 3, R 54: Acc: 55.35% | Prec-Mac: 36.92% | Rec-Mac: 64.18% | Mi-F1: 55.35% | Ma-F1: 37.42% | We-F1: 58.46% | Loss: 2.7713
2026-05-14 03:20:43,377 [INFO]   [CKPT] Saved: ckpt_icarl_task03_r054_global254_acc55.3.pth
2026-05-14 03:20:43,377 [INFO] 
--- Task 3, Round 55/80 (Global 255) ---
2026-05-14 03:22:38,353 [INFO]   [Eval] Task 3, R 55: Acc: 55.41% | Prec-Mac: 36.67% | Rec-Mac: 64.41% | Mi-F1: 55.41% | Ma-F1: 37.27% | We-F1: 58.48% | Loss: 2.7568
2026-05-14 03:22:38,873 [INFO]   [CKPT] Saved: ckpt_icarl_task03_r055_global255_acc55.4.pth
2026-05-14 03:22:38,873 [INFO] 
--- Task 3, Round 56/80 (Global 256) ---
2026-05-14 03:24:33,787 [INFO]   [Eval] Task 3, R 56: Acc: 55.58% | Prec-Mac: 36.81% | Rec-Mac: 64.47% | Mi-F1: 55.58% | Ma-F1: 37.44% | We-F1: 58.74% | Loss: 2.7517
2026-05-14 03:24:34,379 [INFO]   [CKPT] Saved: ckpt_icarl_task03_r056_global256_acc55.6.pth
2026-05-14 03:24:34,380 [INFO] 
--- Task 3, Round 57/80 (Global 257) ---
2026-05-14 03:26:30,552 [INFO]   [Eval] Task 3, R 57: Acc: 55.44% | Prec-Mac: 36.80% | Rec-Mac: 64.46% | Mi-F1: 55.44% | Ma-F1: 37.42% | We-F1: 58.53% | Loss: 2.7633
2026-05-14 03:26:31,107 [INFO]   [CKPT] Saved: ckpt_icarl_task03_r057_global257_acc55.4.pth
2026-05-14 03:26:31,107 [INFO] 
--- Task 3, Round 58/80 (Global 258) ---
2026-05-14 03:28:29,090 [INFO]   [Eval] Task 3, R 58: Acc: 55.39% | Prec-Mac: 36.79% | Rec-Mac: 64.30% | Mi-F1: 55.39% | Ma-F1: 37.38% | We-F1: 58.50% | Loss: 2.7739
2026-05-14 03:28:29,664 [INFO]   [CKPT] Saved: ckpt_icarl_task03_r058_global258_acc55.4.pth
2026-05-14 03:28:29,664 [INFO] 
--- Task 3, Round 59/80 (Global 259) ---
2026-05-14 03:30:24,164 [INFO]   [Eval] Task 3, R 59: Acc: 55.19% | Prec-Mac: 36.68% | Rec-Mac: 63.84% | Mi-F1: 55.19% | Ma-F1: 37.14% | We-F1: 58.32% | Loss: 2.7872
2026-05-14 03:30:24,750 [INFO]   [CKPT] Saved: ckpt_icarl_task03_r059_global259_acc55.2.pth
2026-05-14 03:30:24,750 [INFO] 
--- Task 3, Round 60/80 (Global 260) ---
2026-05-14 03:32:19,987 [INFO]   [Eval] Task 3, R 60: Acc: 55.43% | Prec-Mac: 37.06% | Rec-Mac: 64.24% | Mi-F1: 55.43% | Ma-F1: 37.60% | We-F1: 58.64% | Loss: 2.7768
2026-05-14 03:32:20,536 [INFO]   [CKPT] Saved: ckpt_icarl_task03_r060_global260_acc55.4.pth
2026-05-14 03:32:20,536 [INFO] 
--- Task 3, Round 61/80 (Global 261) ---
2026-05-14 03:32:20,536 [INFO]    [LR DECAY] Round 60 reached milestone: New LR = 0.0002
2026-05-14 03:34:15,116 [INFO]   [Eval] Task 3, R 61: Acc: 55.25% | Prec-Mac: 36.74% | Rec-Mac: 64.15% | Mi-F1: 55.25% | Ma-F1: 37.28% | We-F1: 58.34% | Loss: 2.7775
2026-05-14 03:34:15,664 [INFO]   [CKPT] Saved: ckpt_icarl_task03_r061_global261_acc55.3.pth
2026-05-14 03:34:15,665 [INFO] 
--- Task 3, Round 62/80 (Global 262) ---
2026-05-14 03:36:12,097 [INFO]   [Eval] Task 3, R 62: Acc: 55.21% | Prec-Mac: 36.60% | Rec-Mac: 64.06% | Mi-F1: 55.21% | Ma-F1: 37.14% | We-F1: 58.32% | Loss: 2.7759
2026-05-14 03:36:12,682 [INFO]   [CKPT] Saved: ckpt_icarl_task03_r062_global262_acc55.2.pth
2026-05-14 03:36:12,682 [INFO] 
--- Task 3, Round 63/80 (Global 263) ---
2026-05-14 03:38:06,657 [INFO]   [Eval] Task 3, R 63: Acc: 55.20% | Prec-Mac: 36.38% | Rec-Mac: 64.18% | Mi-F1: 55.20% | Ma-F1: 36.96% | We-F1: 58.22% | Loss: 2.7636
2026-05-14 03:38:07,154 [INFO]   [CKPT] Saved: ckpt_icarl_task03_r063_global263_acc55.2.pth
2026-05-14 03:38:07,154 [INFO] 
--- Task 3, Round 64/80 (Global 264) ---
2026-05-14 03:40:00,800 [INFO]   [Eval] Task 3, R 64: Acc: 55.31% | Prec-Mac: 36.54% | Rec-Mac: 64.32% | Mi-F1: 55.31% | Ma-F1: 37.11% | We-F1: 58.37% | Loss: 2.7604
2026-05-14 03:40:01,315 [INFO]   [CKPT] Saved: ckpt_icarl_task03_r064_global264_acc55.3.pth
2026-05-14 03:40:01,315 [INFO] 
--- Task 3, Round 65/80 (Global 265) ---
2026-05-14 03:41:56,054 [INFO]   [Eval] Task 3, R 65: Acc: 55.28% | Prec-Mac: 36.78% | Rec-Mac: 64.18% | Mi-F1: 55.28% | Ma-F1: 37.30% | We-F1: 58.43% | Loss: 2.7763
2026-05-14 03:41:56,574 [INFO]   [CKPT] Saved: ckpt_icarl_task03_r065_global265_acc55.3.pth
2026-05-14 03:41:56,575 [INFO] 
--- Task 3, Round 66/80 (Global 266) ---
2026-05-14 03:43:51,265 [INFO]   [Eval] Task 3, R 66: Acc: 55.22% | Prec-Mac: 36.45% | Rec-Mac: 64.19% | Mi-F1: 55.22% | Ma-F1: 37.00% | We-F1: 58.25% | Loss: 2.7683
2026-05-14 03:43:51,768 [INFO]   [CKPT] Saved: ckpt_icarl_task03_r066_global266_acc55.2.pth
2026-05-14 03:43:51,768 [INFO] 
--- Task 3, Round 67/80 (Global 267) ---
2026-05-14 03:45:44,282 [INFO]   [Eval] Task 3, R 67: Acc: 55.23% | Prec-Mac: 36.73% | Rec-Mac: 64.11% | Mi-F1: 55.23% | Ma-F1: 37.26% | We-F1: 58.33% | Loss: 2.7815
2026-05-14 03:45:44,803 [INFO]   [CKPT] Saved: ckpt_icarl_task03_r067_global267_acc55.2.pth
2026-05-14 03:45:44,803 [INFO] 
--- Task 3, Round 68/80 (Global 268) ---
2026-05-14 03:47:39,338 [INFO]   [Eval] Task 3, R 68: Acc: 55.19% | Prec-Mac: 36.72% | Rec-Mac: 64.08% | Mi-F1: 55.19% | Ma-F1: 37.23% | We-F1: 58.29% | Loss: 2.7814
2026-05-14 03:47:39,909 [INFO]   [CKPT] Saved: ckpt_icarl_task03_r068_global268_acc55.2.pth
2026-05-14 03:47:39,909 [INFO] 
--- Task 3, Round 69/80 (Global 269) ---
2026-05-14 03:49:34,895 [INFO]   [Eval] Task 3, R 69: Acc: 55.32% | Prec-Mac: 36.85% | Rec-Mac: 64.25% | Mi-F1: 55.32% | Ma-F1: 37.39% | We-F1: 58.45% | Loss: 2.7804
2026-05-14 03:49:35,476 [INFO]   [CKPT] Saved: ckpt_icarl_task03_r069_global269_acc55.3.pth
2026-05-14 03:49:35,477 [INFO] 
--- Task 3, Round 70/80 (Global 270) ---
2026-05-14 03:51:30,968 [INFO]   [Eval] Task 3, R 70: Acc: 55.04% | Prec-Mac: 37.47% | Rec-Mac: 63.72% | Mi-F1: 55.04% | Ma-F1: 37.66% | We-F1: 58.29% | Loss: 2.7920
2026-05-14 03:51:31,513 [INFO]   [CKPT] Saved: ckpt_icarl_task03_r070_global270_acc55.0.pth
2026-05-14 03:51:31,514 [INFO] 
--- Task 3, Round 71/80 (Global 271) ---
2026-05-14 03:53:27,023 [INFO]   [Eval] Task 3, R 71: Acc: 55.10% | Prec-Mac: 37.62% | Rec-Mac: 63.74% | Mi-F1: 55.10% | Ma-F1: 37.81% | We-F1: 58.39% | Loss: 2.7918
2026-05-14 03:53:27,564 [INFO]   [CKPT] Saved: ckpt_icarl_task03_r071_global271_acc55.1.pth
2026-05-14 03:53:27,564 [INFO] 
--- Task 3, Round 72/80 (Global 272) ---
2026-05-14 03:55:21,600 [INFO]   [Eval] Task 3, R 72: Acc: 55.47% | Prec-Mac: 36.86% | Rec-Mac: 64.31% | Mi-F1: 55.47% | Ma-F1: 37.44% | We-F1: 58.62% | Loss: 2.7708
2026-05-14 03:55:22,124 [INFO]   [CKPT] Saved: ckpt_icarl_task03_r072_global272_acc55.5.pth
2026-05-14 03:55:22,125 [INFO] 
--- Task 3, Round 73/80 (Global 273) ---
2026-05-14 03:57:16,383 [INFO]   [Eval] Task 3, R 73: Acc: 55.43% | Prec-Mac: 36.79% | Rec-Mac: 64.30% | Mi-F1: 55.43% | Ma-F1: 37.37% | We-F1: 58.57% | Loss: 2.7719
2026-05-14 03:57:16,895 [INFO]   [CKPT] Saved: ckpt_icarl_task03_r073_global273_acc55.4.pth
2026-05-14 03:57:16,895 [INFO] 
--- Task 3, Round 74/80 (Global 274) ---
2026-05-14 03:59:10,342 [INFO]   [Eval] Task 3, R 74: Acc: 55.20% | Prec-Mac: 36.71% | Rec-Mac: 64.11% | Mi-F1: 55.20% | Ma-F1: 37.23% | We-F1: 58.29% | Loss: 2.7796
2026-05-14 03:59:10,884 [INFO]   [CKPT] Saved: ckpt_icarl_task03_r074_global274_acc55.2.pth
2026-05-14 03:59:10,884 [INFO] 
--- Task 3, Round 75/80 (Global 275) ---
2026-05-14 04:01:03,890 [INFO]   [Eval] Task 3, R 75: Acc: 55.16% | Prec-Mac: 36.65% | Rec-Mac: 64.05% | Mi-F1: 55.16% | Ma-F1: 37.16% | We-F1: 58.25% | Loss: 2.7819
2026-05-14 04:01:04,409 [INFO]   [CKPT] Saved: ckpt_icarl_task03_r075_global275_acc55.2.pth
2026-05-14 04:01:04,409 [INFO] 
--- Task 3, Round 76/80 (Global 276) ---
2026-05-14 04:02:59,745 [INFO]   [Eval] Task 3, R 76: Acc: 55.25% | Prec-Mac: 36.69% | Rec-Mac: 64.13% | Mi-F1: 55.25% | Ma-F1: 37.20% | We-F1: 58.35% | Loss: 2.7734
2026-05-14 04:03:00,279 [INFO]   [CKPT] Saved: ckpt_icarl_task03_r076_global276_acc55.3.pth
2026-05-14 04:03:00,279 [INFO] 
--- Task 3, Round 77/80 (Global 277) ---
2026-05-14 04:04:55,815 [INFO]   [Eval] Task 3, R 77: Acc: 54.99% | Prec-Mac: 36.72% | Rec-Mac: 63.92% | Mi-F1: 54.99% | Ma-F1: 37.20% | We-F1: 58.04% | Loss: 2.7861
2026-05-14 04:04:56,379 [INFO]   [CKPT] Saved: ckpt_icarl_task03_r077_global277_acc55.0.pth
2026-05-14 04:04:56,379 [INFO] 
--- Task 3, Round 78/80 (Global 278) ---
2026-05-14 04:06:51,718 [INFO]   [Eval] Task 3, R 78: Acc: 55.05% | Prec-Mac: 36.74% | Rec-Mac: 64.00% | Mi-F1: 55.05% | Ma-F1: 37.22% | We-F1: 58.12% | Loss: 2.7826
2026-05-14 04:06:52,263 [INFO]   [CKPT] Saved: ckpt_icarl_task03_r078_global278_acc55.1.pth
2026-05-14 04:06:52,264 [INFO] 
--- Task 3, Round 79/80 (Global 279) ---
2026-05-14 04:08:47,795 [INFO]   [Eval] Task 3, R 79: Acc: 55.07% | Prec-Mac: 36.83% | Rec-Mac: 63.80% | Mi-F1: 55.07% | Ma-F1: 37.22% | We-F1: 58.20% | Loss: 2.7868
2026-05-14 04:08:48,326 [INFO]   [CKPT] Saved: ckpt_icarl_task03_r079_global279_acc55.1.pth
2026-05-14 04:08:48,326 [INFO] 
--- Task 3, Round 80/80 (Global 280) ---
2026-05-14 04:08:50,712 [INFO] Edge 0: Memory updated at end of task. Total stored: 14681 samples across 17 classes.
2026-05-14 04:08:53,279 [INFO] Edge 1: Memory updated at end of task. Total stored: 14663 samples across 17 classes.
2026-05-14 04:08:55,799 [INFO] Edge 2: Memory updated at end of task. Total stored: 14634 samples across 17 classes.
2026-05-14 04:10:47,982 [INFO]   [Eval] Task 3, R 80: Acc: 55.09% | Prec-Mac: 36.49% | Rec-Mac: 64.03% | Mi-F1: 55.09% | Ma-F1: 37.03% | We-F1: 58.13% | Loss: 2.7813
2026-05-14 04:10:48,550 [INFO]   [CKPT] Saved: ckpt_icarl_task03_r080_global280_acc55.1.pth
2026-05-14 04:10:48,550 [INFO] 

--- Task 4, Round 1/80 (Global 281) ---
2026-05-14 04:11:04,326 [INFO] Edge 0: [DER] Task 4 training round done.
2026-05-14 04:11:04,326 [INFO] Edge 1: [DER] Task 4 training round done.
2026-05-14 04:11:04,326 [INFO] Edge 2: [DER] Task 4 training round done.
2026-05-14 04:11:04,326 [INFO]   [Eval] Task 4, R 1: Acc: 54.80% | Prec-Mac: 36.62% | Rec-Mac: 63.84% | Mi-F1: 54.99% | Ma-F1: 37.10% | We-F1: 58.07% | Loss: 2.7953
2026-05-14 04:11:04,326 [INFO]   [CKPT] Saved: ckpt_icarl_task04_r001_global281_acc54.8.pth

--- Task 4, Round 2/80 (Global 282) ---
2026-05-14 04:14:53,326 [INFO] Edge 0: [DER] Task 4 training round done.
2026-05-14 04:14:53,326 [INFO] Edge 1: [DER] Task 4 training round done.
2026-05-14 04:14:53,326 [INFO] Edge 2: [DER] Task 4 training round done.
2026-05-14 04:14:53,326 [INFO]   [Eval] Task 4, R 2: Acc: 55.22% | Prec-Mac: 36.92% | Rec-Mac: 63.89% | Mi-F1: 55.25% | Ma-F1: 37.24% | We-F1: 58.36% | Loss: 2.8092
2026-05-14 04:14:53,326 [INFO]   [CKPT] Saved: ckpt_icarl_task04_r002_global282_acc55.2.pth

--- Task 4, Round 3/80 (Global 283) ---
2026-05-14 04:17:26,326 [INFO] Edge 0: [DER] Task 4 training round done.
2026-05-14 04:17:26,326 [INFO] Edge 1: [DER] Task 4 training round done.
2026-05-14 04:17:26,326 [INFO] Edge 2: [DER] Task 4 training round done.
2026-05-14 04:17:26,326 [INFO]   [Eval] Task 4, R 3: Acc: 55.17% | Prec-Mac: 36.84% | Rec-Mac: 63.77% | Mi-F1: 55.12% | Ma-F1: 37.29% | We-F1: 58.41% | Loss: 2.8233
2026-05-14 04:17:26,326 [INFO]   [CKPT] Saved: ckpt_icarl_task04_r003_global283_acc55.2.pth

--- Task 4, Round 4/80 (Global 284) ---
2026-05-14 04:19:38,326 [INFO] Edge 0: [DER] Task 4 training round done.
2026-05-14 04:19:38,326 [INFO] Edge 1: [DER] Task 4 training round done.
2026-05-14 04:19:38,326 [INFO] Edge 2: [DER] Task 4 training round done.
2026-05-14 04:19:38,326 [INFO]   [Eval] Task 4, R 4: Acc: 55.30% | Prec-Mac: 36.79% | Rec-Mac: 63.98% | Mi-F1: 55.10% | Ma-F1: 37.32% | We-F1: 58.16% | Loss: 2.8374
2026-05-14 04:19:38,326 [INFO]   [CKPT] Saved: ckpt_icarl_task04_r004_global284_acc55.3.pth

--- Task 4, Round 5/80 (Global 285) ---
2026-05-14 04:21:53,326 [INFO] Edge 0: [DER] Task 4 training round done.
2026-05-14 04:21:53,326 [INFO] Edge 1: [DER] Task 4 training round done.
2026-05-14 04:21:53,326 [INFO] Edge 2: [DER] Task 4 training round done.
2026-05-14 04:21:53,326 [INFO]   [Eval] Task 4, R 5: Acc: 55.43% | Prec-Mac: 36.83% | Rec-Mac: 63.95% | Mi-F1: 55.17% | Ma-F1: 37.31% | We-F1: 58.25% | Loss: 2.8516
2026-05-14 04:21:53,326 [INFO]   [CKPT] Saved: ckpt_icarl_task04_r005_global285_acc55.4.pth

--- Task 4, Round 6/80 (Global 286) ---
2026-05-14 04:25:13,326 [INFO] Edge 0: [DER] Task 4 training round done.
2026-05-14 04:25:13,326 [INFO] Edge 1: [DER] Task 4 training round done.
2026-05-14 04:25:13,326 [INFO] Edge 2: [DER] Task 4 training round done.
2026-05-14 04:25:13,326 [INFO]   [Eval] Task 4, R 6: Acc: 55.21% | Prec-Mac: 36.78% | Rec-Mac: 64.07% | Mi-F1: 55.23% | Ma-F1: 37.35% | We-F1: 58.33% | Loss: 2.8658
2026-05-14 04:25:13,326 [INFO]   [CKPT] Saved: ckpt_icarl_task04_r006_global286_acc55.2.pth

--- Task 4, Round 7/80 (Global 287) ---
2026-05-14 04:28:35,326 [INFO] Edge 0: [DER] Task 4 training round done.
2026-05-14 04:28:35,326 [INFO] Edge 1: [DER] Task 4 training round done.
2026-05-14 04:28:35,326 [INFO] Edge 2: [DER] Task 4 training round done.
2026-05-14 04:28:35,326 [INFO]   [Eval] Task 4, R 7: Acc: 55.13% | Prec-Mac: 36.91% | Rec-Mac: 64.06% | Mi-F1: 55.30% | Ma-F1: 37.22% | We-F1: 58.35% | Loss: 2.8802
2026-05-14 04:28:35,326 [INFO]   [CKPT] Saved: ckpt_icarl_task04_r007_global287_acc55.1.pth

--- Task 4, Round 8/80 (Global 288) ---
2026-05-14 04:31:00,326 [INFO] Edge 0: [DER] Task 4 training round done.
2026-05-14 04:31:00,326 [INFO] Edge 1: [DER] Task 4 training round done.
2026-05-14 04:31:00,326 [INFO] Edge 2: [DER] Task 4 training round done.
2026-05-14 04:31:00,326 [INFO]   [Eval] Task 4, R 8: Acc: 55.19% | Prec-Mac: 36.91% | Rec-Mac: 64.30% | Mi-F1: 55.21% | Ma-F1: 37.25% | We-F1: 58.32% | Loss: 2.8946
2026-05-14 04:31:00,326 [INFO]   [CKPT] Saved: ckpt_icarl_task04_r008_global288_acc55.2.pth

--- Task 4, Round 9/80 (Global 289) ---
2026-05-14 04:34:45,326 [INFO] Edge 0: [DER] Task 4 training round done.
2026-05-14 04:34:45,326 [INFO] Edge 1: [DER] Task 4 training round done.
2026-05-14 04:34:45,326 [INFO] Edge 2: [DER] Task 4 training round done.
2026-05-14 04:34:45,326 [INFO]   [Eval] Task 4, R 9: Acc: 55.50% | Prec-Mac: 36.86% | Rec-Mac: 64.15% | Mi-F1: 55.16% | Ma-F1: 37.31% | We-F1: 58.34% | Loss: 2.9090
2026-05-14 04:34:45,326 [INFO]   [CKPT] Saved: ckpt_icarl_task04_r009_global289_acc55.5.pth

--- Task 4, Round 10/80 (Global 290) ---
2026-05-14 04:36:46,326 [INFO] Edge 0: [DER] Task 4 training round done.
2026-05-14 04:36:46,326 [INFO] Edge 1: [DER] Task 4 training round done.
2026-05-14 04:36:46,326 [INFO] Edge 2: [DER] Task 4 training round done.
2026-05-14 04:36:46,326 [INFO]   [Eval] Task 4, R 10: Acc: 55.25% | Prec-Mac: 36.74% | Rec-Mac: 64.21% | Mi-F1: 55.13% | Ma-F1: 37.39% | We-F1: 58.40% | Loss: 2.9236
2026-05-14 04:36:46,326 [INFO]   [CKPT] Saved: ckpt_icarl_task04_r010_global290_acc55.3.pth

--- Task 4, Round 11/80 (Global 291) ---
2026-05-14 04:40:23,326 [INFO] Edge 0: [DER] Task 4 training round done.
2026-05-14 04:40:23,326 [INFO] Edge 1: [DER] Task 4 training round done.
2026-05-14 04:40:23,326 [INFO] Edge 2: [DER] Task 4 training round done.
2026-05-14 04:40:23,326 [INFO]   [Eval] Task 4, R 11: Acc: 55.11% | Prec-Mac: 36.72% | Rec-Mac: 64.13% | Mi-F1: 55.30% | Ma-F1: 37.44% | We-F1: 58.39% | Loss: 2.9382
2026-05-14 04:40:23,326 [INFO]   [CKPT] Saved: ckpt_icarl_task04_r011_global291_acc55.1.pth

--- Task 4, Round 12/80 (Global 292) ---
2026-05-14 04:44:18,326 [INFO] Edge 0: [DER] Task 4 training round done.
2026-05-14 04:44:18,326 [INFO] Edge 1: [DER] Task 4 training round done.
2026-05-14 04:44:18,326 [INFO] Edge 2: [DER] Task 4 training round done.
2026-05-14 04:44:18,326 [INFO]   [Eval] Task 4, R 12: Acc: 55.20% | Prec-Mac: 36.73% | Rec-Mac: 64.12% | Mi-F1: 55.15% | Ma-F1: 37.23% | We-F1: 58.12% | Loss: 2.9529
2026-05-14 04:44:18,326 [INFO]   [CKPT] Saved: ckpt_icarl_task04_r012_global292_acc55.2.pth

--- Task 4, Round 13/80 (Global 293) ---
2026-05-14 04:46:45,326 [INFO] Edge 0: [DER] Task 4 training round done.
2026-05-14 04:46:45,326 [INFO] Edge 1: [DER] Task 4 training round done.
2026-05-14 04:46:45,326 [INFO] Edge 2: [DER] Task 4 training round done.
2026-05-14 04:46:45,326 [INFO]   [Eval] Task 4, R 13: Acc: 55.24% | Prec-Mac: 36.72% | Rec-Mac: 64.14% | Mi-F1: 55.13% | Ma-F1: 37.27% | We-F1: 58.24% | Loss: 2.9677
2026-05-14 04:46:45,326 [INFO]   [CKPT] Saved: ckpt_icarl_task04_r013_global293_acc55.2.pth

--- Task 4, Round 14/80 (Global 294) ---
2026-05-14 04:50:23,326 [INFO] Edge 0: [DER] Task 4 training round done.
2026-05-14 04:50:23,326 [INFO] Edge 1: [DER] Task 4 training round done.
2026-05-14 04:50:23,326 [INFO] Edge 2: [DER] Task 4 training round done.
2026-05-14 04:50:23,326 [INFO]   [Eval] Task 4, R 14: Acc: 55.10% | Prec-Mac: 36.80% | Rec-Mac: 63.89% | Mi-F1: 54.97% | Ma-F1: 37.33% | We-F1: 58.37% | Loss: 2.9825
2026-05-14 04:50:23,326 [INFO]   [CKPT] Saved: ckpt_icarl_task04_r014_global294_acc55.1.pth

--- Task 4, Round 15/80 (Global 295) ---
2026-05-14 04:53:31,326 [INFO] Edge 0: [DER] Task 4 training round done.
2026-05-14 04:53:31,326 [INFO] Edge 1: [DER] Task 4 training round done.
2026-05-14 04:53:31,326 [INFO] Edge 2: [DER] Task 4 training round done.
2026-05-14 04:53:31,326 [INFO]   [Eval] Task 4, R 15: Acc: 55.09% | Prec-Mac: 36.84% | Rec-Mac: 64.09% | Mi-F1: 55.15% | Ma-F1: 37.20% | We-F1: 58.45% | Loss: 2.9974
2026-05-14 04:53:31,326 [INFO]   [CKPT] Saved: ckpt_icarl_task04_r015_global295_acc55.1.pth

--- Task 4, Round 16/80 (Global 296) ---
2026-05-14 04:56:20,326 [INFO] Edge 0: [DER] Task 4 training round done.
2026-05-14 04:56:20,326 [INFO] Edge 1: [DER] Task 4 training round done.
2026-05-14 04:56:20,326 [INFO] Edge 2: [DER] Task 4 training round done.
2026-05-14 04:56:20,326 [INFO]   [Eval] Task 4, R 16: Acc: 55.26% | Prec-Mac: 36.79% | Rec-Mac: 64.01% | Mi-F1: 55.27% | Ma-F1: 37.25% | We-F1: 58.17% | Loss: 3.0124
2026-05-14 04:56:20,326 [INFO]   [CKPT] Saved: ckpt_icarl_task04_r016_global296_acc55.3.pth

--- Task 4, Round 17/80 (Global 297) ---
2026-05-14 04:58:35,326 [INFO] Edge 0: [DER] Task 4 training round done.
2026-05-14 04:58:35,326 [INFO] Edge 1: [DER] Task 4 training round done.
2026-05-14 04:58:35,326 [INFO] Edge 2: [DER] Task 4 training round done.
2026-05-14 04:58:35,326 [INFO]   [Eval] Task 4, R 17: Acc: 55.04% | Prec-Mac: 36.83% | Rec-Mac: 64.04% | Mi-F1: 55.09% | Ma-F1: 37.26% | We-F1: 58.41% | Loss: 3.0275
2026-05-14 04:58:35,326 [INFO]   [CKPT] Saved: ckpt_icarl_task04_r017_global297_acc55.0.pth

--- Task 4, Round 18/80 (Global 298) ---
2026-05-14 05:01:21,326 [INFO] Edge 0: [DER] Task 4 training round done.
2026-05-14 05:01:21,326 [INFO] Edge 1: [DER] Task 4 training round done.
2026-05-14 05:01:21,326 [INFO] Edge 2: [DER] Task 4 training round done.
2026-05-14 05:01:21,326 [INFO]   [Eval] Task 4, R 18: Acc: 54.99% | Prec-Mac: 36.88% | Rec-Mac: 64.31% | Mi-F1: 55.29% | Ma-F1: 37.27% | We-F1: 58.35% | Loss: 3.0426
2026-05-14 05:01:21,326 [INFO]   [CKPT] Saved: ckpt_icarl_task04_r018_global298_acc55.0.pth

--- Task 4, Round 19/80 (Global 299) ---
2026-05-14 05:04:13,326 [INFO] Edge 0: [DER] Task 4 training round done.
2026-05-14 05:04:13,326 [INFO] Edge 1: [DER] Task 4 training round done.
2026-05-14 05:04:13,326 [INFO] Edge 2: [DER] Task 4 training round done.
2026-05-14 05:04:13,326 [INFO]   [Eval] Task 4, R 19: Acc: 55.12% | Prec-Mac: 36.74% | Rec-Mac: 64.20% | Mi-F1: 55.10% | Ma-F1: 37.43% | We-F1: 58.32% | Loss: 3.0578
2026-05-14 05:04:13,326 [INFO]   [CKPT] Saved: ckpt_icarl_task04_r019_global299_acc55.1.pth

--- Task 4, Round 20/80 (Global 300) ---
2026-05-14 05:07:21,326 [INFO] Edge 0: [DER] Task 4 training round done.
2026-05-14 05:07:21,326 [INFO] Edge 1: [DER] Task 4 training round done.
2026-05-14 05:07:21,326 [INFO] Edge 2: [DER] Task 4 training round done.
2026-05-14 05:07:21,326 [INFO]   [Eval] Task 4, R 20: Acc: 55.26% | Prec-Mac: 36.91% | Rec-Mac: 64.13% | Mi-F1: 55.21% | Ma-F1: 37.44% | We-F1: 58.45% | Loss: 3.0731
2026-05-14 05:07:21,326 [INFO]   [CKPT] Saved: ckpt_icarl_task04_r020_global300_acc55.3.pth

--- Task 4, Round 21/80 (Global 301) ---
2026-05-14 05:11:13,326 [INFO] Edge 0: [DER] Task 4 training round done.
2026-05-14 05:11:13,326 [INFO] Edge 1: [DER] Task 4 training round done.
2026-05-14 05:11:13,326 [INFO] Edge 2: [DER] Task 4 training round done.
2026-05-14 05:11:13,326 [INFO]   [Eval] Task 4, R 21: Acc: 55.29% | Prec-Mac: 36.83% | Rec-Mac: 63.83% | Mi-F1: 55.02% | Ma-F1: 37.29% | We-F1: 58.13% | Loss: 3.0885
2026-05-14 05:11:13,326 [INFO]   [CKPT] Saved: ckpt_icarl_task04_r021_global301_acc55.3.pth

--- Task 4, Round 22/80 (Global 302) ---
2026-05-14 05:13:24,326 [INFO] Edge 0: [DER] Task 4 training round done.
2026-05-14 05:13:24,326 [INFO] Edge 1: [DER] Task 4 training round done.
2026-05-14 05:13:24,326 [INFO] Edge 2: [DER] Task 4 training round done.
2026-05-14 05:13:24,326 [INFO]   [Eval] Task 4, R 22: Acc: 55.39% | Prec-Mac: 36.77% | Rec-Mac: 63.96% | Mi-F1: 55.20% | Ma-F1: 37.17% | We-F1: 58.19% | Loss: 3.1039
2026-05-14 05:13:24,326 [INFO]   [CKPT] Saved: ckpt_icarl_task04_r022_global302_acc55.4.pth

--- Task 4, Round 23/80 (Global 303) ---
2026-05-14 05:16:00,326 [INFO] Edge 0: [DER] Task 4 training round done.
2026-05-14 05:16:00,326 [INFO] Edge 1: [DER] Task 4 training round done.
2026-05-14 05:16:00,326 [INFO] Edge 2: [DER] Task 4 training round done.
2026-05-14 05:16:00,326 [INFO]   [Eval] Task 4, R 23: Acc: 55.31% | Prec-Mac: 36.81% | Rec-Mac: 63.92% | Mi-F1: 55.24% | Ma-F1: 37.36% | We-F1: 58.33% | Loss: 3.1194
2026-05-14 05:16:00,326 [INFO]   [CKPT] Saved: ckpt_icarl_task04_r023_global303_acc55.3.pth

--- Task 4, Round 24/80 (Global 304) ---
2026-05-14 05:18:07,326 [INFO] Edge 0: [DER] Task 4 training round done.
2026-05-14 05:18:07,326 [INFO] Edge 1: [DER] Task 4 training round done.
2026-05-14 05:18:07,326 [INFO] Edge 2: [DER] Task 4 training round done.
2026-05-14 05:18:07,326 [INFO]   [Eval] Task 4, R 24: Acc: 55.34% | Prec-Mac: 36.95% | Rec-Mac: 63.99% | Mi-F1: 54.91% | Ma-F1: 37.20% | We-F1: 58.47% | Loss: 3.1350
2026-05-14 05:18:07,326 [INFO]   [CKPT] Saved: ckpt_icarl_task04_r024_global304_acc55.3.pth

--- Task 4, Round 25/80 (Global 305) ---
2026-05-14 05:20:59,326 [INFO] Edge 0: [DER] Task 4 training round done.
2026-05-14 05:20:59,326 [INFO] Edge 1: [DER] Task 4 training round done.
2026-05-14 05:20:59,326 [INFO] Edge 2: [DER] Task 4 training round done.
2026-05-14 05:20:59,326 [INFO]   [Eval] Task 4, R 25: Acc: 55.25% | Prec-Mac: 36.78% | Rec-Mac: 64.05% | Mi-F1: 54.95% | Ma-F1: 37.30% | We-F1: 58.19% | Loss: 3.1507
2026-05-14 05:20:59,326 [INFO]   [CKPT] Saved: ckpt_icarl_task04_r025_global305_acc55.3.pth

--- Task 4, Round 26/80 (Global 306) ---
2026-05-14 05:23:55,326 [INFO] Edge 0: [DER] Task 4 training round done.
2026-05-14 05:23:55,326 [INFO] Edge 1: [DER] Task 4 training round done.
2026-05-14 05:23:55,326 [INFO] Edge 2: [DER] Task 4 training round done.
2026-05-14 05:23:55,326 [INFO]   [Eval] Task 4, R 26: Acc: 55.02% | Prec-Mac: 36.73% | Rec-Mac: 63.95% | Mi-F1: 55.01% | Ma-F1: 37.23% | We-F1: 58.36% | Loss: 3.1665
2026-05-14 05:23:55,326 [INFO]   [CKPT] Saved: ckpt_icarl_task04_r026_global306_acc55.0.pth

--- Task 4, Round 27/80 (Global 307) ---
2026-05-14 05:26:11,326 [INFO] Edge 0: [DER] Task 4 training round done.
2026-05-14 05:26:11,326 [INFO] Edge 1: [DER] Task 4 training round done.
2026-05-14 05:26:11,326 [INFO] Edge 2: [DER] Task 4 training round done.
2026-05-14 05:26:11,326 [INFO]   [Eval] Task 4, R 27: Acc: 55.28% | Prec-Mac: 36.82% | Rec-Mac: 64.20% | Mi-F1: 55.12% | Ma-F1: 37.37% | We-F1: 58.35% | Loss: 3.1823
2026-05-14 05:26:11,326 [INFO]   [CKPT] Saved: ckpt_icarl_task04_r027_global307_acc55.3.pth

--- Task 4, Round 28/80 (Global 308) ---
2026-05-14 05:29:40,326 [INFO] Edge 0: [DER] Task 4 training round done.
2026-05-14 05:29:40,326 [INFO] Edge 1: [DER] Task 4 training round done.
2026-05-14 05:29:40,326 [INFO] Edge 2: [DER] Task 4 training round done.
2026-05-14 05:29:40,326 [INFO]   [Eval] Task 4, R 28: Acc: 54.88% | Prec-Mac: 36.83% | Rec-Mac: 64.16% | Mi-F1: 55.18% | Ma-F1: 37.31% | We-F1: 58.36% | Loss: 3.1982
2026-05-14 05:29:40,326 [INFO]   [CKPT] Saved: ckpt_icarl_task04_r028_global308_acc54.9.pth

--- Task 4, Round 29/80 (Global 309) ---
2026-05-14 05:32:11,326 [INFO] Edge 0: [DER] Task 4 training round done.
2026-05-14 05:32:11,326 [INFO] Edge 1: [DER] Task 4 training round done.
2026-05-14 05:32:11,326 [INFO] Edge 2: [DER] Task 4 training round done.
2026-05-14 05:32:11,326 [INFO]   [Eval] Task 4, R 29: Acc: 55.41% | Prec-Mac: 36.73% | Rec-Mac: 64.09% | Mi-F1: 55.26% | Ma-F1: 37.30% | We-F1: 58.22% | Loss: 3.2142
2026-05-14 05:32:11,326 [INFO]   [CKPT] Saved: ckpt_icarl_task04_r029_global309_acc55.4.pth

--- Task 4, Round 30/80 (Global 310) ---
2026-05-14 05:34:37,326 [INFO] Edge 0: [DER] Task 4 training round done.
2026-05-14 05:34:37,326 [INFO] Edge 1: [DER] Task 4 training round done.
2026-05-14 05:34:37,326 [INFO] Edge 2: [DER] Task 4 training round done.
2026-05-14 05:34:37,326 [INFO]   [Eval] Task 4, R 30: Acc: 55.01% | Prec-Mac: 36.80% | Rec-Mac: 64.09% | Mi-F1: 55.30% | Ma-F1: 37.22% | We-F1: 58.33% | Loss: 3.2303
2026-05-14 05:34:37,326 [INFO]   [CKPT] Saved: ckpt_icarl_task04_r030_global310_acc55.0.pth

--- Task 4, Round 31/80 (Global 311) ---
2026-05-14 05:37:26,326 [INFO] Edge 0: [DER] Task 4 training round done.
2026-05-14 05:37:26,326 [INFO] Edge 1: [DER] Task 4 training round done.
2026-05-14 05:37:26,326 [INFO] Edge 2: [DER] Task 4 training round done.
2026-05-14 05:37:26,326 [INFO]   [Eval] Task 4, R 31: Acc: 55.03% | Prec-Mac: 36.92% | Rec-Mac: 64.13% | Mi-F1: 55.25% | Ma-F1: 37.32% | We-F1: 58.28% | Loss: 3.2464
2026-05-14 05:37:26,326 [INFO]   [CKPT] Saved: ckpt_icarl_task04_r031_global311_acc55.0.pth

--- Task 4, Round 32/80 (Global 312) ---
2026-05-14 05:39:45,326 [INFO] Edge 0: [DER] Task 4 training round done.
2026-05-14 05:39:45,326 [INFO] Edge 1: [DER] Task 4 training round done.
2026-05-14 05:39:45,326 [INFO] Edge 2: [DER] Task 4 training round done.
2026-05-14 05:39:45,326 [INFO]   [Eval] Task 4, R 32: Acc: 55.04% | Prec-Mac: 36.79% | Rec-Mac: 63.88% | Mi-F1: 55.01% | Ma-F1: 37.29% | We-F1: 58.28% | Loss: 3.2626
2026-05-14 05:39:45,326 [INFO]   [CKPT] Saved: ckpt_icarl_task04_r032_global312_acc55.0.pth

--- Task 4, Round 33/80 (Global 313) ---
2026-05-14 05:43:06,326 [INFO] Edge 0: [DER] Task 4 training round done.
2026-05-14 05:43:06,326 [INFO] Edge 1: [DER] Task 4 training round done.
2026-05-14 05:43:06,326 [INFO] Edge 2: [DER] Task 4 training round done.
2026-05-14 05:43:06,326 [INFO]   [Eval] Task 4, R 33: Acc: 55.11% | Prec-Mac: 36.78% | Rec-Mac: 63.85% | Mi-F1: 55.18% | Ma-F1: 37.31% | We-F1: 58.24% | Loss: 3.2790
2026-05-14 05:43:06,326 [INFO]   [CKPT] Saved: ckpt_icarl_task04_r033_global313_acc55.1.pth

--- Task 4, Round 34/80 (Global 314) ---
2026-05-14 05:46:22,326 [INFO] Edge 0: [DER] Task 4 training round done.
2026-05-14 05:46:22,326 [INFO] Edge 1: [DER] Task 4 training round done.
2026-05-14 05:46:22,326 [INFO] Edge 2: [DER] Task 4 training round done.
2026-05-14 05:46:22,326 [INFO]   [Eval] Task 4, R 34: Acc: 55.14% | Prec-Mac: 36.89% | Rec-Mac: 64.25% | Mi-F1: 55.14% | Ma-F1: 37.34% | We-F1: 58.32% | Loss: 3.2954
2026-05-14 05:46:22,326 [INFO]   [CKPT] Saved: ckpt_icarl_task04_r034_global314_acc55.1.pth

--- Task 4, Round 35/80 (Global 315) ---
2026-05-14 05:50:18,326 [INFO] Edge 0: [DER] Task 4 training round done.
2026-05-14 05:50:18,326 [INFO] Edge 1: [DER] Task 4 training round done.
2026-05-14 05:50:18,326 [INFO] Edge 2: [DER] Task 4 training round done.
2026-05-14 05:50:18,326 [INFO]   [Eval] Task 4, R 35: Acc: 55.24% | Prec-Mac: 36.87% | Rec-Mac: 63.96% | Mi-F1: 55.02% | Ma-F1: 37.22% | We-F1: 58.32% | Loss: 3.3118
2026-05-14 05:50:18,326 [INFO]   [CKPT] Saved: ckpt_icarl_task04_r035_global315_acc55.2.pth

--- Task 4, Round 36/80 (Global 316) ---
2026-05-14 05:53:51,326 [INFO] Edge 0: [DER] Task 4 training round done.
2026-05-14 05:53:51,326 [INFO] Edge 1: [DER] Task 4 training round done.
2026-05-14 05:53:51,326 [INFO] Edge 2: [DER] Task 4 training round done.
2026-05-14 05:53:51,326 [INFO]   [Eval] Task 4, R 36: Acc: 55.13% | Prec-Mac: 36.88% | Rec-Mac: 64.24% | Mi-F1: 55.32% | Ma-F1: 37.31% | We-F1: 58.29% | Loss: 3.3284
2026-05-14 05:53:51,326 [INFO]   [CKPT] Saved: ckpt_icarl_task04_r036_global316_acc55.1.pth

--- Task 4, Round 37/80 (Global 317) ---
2026-05-14 05:56:19,326 [INFO] Edge 0: [DER] Task 4 training round done.
2026-05-14 05:56:19,326 [INFO] Edge 1: [DER] Task 4 training round done.
2026-05-14 05:56:19,326 [INFO] Edge 2: [DER] Task 4 training round done.
2026-05-14 05:56:19,326 [INFO]   [Eval] Task 4, R 37: Acc: 54.92% | Prec-Mac: 36.86% | Rec-Mac: 64.16% | Mi-F1: 55.26% | Ma-F1: 37.12% | We-F1: 58.41% | Loss: 3.3450
2026-05-14 05:56:19,326 [INFO]   [CKPT] Saved: ckpt_icarl_task04_r037_global317_acc54.9.pth

--- Task 4, Round 38/80 (Global 318) ---
2026-05-14 05:58:42,326 [INFO] Edge 0: [DER] Task 4 training round done.
2026-05-14 05:58:42,326 [INFO] Edge 1: [DER] Task 4 training round done.
2026-05-14 05:58:42,326 [INFO] Edge 2: [DER] Task 4 training round done.
2026-05-14 05:58:42,326 [INFO]   [Eval] Task 4, R 38: Acc: 55.18% | Prec-Mac: 36.66% | Rec-Mac: 63.99% | Mi-F1: 55.01% | Ma-F1: 37.39% | We-F1: 58.36% | Loss: 3.3618
2026-05-14 05:58:42,326 [INFO]   [CKPT] Saved: ckpt_icarl_task04_r038_global318_acc55.2.pth

--- Task 4, Round 39/80 (Global 319) ---
2026-05-14 06:01:26,326 [INFO] Edge 0: [DER] Task 4 training round done.
2026-05-14 06:01:26,326 [INFO] Edge 1: [DER] Task 4 training round done.
2026-05-14 06:01:26,326 [INFO] Edge 2: [DER] Task 4 training round done.
2026-05-14 06:01:26,326 [INFO]   [Eval] Task 4, R 39: Acc: 55.26% | Prec-Mac: 36.68% | Rec-Mac: 64.09% | Mi-F1: 55.16% | Ma-F1: 37.29% | We-F1: 58.27% | Loss: 3.3786
2026-05-14 06:01:26,326 [INFO]   [CKPT] Saved: ckpt_icarl_task04_r039_global319_acc55.3.pth

--- Task 4, Round 40/80 (Global 320) ---
2026-05-14 06:03:43,326 [INFO] Edge 0: [DER] Task 4 training round done.
2026-05-14 06:03:43,326 [INFO] Edge 1: [DER] Task 4 training round done.
2026-05-14 06:03:43,326 [INFO] Edge 2: [DER] Task 4 training round done.
2026-05-14 06:03:43,326 [INFO]   [Eval] Task 4, R 40: Acc: 55.05% | Prec-Mac: 36.73% | Rec-Mac: 63.97% | Mi-F1: 55.12% | Ma-F1: 37.27% | We-F1: 58.17% | Loss: 3.3955
2026-05-14 06:03:43,326 [INFO]   [CKPT] Saved: ckpt_icarl_task04_r040_global320_acc55.0.pth

--- Task 4, Round 41/80 (Global 321) ---
2026-05-14 06:06:18,326 [INFO] Edge 0: [DER] Task 4 training round done.
2026-05-14 06:06:18,326 [INFO] Edge 1: [DER] Task 4 training round done.
2026-05-14 06:06:18,326 [INFO] Edge 2: [DER] Task 4 training round done.
2026-05-14 06:06:18,326 [INFO]   [Eval] Task 4, R 41: Acc: 55.16% | Prec-Mac: 36.73% | Rec-Mac: 64.10% | Mi-F1: 55.05% | Ma-F1: 37.48% | We-F1: 58.35% | Loss: 3.4124
2026-05-14 06:06:18,326 [INFO]   [CKPT] Saved: ckpt_icarl_task04_r041_global321_acc55.2.pth

--- Task 4, Round 42/80 (Global 322) ---
2026-05-14 06:08:31,326 [INFO] Edge 0: [DER] Task 4 training round done.
2026-05-14 06:08:31,326 [INFO] Edge 1: [DER] Task 4 training round done.
2026-05-14 06:08:31,326 [INFO] Edge 2: [DER] Task 4 training round done.
2026-05-14 06:08:31,326 [INFO]   [Eval] Task 4, R 42: Acc: 55.26% | Prec-Mac: 36.78% | Rec-Mac: 64.30% | Mi-F1: 55.42% | Ma-F1: 37.31% | We-F1: 58.37% | Loss: 3.4295
2026-05-14 06:08:31,326 [INFO]   [CKPT] Saved: ckpt_icarl_task04_r042_global322_acc55.3.pth

--- Task 4, Round 43/80 (Global 323) ---
2026-05-14 06:12:00,326 [INFO] Edge 0: [DER] Task 4 training round done.
2026-05-14 06:12:00,326 [INFO] Edge 1: [DER] Task 4 training round done.
2026-05-14 06:12:00,326 [INFO] Edge 2: [DER] Task 4 training round done.
2026-05-14 06:12:00,326 [INFO]   [Eval] Task 4, R 43: Acc: 55.17% | Prec-Mac: 36.71% | Rec-Mac: 64.05% | Mi-F1: 55.35% | Ma-F1: 37.52% | We-F1: 58.33% | Loss: 3.4466
2026-05-14 06:12:00,326 [INFO]   [CKPT] Saved: ckpt_icarl_task04_r043_global323_acc55.2.pth

--- Task 4, Round 44/80 (Global 324) ---
2026-05-14 06:15:24,326 [INFO] Edge 0: [DER] Task 4 training round done.
2026-05-14 06:15:24,326 [INFO] Edge 1: [DER] Task 4 training round done.
2026-05-14 06:15:24,326 [INFO] Edge 2: [DER] Task 4 training round done.
2026-05-14 06:15:24,326 [INFO]   [Eval] Task 4, R 44: Acc: 55.38% | Prec-Mac: 36.97% | Rec-Mac: 64.01% | Mi-F1: 55.14% | Ma-F1: 37.26% | We-F1: 58.26% | Loss: 3.4639
2026-05-14 06:15:24,326 [INFO]   [CKPT] Saved: ckpt_icarl_task04_r044_global324_acc55.4.pth

--- Task 4, Round 45/80 (Global 325) ---
2026-05-14 06:17:48,326 [INFO] Edge 0: [DER] Task 4 training round done.
2026-05-14 06:17:48,326 [INFO] Edge 1: [DER] Task 4 training round done.
2026-05-14 06:17:48,326 [INFO] Edge 2: [DER] Task 4 training round done.
2026-05-14 06:17:48,326 [INFO]   [Eval] Task 4, R 45: Acc: 55.04% | Prec-Mac: 36.83% | Rec-Mac: 64.06% | Mi-F1: 55.16% | Ma-F1: 37.25% | We-F1: 58.37% | Loss: 3.4812
2026-05-14 06:17:48,326 [INFO]   [CKPT] Saved: ckpt_icarl_task04_r045_global325_acc55.0.pth

--- Task 4, Round 46/80 (Global 326) ---
2026-05-14 06:20:36,326 [INFO] Edge 0: [DER] Task 4 training round done.
2026-05-14 06:20:36,326 [INFO] Edge 1: [DER] Task 4 training round done.
2026-05-14 06:20:36,326 [INFO] Edge 2: [DER] Task 4 training round done.
2026-05-14 06:20:36,326 [INFO]   [Eval] Task 4, R 46: Acc: 55.10% | Prec-Mac: 36.77% | Rec-Mac: 64.20% | Mi-F1: 55.16% | Ma-F1: 37.37% | We-F1: 58.26% | Loss: 3.4986
2026-05-14 06:20:36,326 [INFO]   [CKPT] Saved: ckpt_icarl_task04_r046_global326_acc55.1.pth

--- Task 4, Round 47/80 (Global 327) ---
2026-05-14 06:24:05,326 [INFO] Edge 0: [DER] Task 4 training round done.
2026-05-14 06:24:05,326 [INFO] Edge 1: [DER] Task 4 training round done.
2026-05-14 06:24:05,326 [INFO] Edge 2: [DER] Task 4 training round done.
2026-05-14 06:24:05,326 [INFO]   [Eval] Task 4, R 47: Acc: 55.27% | Prec-Mac: 36.82% | Rec-Mac: 63.97% | Mi-F1: 55.17% | Ma-F1: 37.28% | We-F1: 58.19% | Loss: 3.5161
2026-05-14 06:24:05,326 [INFO]   [CKPT] Saved: ckpt_icarl_task04_r047_global327_acc55.3.pth

--- Task 4, Round 48/80 (Global 328) ---
2026-05-14 06:27:01,326 [INFO] Edge 0: [DER] Task 4 training round done.
2026-05-14 06:27:01,326 [INFO] Edge 1: [DER] Task 4 training round done.
2026-05-14 06:27:01,326 [INFO] Edge 2: [DER] Task 4 training round done.
2026-05-14 06:27:01,326 [INFO]   [Eval] Task 4, R 48: Acc: 55.25% | Prec-Mac: 36.92% | Rec-Mac: 64.08% | Mi-F1: 55.18% | Ma-F1: 37.30% | We-F1: 58.37% | Loss: 3.5337
2026-05-14 06:27:01,326 [INFO]   [CKPT] Saved: ckpt_icarl_task04_r048_global328_acc55.2.pth

--- Task 4, Round 49/80 (Global 329) ---
2026-05-14 06:30:08,326 [INFO] Edge 0: [DER] Task 4 training round done.
2026-05-14 06:30:08,326 [INFO] Edge 1: [DER] Task 4 training round done.
2026-05-14 06:30:08,326 [INFO] Edge 2: [DER] Task 4 training round done.
2026-05-14 06:30:08,326 [INFO]   [Eval] Task 4, R 49: Acc: 55.02% | Prec-Mac: 36.87% | Rec-Mac: 64.25% | Mi-F1: 55.31% | Ma-F1: 37.19% | We-F1: 58.39% | Loss: 3.5513
2026-05-14 06:30:08,326 [INFO]   [CKPT] Saved: ckpt_icarl_task04_r049_global329_acc55.0.pth

--- Task 4, Round 50/80 (Global 330) ---
2026-05-14 06:33:40,326 [INFO] Edge 0: [DER] Task 4 training round done.
2026-05-14 06:33:40,326 [INFO] Edge 1: [DER] Task 4 training round done.
2026-05-14 06:33:40,326 [INFO] Edge 2: [DER] Task 4 training round done.
2026-05-14 06:33:40,326 [INFO]   [Eval] Task 4, R 50: Acc: 55.00% | Prec-Mac: 36.82% | Rec-Mac: 64.06% | Mi-F1: 55.36% | Ma-F1: 37.30% | We-F1: 58.39% | Loss: 3.5691
2026-05-14 06:33:40,326 [INFO]   [CKPT] Saved: ckpt_icarl_task04_r050_global330_acc55.0.pth

--- Task 4, Round 51/80 (Global 331) ---
2026-05-14 06:36:35,326 [INFO] Edge 0: [DER] Task 4 training round done.
2026-05-14 06:36:35,326 [INFO] Edge 1: [DER] Task 4 training round done.
2026-05-14 06:36:35,326 [INFO] Edge 2: [DER] Task 4 training round done.
2026-05-14 06:36:35,326 [INFO]   [Eval] Task 4, R 51: Acc: 55.23% | Prec-Mac: 36.88% | Rec-Mac: 64.07% | Mi-F1: 55.21% | Ma-F1: 37.32% | We-F1: 58.19% | Loss: 3.5869
2026-05-14 06:36:35,326 [INFO]   [CKPT] Saved: ckpt_icarl_task04_r051_global331_acc55.2.pth

--- Task 4, Round 52/80 (Global 332) ---
2026-05-14 06:38:35,326 [INFO] Edge 0: [DER] Task 4 training round done.
2026-05-14 06:38:35,326 [INFO] Edge 1: [DER] Task 4 training round done.
2026-05-14 06:38:35,326 [INFO] Edge 2: [DER] Task 4 training round done.
2026-05-14 06:38:35,326 [INFO]   [Eval] Task 4, R 52: Acc: 55.16% | Prec-Mac: 36.93% | Rec-Mac: 63.99% | Mi-F1: 55.21% | Ma-F1: 37.27% | We-F1: 58.14% | Loss: 3.6049
2026-05-14 06:38:35,326 [INFO]   [CKPT] Saved: ckpt_icarl_task04_r052_global332_acc55.2.pth

--- Task 4, Round 53/80 (Global 333) ---
2026-05-14 06:42:03,326 [INFO] Edge 0: [DER] Task 4 training round done.
2026-05-14 06:42:03,326 [INFO] Edge 1: [DER] Task 4 training round done.
2026-05-14 06:42:03,326 [INFO] Edge 2: [DER] Task 4 training round done.
2026-05-14 06:42:03,326 [INFO]   [Eval] Task 4, R 53: Acc: 55.26% | Prec-Mac: 36.79% | Rec-Mac: 64.02% | Mi-F1: 55.23% | Ma-F1: 37.23% | We-F1: 58.17% | Loss: 3.6229
2026-05-14 06:42:03,326 [INFO]   [CKPT] Saved: ckpt_icarl_task04_r053_global333_acc55.3.pth

--- Task 4, Round 54/80 (Global 334) ---
2026-05-14 06:45:07,326 [INFO] Edge 0: [DER] Task 4 training round done.
2026-05-14 06:45:07,326 [INFO] Edge 1: [DER] Task 4 training round done.
2026-05-14 06:45:07,326 [INFO] Edge 2: [DER] Task 4 training round done.
2026-05-14 06:45:07,326 [INFO]   [Eval] Task 4, R 54: Acc: 55.41% | Prec-Mac: 36.82% | Rec-Mac: 63.93% | Mi-F1: 55.17% | Ma-F1: 37.24% | We-F1: 58.26% | Loss: 3.6410
2026-05-14 06:45:07,326 [INFO]   [CKPT] Saved: ckpt_icarl_task04_r054_global334_acc55.4.pth

--- Task 4, Round 55/80 (Global 335) ---
2026-05-14 06:47:32,326 [INFO] Edge 0: [DER] Task 4 training round done.
2026-05-14 06:47:32,326 [INFO] Edge 1: [DER] Task 4 training round done.
2026-05-14 06:47:32,326 [INFO] Edge 2: [DER] Task 4 training round done.
2026-05-14 06:47:32,326 [INFO]   [Eval] Task 4, R 55: Acc: 54.83% | Prec-Mac: 36.74% | Rec-Mac: 63.95% | Mi-F1: 55.29% | Ma-F1: 37.32% | We-F1: 58.17% | Loss: 3.6592
2026-05-14 06:47:32,326 [INFO]   [CKPT] Saved: ckpt_icarl_task04_r055_global335_acc54.8.pth

--- Task 4, Round 56/80 (Global 336) ---
2026-05-14 06:49:58,326 [INFO] Edge 0: [DER] Task 4 training round done.
2026-05-14 06:49:58,326 [INFO] Edge 1: [DER] Task 4 training round done.
2026-05-14 06:49:58,326 [INFO] Edge 2: [DER] Task 4 training round done.
2026-05-14 06:49:58,326 [INFO]   [Eval] Task 4, R 56: Acc: 55.05% | Prec-Mac: 36.82% | Rec-Mac: 64.21% | Mi-F1: 55.17% | Ma-F1: 37.19% | We-F1: 58.49% | Loss: 3.6775
2026-05-14 06:49:58,326 [INFO]   [CKPT] Saved: ckpt_icarl_task04_r056_global336_acc55.0.pth

--- Task 4, Round 57/80 (Global 337) ---
2026-05-14 06:53:13,326 [INFO] Edge 0: [DER] Task 4 training round done.
2026-05-14 06:53:13,326 [INFO] Edge 1: [DER] Task 4 training round done.
2026-05-14 06:53:13,326 [INFO] Edge 2: [DER] Task 4 training round done.
2026-05-14 06:53:13,326 [INFO]   [Eval] Task 4, R 57: Acc: 55.22% | Prec-Mac: 36.74% | Rec-Mac: 64.30% | Mi-F1: 55.14% | Ma-F1: 37.32% | We-F1: 58.52% | Loss: 3.6959
2026-05-14 06:53:13,326 [INFO]   [CKPT] Saved: ckpt_icarl_task04_r057_global337_acc55.2.pth

--- Task 4, Round 58/80 (Global 338) ---
2026-05-14 06:56:04,326 [INFO] Edge 0: [DER] Task 4 training round done.
2026-05-14 06:56:04,326 [INFO] Edge 1: [DER] Task 4 training round done.
2026-05-14 06:56:04,326 [INFO] Edge 2: [DER] Task 4 training round done.
2026-05-14 06:56:04,326 [INFO]   [Eval] Task 4, R 58: Acc: 55.18% | Prec-Mac: 36.81% | Rec-Mac: 64.10% | Mi-F1: 55.25% | Ma-F1: 37.27% | We-F1: 58.39% | Loss: 3.7144
2026-05-14 06:56:04,326 [INFO]   [CKPT] Saved: ckpt_icarl_task04_r058_global338_acc55.2.pth

--- Task 4, Round 59/80 (Global 339) ---
2026-05-14 06:58:30,326 [INFO] Edge 0: [DER] Task 4 training round done.
2026-05-14 06:58:30,326 [INFO] Edge 1: [DER] Task 4 training round done.
2026-05-14 06:58:30,326 [INFO] Edge 2: [DER] Task 4 training round done.
2026-05-14 06:58:30,326 [INFO]   [Eval] Task 4, R 59: Acc: 55.30% | Prec-Mac: 36.76% | Rec-Mac: 64.05% | Mi-F1: 55.16% | Ma-F1: 37.25% | We-F1: 58.04% | Loss: 3.7330
2026-05-14 06:58:30,326 [INFO]   [CKPT] Saved: ckpt_icarl_task04_r059_global339_acc55.3.pth

--- Task 4, Round 60/80 (Global 340) ---
2026-05-14 07:01:02,326 [INFO] Edge 0: [DER] Task 4 training round done.
2026-05-14 07:01:02,326 [INFO] Edge 1: [DER] Task 4 training round done.
2026-05-14 07:01:02,326 [INFO] Edge 2: [DER] Task 4 training round done.
2026-05-14 07:01:02,326 [INFO]   [Eval] Task 4, R 60: Acc: 55.22% | Prec-Mac: 36.96% | Rec-Mac: 64.15% | Mi-F1: 55.28% | Ma-F1: 37.32% | We-F1: 58.30% | Loss: 3.7516
2026-05-14 07:01:02,326 [INFO]   [CKPT] Saved: ckpt_icarl_task04_r060_global340_acc55.2.pth

--- Task 4, Round 61/80 (Global 341) ---
2026-05-14 07:04:17,326 [INFO] Edge 0: [DER] Task 4 training round done.
2026-05-14 07:04:17,326 [INFO] Edge 1: [DER] Task 4 training round done.
2026-05-14 07:04:17,326 [INFO] Edge 2: [DER] Task 4 training round done.
2026-05-14 07:04:17,326 [INFO]   [Eval] Task 4, R 61: Acc: 55.06% | Prec-Mac: 36.83% | Rec-Mac: 63.91% | Mi-F1: 55.13% | Ma-F1: 37.24% | We-F1: 58.17% | Loss: 3.7704
2026-05-14 07:04:17,326 [INFO]   [CKPT] Saved: ckpt_icarl_task04_r061_global341_acc55.1.pth

--- Task 4, Round 62/80 (Global 342) ---
2026-05-14 07:07:35,326 [INFO] Edge 0: [DER] Task 4 training round done.
2026-05-14 07:07:35,326 [INFO] Edge 1: [DER] Task 4 training round done.
2026-05-14 07:07:35,326 [INFO] Edge 2: [DER] Task 4 training round done.
2026-05-14 07:07:35,326 [INFO]   [Eval] Task 4, R 62: Acc: 55.19% | Prec-Mac: 36.87% | Rec-Mac: 64.11% | Mi-F1: 55.34% | Ma-F1: 37.28% | We-F1: 58.50% | Loss: 3.7892
2026-05-14 07:07:35,326 [INFO]   [CKPT] Saved: ckpt_icarl_task04_r062_global342_acc55.2.pth

--- Task 4, Round 63/80 (Global 343) ---
2026-05-14 07:11:28,326 [INFO] Edge 0: [DER] Task 4 training round done.
2026-05-14 07:11:28,326 [INFO] Edge 1: [DER] Task 4 training round done.
2026-05-14 07:11:28,326 [INFO] Edge 2: [DER] Task 4 training round done.
2026-05-14 07:11:28,326 [INFO]   [Eval] Task 4, R 63: Acc: 55.25% | Prec-Mac: 36.88% | Rec-Mac: 63.92% | Mi-F1: 55.20% | Ma-F1: 37.21% | We-F1: 58.22% | Loss: 3.8082
2026-05-14 07:11:28,326 [INFO]   [CKPT] Saved: ckpt_icarl_task04_r063_global343_acc55.2.pth

--- Task 4, Round 64/80 (Global 344) ---
2026-05-14 07:15:08,326 [INFO] Edge 0: [DER] Task 4 training round done.
2026-05-14 07:15:08,326 [INFO] Edge 1: [DER] Task 4 training round done.
2026-05-14 07:15:08,326 [INFO] Edge 2: [DER] Task 4 training round done.
2026-05-14 07:15:08,326 [INFO]   [Eval] Task 4, R 64: Acc: 55.16% | Prec-Mac: 36.83% | Rec-Mac: 64.08% | Mi-F1: 55.17% | Ma-F1: 37.34% | We-F1: 58.07% | Loss: 3.8272
2026-05-14 07:15:08,326 [INFO]   [CKPT] Saved: ckpt_icarl_task04_r064_global344_acc55.2.pth

--- Task 4, Round 65/80 (Global 345) ---
2026-05-14 07:18:12,326 [INFO] Edge 0: [DER] Task 4 training round done.
2026-05-14 07:18:12,326 [INFO] Edge 1: [DER] Task 4 training round done.
2026-05-14 07:18:12,326 [INFO] Edge 2: [DER] Task 4 training round done.
2026-05-14 07:18:12,326 [INFO]   [Eval] Task 4, R 65: Acc: 55.26% | Prec-Mac: 36.79% | Rec-Mac: 63.89% | Mi-F1: 55.05% | Ma-F1: 37.23% | We-F1: 58.47% | Loss: 3.8464
2026-05-14 07:18:12,326 [INFO]   [CKPT] Saved: ckpt_icarl_task04_r065_global345_acc55.3.pth

--- Task 4, Round 66/80 (Global 346) ---
2026-05-14 07:20:58,326 [INFO] Edge 0: [DER] Task 4 training round done.
2026-05-14 07:20:58,326 [INFO] Edge 1: [DER] Task 4 training round done.
2026-05-14 07:20:58,326 [INFO] Edge 2: [DER] Task 4 training round done.
2026-05-14 07:20:58,326 [INFO]   [Eval] Task 4, R 66: Acc: 55.11% | Prec-Mac: 36.85% | Rec-Mac: 63.95% | Mi-F1: 55.36% | Ma-F1: 37.34% | We-F1: 58.58% | Loss: 3.8656
2026-05-14 07:20:58,326 [INFO]   [CKPT] Saved: ckpt_icarl_task04_r066_global346_acc55.1.pth

--- Task 4, Round 67/80 (Global 347) ---
2026-05-14 07:23:57,326 [INFO] Edge 0: [DER] Task 4 training round done.
2026-05-14 07:23:57,326 [INFO] Edge 1: [DER] Task 4 training round done.
2026-05-14 07:23:57,326 [INFO] Edge 2: [DER] Task 4 training round done.
2026-05-14 07:23:57,326 [INFO]   [Eval] Task 4, R 67: Acc: 55.10% | Prec-Mac: 36.73% | Rec-Mac: 64.01% | Mi-F1: 55.20% | Ma-F1: 37.36% | We-F1: 58.24% | Loss: 3.8849
2026-05-14 07:23:57,326 [INFO]   [CKPT] Saved: ckpt_icarl_task04_r067_global347_acc55.1.pth

--- Task 4, Round 68/80 (Global 348) ---
2026-05-14 07:27:56,326 [INFO] Edge 0: [DER] Task 4 training round done.
2026-05-14 07:27:56,326 [INFO] Edge 1: [DER] Task 4 training round done.
2026-05-14 07:27:56,326 [INFO] Edge 2: [DER] Task 4 training round done.
2026-05-14 07:27:56,326 [INFO]   [Eval] Task 4, R 68: Acc: 55.30% | Prec-Mac: 36.66% | Rec-Mac: 64.18% | Mi-F1: 55.12% | Ma-F1: 37.22% | We-F1: 58.17% | Loss: 3.9043
2026-05-14 07:27:56,326 [INFO]   [CKPT] Saved: ckpt_icarl_task04_r068_global348_acc55.3.pth

--- Task 4, Round 69/80 (Global 349) ---
2026-05-14 07:30:06,326 [INFO] Edge 0: [DER] Task 4 training round done.
2026-05-14 07:30:06,326 [INFO] Edge 1: [DER] Task 4 training round done.
2026-05-14 07:30:06,326 [INFO] Edge 2: [DER] Task 4 training round done.
2026-05-14 07:30:06,326 [INFO]   [Eval] Task 4, R 69: Acc: 55.09% | Prec-Mac: 36.72% | Rec-Mac: 64.01% | Mi-F1: 55.18% | Ma-F1: 37.24% | We-F1: 58.10% | Loss: 3.9239
2026-05-14 07:30:06,326 [INFO]   [CKPT] Saved: ckpt_icarl_task04_r069_global349_acc55.1.pth

--- Task 4, Round 70/80 (Global 350) ---
2026-05-14 07:32:55,326 [INFO] Edge 0: [DER] Task 4 training round done.
2026-05-14 07:32:55,326 [INFO] Edge 1: [DER] Task 4 training round done.
2026-05-14 07:32:55,326 [INFO] Edge 2: [DER] Task 4 training round done.
2026-05-14 07:32:55,326 [INFO]   [Eval] Task 4, R 70: Acc: 55.37% | Prec-Mac: 36.79% | Rec-Mac: 64.20% | Mi-F1: 55.02% | Ma-F1: 37.29% | We-F1: 58.39% | Loss: 3.9435
2026-05-14 07:32:55,326 [INFO]   [CKPT] Saved: ckpt_icarl_task04_r070_global350_acc55.4.pth

--- Task 4, Round 71/80 (Global 351) ---
2026-05-14 07:35:45,326 [INFO] Edge 0: [DER] Task 4 training round done.
2026-05-14 07:35:45,326 [INFO] Edge 1: [DER] Task 4 training round done.
2026-05-14 07:35:45,326 [INFO] Edge 2: [DER] Task 4 training round done.
2026-05-14 07:35:45,326 [INFO]   [Eval] Task 4, R 71: Acc: 55.11% | Prec-Mac: 36.79% | Rec-Mac: 64.01% | Mi-F1: 55.16% | Ma-F1: 37.36% | We-F1: 58.32% | Loss: 3.9632
2026-05-14 07:35:45,326 [INFO]   [CKPT] Saved: ckpt_icarl_task04_r071_global351_acc55.1.pth

--- Task 4, Round 72/80 (Global 352) ---
2026-05-14 07:38:25,326 [INFO] Edge 0: [DER] Task 4 training round done.
2026-05-14 07:38:25,326 [INFO] Edge 1: [DER] Task 4 training round done.
2026-05-14 07:38:25,326 [INFO] Edge 2: [DER] Task 4 training round done.
2026-05-14 07:38:25,326 [INFO]   [Eval] Task 4, R 72: Acc: 55.20% | Prec-Mac: 36.89% | Rec-Mac: 63.85% | Mi-F1: 55.35% | Ma-F1: 37.24% | We-F1: 58.34% | Loss: 3.9830
2026-05-14 07:38:25,326 [INFO]   [CKPT] Saved: ckpt_icarl_task04_r072_global352_acc55.2.pth

--- Task 4, Round 73/80 (Global 353) ---
2026-05-14 07:41:49,326 [INFO] Edge 0: [DER] Task 4 training round done.
2026-05-14 07:41:49,326 [INFO] Edge 1: [DER] Task 4 training round done.
2026-05-14 07:41:49,326 [INFO] Edge 2: [DER] Task 4 training round done.
2026-05-14 07:41:49,326 [INFO]   [Eval] Task 4, R 73: Acc: 55.07% | Prec-Mac: 36.69% | Rec-Mac: 64.02% | Mi-F1: 55.02% | Ma-F1: 37.31% | We-F1: 58.26% | Loss: 4.0029
2026-05-14 07:41:49,326 [INFO]   [CKPT] Saved: ckpt_icarl_task04_r073_global353_acc55.1.pth

--- Task 4, Round 74/80 (Global 354) ---
2026-05-14 07:44:39,326 [INFO] Edge 0: [DER] Task 4 training round done.
2026-05-14 07:44:39,326 [INFO] Edge 1: [DER] Task 4 training round done.
2026-05-14 07:44:39,326 [INFO] Edge 2: [DER] Task 4 training round done.
2026-05-14 07:44:39,326 [INFO]   [Eval] Task 4, R 74: Acc: 55.35% | Prec-Mac: 36.85% | Rec-Mac: 64.16% | Mi-F1: 55.08% | Ma-F1: 37.33% | We-F1: 58.47% | Loss: 4.0229
2026-05-14 07:44:39,326 [INFO]   [CKPT] Saved: ckpt_icarl_task04_r074_global354_acc55.4.pth

--- Task 4, Round 75/80 (Global 355) ---
2026-05-14 07:47:40,326 [INFO] Edge 0: [DER] Task 4 training round done.
2026-05-14 07:47:40,326 [INFO] Edge 1: [DER] Task 4 training round done.
2026-05-14 07:47:40,326 [INFO] Edge 2: [DER] Task 4 training round done.
2026-05-14 07:47:40,326 [INFO]   [Eval] Task 4, R 75: Acc: 55.12% | Prec-Mac: 36.87% | Rec-Mac: 63.86% | Mi-F1: 55.16% | Ma-F1: 37.32% | We-F1: 58.20% | Loss: 4.0431
2026-05-14 07:47:40,326 [INFO]   [CKPT] Saved: ckpt_icarl_task04_r075_global355_acc55.1.pth

--- Task 4, Round 76/80 (Global 356) ---
2026-05-14 07:50:05,326 [INFO] Edge 0: [DER] Task 4 training round done.
2026-05-14 07:50:05,326 [INFO] Edge 1: [DER] Task 4 training round done.
2026-05-14 07:50:05,326 [INFO] Edge 2: [DER] Task 4 training round done.
2026-05-14 07:50:05,326 [INFO]   [Eval] Task 4, R 76: Acc: 55.07% | Prec-Mac: 36.81% | Rec-Mac: 64.04% | Mi-F1: 55.21% | Ma-F1: 37.27% | We-F1: 58.24% | Loss: 4.0633
2026-05-14 07:50:05,326 [INFO]   [CKPT] Saved: ckpt_icarl_task04_r076_global356_acc55.1.pth

--- Task 4, Round 77/80 (Global 357) ---
2026-05-14 07:53:17,326 [INFO] Edge 0: [DER] Task 4 training round done.
2026-05-14 07:53:17,326 [INFO] Edge 1: [DER] Task 4 training round done.
2026-05-14 07:53:17,326 [INFO] Edge 2: [DER] Task 4 training round done.
2026-05-14 07:53:17,326 [INFO]   [Eval] Task 4, R 77: Acc: 55.21% | Prec-Mac: 36.77% | Rec-Mac: 63.93% | Mi-F1: 55.08% | Ma-F1: 37.17% | We-F1: 58.31% | Loss: 4.0836
2026-05-14 07:53:17,326 [INFO]   [CKPT] Saved: ckpt_icarl_task04_r077_global357_acc55.2.pth

--- Task 4, Round 78/80 (Global 358) ---
2026-05-14 07:56:33,326 [INFO] Edge 0: [DER] Task 4 training round done.
2026-05-14 07:56:33,326 [INFO] Edge 1: [DER] Task 4 training round done.
2026-05-14 07:56:33,326 [INFO] Edge 2: [DER] Task 4 training round done.
2026-05-14 07:56:33,326 [INFO]   [Eval] Task 4, R 78: Acc: 55.01% | Prec-Mac: 36.87% | Rec-Mac: 64.11% | Mi-F1: 55.08% | Ma-F1: 37.29% | We-F1: 58.28% | Loss: 4.1040
2026-05-14 07:56:33,326 [INFO]   [CKPT] Saved: ckpt_icarl_task04_r078_global358_acc55.0.pth

--- Task 4, Round 79/80 (Global 359) ---
2026-05-14 08:00:07,326 [INFO] Edge 0: [DER] Task 4 training round done.
2026-05-14 08:00:07,326 [INFO] Edge 1: [DER] Task 4 training round done.
2026-05-14 08:00:07,326 [INFO] Edge 2: [DER] Task 4 training round done.
2026-05-14 08:00:07,326 [INFO]   [Eval] Task 4, R 79: Acc: 55.08% | Prec-Mac: 36.87% | Rec-Mac: 64.02% | Mi-F1: 55.33% | Ma-F1: 37.25% | We-F1: 58.02% | Loss: 4.1245
2026-05-14 08:00:07,326 [INFO]   [CKPT] Saved: ckpt_icarl_task04_r079_global359_acc55.1.pth

--- Task 4, Round 80/80 (Global 360) ---
2026-05-14 08:02:08,326 [INFO] Edge 0: [DER] Task 4 training round done.
2026-05-14 08:02:08,326 [INFO] Edge 1: [DER] Task 4 training round done.
2026-05-14 08:02:08,326 [INFO] Edge 2: [DER] Task 4 training round done.
2026-05-14 08:02:08,326 [INFO]   [Eval] Task 4, R 80: Acc: 54.96% | Prec-Mac: 36.87% | Rec-Mac: 63.95% | Mi-F1: 55.01% | Ma-F1: 37.21% | We-F1: 58.38% | Loss: 4.1452
2026-05-14 08:02:08,326 [INFO]   [CKPT] Saved: ckpt_icarl_task04_r080_global360_acc55.0.pth

2026-05-14 08:07:08,326 [INFO] 
============================================================
2026-05-14 08:07:08,326 [INFO]   KẾT QUẢ CUỐI CÙNG
2026-05-14 08:07:08,326 [INFO]   Final Accuracy:      54.96%
2026-05-14 08:07:08,326 [INFO]   Final Macro-F1:      37.21%
2026-05-14 08:07:08,326 [INFO]   Final Weighted-F1:   58.38%
2026-05-14 08:07:08,326 [INFO]   Avg Forgetting:      9.88%
============================================================

2026-05-14 08:07:08,326 [INFO] 
============================================================
2026-05-14 08:07:08,326 [INFO] TRAINING COMPLETED!
============================================================

2026-05-14 08:07:08,326 [INFO] 
============================================================
  ĐÁNH GIÁ - Task FINAL
============================================================
  Accuracy:           54.96%
  Precision (micro):  55.23%
  Precision (macro):  36.87%
  Precision (weight): 72.59%
  Recall (micro):     55.23%
  Recall (macro):     63.95%
  Recall (weight):    55.09%
  F1 (micro):         55.01%
  F1 (macro):         37.21%
  F1 (weight):        58.38%
  Loss:               4.1452

  Per-class F1:
    Class 0             : 37.43%
    Class 1             : 37.52%
    Class 2             : 42.34%
    Class 3             : 38.17%
    Class 4             : 35.58%
    Class 5             : 36.77%
    Class 6             : 37.49%
    Class 7             : 37.27%
    Class 8             : 37.36%
    Class 9             : 34.15%
    Class 10            : 32.89%
    Class 11            : 29.51%
    Class 12            : 31.68%
    Class 13            : 31.20%
    Class 14            : 32.58%
    Class 15            : 30.45%
    Class 16            : 30.03%
    Class 17            : 28.37%
    Class 18            : 28.18%
    Class 19            : 26.77%
    Class 20            : 22.37%
============================================================

2026-05-14 08:07:08,326 [INFO] Đã lưu tiến độ huấn luyện vào CSV: ./logs/metrics_der.csv
