2026-05-14 07:49:48,581 [INFO] ============================================================
2026-05-14 07:49:48,582 [INFO] HFIN - Hierarchical Federated Class-Incremental Learning
2026-05-14 07:49:48,582 [INFO]    Network Intrusion Detection for IIoT
2026-05-14 07:49:48,582 [INFO] ============================================================
2026-05-14 07:49:48,582 [INFO] Device: cuda
2026-05-14 07:49:48,582 [INFO] Dataset: nf_uq_nids
2026-05-14 07:49:48,582 [INFO] Method: DER
2026-05-14 07:49:48,582 [INFO] Mode: TRAIN
2026-05-14 07:49:48,582 [INFO] Clients: 60, Edge Servers: 3
2026-05-14 07:49:48,582 [INFO] Base classes: 5, Task size: 4
2026-05-14 07:49:48,582 [INFO] Total classes: 21
2026-05-14 07:49:48,582 [INFO] 
[1/4] Loading global test data for NF_UQ_NIDS...
2026-05-14 07:49:53,752 [INFO] Features: 39, Global Test: 4861950
2026-05-14 07:49:53,753 [INFO] Total classes: 21 | Clients: 60 | Edges: 3
2026-05-14 07:49:54,307 [INFO] 
[2/4] Mapping 60 FL Clients to 3 Edge Server(s)...
2026-05-14 07:49:54,308 [INFO] 
[2/4] Mapping 60 FL Clients to 3 Edge Servers...
2026-05-14 07:49:54,308 [INFO] Edge-Client mapping: defaultdict(<class 'list'>, {0: [0, 1, 2, 3, 4, 5, 6, 7, 8, 9, 10, 11, 12, 13, 14, 15, 16, 17, 18, 19], 1: [20, 21, 22, 23, 24, 25, 26, 27, 28, 29, 30, 31, 32, 33, 34, 35, 36, 37, 38, 39], 2: [40, 41, 42, 43, 44, 45, 46, 47, 48, 49, 50, 51, 52, 53, 54, 55, 56, 57, 58, 59]})
2026-05-14 07:49:54,308 [INFO] 
[3/4] Initializing models...
2026-05-14 07:49:54,321 [INFO] [DER] DERNetwork initialized: 1 backbone, 5 classes
2026-05-14 07:49:54,623 [INFO] 
[4/4] Starting training...
2026-05-14 07:49:54,623 [INFO] 
Loading data for Task 0 (Classes: [0, 1, 2, 3, 4])...
2026-05-14 07:51:00,184 [INFO] 
============================================================
2026-05-14 07:51:00,184 [INFO] Task 0/4 | Classes: [0, 1, 2, 3, 4] | 40 rounds | LR: 0.01
2026-05-14 07:51:00,184 [INFO] ============================================================
2026-05-14 07:51:00,184 [INFO] 
--- Task 0, Round 1/40 (Global 1) ---
2026-05-14 07:51:26,324 [INFO] Edge 0: [DER] Task 0 done. Backbones: 1 | Total features: 64 | Memory: 0
2026-05-14 07:51:46,796 [INFO] Edge 1: [DER] Task 0 done. Backbones: 1 | Total features: 64 | Memory: 0
2026-05-14 07:52:07,234 [INFO] Edge 2: [DER] Task 0 done. Backbones: 1 | Total features: 64 | Memory: 0
2026-05-14 07:53:47,004 [INFO]   [Eval] Task 0, R 1: Acc: 93.70% | Prec-Mac: 91.24% | Rec-Mac: 93.12% | Mi-F1: 93.70% | Ma-F1: 92.07% | We-F1: 93.77% | Loss: 0.2415
2026-05-14 07:53:47,009 [INFO]   [CKPT] Saved: ckpt_der_task00_r001_global001_acc93.7.pth
2026-05-14 07:53:47,009 [INFO] 
--- Task 0, Round 2/40 (Global 2) ---
2026-05-14 07:54:07,672 [INFO] Edge 0: [DER] Task 0 done. Backbones: 1 | Total features: 64 | Memory: 0
2026-05-14 07:54:28,437 [INFO] Edge 1: [DER] Task 0 done. Backbones: 1 | Total features: 64 | Memory: 0
2026-05-14 07:54:48,889 [INFO] Edge 2: [DER] Task 0 done. Backbones: 1 | Total features: 64 | Memory: 0
2026-05-14 07:56:29,582 [INFO]   [Eval] Task 0, R 2: Acc: 95.37% | Prec-Mac: 92.63% | Rec-Mac: 94.84% | Mi-F1: 95.37% | Ma-F1: 93.61% | We-F1: 95.45% | Loss: 0.1716
2026-05-14 07:56:29,586 [INFO]   [CKPT] Saved: ckpt_der_task00_r002_global002_acc95.4.pth
2026-05-14 07:56:29,586 [INFO] 
--- Task 0, Round 3/40 (Global 3) ---
2026-05-14 07:56:50,126 [INFO] Edge 0: [DER] Task 0 done. Backbones: 1 | Total features: 64 | Memory: 0
2026-05-14 07:57:10,599 [INFO] Edge 1: [DER] Task 0 done. Backbones: 1 | Total features: 64 | Memory: 0
2026-05-14 07:57:31,046 [INFO] Edge 2: [DER] Task 0 done. Backbones: 1 | Total features: 64 | Memory: 0
2026-05-14 07:59:11,632 [INFO]   [Eval] Task 0, R 3: Acc: 94.09% | Prec-Mac: 91.32% | Rec-Mac: 93.68% | Mi-F1: 94.09% | Ma-F1: 92.33% | We-F1: 94.19% | Loss: 0.2205
2026-05-14 07:59:11,636 [INFO]   [CKPT] Saved: ckpt_der_task00_r003_global003_acc94.1.pth
2026-05-14 07:59:11,636 [INFO] 
--- Task 0, Round 4/40 (Global 4) ---
2026-05-14 07:59:32,060 [INFO] Edge 0: [DER] Task 0 done. Backbones: 1 | Total features: 64 | Memory: 0
2026-05-14 07:59:52,549 [INFO] Edge 1: [DER] Task 0 done. Backbones: 1 | Total features: 64 | Memory: 0
2026-05-14 08:00:12,935 [INFO] Edge 2: [DER] Task 0 done. Backbones: 1 | Total features: 64 | Memory: 0
2026-05-14 08:01:53,593 [INFO]   [Eval] Task 0, R 4: Acc: 95.69% | Prec-Mac: 93.09% | Rec-Mac: 95.16% | Mi-F1: 95.69% | Ma-F1: 94.02% | We-F1: 95.77% | Loss: 0.1260
2026-05-14 08:01:53,596 [INFO]   [CKPT] Saved: ckpt_der_task00_r004_global004_acc95.7.pth
2026-05-14 08:01:53,597 [INFO] 
--- Task 0, Round 5/40 (Global 5) ---
2026-05-14 08:02:14,267 [INFO] Edge 0: [DER] Task 0 done. Backbones: 1 | Total features: 64 | Memory: 0
2026-05-14 08:02:34,684 [INFO] Edge 1: [DER] Task 0 done. Backbones: 1 | Total features: 64 | Memory: 0
2026-05-14 08:02:54,959 [INFO] Edge 2: [DER] Task 0 done. Backbones: 1 | Total features: 64 | Memory: 0
2026-05-14 08:04:35,343 [INFO]   [Eval] Task 0, R 5: Acc: 95.58% | Prec-Mac: 93.11% | Rec-Mac: 95.31% | Mi-F1: 95.58% | Ma-F1: 93.98% | We-F1: 95.72% | Loss: 0.1404
2026-05-14 08:04:35,346 [INFO]   [CKPT] Saved: ckpt_der_task00_r005_global005_acc95.6.pth
2026-05-14 08:04:35,347 [INFO] 
--- Task 0, Round 6/40 (Global 6) ---
2026-05-14 08:04:55,952 [INFO] Edge 0: [DER] Task 0 done. Backbones: 1 | Total features: 64 | Memory: 0
2026-05-14 08:05:16,475 [INFO] Edge 1: [DER] Task 0 done. Backbones: 1 | Total features: 64 | Memory: 0
2026-05-14 08:05:36,935 [INFO] Edge 2: [DER] Task 0 done. Backbones: 1 | Total features: 64 | Memory: 0
2026-05-14 08:07:17,918 [INFO]   [Eval] Task 0, R 6: Acc: 95.41% | Prec-Mac: 92.93% | Rec-Mac: 95.11% | Mi-F1: 95.41% | Ma-F1: 93.77% | We-F1: 95.55% | Loss: 0.1431
2026-05-14 08:07:17,922 [INFO]   [CKPT] Saved: ckpt_der_task00_r006_global006_acc95.4.pth
2026-05-14 08:07:17,922 [INFO] 
--- Task 0, Round 7/40 (Global 7) ---
2026-05-14 08:07:38,209 [INFO] Edge 0: [DER] Task 0 done. Backbones: 1 | Total features: 64 | Memory: 0
2026-05-14 08:07:58,770 [INFO] Edge 1: [DER] Task 0 done. Backbones: 1 | Total features: 64 | Memory: 0
2026-05-14 08:08:19,345 [INFO] Edge 2: [DER] Task 0 done. Backbones: 1 | Total features: 64 | Memory: 0
2026-05-14 08:10:00,145 [INFO]   [Eval] Task 0, R 7: Acc: 92.45% | Prec-Mac: 90.64% | Rec-Mac: 91.41% | Mi-F1: 92.45% | Ma-F1: 90.58% | We-F1: 92.61% | Loss: 0.2588
2026-05-14 08:10:00,149 [INFO]   [CKPT] Saved: ckpt_der_task00_r007_global007_acc92.4.pth
2026-05-14 08:10:00,149 [INFO] 
--- Task 0, Round 8/40 (Global 8) ---
2026-05-14 08:10:20,614 [INFO] Edge 0: [DER] Task 0 done. Backbones: 1 | Total features: 64 | Memory: 0
2026-05-14 08:10:41,076 [INFO] Edge 1: [DER] Task 0 done. Backbones: 1 | Total features: 64 | Memory: 0
2026-05-14 08:11:01,585 [INFO] Edge 2: [DER] Task 0 done. Backbones: 1 | Total features: 64 | Memory: 0
2026-05-14 08:12:42,613 [INFO]   [Eval] Task 0, R 8: Acc: 95.55% | Prec-Mac: 93.11% | Rec-Mac: 95.24% | Mi-F1: 95.55% | Ma-F1: 93.92% | We-F1: 95.70% | Loss: 0.1455
2026-05-14 08:12:42,616 [INFO]   [CKPT] Saved: ckpt_der_task00_r008_global008_acc95.5.pth
2026-05-14 08:12:42,616 [INFO] 
--- Task 0, Round 9/40 (Global 9) ---
2026-05-14 08:13:03,118 [INFO] Edge 0: [DER] Task 0 done. Backbones: 1 | Total features: 64 | Memory: 0
2026-05-14 08:13:23,598 [INFO] Edge 1: [DER] Task 0 done. Backbones: 1 | Total features: 64 | Memory: 0
2026-05-14 08:13:44,165 [INFO] Edge 2: [DER] Task 0 done. Backbones: 1 | Total features: 64 | Memory: 0
2026-05-14 08:15:24,547 [INFO]   [Eval] Task 0, R 9: Acc: 95.51% | Prec-Mac: 93.01% | Rec-Mac: 95.23% | Mi-F1: 95.51% | Ma-F1: 93.89% | We-F1: 95.65% | Loss: 0.1404
2026-05-14 08:15:24,551 [INFO]   [CKPT] Saved: ckpt_der_task00_r009_global009_acc95.5.pth
2026-05-14 08:15:24,551 [INFO] 
--- Task 0, Round 10/40 (Global 10) ---
2026-05-14 08:15:44,965 [INFO] Edge 0: [DER] Task 0 done. Backbones: 1 | Total features: 64 | Memory: 0
2026-05-14 08:16:05,626 [INFO] Edge 1: [DER] Task 0 done. Backbones: 1 | Total features: 64 | Memory: 0
2026-05-14 08:16:26,196 [INFO] Edge 2: [DER] Task 0 done. Backbones: 1 | Total features: 64 | Memory: 0
2026-05-14 08:18:08,478 [INFO]   [Eval] Task 0, R 10: Acc: 95.23% | Prec-Mac: 92.91% | Rec-Mac: 94.96% | Mi-F1: 95.23% | Ma-F1: 93.71% | We-F1: 95.37% | Loss: 0.1346
2026-05-14 08:18:08,482 [INFO]   [CKPT] Saved: ckpt_der_task00_r010_global010_acc95.2.pth
2026-05-14 08:18:08,482 [INFO] 
--- Task 0, Round 11/40 (Global 11) ---
2026-05-14 08:18:28,906 [INFO] Edge 0: [DER] Task 0 done. Backbones: 1 | Total features: 64 | Memory: 0
2026-05-14 08:18:49,524 [INFO] Edge 1: [DER] Task 0 done. Backbones: 1 | Total features: 64 | Memory: 0
2026-05-14 08:19:09,977 [INFO] Edge 2: [DER] Task 0 done. Backbones: 1 | Total features: 64 | Memory: 0
2026-05-14 08:20:50,659 [INFO]   [Eval] Task 0, R 11: Acc: 84.84% | Prec-Mac: 85.36% | Rec-Mac: 80.30% | Mi-F1: 84.84% | Ma-F1: 78.89% | We-F1: 85.12% | Loss: 0.3261
2026-05-14 08:20:50,663 [INFO]   [CKPT] Saved: ckpt_der_task00_r011_global011_acc84.8.pth
2026-05-14 08:20:50,663 [INFO] 
--- Task 0, Round 12/40 (Global 12) ---
2026-05-14 08:21:11,244 [INFO] Edge 0: [DER] Task 0 done. Backbones: 1 | Total features: 64 | Memory: 0
2026-05-14 08:21:31,702 [INFO] Edge 1: [DER] Task 0 done. Backbones: 1 | Total features: 64 | Memory: 0
2026-05-14 08:21:52,203 [INFO] Edge 2: [DER] Task 0 done. Backbones: 1 | Total features: 64 | Memory: 0
2026-05-14 08:23:32,943 [INFO]   [Eval] Task 0, R 12: Acc: 95.63% | Prec-Mac: 93.21% | Rec-Mac: 95.34% | Mi-F1: 95.63% | Ma-F1: 94.03% | We-F1: 95.77% | Loss: 0.1366
2026-05-14 08:23:32,946 [INFO]   [CKPT] Saved: ckpt_der_task00_r012_global012_acc95.6.pth
2026-05-14 08:23:32,947 [INFO] 
--- Task 0, Round 13/40 (Global 13) ---
2026-05-14 08:23:53,260 [INFO] Edge 0: [DER] Task 0 done. Backbones: 1 | Total features: 64 | Memory: 0
2026-05-14 08:24:13,633 [INFO] Edge 1: [DER] Task 0 done. Backbones: 1 | Total features: 64 | Memory: 0
2026-05-14 08:24:34,088 [INFO] Edge 2: [DER] Task 0 done. Backbones: 1 | Total features: 64 | Memory: 0
2026-05-14 08:26:15,053 [INFO]   [Eval] Task 0, R 13: Acc: 95.68% | Prec-Mac: 93.29% | Rec-Mac: 95.37% | Mi-F1: 95.68% | Ma-F1: 94.11% | We-F1: 95.81% | Loss: 0.1263
2026-05-14 08:26:15,056 [INFO]   [CKPT] Saved: ckpt_der_task00_r013_global013_acc95.7.pth
2026-05-14 08:26:15,057 [INFO] 
--- Task 0, Round 14/40 (Global 14) ---
2026-05-14 08:26:35,416 [INFO] Edge 0: [DER] Task 0 done. Backbones: 1 | Total features: 64 | Memory: 0
2026-05-14 08:26:55,913 [INFO] Edge 1: [DER] Task 0 done. Backbones: 1 | Total features: 64 | Memory: 0
2026-05-14 08:27:16,347 [INFO] Edge 2: [DER] Task 0 done. Backbones: 1 | Total features: 64 | Memory: 0
2026-05-14 08:28:57,523 [INFO]   [Eval] Task 0, R 14: Acc: 95.50% | Prec-Mac: 92.87% | Rec-Mac: 94.86% | Mi-F1: 95.50% | Ma-F1: 93.77% | We-F1: 95.58% | Loss: 0.1500
2026-05-14 08:28:57,527 [INFO]   [CKPT] Saved: ckpt_der_task00_r014_global014_acc95.5.pth
2026-05-14 08:28:57,527 [INFO] 
--- Task 0, Round 15/40 (Global 15) ---
2026-05-14 08:29:17,895 [INFO] Edge 0: [DER] Task 0 done. Backbones: 1 | Total features: 64 | Memory: 0
2026-05-14 08:29:38,542 [INFO] Edge 1: [DER] Task 0 done. Backbones: 1 | Total features: 64 | Memory: 0
2026-05-14 08:29:58,842 [INFO] Edge 2: [DER] Task 0 done. Backbones: 1 | Total features: 64 | Memory: 0
2026-05-14 08:31:39,222 [INFO]   [Eval] Task 0, R 15: Acc: 95.08% | Prec-Mac: 92.64% | Rec-Mac: 94.55% | Mi-F1: 95.08% | Ma-F1: 93.50% | We-F1: 95.15% | Loss: 0.1356
2026-05-14 08:31:39,226 [INFO]   [CKPT] Saved: ckpt_der_task00_r015_global015_acc95.1.pth
2026-05-14 08:31:39,226 [INFO] 
--- Task 0, Round 16/40 (Global 16) ---
2026-05-14 08:31:59,725 [INFO] Edge 0: [DER] Task 0 done. Backbones: 1 | Total features: 64 | Memory: 0
2026-05-14 08:32:20,231 [INFO] Edge 1: [DER] Task 0 done. Backbones: 1 | Total features: 64 | Memory: 0
2026-05-14 08:32:40,642 [INFO] Edge 2: [DER] Task 0 done. Backbones: 1 | Total features: 64 | Memory: 0
2026-05-14 08:34:21,478 [INFO]   [Eval] Task 0, R 16: Acc: 95.70% | Prec-Mac: 93.31% | Rec-Mac: 95.34% | Mi-F1: 95.70% | Ma-F1: 94.11% | We-F1: 95.84% | Loss: 0.1242
2026-05-14 08:34:21,481 [INFO]   [CKPT] Saved: ckpt_der_task00_r016_global016_acc95.7.pth
2026-05-14 08:34:21,482 [INFO] 
--- Task 0, Round 17/40 (Global 17) ---
2026-05-14 08:34:41,902 [INFO] Edge 0: [DER] Task 0 done. Backbones: 1 | Total features: 64 | Memory: 0
2026-05-14 08:35:02,538 [INFO] Edge 1: [DER] Task 0 done. Backbones: 1 | Total features: 64 | Memory: 0
2026-05-14 08:35:22,901 [INFO] Edge 2: [DER] Task 0 done. Backbones: 1 | Total features: 64 | Memory: 0
2026-05-14 08:37:03,736 [INFO]   [Eval] Task 0, R 17: Acc: 95.76% | Prec-Mac: 93.38% | Rec-Mac: 95.47% | Mi-F1: 95.76% | Ma-F1: 94.19% | We-F1: 95.90% | Loss: 0.1238
2026-05-14 08:37:03,739 [INFO]   [CKPT] Saved: ckpt_der_task00_r017_global017_acc95.8.pth
2026-05-14 08:37:03,740 [INFO] 
--- Task 0, Round 18/40 (Global 18) ---
2026-05-14 08:37:24,155 [INFO] Edge 0: [DER] Task 0 done. Backbones: 1 | Total features: 64 | Memory: 0
2026-05-14 08:37:44,559 [INFO] Edge 1: [DER] Task 0 done. Backbones: 1 | Total features: 64 | Memory: 0
2026-05-14 08:38:04,985 [INFO] Edge 2: [DER] Task 0 done. Backbones: 1 | Total features: 64 | Memory: 0
2026-05-14 08:39:45,624 [INFO]   [Eval] Task 0, R 18: Acc: 95.70% | Prec-Mac: 93.12% | Rec-Mac: 95.08% | Mi-F1: 95.70% | Ma-F1: 94.00% | We-F1: 95.77% | Loss: 0.1259
2026-05-14 08:39:45,627 [INFO]   [CKPT] Saved: ckpt_der_task00_r018_global018_acc95.7.pth
2026-05-14 08:39:45,628 [INFO] 
--- Task 0, Round 19/40 (Global 19) ---
2026-05-14 08:40:06,062 [INFO] Edge 0: [DER] Task 0 done. Backbones: 1 | Total features: 64 | Memory: 0
2026-05-14 08:40:26,580 [INFO] Edge 1: [DER] Task 0 done. Backbones: 1 | Total features: 64 | Memory: 0
2026-05-14 08:40:46,940 [INFO] Edge 2: [DER] Task 0 done. Backbones: 1 | Total features: 64 | Memory: 0
2026-05-14 08:42:27,276 [INFO]   [Eval] Task 0, R 19: Acc: 95.44% | Prec-Mac: 93.14% | Rec-Mac: 95.24% | Mi-F1: 95.44% | Ma-F1: 93.94% | We-F1: 95.58% | Loss: 0.1238
2026-05-14 08:42:27,279 [INFO]   [CKPT] Saved: ckpt_der_task00_r019_global019_acc95.4.pth
2026-05-14 08:42:27,280 [INFO] 
--- Task 0, Round 20/40 (Global 20) ---
2026-05-14 08:42:47,670 [INFO] Edge 0: [DER] Task 0 done. Backbones: 1 | Total features: 64 | Memory: 0
2026-05-14 08:43:08,320 [INFO] Edge 1: [DER] Task 0 done. Backbones: 1 | Total features: 64 | Memory: 0
2026-05-14 08:43:28,799 [INFO] Edge 2: [DER] Task 0 done. Backbones: 1 | Total features: 64 | Memory: 0
2026-05-14 08:45:09,223 [INFO]   [Eval] Task 0, R 20: Acc: 95.78% | Prec-Mac: 93.42% | Rec-Mac: 95.49% | Mi-F1: 95.78% | Ma-F1: 94.22% | We-F1: 95.92% | Loss: 0.1198
2026-05-14 08:45:09,227 [INFO]   [CKPT] Saved: ckpt_der_task00_r020_global020_acc95.8.pth
2026-05-14 08:45:09,227 [INFO] 
--- Task 0, Round 21/40 (Global 21) ---
2026-05-14 08:45:09,227 [INFO]    [LR DECAY] Round 20 reached milestone: New LR = 0.001
2026-05-14 08:45:29,528 [INFO] Edge 0: [DER] Task 0 done. Backbones: 1 | Total features: 64 | Memory: 0
2026-05-14 08:45:49,892 [INFO] Edge 1: [DER] Task 0 done. Backbones: 1 | Total features: 64 | Memory: 0
2026-05-14 08:46:10,286 [INFO] Edge 2: [DER] Task 0 done. Backbones: 1 | Total features: 64 | Memory: 0
2026-05-14 08:47:50,881 [INFO]   [Eval] Task 0, R 21: Acc: 95.82% | Prec-Mac: 93.50% | Rec-Mac: 95.51% | Mi-F1: 95.82% | Ma-F1: 94.28% | We-F1: 95.96% | Loss: 0.1107
2026-05-14 08:47:50,885 [INFO]   [CKPT] Saved: ckpt_der_task00_r021_global021_acc95.8.pth
2026-05-14 08:47:50,885 [INFO] 
--- Task 0, Round 22/40 (Global 22) ---
2026-05-14 08:48:11,307 [INFO] Edge 0: [DER] Task 0 done. Backbones: 1 | Total features: 64 | Memory: 0
2026-05-14 08:48:31,917 [INFO] Edge 1: [DER] Task 0 done. Backbones: 1 | Total features: 64 | Memory: 0
2026-05-14 08:48:52,463 [INFO] Edge 2: [DER] Task 0 done. Backbones: 1 | Total features: 64 | Memory: 0
2026-05-14 08:50:32,890 [INFO]   [Eval] Task 0, R 22: Acc: 95.85% | Prec-Mac: 93.51% | Rec-Mac: 95.57% | Mi-F1: 95.85% | Ma-F1: 94.31% | We-F1: 95.99% | Loss: 0.1099
2026-05-14 08:50:32,894 [INFO]   [CKPT] Saved: ckpt_der_task00_r022_global022_acc95.9.pth
2026-05-14 08:50:32,894 [INFO] 
--- Task 0, Round 23/40 (Global 23) ---
2026-05-14 08:50:53,313 [INFO] Edge 0: [DER] Task 0 done. Backbones: 1 | Total features: 64 | Memory: 0
2026-05-14 08:51:13,871 [INFO] Edge 1: [DER] Task 0 done. Backbones: 1 | Total features: 64 | Memory: 0
2026-05-14 08:51:34,373 [INFO] Edge 2: [DER] Task 0 done. Backbones: 1 | Total features: 64 | Memory: 0
2026-05-14 08:53:13,909 [INFO]   [Eval] Task 0, R 23: Acc: 95.88% | Prec-Mac: 93.55% | Rec-Mac: 95.57% | Mi-F1: 95.88% | Ma-F1: 94.34% | We-F1: 96.01% | Loss: 0.1108
2026-05-14 08:53:13,912 [INFO]   [CKPT] Saved: ckpt_der_task00_r023_global023_acc95.9.pth
2026-05-14 08:53:13,912 [INFO] 
--- Task 0, Round 24/40 (Global 24) ---
2026-05-14 08:53:34,355 [INFO] Edge 0: [DER] Task 0 done. Backbones: 1 | Total features: 64 | Memory: 0
2026-05-14 08:53:55,032 [INFO] Edge 1: [DER] Task 0 done. Backbones: 1 | Total features: 64 | Memory: 0
2026-05-14 08:54:15,358 [INFO] Edge 2: [DER] Task 0 done. Backbones: 1 | Total features: 64 | Memory: 0
2026-05-14 08:55:55,406 [INFO]   [Eval] Task 0, R 24: Acc: 95.88% | Prec-Mac: 93.56% | Rec-Mac: 95.58% | Mi-F1: 95.88% | Ma-F1: 94.35% | We-F1: 96.02% | Loss: 0.1114
2026-05-14 08:55:55,410 [INFO]   [CKPT] Saved: ckpt_der_task00_r024_global024_acc95.9.pth
2026-05-14 08:55:55,410 [INFO] 
--- Task 0, Round 25/40 (Global 25) ---
2026-05-14 08:56:15,990 [INFO] Edge 0: [DER] Task 0 done. Backbones: 1 | Total features: 64 | Memory: 0
2026-05-14 08:56:36,559 [INFO] Edge 1: [DER] Task 0 done. Backbones: 1 | Total features: 64 | Memory: 0
2026-05-14 08:56:57,070 [INFO] Edge 2: [DER] Task 0 done. Backbones: 1 | Total features: 64 | Memory: 0
2026-05-14 08:58:37,561 [INFO]   [Eval] Task 0, R 25: Acc: 95.92% | Prec-Mac: 93.54% | Rec-Mac: 95.72% | Mi-F1: 95.92% | Ma-F1: 94.40% | We-F1: 96.05% | Loss: 0.1086
2026-05-14 08:58:37,565 [INFO]   [CKPT] Saved: ckpt_der_task00_r025_global025_acc95.9.pth
2026-05-14 08:58:37,565 [INFO] 
--- Task 0, Round 26/40 (Global 26) ---
2026-05-14 08:58:58,016 [INFO] Edge 0: [DER] Task 0 done. Backbones: 1 | Total features: 64 | Memory: 0
2026-05-14 08:59:18,452 [INFO] Edge 1: [DER] Task 0 done. Backbones: 1 | Total features: 64 | Memory: 0
2026-05-14 08:59:38,891 [INFO] Edge 2: [DER] Task 0 done. Backbones: 1 | Total features: 64 | Memory: 0
2026-05-14 09:01:19,352 [INFO]   [Eval] Task 0, R 26: Acc: 87.61% | Prec-Mac: 90.16% | Rec-Mac: 78.08% | Mi-F1: 87.61% | Ma-F1: 80.93% | We-F1: 86.63% | Loss: 0.4792
2026-05-14 09:01:19,356 [INFO]   [CKPT] Saved: ckpt_der_task00_r026_global026_acc87.6.pth
2026-05-14 09:01:19,356 [INFO] 
--- Task 0, Round 27/40 (Global 27) ---
2026-05-14 09:01:39,705 [INFO] Edge 0: [DER] Task 0 done. Backbones: 1 | Total features: 64 | Memory: 0
2026-05-14 09:02:00,131 [INFO] Edge 1: [DER] Task 0 done. Backbones: 1 | Total features: 64 | Memory: 0
2026-05-14 09:02:20,406 [INFO] Edge 2: [DER] Task 0 done. Backbones: 1 | Total features: 64 | Memory: 0
2026-05-14 09:04:01,080 [INFO]   [Eval] Task 0, R 27: Acc: 95.80% | Prec-Mac: 93.49% | Rec-Mac: 95.43% | Mi-F1: 95.80% | Ma-F1: 94.25% | We-F1: 95.93% | Loss: 0.1197
2026-05-14 09:04:01,084 [INFO]   [CKPT] Saved: ckpt_der_task00_r027_global027_acc95.8.pth
2026-05-14 09:04:01,084 [INFO] 
--- Task 0, Round 28/40 (Global 28) ---
2026-05-14 09:04:21,514 [INFO] Edge 0: [DER] Task 0 done. Backbones: 1 | Total features: 64 | Memory: 0
2026-05-14 09:04:42,125 [INFO] Edge 1: [DER] Task 0 done. Backbones: 1 | Total features: 64 | Memory: 0
2026-05-14 09:05:02,521 [INFO] Edge 2: [DER] Task 0 done. Backbones: 1 | Total features: 64 | Memory: 0
2026-05-14 09:06:43,476 [INFO]   [Eval] Task 0, R 28: Acc: 77.73% | Prec-Mac: 81.58% | Rec-Mac: 63.22% | Mi-F1: 77.73% | Ma-F1: 64.14% | We-F1: 74.23% | Loss: 1.2551
2026-05-14 09:06:43,479 [INFO]   [CKPT] Saved: ckpt_der_task00_r028_global028_acc77.7.pth
2026-05-14 09:06:43,480 [INFO] 
--- Task 0, Round 29/40 (Global 29) ---
2026-05-14 09:07:04,129 [INFO] Edge 0: [DER] Task 0 done. Backbones: 1 | Total features: 64 | Memory: 0
2026-05-14 09:07:24,804 [INFO] Edge 1: [DER] Task 0 done. Backbones: 1 | Total features: 64 | Memory: 0
2026-05-14 09:07:45,228 [INFO] Edge 2: [DER] Task 0 done. Backbones: 1 | Total features: 64 | Memory: 0
2026-05-14 09:09:25,962 [INFO]   [Eval] Task 0, R 29: Acc: 95.83% | Prec-Mac: 93.56% | Rec-Mac: 95.45% | Mi-F1: 95.83% | Ma-F1: 94.29% | We-F1: 95.96% | Loss: 0.1184
2026-05-14 09:09:25,965 [INFO]   [CKPT] Saved: ckpt_der_task00_r029_global029_acc95.8.pth
2026-05-14 09:09:25,965 [INFO] 
--- Task 0, Round 30/40 (Global 30) ---
2026-05-14 09:09:46,342 [INFO] Edge 0: [DER] Task 0 done. Backbones: 1 | Total features: 64 | Memory: 0
2026-05-14 09:10:06,961 [INFO] Edge 1: [DER] Task 0 done. Backbones: 1 | Total features: 64 | Memory: 0
2026-05-14 09:10:27,454 [INFO] Edge 2: [DER] Task 0 done. Backbones: 1 | Total features: 64 | Memory: 0
2026-05-14 09:12:08,036 [INFO]   [Eval] Task 0, R 30: Acc: 95.93% | Prec-Mac: 93.56% | Rec-Mac: 95.71% | Mi-F1: 95.93% | Ma-F1: 94.41% | We-F1: 96.06% | Loss: 0.1080
2026-05-14 09:12:08,039 [INFO]   [CKPT] Saved: ckpt_der_task00_r030_global030_acc95.9.pth
2026-05-14 09:12:08,039 [INFO] 
--- Task 0, Round 31/40 (Global 31) ---
2026-05-14 09:12:08,039 [INFO]    [LR DECAY] Round 30 reached milestone: New LR = 0.0001
2026-05-14 09:12:28,434 [INFO] Edge 0: [DER] Task 0 done. Backbones: 1 | Total features: 64 | Memory: 0
2026-05-14 09:12:48,919 [INFO] Edge 1: [DER] Task 0 done. Backbones: 1 | Total features: 64 | Memory: 0
2026-05-14 09:13:09,304 [INFO] Edge 2: [DER] Task 0 done. Backbones: 1 | Total features: 64 | Memory: 0
2026-05-14 09:14:50,099 [INFO]   [Eval] Task 0, R 31: Acc: 89.73% | Prec-Mac: 91.57% | Rec-Mac: 80.46% | Mi-F1: 89.73% | Ma-F1: 83.28% | We-F1: 88.76% | Loss: 0.2191
2026-05-14 09:14:50,102 [INFO]   [CKPT] Saved: ckpt_der_task00_r031_global031_acc89.7.pth
2026-05-14 09:14:50,103 [INFO] 
--- Task 0, Round 32/40 (Global 32) ---
2026-05-14 09:15:10,488 [INFO] Edge 0: [DER] Task 0 done. Backbones: 1 | Total features: 64 | Memory: 0
2026-05-14 09:15:30,963 [INFO] Edge 1: [DER] Task 0 done. Backbones: 1 | Total features: 64 | Memory: 0
2026-05-14 09:15:51,187 [INFO] Edge 2: [DER] Task 0 done. Backbones: 1 | Total features: 64 | Memory: 0
2026-05-14 09:17:31,897 [INFO]   [Eval] Task 0, R 32: Acc: 95.80% | Prec-Mac: 93.53% | Rec-Mac: 95.37% | Mi-F1: 95.80% | Ma-F1: 94.24% | We-F1: 95.92% | Loss: 0.1211
2026-05-14 09:17:31,901 [INFO]   [CKPT] Saved: ckpt_der_task00_r032_global032_acc95.8.pth
2026-05-14 09:17:31,901 [INFO] 
--- Task 0, Round 33/40 (Global 33) ---
2026-05-14 09:17:52,471 [INFO] Edge 0: [DER] Task 0 done. Backbones: 1 | Total features: 64 | Memory: 0
2026-05-14 09:18:13,036 [INFO] Edge 1: [DER] Task 0 done. Backbones: 1 | Total features: 64 | Memory: 0
2026-05-14 09:18:33,434 [INFO] Edge 2: [DER] Task 0 done. Backbones: 1 | Total features: 64 | Memory: 0
2026-05-14 09:20:14,287 [INFO]   [Eval] Task 0, R 33: Acc: 95.95% | Prec-Mac: 93.64% | Rec-Mac: 95.68% | Mi-F1: 95.95% | Ma-F1: 94.44% | We-F1: 96.09% | Loss: 0.1079
2026-05-14 09:20:14,290 [INFO]   [CKPT] Saved: ckpt_der_task00_r033_global033_acc96.0.pth
2026-05-14 09:20:14,290 [INFO] 
--- Task 0, Round 34/40 (Global 34) ---
2026-05-14 09:20:34,697 [INFO] Edge 0: [DER] Task 0 done. Backbones: 1 | Total features: 64 | Memory: 0
2026-05-14 09:20:55,162 [INFO] Edge 1: [DER] Task 0 done. Backbones: 1 | Total features: 64 | Memory: 0
2026-05-14 09:21:15,581 [INFO] Edge 2: [DER] Task 0 done. Backbones: 1 | Total features: 64 | Memory: 0
2026-05-14 09:22:56,147 [INFO]   [Eval] Task 0, R 34: Acc: 95.96% | Prec-Mac: 93.64% | Rec-Mac: 95.70% | Mi-F1: 95.96% | Ma-F1: 94.45% | We-F1: 96.09% | Loss: 0.1067
2026-05-14 09:22:56,151 [INFO]   [CKPT] Saved: ckpt_der_task00_r034_global034_acc96.0.pth
2026-05-14 09:22:56,151 [INFO] 
--- Task 0, Round 35/40 (Global 35) ---
2026-05-14 09:23:16,463 [INFO] Edge 0: [DER] Task 0 done. Backbones: 1 | Total features: 64 | Memory: 0
2026-05-14 09:23:36,944 [INFO] Edge 1: [DER] Task 0 done. Backbones: 1 | Total features: 64 | Memory: 0
2026-05-14 09:23:57,446 [INFO] Edge 2: [DER] Task 0 done. Backbones: 1 | Total features: 64 | Memory: 0
2026-05-14 09:25:38,152 [INFO]   [Eval] Task 0, R 35: Acc: 95.74% | Prec-Mac: 93.50% | Rec-Mac: 95.28% | Mi-F1: 95.74% | Ma-F1: 94.18% | We-F1: 95.87% | Loss: 0.1303
2026-05-14 09:25:38,156 [INFO]   [CKPT] Saved: ckpt_der_task00_r035_global035_acc95.7.pth
2026-05-14 09:25:38,156 [INFO] 
--- Task 0, Round 36/40 (Global 36) ---
2026-05-14 09:25:58,535 [INFO] Edge 0: [DER] Task 0 done. Backbones: 1 | Total features: 64 | Memory: 0
2026-05-14 09:26:19,047 [INFO] Edge 1: [DER] Task 0 done. Backbones: 1 | Total features: 64 | Memory: 0
2026-05-14 09:26:39,612 [INFO] Edge 2: [DER] Task 0 done. Backbones: 1 | Total features: 64 | Memory: 0
2026-05-14 09:28:20,089 [INFO]   [Eval] Task 0, R 36: Acc: 88.12% | Prec-Mac: 90.91% | Rec-Mac: 78.80% | Mi-F1: 88.12% | Ma-F1: 81.77% | We-F1: 87.21% | Loss: 0.4467
2026-05-14 09:28:20,093 [INFO]   [CKPT] Saved: ckpt_der_task00_r036_global036_acc88.1.pth
2026-05-14 09:28:20,093 [INFO] 
--- Task 0, Round 37/40 (Global 37) ---
2026-05-14 09:28:40,546 [INFO] Edge 0: [DER] Task 0 done. Backbones: 1 | Total features: 64 | Memory: 0
2026-05-14 09:29:01,256 [INFO] Edge 1: [DER] Task 0 done. Backbones: 1 | Total features: 64 | Memory: 0
2026-05-14 09:29:21,598 [INFO] Edge 2: [DER] Task 0 done. Backbones: 1 | Total features: 64 | Memory: 0
2026-05-14 09:31:02,408 [INFO]   [Eval] Task 0, R 37: Acc: 95.97% | Prec-Mac: 93.64% | Rec-Mac: 95.72% | Mi-F1: 95.97% | Ma-F1: 94.46% | We-F1: 96.10% | Loss: 0.1062
2026-05-14 09:31:02,411 [INFO]   [CKPT] Saved: ckpt_der_task00_r037_global037_acc96.0.pth
2026-05-14 09:31:02,411 [INFO] 
--- Task 0, Round 38/40 (Global 38) ---
2026-05-14 09:31:22,948 [INFO] Edge 0: [DER] Task 0 done. Backbones: 1 | Total features: 64 | Memory: 0
2026-05-14 09:31:43,501 [INFO] Edge 1: [DER] Task 0 done. Backbones: 1 | Total features: 64 | Memory: 0
2026-05-14 09:32:03,868 [INFO] Edge 2: [DER] Task 0 done. Backbones: 1 | Total features: 64 | Memory: 0
2026-05-14 09:33:44,737 [INFO]   [Eval] Task 0, R 38: Acc: 95.89% | Prec-Mac: 93.61% | Rec-Mac: 95.53% | Mi-F1: 95.89% | Ma-F1: 94.36% | We-F1: 96.02% | Loss: 0.1144
2026-05-14 09:33:44,741 [INFO]   [CKPT] Saved: ckpt_der_task00_r038_global038_acc95.9.pth
2026-05-14 09:33:44,741 [INFO] 
--- Task 0, Round 39/40 (Global 39) ---
2026-05-14 09:34:05,143 [INFO] Edge 0: [DER] Task 0 done. Backbones: 1 | Total features: 64 | Memory: 0
2026-05-14 09:34:25,684 [INFO] Edge 1: [DER] Task 0 done. Backbones: 1 | Total features: 64 | Memory: 0
2026-05-14 09:34:46,151 [INFO] Edge 2: [DER] Task 0 done. Backbones: 1 | Total features: 64 | Memory: 0
2026-05-14 09:36:27,109 [INFO]   [Eval] Task 0, R 39: Acc: 96.01% | Prec-Mac: 93.64% | Rec-Mac: 95.80% | Mi-F1: 96.01% | Ma-F1: 94.49% | We-F1: 96.14% | Loss: 0.1058
2026-05-14 09:36:27,112 [INFO]   [CKPT] Saved: ckpt_der_task00_r039_global039_acc96.0.pth
2026-05-14 09:36:27,112 [INFO] 
--- Task 0, Round 40/40 (Global 40) ---
2026-05-14 09:41:08,483 [INFO] Edge 0: [DER] Task 0 done. Backbones: 1 | Total features: 64 | Memory: 15000
2026-05-14 09:45:54,969 [INFO] Edge 1: [DER] Task 0 done. Backbones: 1 | Total features: 64 | Memory: 15000
2026-05-14 09:50:43,597 [INFO] Edge 2: [DER] Task 0 done. Backbones: 1 | Total features: 64 | Memory: 15000
2026-05-14 09:52:24,166 [INFO]   [Eval] Task 0, R 40: Acc: 89.74% | Prec-Mac: 91.63% | Rec-Mac: 80.47% | Mi-F1: 89.74% | Ma-F1: 83.32% | We-F1: 88.78% | Loss: 0.1940
2026-05-14 09:52:24,674 [INFO]   [CKPT] Saved: ckpt_der_task00_r040_global040_acc89.7.pth
2026-05-14 09:52:24,674 [INFO] 
Loading data for Task 1 (Classes: [5, 6, 7, 8])...
2026-05-14 09:52:34,036 [INFO] [DER] Added backbone 2, total features=128, classes=9 for Task 1
2026-05-14 09:52:34,060 [INFO] 
============================================================
2026-05-14 09:52:34,060 [INFO] Task 1/4 | Classes: [5, 6, 7, 8] | 80 rounds | LR: 0.02
2026-05-14 09:52:34,060 [INFO] ============================================================
2026-05-14 09:52:34,060 [INFO] 
--- Task 1, Round 1/80 (Global 41) ---
2026-05-14 09:52:38,434 [INFO] Edge 0: [DER] Task 1 done. Backbones: 2 | Total features: 128 | Memory: 15000
2026-05-14 09:52:42,661 [INFO] Edge 1: [DER] Task 1 done. Backbones: 2 | Total features: 128 | Memory: 15000
2026-05-14 09:52:46,996 [INFO] Edge 2: [DER] Task 1 done. Backbones: 2 | Total features: 128 | Memory: 15000
2026-05-14 09:54:56,049 [INFO]   [Eval] Task 1, R 1: Acc: 64.28% | Prec-Mac: 61.47% | Rec-Mac: 73.05% | Mi-F1: 64.28% | Ma-F1: 58.01% | We-F1: 68.83% | Loss: 3.8860
2026-05-14 09:54:56,543 [INFO]   [CKPT] Saved: ckpt_der_task01_r001_global041_acc64.3.pth
2026-05-14 09:54:56,543 [INFO] 
--- Task 1, Round 2/80 (Global 42) ---
2026-05-14 09:55:00,894 [INFO] Edge 0: [DER] Task 1 done. Backbones: 2 | Total features: 128 | Memory: 15000
2026-05-14 09:55:05,199 [INFO] Edge 1: [DER] Task 1 done. Backbones: 2 | Total features: 128 | Memory: 15000
2026-05-14 09:55:09,476 [INFO] Edge 2: [DER] Task 1 done. Backbones: 2 | Total features: 128 | Memory: 15000
2026-05-14 09:57:19,496 [INFO]   [Eval] Task 1, R 2: Acc: 63.91% | Prec-Mac: 63.31% | Rec-Mac: 73.59% | Mi-F1: 63.91% | Ma-F1: 59.68% | We-F1: 68.56% | Loss: 4.3047
2026-05-14 09:57:20,000 [INFO]   [CKPT] Saved: ckpt_der_task01_r002_global042_acc63.9.pth
2026-05-14 09:57:20,000 [INFO] 
--- Task 1, Round 3/80 (Global 43) ---
2026-05-14 09:57:24,195 [INFO] Edge 0: [DER] Task 1 done. Backbones: 2 | Total features: 128 | Memory: 15000
2026-05-14 09:57:28,506 [INFO] Edge 1: [DER] Task 1 done. Backbones: 2 | Total features: 128 | Memory: 15000
2026-05-14 09:57:32,815 [INFO] Edge 2: [DER] Task 1 done. Backbones: 2 | Total features: 128 | Memory: 15000
2026-05-14 09:59:42,571 [INFO]   [Eval] Task 1, R 3: Acc: 63.12% | Prec-Mac: 63.50% | Rec-Mac: 72.50% | Mi-F1: 63.12% | Ma-F1: 58.98% | We-F1: 68.25% | Loss: 4.1688
2026-05-14 09:59:43,079 [INFO]   [CKPT] Saved: ckpt_der_task01_r003_global043_acc63.1.pth
2026-05-14 09:59:43,079 [INFO] 
--- Task 1, Round 4/80 (Global 44) ---
2026-05-14 09:59:47,429 [INFO] Edge 0: [DER] Task 1 done. Backbones: 2 | Total features: 128 | Memory: 15000
2026-05-14 09:59:51,717 [INFO] Edge 1: [DER] Task 1 done. Backbones: 2 | Total features: 128 | Memory: 15000
2026-05-14 09:59:56,038 [INFO] Edge 2: [DER] Task 1 done. Backbones: 2 | Total features: 128 | Memory: 15000
2026-05-14 10:02:05,961 [INFO]   [Eval] Task 1, R 4: Acc: 64.41% | Prec-Mac: 63.21% | Rec-Mac: 74.02% | Mi-F1: 64.41% | Ma-F1: 59.94% | We-F1: 69.08% | Loss: 4.3388
2026-05-14 10:02:06,461 [INFO]   [CKPT] Saved: ckpt_der_task01_r004_global044_acc64.4.pth
2026-05-14 10:02:06,461 [INFO] 
--- Task 1, Round 5/80 (Global 45) ---
2026-05-14 10:02:10,755 [INFO] Edge 0: [DER] Task 1 done. Backbones: 2 | Total features: 128 | Memory: 15000
2026-05-14 10:02:15,060 [INFO] Edge 1: [DER] Task 1 done. Backbones: 2 | Total features: 128 | Memory: 15000
2026-05-14 10:02:19,328 [INFO] Edge 2: [DER] Task 1 done. Backbones: 2 | Total features: 128 | Memory: 15000
2026-05-14 10:04:28,578 [INFO]   [Eval] Task 1, R 5: Acc: 64.65% | Prec-Mac: 63.47% | Rec-Mac: 73.37% | Mi-F1: 64.65% | Ma-F1: 59.66% | We-F1: 69.45% | Loss: 4.2353
2026-05-14 10:04:29,111 [INFO]   [CKPT] Saved: ckpt_der_task01_r005_global045_acc64.7.pth
2026-05-14 10:04:29,111 [INFO] 
--- Task 1, Round 6/80 (Global 46) ---
2026-05-14 10:04:33,408 [INFO] Edge 0: [DER] Task 1 done. Backbones: 2 | Total features: 128 | Memory: 15000
2026-05-14 10:04:37,689 [INFO] Edge 1: [DER] Task 1 done. Backbones: 2 | Total features: 128 | Memory: 15000
2026-05-14 10:04:41,948 [INFO] Edge 2: [DER] Task 1 done. Backbones: 2 | Total features: 128 | Memory: 15000
2026-05-14 10:06:50,853 [INFO]   [Eval] Task 1, R 6: Acc: 64.04% | Prec-Mac: 63.23% | Rec-Mac: 73.30% | Mi-F1: 64.04% | Ma-F1: 59.18% | We-F1: 68.69% | Loss: 4.4496
2026-05-14 10:06:51,353 [INFO]   [CKPT] Saved: ckpt_der_task01_r006_global046_acc64.0.pth
2026-05-14 10:06:51,353 [INFO] 
--- Task 1, Round 7/80 (Global 47) ---
2026-05-14 10:06:55,684 [INFO] Edge 0: [DER] Task 1 done. Backbones: 2 | Total features: 128 | Memory: 15000
2026-05-14 10:06:59,964 [INFO] Edge 1: [DER] Task 1 done. Backbones: 2 | Total features: 128 | Memory: 15000
2026-05-14 10:07:04,293 [INFO] Edge 2: [DER] Task 1 done. Backbones: 2 | Total features: 128 | Memory: 15000
2026-05-14 10:09:13,079 [INFO]   [Eval] Task 1, R 7: Acc: 64.72% | Prec-Mac: 63.91% | Rec-Mac: 73.71% | Mi-F1: 64.72% | Ma-F1: 59.94% | We-F1: 69.51% | Loss: 4.3177
2026-05-14 10:09:13,577 [INFO]   [CKPT] Saved: ckpt_der_task01_r007_global047_acc64.7.pth
2026-05-14 10:09:13,577 [INFO] 
--- Task 1, Round 8/80 (Global 48) ---
2026-05-14 10:09:17,931 [INFO] Edge 0: [DER] Task 1 done. Backbones: 2 | Total features: 128 | Memory: 15000
2026-05-14 10:09:22,198 [INFO] Edge 1: [DER] Task 1 done. Backbones: 2 | Total features: 128 | Memory: 15000
2026-05-14 10:09:26,344 [INFO] Edge 2: [DER] Task 1 done. Backbones: 2 | Total features: 128 | Memory: 15000
2026-05-14 10:11:35,331 [INFO]   [Eval] Task 1, R 8: Acc: 63.55% | Prec-Mac: 63.68% | Rec-Mac: 72.74% | Mi-F1: 63.55% | Ma-F1: 59.20% | We-F1: 68.60% | Loss: 4.3884
2026-05-14 10:11:35,836 [INFO]   [CKPT] Saved: ckpt_der_task01_r008_global048_acc63.5.pth
2026-05-14 10:11:35,836 [INFO] 
--- Task 1, Round 9/80 (Global 49) ---
2026-05-14 10:11:40,149 [INFO] Edge 0: [DER] Task 1 done. Backbones: 2 | Total features: 128 | Memory: 15000
2026-05-14 10:11:44,424 [INFO] Edge 1: [DER] Task 1 done. Backbones: 2 | Total features: 128 | Memory: 15000
2026-05-14 10:11:48,722 [INFO] Edge 2: [DER] Task 1 done. Backbones: 2 | Total features: 128 | Memory: 15000
2026-05-14 10:13:58,372 [INFO]   [Eval] Task 1, R 9: Acc: 64.44% | Prec-Mac: 64.82% | Rec-Mac: 73.60% | Mi-F1: 64.44% | Ma-F1: 60.59% | We-F1: 69.96% | Loss: 4.2988
2026-05-14 10:13:58,877 [INFO]   [CKPT] Saved: ckpt_der_task01_r009_global049_acc64.4.pth
2026-05-14 10:13:58,877 [INFO] 
--- Task 1, Round 10/80 (Global 50) ---
2026-05-14 10:14:03,190 [INFO] Edge 0: [DER] Task 1 done. Backbones: 2 | Total features: 128 | Memory: 15000
2026-05-14 10:14:07,488 [INFO] Edge 1: [DER] Task 1 done. Backbones: 2 | Total features: 128 | Memory: 15000
2026-05-14 10:14:11,807 [INFO] Edge 2: [DER] Task 1 done. Backbones: 2 | Total features: 128 | Memory: 15000
2026-05-14 10:16:21,491 [INFO]   [Eval] Task 1, R 10: Acc: 64.96% | Prec-Mac: 65.96% | Rec-Mac: 73.25% | Mi-F1: 64.96% | Ma-F1: 61.42% | We-F1: 70.97% | Loss: 4.2040
2026-05-14 10:16:21,999 [INFO]   [CKPT] Saved: ckpt_der_task01_r010_global050_acc65.0.pth
2026-05-14 10:16:21,999 [INFO] 
--- Task 1, Round 11/80 (Global 51) ---
2026-05-14 10:16:26,421 [INFO] Edge 0: [DER] Task 1 done. Backbones: 2 | Total features: 128 | Memory: 15000
2026-05-14 10:16:30,720 [INFO] Edge 1: [DER] Task 1 done. Backbones: 2 | Total features: 128 | Memory: 15000
2026-05-14 10:16:35,082 [INFO] Edge 2: [DER] Task 1 done. Backbones: 2 | Total features: 128 | Memory: 15000
2026-05-14 10:18:45,074 [INFO]   [Eval] Task 1, R 11: Acc: 64.46% | Prec-Mac: 64.04% | Rec-Mac: 73.54% | Mi-F1: 64.46% | Ma-F1: 59.88% | We-F1: 69.52% | Loss: 4.4121
2026-05-14 10:18:45,575 [INFO]   [CKPT] Saved: ckpt_der_task01_r011_global051_acc64.5.pth
2026-05-14 10:18:45,576 [INFO] 
--- Task 1, Round 12/80 (Global 52) ---
2026-05-14 10:18:49,759 [INFO] Edge 0: [DER] Task 1 done. Backbones: 2 | Total features: 128 | Memory: 15000
2026-05-14 10:18:54,060 [INFO] Edge 1: [DER] Task 1 done. Backbones: 2 | Total features: 128 | Memory: 15000
2026-05-14 10:18:58,369 [INFO] Edge 2: [DER] Task 1 done. Backbones: 2 | Total features: 128 | Memory: 15000
2026-05-14 10:21:08,479 [INFO]   [Eval] Task 1, R 12: Acc: 65.31% | Prec-Mac: 64.30% | Rec-Mac: 74.16% | Mi-F1: 65.31% | Ma-F1: 60.49% | We-F1: 70.09% | Loss: 4.2445
2026-05-14 10:21:09,010 [INFO]   [CKPT] Saved: ckpt_der_task01_r012_global052_acc65.3.pth
2026-05-14 10:21:09,010 [INFO] 
--- Task 1, Round 13/80 (Global 53) ---
2026-05-14 10:21:13,169 [INFO] Edge 0: [DER] Task 1 done. Backbones: 2 | Total features: 128 | Memory: 15000
2026-05-14 10:21:17,487 [INFO] Edge 1: [DER] Task 1 done. Backbones: 2 | Total features: 128 | Memory: 15000
2026-05-14 10:21:21,779 [INFO] Edge 2: [DER] Task 1 done. Backbones: 2 | Total features: 128 | Memory: 15000
2026-05-14 10:23:31,741 [INFO]   [Eval] Task 1, R 13: Acc: 65.15% | Prec-Mac: 65.05% | Rec-Mac: 73.98% | Mi-F1: 65.15% | Ma-F1: 60.92% | We-F1: 70.23% | Loss: 4.3347
2026-05-14 10:23:32,256 [INFO]   [CKPT] Saved: ckpt_der_task01_r013_global053_acc65.2.pth
2026-05-14 10:23:32,256 [INFO] 
--- Task 1, Round 14/80 (Global 54) ---
2026-05-14 10:23:36,600 [INFO] Edge 0: [DER] Task 1 done. Backbones: 2 | Total features: 128 | Memory: 15000
2026-05-14 10:23:40,852 [INFO] Edge 1: [DER] Task 1 done. Backbones: 2 | Total features: 128 | Memory: 15000
2026-05-14 10:23:45,175 [INFO] Edge 2: [DER] Task 1 done. Backbones: 2 | Total features: 128 | Memory: 15000
2026-05-14 10:25:54,284 [INFO]   [Eval] Task 1, R 14: Acc: 65.51% | Prec-Mac: 64.71% | Rec-Mac: 74.11% | Mi-F1: 65.51% | Ma-F1: 60.76% | We-F1: 70.62% | Loss: 4.3958
2026-05-14 10:25:54,808 [INFO]   [CKPT] Saved: ckpt_der_task01_r014_global054_acc65.5.pth
2026-05-14 10:25:54,808 [INFO] 
--- Task 1, Round 15/80 (Global 55) ---
2026-05-14 10:25:59,198 [INFO] Edge 0: [DER] Task 1 done. Backbones: 2 | Total features: 128 | Memory: 15000
2026-05-14 10:26:03,473 [INFO] Edge 1: [DER] Task 1 done. Backbones: 2 | Total features: 128 | Memory: 15000
2026-05-14 10:26:07,772 [INFO] Edge 2: [DER] Task 1 done. Backbones: 2 | Total features: 128 | Memory: 15000
2026-05-14 10:28:16,825 [INFO]   [Eval] Task 1, R 15: Acc: 64.63% | Prec-Mac: 65.04% | Rec-Mac: 73.80% | Mi-F1: 64.63% | Ma-F1: 60.76% | We-F1: 69.85% | Loss: 4.4637
2026-05-14 10:28:17,317 [INFO]   [CKPT] Saved: ckpt_der_task01_r015_global055_acc64.6.pth
2026-05-14 10:28:17,317 [INFO] 
--- Task 1, Round 16/80 (Global 56) ---
2026-05-14 10:28:21,645 [INFO] Edge 0: [DER] Task 1 done. Backbones: 2 | Total features: 128 | Memory: 15000
2026-05-14 10:28:25,940 [INFO] Edge 1: [DER] Task 1 done. Backbones: 2 | Total features: 128 | Memory: 15000
2026-05-14 10:28:30,208 [INFO] Edge 2: [DER] Task 1 done. Backbones: 2 | Total features: 128 | Memory: 15000
2026-05-14 10:30:39,016 [INFO]   [Eval] Task 1, R 16: Acc: 64.11% | Prec-Mac: 64.95% | Rec-Mac: 73.45% | Mi-F1: 64.11% | Ma-F1: 60.35% | We-F1: 69.41% | Loss: 4.5340
2026-05-14 10:30:39,525 [INFO]   [CKPT] Saved: ckpt_der_task01_r016_global056_acc64.1.pth
2026-05-14 10:30:39,525 [INFO] 
--- Task 1, Round 17/80 (Global 57) ---
2026-05-14 10:30:43,887 [INFO] Edge 0: [DER] Task 1 done. Backbones: 2 | Total features: 128 | Memory: 15000
2026-05-14 10:30:48,168 [INFO] Edge 1: [DER] Task 1 done. Backbones: 2 | Total features: 128 | Memory: 15000
2026-05-14 10:30:52,466 [INFO] Edge 2: [DER] Task 1 done. Backbones: 2 | Total features: 128 | Memory: 15000
2026-05-14 10:33:02,219 [INFO]   [Eval] Task 1, R 17: Acc: 65.14% | Prec-Mac: 64.92% | Rec-Mac: 73.77% | Mi-F1: 65.14% | Ma-F1: 60.81% | We-F1: 70.13% | Loss: 4.3641
2026-05-14 10:33:02,720 [INFO]   [CKPT] Saved: ckpt_der_task01_r017_global057_acc65.1.pth
2026-05-14 10:33:02,720 [INFO] 
--- Task 1, Round 18/80 (Global 58) ---
2026-05-14 10:33:07,048 [INFO] Edge 0: [DER] Task 1 done. Backbones: 2 | Total features: 128 | Memory: 15000
2026-05-14 10:33:11,273 [INFO] Edge 1: [DER] Task 1 done. Backbones: 2 | Total features: 128 | Memory: 15000
2026-05-14 10:33:15,413 [INFO] Edge 2: [DER] Task 1 done. Backbones: 2 | Total features: 128 | Memory: 15000
2026-05-14 10:35:24,826 [INFO]   [Eval] Task 1, R 18: Acc: 59.00% | Prec-Mac: 60.73% | Rec-Mac: 67.57% | Mi-F1: 59.00% | Ma-F1: 54.82% | We-F1: 64.34% | Loss: 4.5655
2026-05-14 10:35:25,322 [INFO]   [CKPT] Saved: ckpt_der_task01_r018_global058_acc59.0.pth
2026-05-14 10:35:25,322 [INFO] 
--- Task 1, Round 19/80 (Global 59) ---
2026-05-14 10:35:29,612 [INFO] Edge 0: [DER] Task 1 done. Backbones: 2 | Total features: 128 | Memory: 15000
2026-05-14 10:35:33,976 [INFO] Edge 1: [DER] Task 1 done. Backbones: 2 | Total features: 128 | Memory: 15000
2026-05-14 10:35:38,262 [INFO] Edge 2: [DER] Task 1 done. Backbones: 2 | Total features: 128 | Memory: 15000
2026-05-14 10:37:46,929 [INFO]   [Eval] Task 1, R 19: Acc: 64.41% | Prec-Mac: 63.18% | Rec-Mac: 73.99% | Mi-F1: 64.41% | Ma-F1: 59.68% | We-F1: 69.56% | Loss: 4.2188
2026-05-14 10:37:47,428 [INFO]   [CKPT] Saved: ckpt_der_task01_r019_global059_acc64.4.pth
2026-05-14 10:37:47,428 [INFO] 
--- Task 1, Round 20/80 (Global 60) ---
2026-05-14 10:37:51,707 [INFO] Edge 0: [DER] Task 1 done. Backbones: 2 | Total features: 128 | Memory: 15000
2026-05-14 10:37:55,985 [INFO] Edge 1: [DER] Task 1 done. Backbones: 2 | Total features: 128 | Memory: 15000
2026-05-14 10:38:00,259 [INFO] Edge 2: [DER] Task 1 done. Backbones: 2 | Total features: 128 | Memory: 15000
2026-05-14 10:40:09,421 [INFO]   [Eval] Task 1, R 20: Acc: 65.16% | Prec-Mac: 64.91% | Rec-Mac: 74.36% | Mi-F1: 65.16% | Ma-F1: 61.22% | We-F1: 70.49% | Loss: 4.1856
2026-05-14 10:40:09,911 [INFO]   [CKPT] Saved: ckpt_der_task01_r020_global060_acc65.2.pth
2026-05-14 10:40:09,912 [INFO] 
--- Task 1, Round 21/80 (Global 61) ---
2026-05-14 10:40:14,272 [INFO] Edge 0: [DER] Task 1 done. Backbones: 2 | Total features: 128 | Memory: 15000
2026-05-14 10:40:18,522 [INFO] Edge 1: [DER] Task 1 done. Backbones: 2 | Total features: 128 | Memory: 15000
2026-05-14 10:40:22,799 [INFO] Edge 2: [DER] Task 1 done. Backbones: 2 | Total features: 128 | Memory: 15000
2026-05-14 10:42:32,182 [INFO]   [Eval] Task 1, R 21: Acc: 66.60% | Prec-Mac: 65.54% | Rec-Mac: 75.23% | Mi-F1: 66.60% | Ma-F1: 62.48% | We-F1: 71.39% | Loss: 4.1063
2026-05-14 10:42:32,682 [INFO]   [CKPT] Saved: ckpt_der_task01_r021_global061_acc66.6.pth
2026-05-14 10:42:32,682 [INFO] 
--- Task 1, Round 22/80 (Global 62) ---
2026-05-14 10:42:36,874 [INFO] Edge 0: [DER] Task 1 done. Backbones: 2 | Total features: 128 | Memory: 15000
2026-05-14 10:42:41,131 [INFO] Edge 1: [DER] Task 1 done. Backbones: 2 | Total features: 128 | Memory: 15000
2026-05-14 10:42:45,420 [INFO] Edge 2: [DER] Task 1 done. Backbones: 2 | Total features: 128 | Memory: 15000
2026-05-14 10:44:54,690 [INFO]   [Eval] Task 1, R 22: Acc: 66.71% | Prec-Mac: 63.14% | Rec-Mac: 74.30% | Mi-F1: 66.71% | Ma-F1: 62.18% | We-F1: 71.19% | Loss: 3.9054
2026-05-14 10:44:55,191 [INFO]   [CKPT] Saved: ckpt_der_task01_r022_global062_acc66.7.pth
2026-05-14 10:44:55,191 [INFO] 
--- Task 1, Round 23/80 (Global 63) ---
2026-05-14 10:44:59,361 [INFO] Edge 0: [DER] Task 1 done. Backbones: 2 | Total features: 128 | Memory: 15000
2026-05-14 10:45:03,622 [INFO] Edge 1: [DER] Task 1 done. Backbones: 2 | Total features: 128 | Memory: 15000
2026-05-14 10:45:07,907 [INFO] Edge 2: [DER] Task 1 done. Backbones: 2 | Total features: 128 | Memory: 15000
2026-05-14 10:47:16,917 [INFO]   [Eval] Task 1, R 23: Acc: 66.87% | Prec-Mac: 63.33% | Rec-Mac: 75.22% | Mi-F1: 66.87% | Ma-F1: 62.26% | We-F1: 71.38% | Loss: 4.0367
2026-05-14 10:47:17,410 [INFO]   [CKPT] Saved: ckpt_der_task01_r023_global063_acc66.9.pth
2026-05-14 10:47:17,410 [INFO] 
--- Task 1, Round 24/80 (Global 64) ---
2026-05-14 10:47:21,717 [INFO] Edge 0: [DER] Task 1 done. Backbones: 2 | Total features: 128 | Memory: 15000
2026-05-14 10:47:26,039 [INFO] Edge 1: [DER] Task 1 done. Backbones: 2 | Total features: 128 | Memory: 15000
2026-05-14 10:47:30,369 [INFO] Edge 2: [DER] Task 1 done. Backbones: 2 | Total features: 128 | Memory: 15000
2026-05-14 10:49:39,338 [INFO]   [Eval] Task 1, R 24: Acc: 66.59% | Prec-Mac: 64.75% | Rec-Mac: 75.37% | Mi-F1: 66.59% | Ma-F1: 63.25% | We-F1: 71.30% | Loss: 4.0461
2026-05-14 10:49:39,839 [INFO]   [CKPT] Saved: ckpt_der_task01_r024_global064_acc66.6.pth
2026-05-14 10:49:39,839 [INFO] 
--- Task 1, Round 25/80 (Global 65) ---
2026-05-14 10:49:44,186 [INFO] Edge 0: [DER] Task 1 done. Backbones: 2 | Total features: 128 | Memory: 15000
2026-05-14 10:49:48,443 [INFO] Edge 1: [DER] Task 1 done. Backbones: 2 | Total features: 128 | Memory: 15000
2026-05-14 10:49:52,711 [INFO] Edge 2: [DER] Task 1 done. Backbones: 2 | Total features: 128 | Memory: 15000
2026-05-14 10:52:02,060 [INFO]   [Eval] Task 1, R 25: Acc: 65.58% | Prec-Mac: 62.71% | Rec-Mac: 74.85% | Mi-F1: 65.58% | Ma-F1: 61.38% | We-F1: 69.69% | Loss: 4.1783
2026-05-14 10:52:02,564 [INFO]   [CKPT] Saved: ckpt_der_task01_r025_global065_acc65.6.pth
2026-05-14 10:52:02,564 [INFO] 
--- Task 1, Round 26/80 (Global 66) ---
2026-05-14 10:52:06,906 [INFO] Edge 0: [DER] Task 1 done. Backbones: 2 | Total features: 128 | Memory: 15000
2026-05-14 10:52:11,171 [INFO] Edge 1: [DER] Task 1 done. Backbones: 2 | Total features: 128 | Memory: 15000
2026-05-14 10:52:15,483 [INFO] Edge 2: [DER] Task 1 done. Backbones: 2 | Total features: 128 | Memory: 15000
2026-05-14 10:54:24,858 [INFO]   [Eval] Task 1, R 26: Acc: 66.54% | Prec-Mac: 63.34% | Rec-Mac: 75.19% | Mi-F1: 66.54% | Ma-F1: 62.32% | We-F1: 70.54% | Loss: 4.0500
2026-05-14 10:54:25,365 [INFO]   [CKPT] Saved: ckpt_der_task01_r026_global066_acc66.5.pth
2026-05-14 10:54:25,365 [INFO] 
--- Task 1, Round 27/80 (Global 67) ---
2026-05-14 10:54:29,659 [INFO] Edge 0: [DER] Task 1 done. Backbones: 2 | Total features: 128 | Memory: 15000
2026-05-14 10:54:34,029 [INFO] Edge 1: [DER] Task 1 done. Backbones: 2 | Total features: 128 | Memory: 15000
2026-05-14 10:54:38,317 [INFO] Edge 2: [DER] Task 1 done. Backbones: 2 | Total features: 128 | Memory: 15000
2026-05-14 10:56:48,415 [INFO]   [Eval] Task 1, R 27: Acc: 66.61% | Prec-Mac: 64.82% | Rec-Mac: 75.15% | Mi-F1: 66.61% | Ma-F1: 63.02% | We-F1: 71.37% | Loss: 4.0894
2026-05-14 10:56:48,909 [INFO]   [CKPT] Saved: ckpt_der_task01_r027_global067_acc66.6.pth
2026-05-14 10:56:48,909 [INFO] 
--- Task 1, Round 28/80 (Global 68) ---
2026-05-14 10:56:53,220 [INFO] Edge 0: [DER] Task 1 done. Backbones: 2 | Total features: 128 | Memory: 15000
2026-05-14 10:56:57,506 [INFO] Edge 1: [DER] Task 1 done. Backbones: 2 | Total features: 128 | Memory: 15000
2026-05-14 10:57:01,658 [INFO] Edge 2: [DER] Task 1 done. Backbones: 2 | Total features: 128 | Memory: 15000
2026-05-14 10:59:11,485 [INFO]   [Eval] Task 1, R 28: Acc: 66.04% | Prec-Mac: 63.91% | Rec-Mac: 75.02% | Mi-F1: 66.04% | Ma-F1: 62.17% | We-F1: 70.81% | Loss: 4.3203
2026-05-14 10:59:12,032 [INFO]   [CKPT] Saved: ckpt_der_task01_r028_global068_acc66.0.pth
2026-05-14 10:59:12,032 [INFO] 
--- Task 1, Round 29/80 (Global 69) ---
2026-05-14 10:59:16,396 [INFO] Edge 0: [DER] Task 1 done. Backbones: 2 | Total features: 128 | Memory: 15000
2026-05-14 10:59:20,685 [INFO] Edge 1: [DER] Task 1 done. Backbones: 2 | Total features: 128 | Memory: 15000
2026-05-14 10:59:24,996 [INFO] Edge 2: [DER] Task 1 done. Backbones: 2 | Total features: 128 | Memory: 15000
2026-05-14 11:01:35,188 [INFO]   [Eval] Task 1, R 29: Acc: 65.80% | Prec-Mac: 64.61% | Rec-Mac: 74.88% | Mi-F1: 65.80% | Ma-F1: 62.57% | We-F1: 70.70% | Loss: 4.2207
2026-05-14 11:01:35,694 [INFO]   [CKPT] Saved: ckpt_der_task01_r029_global069_acc65.8.pth
2026-05-14 11:01:35,694 [INFO] 
--- Task 1, Round 30/80 (Global 70) ---
2026-05-14 11:01:39,986 [INFO] Edge 0: [DER] Task 1 done. Backbones: 2 | Total features: 128 | Memory: 15000
2026-05-14 11:01:44,299 [INFO] Edge 1: [DER] Task 1 done. Backbones: 2 | Total features: 128 | Memory: 15000
2026-05-14 11:01:48,607 [INFO] Edge 2: [DER] Task 1 done. Backbones: 2 | Total features: 128 | Memory: 15000
2026-05-14 11:03:58,702 [INFO]   [Eval] Task 1, R 30: Acc: 66.61% | Prec-Mac: 64.10% | Rec-Mac: 75.30% | Mi-F1: 66.61% | Ma-F1: 62.61% | We-F1: 70.92% | Loss: 4.2418
2026-05-14 11:03:59,213 [INFO]   [CKPT] Saved: ckpt_der_task01_r030_global070_acc66.6.pth
2026-05-14 11:03:59,214 [INFO] 
--- Task 1, Round 31/80 (Global 71) ---
2026-05-14 11:04:03,543 [INFO] Edge 0: [DER] Task 1 done. Backbones: 2 | Total features: 128 | Memory: 15000
2026-05-14 11:04:07,845 [INFO] Edge 1: [DER] Task 1 done. Backbones: 2 | Total features: 128 | Memory: 15000
2026-05-14 11:04:12,193 [INFO] Edge 2: [DER] Task 1 done. Backbones: 2 | Total features: 128 | Memory: 15000
2026-05-14 11:06:22,396 [INFO]   [Eval] Task 1, R 31: Acc: 64.29% | Prec-Mac: 62.86% | Rec-Mac: 74.04% | Mi-F1: 64.29% | Ma-F1: 60.66% | We-F1: 68.82% | Loss: 4.4918
2026-05-14 11:06:22,924 [INFO]   [CKPT] Saved: ckpt_der_task01_r031_global071_acc64.3.pth
2026-05-14 11:06:22,924 [INFO] 
--- Task 1, Round 32/80 (Global 72) ---
2026-05-14 11:06:27,110 [INFO] Edge 0: [DER] Task 1 done. Backbones: 2 | Total features: 128 | Memory: 15000
2026-05-14 11:06:31,363 [INFO] Edge 1: [DER] Task 1 done. Backbones: 2 | Total features: 128 | Memory: 15000
2026-05-14 11:06:35,719 [INFO] Edge 2: [DER] Task 1 done. Backbones: 2 | Total features: 128 | Memory: 15000
2026-05-14 11:08:46,798 [INFO]   [Eval] Task 1, R 32: Acc: 65.58% | Prec-Mac: 64.32% | Rec-Mac: 74.70% | Mi-F1: 65.58% | Ma-F1: 62.20% | We-F1: 70.35% | Loss: 4.3779
2026-05-14 11:08:47,311 [INFO]   [CKPT] Saved: ckpt_der_task01_r032_global072_acc65.6.pth
2026-05-14 11:08:47,311 [INFO] 
--- Task 1, Round 33/80 (Global 73) ---
2026-05-14 11:08:51,528 [INFO] Edge 0: [DER] Task 1 done. Backbones: 2 | Total features: 128 | Memory: 15000
2026-05-14 11:08:55,890 [INFO] Edge 1: [DER] Task 1 done. Backbones: 2 | Total features: 128 | Memory: 15000
2026-05-14 11:09:00,209 [INFO] Edge 2: [DER] Task 1 done. Backbones: 2 | Total features: 128 | Memory: 15000
2026-05-14 11:11:10,589 [INFO]   [Eval] Task 1, R 33: Acc: 65.26% | Prec-Mac: 64.17% | Rec-Mac: 73.22% | Mi-F1: 65.26% | Ma-F1: 61.81% | We-F1: 70.66% | Loss: 4.3162
2026-05-14 11:11:11,090 [INFO]   [CKPT] Saved: ckpt_der_task01_r033_global073_acc65.3.pth
2026-05-14 11:11:11,090 [INFO] 
--- Task 1, Round 34/80 (Global 74) ---
2026-05-14 11:11:15,450 [INFO] Edge 0: [DER] Task 1 done. Backbones: 2 | Total features: 128 | Memory: 15000
2026-05-14 11:11:19,763 [INFO] Edge 1: [DER] Task 1 done. Backbones: 2 | Total features: 128 | Memory: 15000
2026-05-14 11:11:24,090 [INFO] Edge 2: [DER] Task 1 done. Backbones: 2 | Total features: 128 | Memory: 15000
2026-05-14 11:13:34,765 [INFO]   [Eval] Task 1, R 34: Acc: 64.93% | Prec-Mac: 64.17% | Rec-Mac: 74.33% | Mi-F1: 64.93% | Ma-F1: 61.96% | We-F1: 70.02% | Loss: 4.4505
2026-05-14 11:13:35,257 [INFO]   [CKPT] Saved: ckpt_der_task01_r034_global074_acc64.9.pth
2026-05-14 11:13:35,257 [INFO] 
--- Task 1, Round 35/80 (Global 75) ---
2026-05-14 11:13:39,559 [INFO] Edge 0: [DER] Task 1 done. Backbones: 2 | Total features: 128 | Memory: 15000
2026-05-14 11:13:43,890 [INFO] Edge 1: [DER] Task 1 done. Backbones: 2 | Total features: 128 | Memory: 15000
2026-05-14 11:13:48,223 [INFO] Edge 2: [DER] Task 1 done. Backbones: 2 | Total features: 128 | Memory: 15000
2026-05-14 11:15:58,359 [INFO]   [Eval] Task 1, R 35: Acc: 64.06% | Prec-Mac: 62.39% | Rec-Mac: 73.46% | Mi-F1: 64.06% | Ma-F1: 60.11% | We-F1: 68.57% | Loss: 4.4709
2026-05-14 11:15:58,863 [INFO]   [CKPT] Saved: ckpt_der_task01_r035_global075_acc64.1.pth
2026-05-14 11:15:58,864 [INFO] 
--- Task 1, Round 36/80 (Global 76) ---
2026-05-14 11:16:03,234 [INFO] Edge 0: [DER] Task 1 done. Backbones: 2 | Total features: 128 | Memory: 15000
2026-05-14 11:16:07,539 [INFO] Edge 1: [DER] Task 1 done. Backbones: 2 | Total features: 128 | Memory: 15000
2026-05-14 11:16:11,830 [INFO] Edge 2: [DER] Task 1 done. Backbones: 2 | Total features: 128 | Memory: 15000
2026-05-14 11:18:21,483 [INFO]   [Eval] Task 1, R 36: Acc: 65.10% | Prec-Mac: 64.22% | Rec-Mac: 73.69% | Mi-F1: 65.10% | Ma-F1: 61.77% | We-F1: 70.21% | Loss: 4.4673
2026-05-14 11:18:22,009 [INFO]   [CKPT] Saved: ckpt_der_task01_r036_global076_acc65.1.pth
2026-05-14 11:18:22,009 [INFO] 
--- Task 1, Round 37/80 (Global 77) ---
2026-05-14 11:18:26,397 [INFO] Edge 0: [DER] Task 1 done. Backbones: 2 | Total features: 128 | Memory: 15000
2026-05-14 11:18:30,689 [INFO] Edge 1: [DER] Task 1 done. Backbones: 2 | Total features: 128 | Memory: 15000
2026-05-14 11:18:35,112 [INFO] Edge 2: [DER] Task 1 done. Backbones: 2 | Total features: 128 | Memory: 15000
2026-05-14 11:20:44,849 [INFO]   [Eval] Task 1, R 37: Acc: 65.08% | Prec-Mac: 64.47% | Rec-Mac: 73.14% | Mi-F1: 65.08% | Ma-F1: 61.96% | We-F1: 70.48% | Loss: 4.5262
2026-05-14 11:20:45,352 [INFO]   [CKPT] Saved: ckpt_der_task01_r037_global077_acc65.1.pth
2026-05-14 11:20:45,352 [INFO] 
--- Task 1, Round 38/80 (Global 78) ---
2026-05-14 11:20:49,695 [INFO] Edge 0: [DER] Task 1 done. Backbones: 2 | Total features: 128 | Memory: 15000
2026-05-14 11:20:54,022 [INFO] Edge 1: [DER] Task 1 done. Backbones: 2 | Total features: 128 | Memory: 15000
2026-05-14 11:20:58,175 [INFO] Edge 2: [DER] Task 1 done. Backbones: 2 | Total features: 128 | Memory: 15000
2026-05-14 11:23:07,980 [INFO]   [Eval] Task 1, R 38: Acc: 64.32% | Prec-Mac: 62.63% | Rec-Mac: 73.84% | Mi-F1: 64.32% | Ma-F1: 60.56% | We-F1: 68.23% | Loss: 4.4128
2026-05-14 11:23:08,476 [INFO]   [CKPT] Saved: ckpt_der_task01_r038_global078_acc64.3.pth
2026-05-14 11:23:08,476 [INFO] 
--- Task 1, Round 39/80 (Global 79) ---
2026-05-14 11:23:12,816 [INFO] Edge 0: [DER] Task 1 done. Backbones: 2 | Total features: 128 | Memory: 15000
2026-05-14 11:23:17,118 [INFO] Edge 1: [DER] Task 1 done. Backbones: 2 | Total features: 128 | Memory: 15000
2026-05-14 11:23:21,479 [INFO] Edge 2: [DER] Task 1 done. Backbones: 2 | Total features: 128 | Memory: 15000
2026-05-14 11:25:31,160 [INFO]   [Eval] Task 1, R 39: Acc: 65.72% | Prec-Mac: 65.64% | Rec-Mac: 74.36% | Mi-F1: 65.72% | Ma-F1: 61.59% | We-F1: 70.62% | Loss: 4.4305
2026-05-14 11:25:31,682 [INFO]   [CKPT] Saved: ckpt_der_task01_r039_global079_acc65.7.pth
2026-05-14 11:25:31,682 [INFO] 
--- Task 1, Round 40/80 (Global 80) ---
2026-05-14 11:25:36,032 [INFO] Edge 0: [DER] Task 1 done. Backbones: 2 | Total features: 128 | Memory: 15000
2026-05-14 11:25:40,302 [INFO] Edge 1: [DER] Task 1 done. Backbones: 2 | Total features: 128 | Memory: 15000
2026-05-14 11:25:44,623 [INFO] Edge 2: [DER] Task 1 done. Backbones: 2 | Total features: 128 | Memory: 15000
2026-05-14 11:27:54,212 [INFO]   [Eval] Task 1, R 40: Acc: 64.55% | Prec-Mac: 63.75% | Rec-Mac: 73.89% | Mi-F1: 64.55% | Ma-F1: 61.27% | We-F1: 69.49% | Loss: 4.4755
2026-05-14 11:27:54,712 [INFO]   [CKPT] Saved: ckpt_der_task01_r040_global080_acc64.6.pth
2026-05-14 11:27:54,712 [INFO] 
--- Task 1, Round 41/80 (Global 81) ---
2026-05-14 11:27:54,712 [INFO]    [LR DECAY] Round 40 reached milestone: New LR = 0.002
2026-05-14 11:27:59,094 [INFO] Edge 0: [DER] Task 1 done. Backbones: 2 | Total features: 128 | Memory: 15000
2026-05-14 11:28:03,392 [INFO] Edge 1: [DER] Task 1 done. Backbones: 2 | Total features: 128 | Memory: 15000
2026-05-14 11:28:07,758 [INFO] Edge 2: [DER] Task 1 done. Backbones: 2 | Total features: 128 | Memory: 15000
2026-05-14 11:30:17,619 [INFO]   [Eval] Task 1, R 41: Acc: 65.59% | Prec-Mac: 64.11% | Rec-Mac: 74.28% | Mi-F1: 65.59% | Ma-F1: 61.95% | We-F1: 70.68% | Loss: 4.4210
2026-05-14 11:30:18,123 [INFO]   [CKPT] Saved: ckpt_der_task01_r041_global081_acc65.6.pth
2026-05-14 11:30:18,124 [INFO] 
--- Task 1, Round 42/80 (Global 82) ---
2026-05-14 11:30:22,280 [INFO] Edge 0: [DER] Task 1 done. Backbones: 2 | Total features: 128 | Memory: 15000
2026-05-14 11:30:26,558 [INFO] Edge 1: [DER] Task 1 done. Backbones: 2 | Total features: 128 | Memory: 15000
2026-05-14 11:30:30,836 [INFO] Edge 2: [DER] Task 1 done. Backbones: 2 | Total features: 128 | Memory: 15000
2026-05-14 11:32:40,330 [INFO]   [Eval] Task 1, R 42: Acc: 65.58% | Prec-Mac: 64.20% | Rec-Mac: 74.35% | Mi-F1: 65.58% | Ma-F1: 62.00% | We-F1: 70.69% | Loss: 4.3839
2026-05-14 11:32:40,835 [INFO]   [CKPT] Saved: ckpt_der_task01_r042_global082_acc65.6.pth
2026-05-14 11:32:40,835 [INFO] 
--- Task 1, Round 43/80 (Global 83) ---
2026-05-14 11:32:45,010 [INFO] Edge 0: [DER] Task 1 done. Backbones: 2 | Total features: 128 | Memory: 15000
2026-05-14 11:32:49,287 [INFO] Edge 1: [DER] Task 1 done. Backbones: 2 | Total features: 128 | Memory: 15000
2026-05-14 11:32:53,587 [INFO] Edge 2: [DER] Task 1 done. Backbones: 2 | Total features: 128 | Memory: 15000
2026-05-14 11:35:03,744 [INFO]   [Eval] Task 1, R 43: Acc: 65.67% | Prec-Mac: 63.95% | Rec-Mac: 74.37% | Mi-F1: 65.67% | Ma-F1: 61.85% | We-F1: 70.67% | Loss: 4.3718
2026-05-14 11:35:04,273 [INFO]   [CKPT] Saved: ckpt_der_task01_r043_global083_acc65.7.pth
2026-05-14 11:35:04,273 [INFO] 
--- Task 1, Round 44/80 (Global 84) ---
2026-05-14 11:35:08,615 [INFO] Edge 0: [DER] Task 1 done. Backbones: 2 | Total features: 128 | Memory: 15000
2026-05-14 11:35:12,892 [INFO] Edge 1: [DER] Task 1 done. Backbones: 2 | Total features: 128 | Memory: 15000
2026-05-14 11:35:17,209 [INFO] Edge 2: [DER] Task 1 done. Backbones: 2 | Total features: 128 | Memory: 15000
2026-05-14 11:37:27,115 [INFO]   [Eval] Task 1, R 44: Acc: 65.65% | Prec-Mac: 64.43% | Rec-Mac: 74.34% | Mi-F1: 65.65% | Ma-F1: 62.12% | We-F1: 70.74% | Loss: 4.3857
2026-05-14 11:37:27,619 [INFO]   [CKPT] Saved: ckpt_der_task01_r044_global084_acc65.6.pth
2026-05-14 11:37:27,619 [INFO] 
--- Task 1, Round 45/80 (Global 85) ---
2026-05-14 11:37:31,960 [INFO] Edge 0: [DER] Task 1 done. Backbones: 2 | Total features: 128 | Memory: 15000
2026-05-14 11:37:36,275 [INFO] Edge 1: [DER] Task 1 done. Backbones: 2 | Total features: 128 | Memory: 15000
2026-05-14 11:37:40,586 [INFO] Edge 2: [DER] Task 1 done. Backbones: 2 | Total features: 128 | Memory: 15000
2026-05-14 11:39:50,005 [INFO]   [Eval] Task 1, R 45: Acc: 65.63% | Prec-Mac: 66.77% | Rec-Mac: 74.42% | Mi-F1: 65.63% | Ma-F1: 62.23% | We-F1: 71.27% | Loss: 4.3906
2026-05-14 11:39:50,502 [INFO]   [CKPT] Saved: ckpt_der_task01_r045_global085_acc65.6.pth
2026-05-14 11:39:50,502 [INFO] 
--- Task 1, Round 46/80 (Global 86) ---
2026-05-14 11:39:54,858 [INFO] Edge 0: [DER] Task 1 done. Backbones: 2 | Total features: 128 | Memory: 15000
2026-05-14 11:39:59,167 [INFO] Edge 1: [DER] Task 1 done. Backbones: 2 | Total features: 128 | Memory: 15000
2026-05-14 11:40:03,467 [INFO] Edge 2: [DER] Task 1 done. Backbones: 2 | Total features: 128 | Memory: 15000
2026-05-14 11:42:13,401 [INFO]   [Eval] Task 1, R 46: Acc: 65.60% | Prec-Mac: 64.42% | Rec-Mac: 74.27% | Mi-F1: 65.60% | Ma-F1: 62.09% | We-F1: 70.68% | Loss: 4.3214
2026-05-14 11:42:13,953 [INFO]   [CKPT] Saved: ckpt_der_task01_r046_global086_acc65.6.pth
2026-05-14 11:42:13,953 [INFO] 
--- Task 1, Round 47/80 (Global 87) ---
2026-05-14 11:42:18,272 [INFO] Edge 0: [DER] Task 1 done. Backbones: 2 | Total features: 128 | Memory: 15000
2026-05-14 11:42:22,548 [INFO] Edge 1: [DER] Task 1 done. Backbones: 2 | Total features: 128 | Memory: 15000
2026-05-14 11:42:26,994 [INFO] Edge 2: [DER] Task 1 done. Backbones: 2 | Total features: 128 | Memory: 15000
2026-05-14 11:44:37,988 [INFO]   [Eval] Task 1, R 47: Acc: 65.60% | Prec-Mac: 66.71% | Rec-Mac: 74.37% | Mi-F1: 65.60% | Ma-F1: 62.18% | We-F1: 71.23% | Loss: 4.3737
2026-05-14 11:44:38,503 [INFO]   [CKPT] Saved: ckpt_der_task01_r047_global087_acc65.6.pth
2026-05-14 11:44:38,504 [INFO] 
--- Task 1, Round 48/80 (Global 88) ---
2026-05-14 11:44:42,845 [INFO] Edge 0: [DER] Task 1 done. Backbones: 2 | Total features: 128 | Memory: 15000
2026-05-14 11:44:47,204 [INFO] Edge 1: [DER] Task 1 done. Backbones: 2 | Total features: 128 | Memory: 15000
2026-05-14 11:44:51,359 [INFO] Edge 2: [DER] Task 1 done. Backbones: 2 | Total features: 128 | Memory: 15000
2026-05-14 11:47:00,980 [INFO]   [Eval] Task 1, R 48: Acc: 65.61% | Prec-Mac: 64.18% | Rec-Mac: 74.37% | Mi-F1: 65.61% | Ma-F1: 61.95% | We-F1: 70.71% | Loss: 4.4591
2026-05-14 11:47:01,477 [INFO]   [CKPT] Saved: ckpt_der_task01_r048_global088_acc65.6.pth
2026-05-14 11:47:01,478 [INFO] 
--- Task 1, Round 49/80 (Global 89) ---
2026-05-14 11:47:05,832 [INFO] Edge 0: [DER] Task 1 done. Backbones: 2 | Total features: 128 | Memory: 15000
2026-05-14 11:47:10,119 [INFO] Edge 1: [DER] Task 1 done. Backbones: 2 | Total features: 128 | Memory: 15000
2026-05-14 11:47:14,440 [INFO] Edge 2: [DER] Task 1 done. Backbones: 2 | Total features: 128 | Memory: 15000
2026-05-14 11:49:24,175 [INFO]   [Eval] Task 1, R 49: Acc: 65.50% | Prec-Mac: 63.99% | Rec-Mac: 74.30% | Mi-F1: 65.50% | Ma-F1: 61.78% | We-F1: 70.57% | Loss: 4.3497
2026-05-14 11:49:24,670 [INFO]   [CKPT] Saved: ckpt_der_task01_r049_global089_acc65.5.pth
2026-05-14 11:49:24,670 [INFO] 
--- Task 1, Round 50/80 (Global 90) ---
2026-05-14 11:49:29,016 [INFO] Edge 0: [DER] Task 1 done. Backbones: 2 | Total features: 128 | Memory: 15000
2026-05-14 11:49:33,326 [INFO] Edge 1: [DER] Task 1 done. Backbones: 2 | Total features: 128 | Memory: 15000
2026-05-14 11:49:37,686 [INFO] Edge 2: [DER] Task 1 done. Backbones: 2 | Total features: 128 | Memory: 15000
2026-05-14 11:51:46,933 [INFO]   [Eval] Task 1, R 50: Acc: 65.63% | Prec-Mac: 67.24% | Rec-Mac: 74.42% | Mi-F1: 65.63% | Ma-F1: 62.50% | We-F1: 71.29% | Loss: 4.4272
2026-05-14 11:51:47,434 [INFO]   [CKPT] Saved: ckpt_der_task01_r050_global090_acc65.6.pth
2026-05-14 11:51:47,435 [INFO] 
--- Task 1, Round 51/80 (Global 91) ---
2026-05-14 11:51:51,770 [INFO] Edge 0: [DER] Task 1 done. Backbones: 2 | Total features: 128 | Memory: 15000
2026-05-14 11:51:56,103 [INFO] Edge 1: [DER] Task 1 done. Backbones: 2 | Total features: 128 | Memory: 15000
2026-05-14 11:52:00,399 [INFO] Edge 2: [DER] Task 1 done. Backbones: 2 | Total features: 128 | Memory: 15000
2026-05-14 11:54:10,471 [INFO]   [Eval] Task 1, R 51: Acc: 65.54% | Prec-Mac: 64.54% | Rec-Mac: 74.28% | Mi-F1: 65.54% | Ma-F1: 62.13% | We-F1: 70.66% | Loss: 4.3020
2026-05-14 11:54:10,976 [INFO]   [CKPT] Saved: ckpt_der_task01_r051_global091_acc65.5.pth
2026-05-14 11:54:10,976 [INFO] 
--- Task 1, Round 52/80 (Global 92) ---
2026-05-14 11:54:15,221 [INFO] Edge 0: [DER] Task 1 done. Backbones: 2 | Total features: 128 | Memory: 15000
2026-05-14 11:54:19,522 [INFO] Edge 1: [DER] Task 1 done. Backbones: 2 | Total features: 128 | Memory: 15000
2026-05-14 11:54:23,850 [INFO] Edge 2: [DER] Task 1 done. Backbones: 2 | Total features: 128 | Memory: 15000
2026-05-14 11:56:34,312 [INFO]   [Eval] Task 1, R 52: Acc: 65.49% | Prec-Mac: 64.52% | Rec-Mac: 74.23% | Mi-F1: 65.49% | Ma-F1: 62.08% | We-F1: 70.62% | Loss: 4.4417
2026-05-14 11:56:34,809 [INFO]   [CKPT] Saved: ckpt_der_task01_r052_global092_acc65.5.pth
2026-05-14 11:56:34,809 [INFO] 
--- Task 1, Round 53/80 (Global 93) ---
2026-05-14 11:56:38,969 [INFO] Edge 0: [DER] Task 1 done. Backbones: 2 | Total features: 128 | Memory: 15000
2026-05-14 11:56:43,252 [INFO] Edge 1: [DER] Task 1 done. Backbones: 2 | Total features: 128 | Memory: 15000
2026-05-14 11:56:47,605 [INFO] Edge 2: [DER] Task 1 done. Backbones: 2 | Total features: 128 | Memory: 15000
2026-05-14 11:58:57,462 [INFO]   [Eval] Task 1, R 53: Acc: 65.46% | Prec-Mac: 64.13% | Rec-Mac: 74.19% | Mi-F1: 65.46% | Ma-F1: 61.84% | We-F1: 70.60% | Loss: 4.4720
2026-05-14 11:58:57,968 [INFO]   [CKPT] Saved: ckpt_der_task01_r053_global093_acc65.5.pth
2026-05-14 11:58:57,969 [INFO] 
--- Task 1, Round 54/80 (Global 94) ---
2026-05-14 11:59:02,320 [INFO] Edge 0: [DER] Task 1 done. Backbones: 2 | Total features: 128 | Memory: 15000
2026-05-14 11:59:06,627 [INFO] Edge 1: [DER] Task 1 done. Backbones: 2 | Total features: 128 | Memory: 15000
2026-05-14 11:59:10,924 [INFO] Edge 2: [DER] Task 1 done. Backbones: 2 | Total features: 128 | Memory: 15000
2026-05-14 12:01:21,419 [INFO]   [Eval] Task 1, R 54: Acc: 65.56% | Prec-Mac: 66.92% | Rec-Mac: 74.36% | Mi-F1: 65.56% | Ma-F1: 62.27% | We-F1: 71.25% | Loss: 4.5134
2026-05-14 12:01:21,921 [INFO]   [CKPT] Saved: ckpt_der_task01_r054_global094_acc65.6.pth
2026-05-14 12:01:21,921 [INFO] 
--- Task 1, Round 55/80 (Global 95) ---
2026-05-14 12:01:26,266 [INFO] Edge 0: [DER] Task 1 done. Backbones: 2 | Total features: 128 | Memory: 15000
2026-05-14 12:01:30,543 [INFO] Edge 1: [DER] Task 1 done. Backbones: 2 | Total features: 128 | Memory: 15000
2026-05-14 12:01:34,870 [INFO] Edge 2: [DER] Task 1 done. Backbones: 2 | Total features: 128 | Memory: 15000
2026-05-14 12:03:44,918 [INFO]   [Eval] Task 1, R 55: Acc: 65.17% | Prec-Mac: 64.09% | Rec-Mac: 74.15% | Mi-F1: 65.17% | Ma-F1: 61.70% | We-F1: 70.35% | Loss: 4.4804
2026-05-14 12:03:45,434 [INFO]   [CKPT] Saved: ckpt_der_task01_r055_global095_acc65.2.pth
2026-05-14 12:03:45,435 [INFO] 
--- Task 1, Round 56/80 (Global 96) ---
2026-05-14 12:03:49,803 [INFO] Edge 0: [DER] Task 1 done. Backbones: 2 | Total features: 128 | Memory: 15000
2026-05-14 12:03:54,117 [INFO] Edge 1: [DER] Task 1 done. Backbones: 2 | Total features: 128 | Memory: 15000
2026-05-14 12:03:58,449 [INFO] Edge 2: [DER] Task 1 done. Backbones: 2 | Total features: 128 | Memory: 15000
2026-05-14 12:06:08,365 [INFO]   [Eval] Task 1, R 56: Acc: 65.33% | Prec-Mac: 64.67% | Rec-Mac: 74.24% | Mi-F1: 65.33% | Ma-F1: 62.12% | We-F1: 70.56% | Loss: 4.4533
2026-05-14 12:06:08,872 [INFO]   [CKPT] Saved: ckpt_der_task01_r056_global096_acc65.3.pth
2026-05-14 12:06:08,872 [INFO] 
--- Task 1, Round 57/80 (Global 97) ---
2026-05-14 12:06:13,220 [INFO] Edge 0: [DER] Task 1 done. Backbones: 2 | Total features: 128 | Memory: 15000
2026-05-14 12:06:17,534 [INFO] Edge 1: [DER] Task 1 done. Backbones: 2 | Total features: 128 | Memory: 15000
2026-05-14 12:06:21,822 [INFO] Edge 2: [DER] Task 1 done. Backbones: 2 | Total features: 128 | Memory: 15000
2026-05-14 12:08:31,517 [INFO]   [Eval] Task 1, R 57: Acc: 65.52% | Prec-Mac: 67.28% | Rec-Mac: 74.35% | Mi-F1: 65.52% | Ma-F1: 62.48% | We-F1: 71.24% | Loss: 4.4311
2026-05-14 12:08:32,046 [INFO]   [CKPT] Saved: ckpt_der_task01_r057_global097_acc65.5.pth
2026-05-14 12:08:32,047 [INFO] 
--- Task 1, Round 58/80 (Global 98) ---
2026-05-14 12:08:36,416 [INFO] Edge 0: [DER] Task 1 done. Backbones: 2 | Total features: 128 | Memory: 15000
2026-05-14 12:08:40,694 [INFO] Edge 1: [DER] Task 1 done. Backbones: 2 | Total features: 128 | Memory: 15000
2026-05-14 12:08:44,855 [INFO] Edge 2: [DER] Task 1 done. Backbones: 2 | Total features: 128 | Memory: 15000
2026-05-14 12:10:54,825 [INFO]   [Eval] Task 1, R 58: Acc: 65.20% | Prec-Mac: 63.99% | Rec-Mac: 74.17% | Mi-F1: 65.20% | Ma-F1: 61.66% | We-F1: 70.35% | Loss: 4.4385
2026-05-14 12:10:55,336 [INFO]   [CKPT] Saved: ckpt_der_task01_r058_global098_acc65.2.pth
2026-05-14 12:10:55,337 [INFO] 
--- Task 1, Round 59/80 (Global 99) ---
2026-05-14 12:10:59,673 [INFO] Edge 0: [DER] Task 1 done. Backbones: 2 | Total features: 128 | Memory: 15000
2026-05-14 12:11:03,999 [INFO] Edge 1: [DER] Task 1 done. Backbones: 2 | Total features: 128 | Memory: 15000
2026-05-14 12:11:08,283 [INFO] Edge 2: [DER] Task 1 done. Backbones: 2 | Total features: 128 | Memory: 15000
2026-05-14 12:13:17,266 [INFO]   [Eval] Task 1, R 59: Acc: 65.42% | Prec-Mac: 64.20% | Rec-Mac: 74.28% | Mi-F1: 65.42% | Ma-F1: 61.87% | We-F1: 70.59% | Loss: 4.4858
2026-05-14 12:13:17,764 [INFO]   [CKPT] Saved: ckpt_der_task01_r059_global099_acc65.4.pth
2026-05-14 12:13:17,764 [INFO] 
--- Task 1, Round 60/80 (Global 100) ---
2026-05-14 12:13:22,072 [INFO] Edge 0: [DER] Task 1 done. Backbones: 2 | Total features: 128 | Memory: 15000
2026-05-14 12:13:26,383 [INFO] Edge 1: [DER] Task 1 done. Backbones: 2 | Total features: 128 | Memory: 15000
2026-05-14 12:13:30,677 [INFO] Edge 2: [DER] Task 1 done. Backbones: 2 | Total features: 128 | Memory: 15000
2026-05-14 12:15:39,714 [INFO]   [Eval] Task 1, R 60: Acc: 65.50% | Prec-Mac: 67.40% | Rec-Mac: 74.39% | Mi-F1: 65.50% | Ma-F1: 62.56% | We-F1: 71.26% | Loss: 4.4308
2026-05-14 12:15:40,217 [INFO]   [CKPT] Saved: ckpt_der_task01_r060_global100_acc65.5.pth
2026-05-14 12:15:40,217 [INFO] 
--- Task 1, Round 61/80 (Global 101) ---
2026-05-14 12:15:40,217 [INFO]    [LR DECAY] Round 60 reached milestone: New LR = 0.0002
2026-05-14 12:15:44,580 [INFO] Edge 0: [DER] Task 1 done. Backbones: 2 | Total features: 128 | Memory: 15000
2026-05-14 12:15:48,826 [INFO] Edge 1: [DER] Task 1 done. Backbones: 2 | Total features: 128 | Memory: 15000
2026-05-14 12:15:53,073 [INFO] Edge 2: [DER] Task 1 done. Backbones: 2 | Total features: 128 | Memory: 15000
2026-05-14 12:18:03,645 [INFO]   [Eval] Task 1, R 61: Acc: 65.63% | Prec-Mac: 67.00% | Rec-Mac: 74.45% | Mi-F1: 65.63% | Ma-F1: 62.35% | We-F1: 71.34% | Loss: 4.4068
2026-05-14 12:18:04,233 [INFO]   [CKPT] Saved: ckpt_der_task01_r061_global101_acc65.6.pth
2026-05-14 12:18:04,234 [INFO] 
--- Task 1, Round 62/80 (Global 102) ---
2026-05-14 12:18:08,719 [INFO] Edge 0: [DER] Task 1 done. Backbones: 2 | Total features: 128 | Memory: 15000
2026-05-14 12:18:13,326 [INFO] Edge 1: [DER] Task 1 done. Backbones: 2 | Total features: 128 | Memory: 15000
2026-05-14 12:18:17,963 [INFO] Edge 2: [DER] Task 1 done. Backbones: 2 | Total features: 128 | Memory: 15000
2026-05-14 12:20:27,511 [INFO]   [Eval] Task 1, R 62: Acc: 65.75% | Prec-Mac: 67.55% | Rec-Mac: 74.48% | Mi-F1: 65.75% | Ma-F1: 62.74% | We-F1: 71.49% | Loss: 4.4189
2026-05-14 12:20:28,015 [INFO]   [CKPT] Saved: ckpt_der_task01_r062_global102_acc65.8.pth
2026-05-14 12:20:28,015 [INFO] 
--- Task 1, Round 63/80 (Global 103) ---
2026-05-14 12:20:32,178 [INFO] Edge 0: [DER] Task 1 done. Backbones: 2 | Total features: 128 | Memory: 15000
2026-05-14 12:20:36,492 [INFO] Edge 1: [DER] Task 1 done. Backbones: 2 | Total features: 128 | Memory: 15000
2026-05-14 12:20:40,797 [INFO] Edge 2: [DER] Task 1 done. Backbones: 2 | Total features: 128 | Memory: 15000
2026-05-14 12:22:50,288 [INFO]   [Eval] Task 1, R 63: Acc: 65.60% | Prec-Mac: 67.50% | Rec-Mac: 74.41% | Mi-F1: 65.60% | Ma-F1: 62.65% | We-F1: 71.37% | Loss: 4.4489
2026-05-14 12:22:50,783 [INFO]   [CKPT] Saved: ckpt_der_task01_r063_global103_acc65.6.pth
2026-05-14 12:22:50,783 [INFO] 
--- Task 1, Round 64/80 (Global 104) ---
2026-05-14 12:22:55,139 [INFO] Edge 0: [DER] Task 1 done. Backbones: 2 | Total features: 128 | Memory: 15000
2026-05-14 12:22:59,426 [INFO] Edge 1: [DER] Task 1 done. Backbones: 2 | Total features: 128 | Memory: 15000
2026-05-14 12:23:03,691 [INFO] Edge 2: [DER] Task 1 done. Backbones: 2 | Total features: 128 | Memory: 15000
2026-05-14 12:25:12,659 [INFO]   [Eval] Task 1, R 64: Acc: 65.92% | Prec-Mac: 67.53% | Rec-Mac: 74.57% | Mi-F1: 65.92% | Ma-F1: 62.82% | We-F1: 71.62% | Loss: 4.2666
2026-05-14 12:25:13,150 [INFO]   [CKPT] Saved: ckpt_der_task01_r064_global104_acc65.9.pth
2026-05-14 12:25:13,150 [INFO] 
--- Task 1, Round 65/80 (Global 105) ---
2026-05-14 12:25:17,460 [INFO] Edge 0: [DER] Task 1 done. Backbones: 2 | Total features: 128 | Memory: 15000
2026-05-14 12:25:21,725 [INFO] Edge 1: [DER] Task 1 done. Backbones: 2 | Total features: 128 | Memory: 15000
2026-05-14 12:25:26,027 [INFO] Edge 2: [DER] Task 1 done. Backbones: 2 | Total features: 128 | Memory: 15000
2026-05-14 12:27:35,620 [INFO]   [Eval] Task 1, R 65: Acc: 65.67% | Prec-Mac: 67.49% | Rec-Mac: 74.46% | Mi-F1: 65.67% | Ma-F1: 62.67% | We-F1: 71.40% | Loss: 4.4249
2026-05-14 12:27:36,120 [INFO]   [CKPT] Saved: ckpt_der_task01_r065_global105_acc65.7.pth
2026-05-14 12:27:36,120 [INFO] 
--- Task 1, Round 66/80 (Global 106) ---
2026-05-14 12:27:40,445 [INFO] Edge 0: [DER] Task 1 done. Backbones: 2 | Total features: 128 | Memory: 15000
2026-05-14 12:27:44,716 [INFO] Edge 1: [DER] Task 1 done. Backbones: 2 | Total features: 128 | Memory: 15000
2026-05-14 12:27:49,011 [INFO] Edge 2: [DER] Task 1 done. Backbones: 2 | Total features: 128 | Memory: 15000
2026-05-14 12:29:57,963 [INFO]   [Eval] Task 1, R 66: Acc: 65.61% | Prec-Mac: 67.00% | Rec-Mac: 74.44% | Mi-F1: 65.61% | Ma-F1: 62.34% | We-F1: 71.33% | Loss: 4.4125
2026-05-14 12:29:58,458 [INFO]   [CKPT] Saved: ckpt_der_task01_r066_global106_acc65.6.pth
2026-05-14 12:29:58,458 [INFO] 
--- Task 1, Round 67/80 (Global 107) ---
2026-05-14 12:30:02,790 [INFO] Edge 0: [DER] Task 1 done. Backbones: 2 | Total features: 128 | Memory: 15000
2026-05-14 12:30:07,080 [INFO] Edge 1: [DER] Task 1 done. Backbones: 2 | Total features: 128 | Memory: 15000
2026-05-14 12:30:11,369 [INFO] Edge 2: [DER] Task 1 done. Backbones: 2 | Total features: 128 | Memory: 15000
2026-05-14 12:32:20,729 [INFO]   [Eval] Task 1, R 67: Acc: 65.61% | Prec-Mac: 64.68% | Rec-Mac: 74.34% | Mi-F1: 65.61% | Ma-F1: 62.25% | We-F1: 70.81% | Loss: 4.3588
2026-05-14 12:32:21,224 [INFO]   [CKPT] Saved: ckpt_der_task01_r067_global107_acc65.6.pth
2026-05-14 12:32:21,224 [INFO] 
--- Task 1, Round 68/80 (Global 108) ---
2026-05-14 12:32:25,553 [INFO] Edge 0: [DER] Task 1 done. Backbones: 2 | Total features: 128 | Memory: 15000
2026-05-14 12:32:29,840 [INFO] Edge 1: [DER] Task 1 done. Backbones: 2 | Total features: 128 | Memory: 15000
2026-05-14 12:32:34,025 [INFO] Edge 2: [DER] Task 1 done. Backbones: 2 | Total features: 128 | Memory: 15000
2026-05-14 12:34:43,318 [INFO]   [Eval] Task 1, R 68: Acc: 65.53% | Prec-Mac: 67.47% | Rec-Mac: 74.37% | Mi-F1: 65.53% | Ma-F1: 62.58% | We-F1: 71.30% | Loss: 4.4467
2026-05-14 12:34:43,829 [INFO]   [CKPT] Saved: ckpt_der_task01_r068_global108_acc65.5.pth
2026-05-14 12:34:43,829 [INFO] 
--- Task 1, Round 69/80 (Global 109) ---
2026-05-14 12:34:48,230 [INFO] Edge 0: [DER] Task 1 done. Backbones: 2 | Total features: 128 | Memory: 15000
2026-05-14 12:34:52,476 [INFO] Edge 1: [DER] Task 1 done. Backbones: 2 | Total features: 128 | Memory: 15000
2026-05-14 12:34:56,781 [INFO] Edge 2: [DER] Task 1 done. Backbones: 2 | Total features: 128 | Memory: 15000
2026-05-14 12:37:06,178 [INFO]   [Eval] Task 1, R 69: Acc: 65.74% | Prec-Mac: 67.46% | Rec-Mac: 74.49% | Mi-F1: 65.74% | Ma-F1: 62.67% | We-F1: 71.46% | Loss: 4.4019
2026-05-14 12:37:06,673 [INFO]   [CKPT] Saved: ckpt_der_task01_r069_global109_acc65.7.pth
2026-05-14 12:37:06,673 [INFO] 
--- Task 1, Round 70/80 (Global 110) ---
2026-05-14 12:37:10,964 [INFO] Edge 0: [DER] Task 1 done. Backbones: 2 | Total features: 128 | Memory: 15000
2026-05-14 12:37:15,233 [INFO] Edge 1: [DER] Task 1 done. Backbones: 2 | Total features: 128 | Memory: 15000
2026-05-14 12:37:19,507 [INFO] Edge 2: [DER] Task 1 done. Backbones: 2 | Total features: 128 | Memory: 15000
2026-05-14 12:39:28,528 [INFO]   [Eval] Task 1, R 70: Acc: 65.79% | Prec-Mac: 67.49% | Rec-Mac: 74.51% | Mi-F1: 65.79% | Ma-F1: 62.72% | We-F1: 71.50% | Loss: 4.3786
2026-05-14 12:39:29,024 [INFO]   [CKPT] Saved: ckpt_der_task01_r070_global110_acc65.8.pth
2026-05-14 12:39:29,024 [INFO] 
--- Task 1, Round 71/80 (Global 111) ---
2026-05-14 12:39:33,374 [INFO] Edge 0: [DER] Task 1 done. Backbones: 2 | Total features: 128 | Memory: 15000
2026-05-14 12:39:37,676 [INFO] Edge 1: [DER] Task 1 done. Backbones: 2 | Total features: 128 | Memory: 15000
2026-05-14 12:39:41,949 [INFO] Edge 2: [DER] Task 1 done. Backbones: 2 | Total features: 128 | Memory: 15000
2026-05-14 12:41:51,065 [INFO]   [Eval] Task 1, R 71: Acc: 65.57% | Prec-Mac: 67.02% | Rec-Mac: 74.41% | Mi-F1: 65.57% | Ma-F1: 62.33% | We-F1: 71.31% | Loss: 4.4514
2026-05-14 12:41:51,565 [INFO]   [CKPT] Saved: ckpt_der_task01_r071_global111_acc65.6.pth
2026-05-14 12:41:51,565 [INFO] 
--- Task 1, Round 72/80 (Global 112) ---
2026-05-14 12:41:55,764 [INFO] Edge 0: [DER] Task 1 done. Backbones: 2 | Total features: 128 | Memory: 15000
2026-05-14 12:42:00,045 [INFO] Edge 1: [DER] Task 1 done. Backbones: 2 | Total features: 128 | Memory: 15000
2026-05-14 12:42:04,389 [INFO] Edge 2: [DER] Task 1 done. Backbones: 2 | Total features: 128 | Memory: 15000
2026-05-14 12:44:13,560 [INFO]   [Eval] Task 1, R 72: Acc: 65.57% | Prec-Mac: 64.76% | Rec-Mac: 74.35% | Mi-F1: 65.57% | Ma-F1: 62.27% | We-F1: 70.78% | Loss: 4.4307
2026-05-14 12:44:14,103 [INFO]   [CKPT] Saved: ckpt_der_task01_r072_global112_acc65.6.pth
2026-05-14 12:44:14,103 [INFO] 
--- Task 1, Round 73/80 (Global 113) ---
2026-05-14 12:44:18,260 [INFO] Edge 0: [DER] Task 1 done. Backbones: 2 | Total features: 128 | Memory: 15000
2026-05-14 12:44:22,532 [INFO] Edge 1: [DER] Task 1 done. Backbones: 2 | Total features: 128 | Memory: 15000
2026-05-14 12:44:26,850 [INFO] Edge 2: [DER] Task 1 done. Backbones: 2 | Total features: 128 | Memory: 15000
2026-05-14 12:46:36,761 [INFO]   [Eval] Task 1, R 73: Acc: 65.69% | Prec-Mac: 66.99% | Rec-Mac: 74.48% | Mi-F1: 65.69% | Ma-F1: 62.38% | We-F1: 71.37% | Loss: 4.2668
2026-05-14 12:46:37,261 [INFO]   [CKPT] Saved: ckpt_der_task01_r073_global113_acc65.7.pth
2026-05-14 12:46:37,261 [INFO] 
--- Task 1, Round 74/80 (Global 114) ---
2026-05-14 12:46:41,591 [INFO] Edge 0: [DER] Task 1 done. Backbones: 2 | Total features: 128 | Memory: 15000
2026-05-14 12:46:45,894 [INFO] Edge 1: [DER] Task 1 done. Backbones: 2 | Total features: 128 | Memory: 15000
2026-05-14 12:46:50,234 [INFO] Edge 2: [DER] Task 1 done. Backbones: 2 | Total features: 128 | Memory: 15000
2026-05-14 12:48:59,636 [INFO]   [Eval] Task 1, R 74: Acc: 65.48% | Prec-Mac: 64.19% | Rec-Mac: 74.27% | Mi-F1: 65.48% | Ma-F1: 61.88% | We-F1: 70.66% | Loss: 4.3847
2026-05-14 12:49:00,135 [INFO]   [CKPT] Saved: ckpt_der_task01_r074_global114_acc65.5.pth
2026-05-14 12:49:00,136 [INFO] 
--- Task 1, Round 75/80 (Global 115) ---
2026-05-14 12:49:04,536 [INFO] Edge 0: [DER] Task 1 done. Backbones: 2 | Total features: 128 | Memory: 15000
2026-05-14 12:49:08,768 [INFO] Edge 1: [DER] Task 1 done. Backbones: 2 | Total features: 128 | Memory: 15000
2026-05-14 12:49:13,094 [INFO] Edge 2: [DER] Task 1 done. Backbones: 2 | Total features: 128 | Memory: 15000
2026-05-14 12:51:22,225 [INFO]   [Eval] Task 1, R 75: Acc: 65.72% | Prec-Mac: 67.49% | Rec-Mac: 74.43% | Mi-F1: 65.72% | Ma-F1: 62.68% | We-F1: 71.44% | Loss: 4.3607
2026-05-14 12:51:22,721 [INFO]   [CKPT] Saved: ckpt_der_task01_r075_global115_acc65.7.pth
2026-05-14 12:51:22,721 [INFO] 
--- Task 1, Round 76/80 (Global 116) ---
2026-05-14 12:51:27,068 [INFO] Edge 0: [DER] Task 1 done. Backbones: 2 | Total features: 128 | Memory: 15000
2026-05-14 12:51:31,337 [INFO] Edge 1: [DER] Task 1 done. Backbones: 2 | Total features: 128 | Memory: 15000
2026-05-14 12:51:35,684 [INFO] Edge 2: [DER] Task 1 done. Backbones: 2 | Total features: 128 | Memory: 15000
2026-05-14 12:53:45,107 [INFO]   [Eval] Task 1, R 76: Acc: 65.51% | Prec-Mac: 66.92% | Rec-Mac: 74.36% | Mi-F1: 65.51% | Ma-F1: 62.24% | We-F1: 71.24% | Loss: 4.5189
2026-05-14 12:53:45,612 [INFO]   [CKPT] Saved: ckpt_der_task01_r076_global116_acc65.5.pth
2026-05-14 12:53:45,612 [INFO] 
--- Task 1, Round 77/80 (Global 117) ---
2026-05-14 12:53:49,928 [INFO] Edge 0: [DER] Task 1 done. Backbones: 2 | Total features: 128 | Memory: 15000
2026-05-14 12:53:54,210 [INFO] Edge 1: [DER] Task 1 done. Backbones: 2 | Total features: 128 | Memory: 15000
2026-05-14 12:53:58,498 [INFO] Edge 2: [DER] Task 1 done. Backbones: 2 | Total features: 128 | Memory: 15000
2026-05-14 12:56:07,824 [INFO]   [Eval] Task 1, R 77: Acc: 65.71% | Prec-Mac: 66.97% | Rec-Mac: 74.48% | Mi-F1: 65.71% | Ma-F1: 62.37% | We-F1: 71.40% | Loss: 4.2556
2026-05-14 12:56:08,331 [INFO]   [CKPT] Saved: ckpt_der_task01_r077_global117_acc65.7.pth
2026-05-14 12:56:08,331 [INFO] 
--- Task 1, Round 78/80 (Global 118) ---
2026-05-14 12:56:12,649 [INFO] Edge 0: [DER] Task 1 done. Backbones: 2 | Total features: 128 | Memory: 15000
2026-05-14 12:56:16,933 [INFO] Edge 1: [DER] Task 1 done. Backbones: 2 | Total features: 128 | Memory: 15000
2026-05-14 12:56:21,082 [INFO] Edge 2: [DER] Task 1 done. Backbones: 2 | Total features: 128 | Memory: 15000
2026-05-14 12:58:30,660 [INFO]   [Eval] Task 1, R 78: Acc: 65.73% | Prec-Mac: 67.04% | Rec-Mac: 74.50% | Mi-F1: 65.73% | Ma-F1: 62.41% | We-F1: 71.43% | Loss: 4.2967
2026-05-14 12:58:31,151 [INFO]   [CKPT] Saved: ckpt_der_task01_r078_global118_acc65.7.pth
2026-05-14 12:58:31,151 [INFO] 
--- Task 1, Round 79/80 (Global 119) ---
2026-05-14 12:58:35,507 [INFO] Edge 0: [DER] Task 1 done. Backbones: 2 | Total features: 128 | Memory: 15000
2026-05-14 12:58:39,755 [INFO] Edge 1: [DER] Task 1 done. Backbones: 2 | Total features: 128 | Memory: 15000
2026-05-14 12:58:44,072 [INFO] Edge 2: [DER] Task 1 done. Backbones: 2 | Total features: 128 | Memory: 15000
2026-05-14 13:00:53,465 [INFO]   [Eval] Task 1, R 79: Acc: 65.51% | Prec-Mac: 64.21% | Rec-Mac: 74.29% | Mi-F1: 65.51% | Ma-F1: 61.90% | We-F1: 70.69% | Loss: 4.5412
2026-05-14 13:00:54,001 [INFO]   [CKPT] Saved: ckpt_der_task01_r079_global119_acc65.5.pth
2026-05-14 13:00:54,001 [INFO] 
--- Task 1, Round 80/80 (Global 120) ---
2026-05-14 13:04:56,026 [INFO] Edge 0: [DER] Task 1 done. Backbones: 2 | Total features: 128 | Memory: 14994
2026-05-14 13:08:58,513 [INFO] Edge 1: [DER] Task 1 done. Backbones: 2 | Total features: 128 | Memory: 14994
2026-05-14 13:13:02,229 [INFO] Edge 2: [DER] Task 1 done. Backbones: 2 | Total features: 128 | Memory: 14994
2026-05-14 13:15:11,100 [INFO]   [Eval] Task 1, R 80: Acc: 65.63% | Prec-Mac: 67.39% | Rec-Mac: 74.38% | Mi-F1: 65.63% | Ma-F1: 62.54% | We-F1: 71.34% | Loss: 4.4302
2026-05-14 13:15:11,601 [INFO]   [CKPT] Saved: ckpt_der_task01_r080_global120_acc65.6.pth
2026-05-14 13:15:11,601 [INFO] 
Loading data for Task 2 (Classes: [9, 10, 11, 12])...
2026-05-14 13:15:13,461 [INFO] [DER] Added backbone 3, total features=192, classes=13 for Task 2
2026-05-14 13:15:13,494 [INFO] 
============================================================
2026-05-14 13:15:13,494 [INFO] Task 2/4 | Classes: [9, 10, 11, 12] | 80 rounds | LR: 0.02
2026-05-14 13:15:13,495 [INFO] ============================================================
2026-05-14 13:15:13,495 [INFO] 
--- Task 2, Round 1/80 (Global 121) ---
2026-05-14 13:15:14,512 [INFO] Edge 0: [DER] Task 2 done. Backbones: 3 | Total features: 192 | Memory: 14994
2026-05-14 13:15:15,608 [INFO] Edge 1: [DER] Task 2 done. Backbones: 3 | Total features: 192 | Memory: 14994
2026-05-14 13:15:16,545 [INFO] Edge 2: [DER] Task 2 done. Backbones: 3 | Total features: 192 | Memory: 14994
2026-05-14 13:17:41,630 [INFO]   [Eval] Task 2, R 1: Acc: 48.07% | Prec-Mac: 49.48% | Rec-Mac: 52.48% | Mi-F1: 48.07% | Ma-F1: 40.53% | We-F1: 53.84% | Loss: 6.1420
2026-05-14 13:17:42,148 [INFO]   [CKPT] Saved: ckpt_der_task02_r001_global121_acc48.1.pth
2026-05-14 13:17:42,148 [INFO] 
--- Task 2, Round 2/80 (Global 122) ---
2026-05-14 13:17:43,159 [INFO] Edge 0: [DER] Task 2 done. Backbones: 3 | Total features: 192 | Memory: 14994
2026-05-14 13:17:44,120 [INFO] Edge 1: [DER] Task 2 done. Backbones: 3 | Total features: 192 | Memory: 14994
2026-05-14 13:17:45,071 [INFO] Edge 2: [DER] Task 2 done. Backbones: 3 | Total features: 192 | Memory: 14994
2026-05-14 13:20:10,551 [INFO]   [Eval] Task 2, R 2: Acc: 48.85% | Prec-Mac: 54.93% | Rec-Mac: 59.51% | Mi-F1: 48.85% | Ma-F1: 43.34% | We-F1: 55.75% | Loss: 5.5870
2026-05-14 13:20:11,062 [INFO]   [CKPT] Saved: ckpt_der_task02_r002_global122_acc48.8.pth
2026-05-14 13:20:11,062 [INFO] 
--- Task 2, Round 3/80 (Global 123) ---
2026-05-14 13:20:12,063 [INFO] Edge 0: [DER] Task 2 done. Backbones: 3 | Total features: 192 | Memory: 14994
2026-05-14 13:20:13,023 [INFO] Edge 1: [DER] Task 2 done. Backbones: 3 | Total features: 192 | Memory: 14994
2026-05-14 13:20:14,003 [INFO] Edge 2: [DER] Task 2 done. Backbones: 3 | Total features: 192 | Memory: 14994
2026-05-14 13:22:39,528 [INFO]   [Eval] Task 2, R 3: Acc: 49.22% | Prec-Mac: 54.30% | Rec-Mac: 59.07% | Mi-F1: 49.22% | Ma-F1: 40.55% | We-F1: 55.79% | Loss: 5.9147
2026-05-14 13:22:40,035 [INFO]   [CKPT] Saved: ckpt_der_task02_r003_global123_acc49.2.pth
2026-05-14 13:22:40,035 [INFO] 
--- Task 2, Round 4/80 (Global 124) ---
2026-05-14 13:22:41,196 [INFO] Edge 0: [DER] Task 2 done. Backbones: 3 | Total features: 192 | Memory: 14994
2026-05-14 13:22:42,158 [INFO] Edge 1: [DER] Task 2 done. Backbones: 3 | Total features: 192 | Memory: 14994
2026-05-14 13:22:43,111 [INFO] Edge 2: [DER] Task 2 done. Backbones: 3 | Total features: 192 | Memory: 14994
2026-05-14 13:25:08,378 [INFO]   [Eval] Task 2, R 4: Acc: 46.70% | Prec-Mac: 52.08% | Rec-Mac: 54.01% | Mi-F1: 46.70% | Ma-F1: 41.60% | We-F1: 54.66% | Loss: 6.4205
2026-05-14 13:25:08,881 [INFO]   [CKPT] Saved: ckpt_der_task02_r004_global124_acc46.7.pth
2026-05-14 13:25:08,881 [INFO] 
--- Task 2, Round 5/80 (Global 125) ---
2026-05-14 13:25:09,884 [INFO] Edge 0: [DER] Task 2 done. Backbones: 3 | Total features: 192 | Memory: 14994
2026-05-14 13:25:10,832 [INFO] Edge 1: [DER] Task 2 done. Backbones: 3 | Total features: 192 | Memory: 14994
2026-05-14 13:25:11,788 [INFO] Edge 2: [DER] Task 2 done. Backbones: 3 | Total features: 192 | Memory: 14994
2026-05-14 13:27:37,177 [INFO]   [Eval] Task 2, R 5: Acc: 49.14% | Prec-Mac: 54.26% | Rec-Mac: 60.30% | Mi-F1: 49.14% | Ma-F1: 43.05% | We-F1: 56.08% | Loss: 5.8483
2026-05-14 13:27:37,677 [INFO]   [CKPT] Saved: ckpt_der_task02_r005_global125_acc49.1.pth
2026-05-14 13:27:37,677 [INFO] 
--- Task 2, Round 6/80 (Global 126) ---
2026-05-14 13:27:38,694 [INFO] Edge 0: [DER] Task 2 done. Backbones: 3 | Total features: 192 | Memory: 14994
2026-05-14 13:27:39,645 [INFO] Edge 1: [DER] Task 2 done. Backbones: 3 | Total features: 192 | Memory: 14994
2026-05-14 13:27:40,756 [INFO] Edge 2: [DER] Task 2 done. Backbones: 3 | Total features: 192 | Memory: 14994
2026-05-14 13:30:05,907 [INFO]   [Eval] Task 2, R 6: Acc: 50.41% | Prec-Mac: 59.61% | Rec-Mac: 62.32% | Mi-F1: 50.41% | Ma-F1: 45.60% | We-F1: 57.19% | Loss: 5.3181
2026-05-14 13:30:06,410 [INFO]   [CKPT] Saved: ckpt_der_task02_r006_global126_acc50.4.pth
2026-05-14 13:30:06,410 [INFO] 
--- Task 2, Round 7/80 (Global 127) ---
2026-05-14 13:30:07,413 [INFO] Edge 0: [DER] Task 2 done. Backbones: 3 | Total features: 192 | Memory: 14994
2026-05-14 13:30:08,355 [INFO] Edge 1: [DER] Task 2 done. Backbones: 3 | Total features: 192 | Memory: 14994
2026-05-14 13:30:09,303 [INFO] Edge 2: [DER] Task 2 done. Backbones: 3 | Total features: 192 | Memory: 14994
2026-05-14 13:32:34,266 [INFO]   [Eval] Task 2, R 7: Acc: 49.01% | Prec-Mac: 53.21% | Rec-Mac: 59.98% | Mi-F1: 49.01% | Ma-F1: 43.85% | We-F1: 56.54% | Loss: 5.7284
2026-05-14 13:32:34,774 [INFO]   [CKPT] Saved: ckpt_der_task02_r007_global127_acc49.0.pth
2026-05-14 13:32:34,774 [INFO] 
--- Task 2, Round 8/80 (Global 128) ---
2026-05-14 13:32:35,777 [INFO] Edge 0: [DER] Task 2 done. Backbones: 3 | Total features: 192 | Memory: 14994
2026-05-14 13:32:36,720 [INFO] Edge 1: [DER] Task 2 done. Backbones: 3 | Total features: 192 | Memory: 14994
2026-05-14 13:32:37,824 [INFO] Edge 2: [DER] Task 2 done. Backbones: 3 | Total features: 192 | Memory: 14994
2026-05-14 13:35:02,665 [INFO]   [Eval] Task 2, R 8: Acc: 50.01% | Prec-Mac: 57.30% | Rec-Mac: 60.62% | Mi-F1: 50.01% | Ma-F1: 44.54% | We-F1: 57.80% | Loss: 5.5679
2026-05-14 13:35:03,166 [INFO]   [CKPT] Saved: ckpt_der_task02_r008_global128_acc50.0.pth
2026-05-14 13:35:03,166 [INFO] 
--- Task 2, Round 9/80 (Global 129) ---
2026-05-14 13:35:04,185 [INFO] Edge 0: [DER] Task 2 done. Backbones: 3 | Total features: 192 | Memory: 14994
2026-05-14 13:35:05,144 [INFO] Edge 1: [DER] Task 2 done. Backbones: 3 | Total features: 192 | Memory: 14994
2026-05-14 13:35:06,245 [INFO] Edge 2: [DER] Task 2 done. Backbones: 3 | Total features: 192 | Memory: 14994
2026-05-14 13:37:30,917 [INFO]   [Eval] Task 2, R 9: Acc: 52.01% | Prec-Mac: 54.28% | Rec-Mac: 63.26% | Mi-F1: 52.01% | Ma-F1: 45.65% | We-F1: 57.60% | Loss: 5.0247
2026-05-14 13:37:31,418 [INFO]   [CKPT] Saved: ckpt_der_task02_r009_global129_acc52.0.pth
2026-05-14 13:37:31,418 [INFO] 
--- Task 2, Round 10/80 (Global 130) ---
2026-05-14 13:37:32,453 [INFO] Edge 0: [DER] Task 2 done. Backbones: 3 | Total features: 192 | Memory: 14994
2026-05-14 13:37:33,546 [INFO] Edge 1: [DER] Task 2 done. Backbones: 3 | Total features: 192 | Memory: 14994
2026-05-14 13:37:34,520 [INFO] Edge 2: [DER] Task 2 done. Backbones: 3 | Total features: 192 | Memory: 14994
2026-05-14 13:39:59,762 [INFO]   [Eval] Task 2, R 10: Acc: 47.94% | Prec-Mac: 57.14% | Rec-Mac: 59.75% | Mi-F1: 47.94% | Ma-F1: 43.95% | We-F1: 55.40% | Loss: 5.8933
2026-05-14 13:40:00,276 [INFO]   [CKPT] Saved: ckpt_der_task02_r010_global130_acc47.9.pth
2026-05-14 13:40:00,276 [INFO] 
--- Task 2, Round 11/80 (Global 131) ---
2026-05-14 13:40:01,309 [INFO] Edge 0: [DER] Task 2 done. Backbones: 3 | Total features: 192 | Memory: 14994
2026-05-14 13:40:02,257 [INFO] Edge 1: [DER] Task 2 done. Backbones: 3 | Total features: 192 | Memory: 14994
2026-05-14 13:40:03,203 [INFO] Edge 2: [DER] Task 2 done. Backbones: 3 | Total features: 192 | Memory: 14994
2026-05-14 13:42:28,235 [INFO]   [Eval] Task 2, R 11: Acc: 48.15% | Prec-Mac: 58.87% | Rec-Mac: 60.73% | Mi-F1: 48.15% | Ma-F1: 43.82% | We-F1: 55.17% | Loss: 5.7418
2026-05-14 13:42:28,740 [INFO]   [CKPT] Saved: ckpt_der_task02_r011_global131_acc48.2.pth
2026-05-14 13:42:28,741 [INFO] 
--- Task 2, Round 12/80 (Global 132) ---
2026-05-14 13:42:29,748 [INFO] Edge 0: [DER] Task 2 done. Backbones: 3 | Total features: 192 | Memory: 14994
2026-05-14 13:42:30,696 [INFO] Edge 1: [DER] Task 2 done. Backbones: 3 | Total features: 192 | Memory: 14994
2026-05-14 13:42:31,640 [INFO] Edge 2: [DER] Task 2 done. Backbones: 3 | Total features: 192 | Memory: 14994
2026-05-14 13:44:56,888 [INFO]   [Eval] Task 2, R 12: Acc: 52.03% | Prec-Mac: 60.74% | Rec-Mac: 61.65% | Mi-F1: 52.03% | Ma-F1: 46.34% | We-F1: 59.87% | Loss: 5.2168
2026-05-14 13:44:57,394 [INFO]   [CKPT] Saved: ckpt_der_task02_r012_global132_acc52.0.pth
2026-05-14 13:44:57,394 [INFO] 
--- Task 2, Round 13/80 (Global 133) ---
2026-05-14 13:44:58,562 [INFO] Edge 0: [DER] Task 2 done. Backbones: 3 | Total features: 192 | Memory: 14994
2026-05-14 13:44:59,532 [INFO] Edge 1: [DER] Task 2 done. Backbones: 3 | Total features: 192 | Memory: 14994
2026-05-14 13:45:00,475 [INFO] Edge 2: [DER] Task 2 done. Backbones: 3 | Total features: 192 | Memory: 14994
2026-05-14 13:47:25,082 [INFO]   [Eval] Task 2, R 13: Acc: 47.50% | Prec-Mac: 59.59% | Rec-Mac: 60.71% | Mi-F1: 47.50% | Ma-F1: 44.74% | We-F1: 54.50% | Loss: 5.9179
2026-05-14 13:47:25,598 [INFO]   [CKPT] Saved: ckpt_der_task02_r013_global133_acc47.5.pth
2026-05-14 13:47:25,598 [INFO] 
--- Task 2, Round 14/80 (Global 134) ---
2026-05-14 13:47:26,761 [INFO] Edge 0: [DER] Task 2 done. Backbones: 3 | Total features: 192 | Memory: 14994
2026-05-14 13:47:27,704 [INFO] Edge 1: [DER] Task 2 done. Backbones: 3 | Total features: 192 | Memory: 14994
2026-05-14 13:47:28,647 [INFO] Edge 2: [DER] Task 2 done. Backbones: 3 | Total features: 192 | Memory: 14994
2026-05-14 13:49:53,941 [INFO]   [Eval] Task 2, R 14: Acc: 50.85% | Prec-Mac: 61.97% | Rec-Mac: 62.48% | Mi-F1: 50.85% | Ma-F1: 46.77% | We-F1: 58.10% | Loss: 5.1798
2026-05-14 13:49:54,440 [INFO]   [CKPT] Saved: ckpt_der_task02_r014_global134_acc50.8.pth
2026-05-14 13:49:54,440 [INFO] 
--- Task 2, Round 15/80 (Global 135) ---
2026-05-14 13:49:55,433 [INFO] Edge 0: [DER] Task 2 done. Backbones: 3 | Total features: 192 | Memory: 14994
2026-05-14 13:49:56,378 [INFO] Edge 1: [DER] Task 2 done. Backbones: 3 | Total features: 192 | Memory: 14994
2026-05-14 13:49:57,481 [INFO] Edge 2: [DER] Task 2 done. Backbones: 3 | Total features: 192 | Memory: 14994
2026-05-14 13:52:22,482 [INFO]   [Eval] Task 2, R 15: Acc: 52.20% | Prec-Mac: 60.67% | Rec-Mac: 62.67% | Mi-F1: 52.20% | Ma-F1: 46.97% | We-F1: 59.91% | Loss: 5.0144
2026-05-14 13:52:22,984 [INFO]   [CKPT] Saved: ckpt_der_task02_r015_global135_acc52.2.pth
2026-05-14 13:52:22,985 [INFO] 
--- Task 2, Round 16/80 (Global 136) ---
2026-05-14 13:52:24,158 [INFO] Edge 0: [DER] Task 2 done. Backbones: 3 | Total features: 192 | Memory: 14994
2026-05-14 13:52:25,105 [INFO] Edge 1: [DER] Task 2 done. Backbones: 3 | Total features: 192 | Memory: 14994
2026-05-14 13:52:26,051 [INFO] Edge 2: [DER] Task 2 done. Backbones: 3 | Total features: 192 | Memory: 14994
2026-05-14 13:54:50,842 [INFO]   [Eval] Task 2, R 16: Acc: 45.91% | Prec-Mac: 57.84% | Rec-Mac: 60.00% | Mi-F1: 45.91% | Ma-F1: 44.85% | We-F1: 53.34% | Loss: 6.0620
2026-05-14 13:54:51,353 [INFO]   [CKPT] Saved: ckpt_der_task02_r016_global136_acc45.9.pth
2026-05-14 13:54:51,353 [INFO] 
--- Task 2, Round 17/80 (Global 137) ---
2026-05-14 13:54:52,378 [INFO] Edge 0: [DER] Task 2 done. Backbones: 3 | Total features: 192 | Memory: 14994
2026-05-14 13:54:53,331 [INFO] Edge 1: [DER] Task 2 done. Backbones: 3 | Total features: 192 | Memory: 14994
2026-05-14 13:54:54,453 [INFO] Edge 2: [DER] Task 2 done. Backbones: 3 | Total features: 192 | Memory: 14994
2026-05-14 13:57:19,062 [INFO]   [Eval] Task 2, R 17: Acc: 51.09% | Prec-Mac: 55.16% | Rec-Mac: 63.52% | Mi-F1: 51.09% | Ma-F1: 45.91% | We-F1: 56.48% | Loss: 5.1225
2026-05-14 13:57:19,570 [INFO]   [CKPT] Saved: ckpt_der_task02_r017_global137_acc51.1.pth
2026-05-14 13:57:19,570 [INFO] 
--- Task 2, Round 18/80 (Global 138) ---
2026-05-14 13:57:20,582 [INFO] Edge 0: [DER] Task 2 done. Backbones: 3 | Total features: 192 | Memory: 14994
2026-05-14 13:57:21,526 [INFO] Edge 1: [DER] Task 2 done. Backbones: 3 | Total features: 192 | Memory: 14994
2026-05-14 13:57:22,630 [INFO] Edge 2: [DER] Task 2 done. Backbones: 3 | Total features: 192 | Memory: 14994
2026-05-14 13:59:47,762 [INFO]   [Eval] Task 2, R 18: Acc: 49.04% | Prec-Mac: 61.09% | Rec-Mac: 61.85% | Mi-F1: 49.04% | Ma-F1: 45.90% | We-F1: 55.84% | Loss: 5.6220
2026-05-14 13:59:48,269 [INFO]   [CKPT] Saved: ckpt_der_task02_r018_global138_acc49.0.pth
2026-05-14 13:59:48,269 [INFO] 
--- Task 2, Round 19/80 (Global 139) ---
2026-05-14 13:59:49,290 [INFO] Edge 0: [DER] Task 2 done. Backbones: 3 | Total features: 192 | Memory: 14994
2026-05-14 13:59:50,392 [INFO] Edge 1: [DER] Task 2 done. Backbones: 3 | Total features: 192 | Memory: 14994
2026-05-14 13:59:51,344 [INFO] Edge 2: [DER] Task 2 done. Backbones: 3 | Total features: 192 | Memory: 14994
2026-05-14 14:02:16,586 [INFO]   [Eval] Task 2, R 19: Acc: 51.00% | Prec-Mac: 62.24% | Rec-Mac: 63.02% | Mi-F1: 51.00% | Ma-F1: 47.64% | We-F1: 58.07% | Loss: 5.0195
2026-05-14 14:02:17,086 [INFO]   [CKPT] Saved: ckpt_der_task02_r019_global139_acc51.0.pth
2026-05-14 14:02:17,086 [INFO] 
--- Task 2, Round 20/80 (Global 140) ---
2026-05-14 14:02:18,080 [INFO] Edge 0: [DER] Task 2 done. Backbones: 3 | Total features: 192 | Memory: 14994
2026-05-14 14:02:19,020 [INFO] Edge 1: [DER] Task 2 done. Backbones: 3 | Total features: 192 | Memory: 14994
2026-05-14 14:02:19,956 [INFO] Edge 2: [DER] Task 2 done. Backbones: 3 | Total features: 192 | Memory: 14994
2026-05-14 14:04:45,145 [INFO]   [Eval] Task 2, R 20: Acc: 52.13% | Prec-Mac: 54.80% | Rec-Mac: 63.86% | Mi-F1: 52.13% | Ma-F1: 47.12% | We-F1: 57.99% | Loss: 5.0027
2026-05-14 14:04:45,654 [INFO]   [CKPT] Saved: ckpt_der_task02_r020_global140_acc52.1.pth
2026-05-14 14:04:45,654 [INFO] 
--- Task 2, Round 21/80 (Global 141) ---
2026-05-14 14:04:46,663 [INFO] Edge 0: [DER] Task 2 done. Backbones: 3 | Total features: 192 | Memory: 14994
2026-05-14 14:04:47,618 [INFO] Edge 1: [DER] Task 2 done. Backbones: 3 | Total features: 192 | Memory: 14994
2026-05-14 14:04:48,565 [INFO] Edge 2: [DER] Task 2 done. Backbones: 3 | Total features: 192 | Memory: 14994
2026-05-14 14:07:13,715 [INFO]   [Eval] Task 2, R 21: Acc: 49.71% | Prec-Mac: 56.75% | Rec-Mac: 61.39% | Mi-F1: 49.71% | Ma-F1: 47.07% | We-F1: 57.38% | Loss: 5.5600
2026-05-14 14:07:14,242 [INFO]   [CKPT] Saved: ckpt_der_task02_r021_global141_acc49.7.pth
2026-05-14 14:07:14,242 [INFO] 
--- Task 2, Round 22/80 (Global 142) ---
2026-05-14 14:07:15,405 [INFO] Edge 0: [DER] Task 2 done. Backbones: 3 | Total features: 192 | Memory: 14994
2026-05-14 14:07:16,349 [INFO] Edge 1: [DER] Task 2 done. Backbones: 3 | Total features: 192 | Memory: 14994
2026-05-14 14:07:17,293 [INFO] Edge 2: [DER] Task 2 done. Backbones: 3 | Total features: 192 | Memory: 14994
2026-05-14 14:09:42,289 [INFO]   [Eval] Task 2, R 22: Acc: 50.36% | Prec-Mac: 55.77% | Rec-Mac: 61.73% | Mi-F1: 50.36% | Ma-F1: 46.35% | We-F1: 58.03% | Loss: 5.6321
2026-05-14 14:09:42,796 [INFO]   [CKPT] Saved: ckpt_der_task02_r022_global142_acc50.4.pth
2026-05-14 14:09:42,797 [INFO] 
--- Task 2, Round 23/80 (Global 143) ---
2026-05-14 14:09:43,994 [INFO] Edge 0: [DER] Task 2 done. Backbones: 3 | Total features: 192 | Memory: 14994
2026-05-14 14:09:44,942 [INFO] Edge 1: [DER] Task 2 done. Backbones: 3 | Total features: 192 | Memory: 14994
2026-05-14 14:09:45,894 [INFO] Edge 2: [DER] Task 2 done. Backbones: 3 | Total features: 192 | Memory: 14994
2026-05-14 14:12:11,067 [INFO]   [Eval] Task 2, R 23: Acc: 49.97% | Prec-Mac: 61.54% | Rec-Mac: 62.21% | Mi-F1: 49.97% | Ma-F1: 46.79% | We-F1: 56.94% | Loss: 5.3677
2026-05-14 14:12:11,564 [INFO]   [CKPT] Saved: ckpt_der_task02_r023_global143_acc50.0.pth
2026-05-14 14:12:11,564 [INFO] 
--- Task 2, Round 24/80 (Global 144) ---
2026-05-14 14:12:12,576 [INFO] Edge 0: [DER] Task 2 done. Backbones: 3 | Total features: 192 | Memory: 14994
2026-05-14 14:12:13,520 [INFO] Edge 1: [DER] Task 2 done. Backbones: 3 | Total features: 192 | Memory: 14994
2026-05-14 14:12:14,626 [INFO] Edge 2: [DER] Task 2 done. Backbones: 3 | Total features: 192 | Memory: 14994
2026-05-14 14:14:39,635 [INFO]   [Eval] Task 2, R 24: Acc: 46.38% | Prec-Mac: 55.90% | Rec-Mac: 60.05% | Mi-F1: 46.38% | Ma-F1: 44.59% | We-F1: 53.28% | Loss: 5.8008
2026-05-14 14:14:40,146 [INFO]   [CKPT] Saved: ckpt_der_task02_r024_global144_acc46.4.pth
2026-05-14 14:14:40,146 [INFO] 
--- Task 2, Round 25/80 (Global 145) ---
2026-05-14 14:14:41,336 [INFO] Edge 0: [DER] Task 2 done. Backbones: 3 | Total features: 192 | Memory: 14994
2026-05-14 14:14:42,284 [INFO] Edge 1: [DER] Task 2 done. Backbones: 3 | Total features: 192 | Memory: 14994
2026-05-14 14:14:43,223 [INFO] Edge 2: [DER] Task 2 done. Backbones: 3 | Total features: 192 | Memory: 14994
2026-05-14 14:17:08,281 [INFO]   [Eval] Task 2, R 25: Acc: 50.96% | Prec-Mac: 58.68% | Rec-Mac: 63.08% | Mi-F1: 50.96% | Ma-F1: 47.43% | We-F1: 58.01% | Loss: 5.1164
2026-05-14 14:17:08,795 [INFO]   [CKPT] Saved: ckpt_der_task02_r025_global145_acc51.0.pth
2026-05-14 14:17:08,795 [INFO] 
--- Task 2, Round 26/80 (Global 146) ---
2026-05-14 14:17:09,833 [INFO] Edge 0: [DER] Task 2 done. Backbones: 3 | Total features: 192 | Memory: 14994
2026-05-14 14:17:10,798 [INFO] Edge 1: [DER] Task 2 done. Backbones: 3 | Total features: 192 | Memory: 14994
2026-05-14 14:17:11,914 [INFO] Edge 2: [DER] Task 2 done. Backbones: 3 | Total features: 192 | Memory: 14994
2026-05-14 14:19:36,682 [INFO]   [Eval] Task 2, R 26: Acc: 44.03% | Prec-Mac: 55.04% | Rec-Mac: 58.78% | Mi-F1: 44.03% | Ma-F1: 43.12% | We-F1: 50.66% | Loss: 6.2596
2026-05-14 14:19:37,185 [INFO]   [CKPT] Saved: ckpt_der_task02_r026_global146_acc44.0.pth
2026-05-14 14:19:37,185 [INFO] 
--- Task 2, Round 27/80 (Global 147) ---
2026-05-14 14:19:38,198 [INFO] Edge 0: [DER] Task 2 done. Backbones: 3 | Total features: 192 | Memory: 14994
2026-05-14 14:19:39,154 [INFO] Edge 1: [DER] Task 2 done. Backbones: 3 | Total features: 192 | Memory: 14994
2026-05-14 14:19:40,260 [INFO] Edge 2: [DER] Task 2 done. Backbones: 3 | Total features: 192 | Memory: 14994
2026-05-14 14:22:05,062 [INFO]   [Eval] Task 2, R 27: Acc: 40.42% | Prec-Mac: 45.73% | Rec-Mac: 45.24% | Mi-F1: 40.42% | Ma-F1: 33.33% | We-F1: 47.91% | Loss: 6.5636
2026-05-14 14:22:05,565 [INFO]   [CKPT] Saved: ckpt_der_task02_r027_global147_acc40.4.pth
2026-05-14 14:22:05,566 [INFO] 
--- Task 2, Round 28/80 (Global 148) ---
2026-05-14 14:22:06,580 [INFO] Edge 0: [DER] Task 2 done. Backbones: 3 | Total features: 192 | Memory: 14994
2026-05-14 14:22:07,681 [INFO] Edge 1: [DER] Task 2 done. Backbones: 3 | Total features: 192 | Memory: 14994
2026-05-14 14:22:08,626 [INFO] Edge 2: [DER] Task 2 done. Backbones: 3 | Total features: 192 | Memory: 14994
2026-05-14 14:24:33,747 [INFO]   [Eval] Task 2, R 28: Acc: 44.90% | Prec-Mac: 55.00% | Rec-Mac: 59.18% | Mi-F1: 44.90% | Ma-F1: 43.88% | We-F1: 51.69% | Loss: 5.9684
2026-05-14 14:24:34,287 [INFO]   [CKPT] Saved: ckpt_der_task02_r028_global148_acc44.9.pth
2026-05-14 14:24:34,287 [INFO] 
--- Task 2, Round 29/80 (Global 149) ---
2026-05-14 14:24:35,313 [INFO] Edge 0: [DER] Task 2 done. Backbones: 3 | Total features: 192 | Memory: 14994
2026-05-14 14:24:36,264 [INFO] Edge 1: [DER] Task 2 done. Backbones: 3 | Total features: 192 | Memory: 14994
2026-05-14 14:24:37,213 [INFO] Edge 2: [DER] Task 2 done. Backbones: 3 | Total features: 192 | Memory: 14994
2026-05-14 14:27:02,603 [INFO]   [Eval] Task 2, R 29: Acc: 47.59% | Prec-Mac: 62.42% | Rec-Mac: 61.27% | Mi-F1: 47.59% | Ma-F1: 45.58% | We-F1: 54.00% | Loss: 5.6674
2026-05-14 14:27:03,102 [INFO]   [CKPT] Saved: ckpt_der_task02_r029_global149_acc47.6.pth
2026-05-14 14:27:03,103 [INFO] 
--- Task 2, Round 30/80 (Global 150) ---
2026-05-14 14:27:04,120 [INFO] Edge 0: [DER] Task 2 done. Backbones: 3 | Total features: 192 | Memory: 14994
2026-05-14 14:27:05,068 [INFO] Edge 1: [DER] Task 2 done. Backbones: 3 | Total features: 192 | Memory: 14994
2026-05-14 14:27:06,013 [INFO] Edge 2: [DER] Task 2 done. Backbones: 3 | Total features: 192 | Memory: 14994
2026-05-14 14:29:30,860 [INFO]   [Eval] Task 2, R 30: Acc: 47.68% | Prec-Mac: 55.52% | Rec-Mac: 61.32% | Mi-F1: 47.68% | Ma-F1: 45.07% | We-F1: 54.16% | Loss: 5.7910
2026-05-14 14:29:31,375 [INFO]   [CKPT] Saved: ckpt_der_task02_r030_global150_acc47.7.pth
2026-05-14 14:29:31,375 [INFO] 
--- Task 2, Round 31/80 (Global 151) ---
2026-05-14 14:29:32,532 [INFO] Edge 0: [DER] Task 2 done. Backbones: 3 | Total features: 192 | Memory: 14994
2026-05-14 14:29:33,488 [INFO] Edge 1: [DER] Task 2 done. Backbones: 3 | Total features: 192 | Memory: 14994
2026-05-14 14:29:34,462 [INFO] Edge 2: [DER] Task 2 done. Backbones: 3 | Total features: 192 | Memory: 14994
2026-05-14 14:31:59,166 [INFO]   [Eval] Task 2, R 31: Acc: 45.18% | Prec-Mac: 55.36% | Rec-Mac: 59.74% | Mi-F1: 45.18% | Ma-F1: 43.98% | We-F1: 51.70% | Loss: 5.9908
2026-05-14 14:31:59,667 [INFO]   [CKPT] Saved: ckpt_der_task02_r031_global151_acc45.2.pth
2026-05-14 14:31:59,668 [INFO] 
--- Task 2, Round 32/80 (Global 152) ---
2026-05-14 14:32:00,840 [INFO] Edge 0: [DER] Task 2 done. Backbones: 3 | Total features: 192 | Memory: 14994
2026-05-14 14:32:01,785 [INFO] Edge 1: [DER] Task 2 done. Backbones: 3 | Total features: 192 | Memory: 14994
2026-05-14 14:32:02,731 [INFO] Edge 2: [DER] Task 2 done. Backbones: 3 | Total features: 192 | Memory: 14994
2026-05-14 14:34:27,449 [INFO]   [Eval] Task 2, R 32: Acc: 48.38% | Prec-Mac: 55.60% | Rec-Mac: 61.49% | Mi-F1: 48.38% | Ma-F1: 45.59% | We-F1: 55.08% | Loss: 5.7254
2026-05-14 14:34:27,982 [INFO]   [CKPT] Saved: ckpt_der_task02_r032_global152_acc48.4.pth
2026-05-14 14:34:27,982 [INFO] 
--- Task 2, Round 33/80 (Global 153) ---
2026-05-14 14:34:28,987 [INFO] Edge 0: [DER] Task 2 done. Backbones: 3 | Total features: 192 | Memory: 14994
2026-05-14 14:34:29,965 [INFO] Edge 1: [DER] Task 2 done. Backbones: 3 | Total features: 192 | Memory: 14994
2026-05-14 14:34:31,088 [INFO] Edge 2: [DER] Task 2 done. Backbones: 3 | Total features: 192 | Memory: 14994
2026-05-14 14:36:56,317 [INFO]   [Eval] Task 2, R 33: Acc: 48.61% | Prec-Mac: 62.71% | Rec-Mac: 60.63% | Mi-F1: 48.61% | Ma-F1: 45.75% | We-F1: 56.11% | Loss: 5.5418
2026-05-14 14:36:56,828 [INFO]   [CKPT] Saved: ckpt_der_task02_r033_global153_acc48.6.pth
2026-05-14 14:36:56,829 [INFO] 
--- Task 2, Round 34/80 (Global 154) ---
2026-05-14 14:36:57,995 [INFO] Edge 0: [DER] Task 2 done. Backbones: 3 | Total features: 192 | Memory: 14994
2026-05-14 14:36:58,935 [INFO] Edge 1: [DER] Task 2 done. Backbones: 3 | Total features: 192 | Memory: 14994
2026-05-14 14:36:59,883 [INFO] Edge 2: [DER] Task 2 done. Backbones: 3 | Total features: 192 | Memory: 14994
2026-05-14 14:39:24,860 [INFO]   [Eval] Task 2, R 34: Acc: 51.73% | Prec-Mac: 55.94% | Rec-Mac: 64.09% | Mi-F1: 51.73% | Ma-F1: 47.16% | We-F1: 57.41% | Loss: 4.9074
2026-05-14 14:39:25,361 [INFO]   [CKPT] Saved: ckpt_der_task02_r034_global154_acc51.7.pth
2026-05-14 14:39:25,362 [INFO] 
--- Task 2, Round 35/80 (Global 155) ---
2026-05-14 14:39:26,368 [INFO] Edge 0: [DER] Task 2 done. Backbones: 3 | Total features: 192 | Memory: 14994
2026-05-14 14:39:27,320 [INFO] Edge 1: [DER] Task 2 done. Backbones: 3 | Total features: 192 | Memory: 14994
2026-05-14 14:39:28,410 [INFO] Edge 2: [DER] Task 2 done. Backbones: 3 | Total features: 192 | Memory: 14994
2026-05-14 14:41:53,121 [INFO]   [Eval] Task 2, R 35: Acc: 48.55% | Prec-Mac: 61.89% | Rec-Mac: 62.29% | Mi-F1: 48.55% | Ma-F1: 46.24% | We-F1: 54.80% | Loss: 5.3985
2026-05-14 14:41:53,623 [INFO]   [CKPT] Saved: ckpt_der_task02_r035_global155_acc48.6.pth
2026-05-14 14:41:53,623 [INFO] 
--- Task 2, Round 36/80 (Global 156) ---
2026-05-14 14:41:54,632 [INFO] Edge 0: [DER] Task 2 done. Backbones: 3 | Total features: 192 | Memory: 14994
2026-05-14 14:41:55,572 [INFO] Edge 1: [DER] Task 2 done. Backbones: 3 | Total features: 192 | Memory: 14994
2026-05-14 14:41:56,667 [INFO] Edge 2: [DER] Task 2 done. Backbones: 3 | Total features: 192 | Memory: 14994
2026-05-14 14:44:21,574 [INFO]   [Eval] Task 2, R 36: Acc: 43.59% | Prec-Mac: 46.50% | Rec-Mac: 51.21% | Mi-F1: 43.59% | Ma-F1: 35.88% | We-F1: 50.59% | Loss: 6.0170
2026-05-14 14:44:22,074 [INFO]   [CKPT] Saved: ckpt_der_task02_r036_global156_acc43.6.pth
2026-05-14 14:44:22,074 [INFO] 
--- Task 2, Round 37/80 (Global 157) ---
2026-05-14 14:44:23,112 [INFO] Edge 0: [DER] Task 2 done. Backbones: 3 | Total features: 192 | Memory: 14994
2026-05-14 14:44:24,231 [INFO] Edge 1: [DER] Task 2 done. Backbones: 3 | Total features: 192 | Memory: 14994
2026-05-14 14:44:25,179 [INFO] Edge 2: [DER] Task 2 done. Backbones: 3 | Total features: 192 | Memory: 14994
2026-05-14 14:46:50,214 [INFO]   [Eval] Task 2, R 37: Acc: 48.36% | Prec-Mac: 61.20% | Rec-Mac: 61.30% | Mi-F1: 48.36% | Ma-F1: 45.06% | We-F1: 54.80% | Loss: 5.5507
2026-05-14 14:46:50,720 [INFO]   [CKPT] Saved: ckpt_der_task02_r037_global157_acc48.4.pth
2026-05-14 14:46:50,720 [INFO] 
--- Task 2, Round 38/80 (Global 158) ---
2026-05-14 14:46:51,738 [INFO] Edge 0: [DER] Task 2 done. Backbones: 3 | Total features: 192 | Memory: 14994
2026-05-14 14:46:52,685 [INFO] Edge 1: [DER] Task 2 done. Backbones: 3 | Total features: 192 | Memory: 14994
2026-05-14 14:46:53,632 [INFO] Edge 2: [DER] Task 2 done. Backbones: 3 | Total features: 192 | Memory: 14994
2026-05-14 14:49:18,663 [INFO]   [Eval] Task 2, R 38: Acc: 49.52% | Prec-Mac: 58.61% | Rec-Mac: 63.12% | Mi-F1: 49.52% | Ma-F1: 46.95% | We-F1: 56.00% | Loss: 5.1618
2026-05-14 14:49:19,189 [INFO]   [CKPT] Saved: ckpt_der_task02_r038_global158_acc49.5.pth
2026-05-14 14:49:19,189 [INFO] 
--- Task 2, Round 39/80 (Global 159) ---
2026-05-14 14:49:20,187 [INFO] Edge 0: [DER] Task 2 done. Backbones: 3 | Total features: 192 | Memory: 14994
2026-05-14 14:49:21,137 [INFO] Edge 1: [DER] Task 2 done. Backbones: 3 | Total features: 192 | Memory: 14994
2026-05-14 14:49:22,084 [INFO] Edge 2: [DER] Task 2 done. Backbones: 3 | Total features: 192 | Memory: 14994
2026-05-14 14:51:46,941 [INFO]   [Eval] Task 2, R 39: Acc: 51.31% | Prec-Mac: 55.15% | Rec-Mac: 64.57% | Mi-F1: 51.31% | Ma-F1: 47.19% | We-F1: 56.37% | Loss: 4.8115
2026-05-14 14:51:47,433 [INFO]   [CKPT] Saved: ckpt_der_task02_r039_global159_acc51.3.pth
2026-05-14 14:51:47,433 [INFO] 
--- Task 2, Round 40/80 (Global 160) ---
2026-05-14 14:51:48,590 [INFO] Edge 0: [DER] Task 2 done. Backbones: 3 | Total features: 192 | Memory: 14994
2026-05-14 14:51:49,540 [INFO] Edge 1: [DER] Task 2 done. Backbones: 3 | Total features: 192 | Memory: 14994
2026-05-14 14:51:50,481 [INFO] Edge 2: [DER] Task 2 done. Backbones: 3 | Total features: 192 | Memory: 14994
2026-05-14 14:54:14,829 [INFO]   [Eval] Task 2, R 40: Acc: 48.58% | Prec-Mac: 62.57% | Rec-Mac: 62.32% | Mi-F1: 48.58% | Ma-F1: 45.80% | We-F1: 54.71% | Loss: 5.4092
2026-05-14 14:54:15,343 [INFO]   [CKPT] Saved: ckpt_der_task02_r040_global160_acc48.6.pth
2026-05-14 14:54:15,343 [INFO] 
--- Task 2, Round 41/80 (Global 161) ---
2026-05-14 14:54:15,343 [INFO]    [LR DECAY] Round 40 reached milestone: New LR = 0.002
2026-05-14 14:54:16,524 [INFO] Edge 0: [DER] Task 2 done. Backbones: 3 | Total features: 192 | Memory: 14994
2026-05-14 14:54:17,473 [INFO] Edge 1: [DER] Task 2 done. Backbones: 3 | Total features: 192 | Memory: 14994
2026-05-14 14:54:18,411 [INFO] Edge 2: [DER] Task 2 done. Backbones: 3 | Total features: 192 | Memory: 14994
2026-05-14 14:56:43,608 [INFO]   [Eval] Task 2, R 41: Acc: 47.39% | Prec-Mac: 60.89% | Rec-Mac: 61.43% | Mi-F1: 47.39% | Ma-F1: 44.64% | We-F1: 53.05% | Loss: 5.6421
2026-05-14 14:56:44,150 [INFO]   [CKPT] Saved: ckpt_der_task02_r041_global161_acc47.4.pth
2026-05-14 14:56:44,150 [INFO] 
--- Task 2, Round 42/80 (Global 162) ---
2026-05-14 14:56:45,190 [INFO] Edge 0: [DER] Task 2 done. Backbones: 3 | Total features: 192 | Memory: 14994
2026-05-14 14:56:46,135 [INFO] Edge 1: [DER] Task 2 done. Backbones: 3 | Total features: 192 | Memory: 14994
2026-05-14 14:56:47,235 [INFO] Edge 2: [DER] Task 2 done. Backbones: 3 | Total features: 192 | Memory: 14994
2026-05-14 14:59:12,045 [INFO]   [Eval] Task 2, R 42: Acc: 40.26% | Prec-Mac: 44.87% | Rec-Mac: 46.62% | Mi-F1: 40.26% | Ma-F1: 33.34% | We-F1: 47.02% | Loss: 6.2830
2026-05-14 14:59:12,546 [INFO]   [CKPT] Saved: ckpt_der_task02_r042_global162_acc40.3.pth
2026-05-14 14:59:12,546 [INFO] 
--- Task 2, Round 43/80 (Global 163) ---
2026-05-14 14:59:13,714 [INFO] Edge 0: [DER] Task 2 done. Backbones: 3 | Total features: 192 | Memory: 14994
2026-05-14 14:59:14,678 [INFO] Edge 1: [DER] Task 2 done. Backbones: 3 | Total features: 192 | Memory: 14994
2026-05-14 14:59:15,626 [INFO] Edge 2: [DER] Task 2 done. Backbones: 3 | Total features: 192 | Memory: 14994
2026-05-14 15:01:40,565 [INFO]   [Eval] Task 2, R 43: Acc: 46.57% | Prec-Mac: 61.95% | Rec-Mac: 60.89% | Mi-F1: 46.57% | Ma-F1: 44.32% | We-F1: 52.35% | Loss: 5.8003
2026-05-14 15:01:41,066 [INFO]   [CKPT] Saved: ckpt_der_task02_r043_global163_acc46.6.pth
2026-05-14 15:01:41,066 [INFO] 
--- Task 2, Round 44/80 (Global 164) ---
2026-05-14 15:01:42,068 [INFO] Edge 0: [DER] Task 2 done. Backbones: 3 | Total features: 192 | Memory: 14994
2026-05-14 15:01:43,015 [INFO] Edge 1: [DER] Task 2 done. Backbones: 3 | Total features: 192 | Memory: 14994
2026-05-14 15:01:44,114 [INFO] Edge 2: [DER] Task 2 done. Backbones: 3 | Total features: 192 | Memory: 14994
2026-05-14 15:04:09,376 [INFO]   [Eval] Task 2, R 44: Acc: 45.05% | Prec-Mac: 58.93% | Rec-Mac: 60.01% | Mi-F1: 45.05% | Ma-F1: 43.80% | We-F1: 51.12% | Loss: 5.9741
2026-05-14 15:04:09,883 [INFO]   [CKPT] Saved: ckpt_der_task02_r044_global164_acc45.0.pth
2026-05-14 15:04:09,883 [INFO] 
--- Task 2, Round 45/80 (Global 165) ---
2026-05-14 15:04:10,890 [INFO] Edge 0: [DER] Task 2 done. Backbones: 3 | Total features: 192 | Memory: 14994
2026-05-14 15:04:11,834 [INFO] Edge 1: [DER] Task 2 done. Backbones: 3 | Total features: 192 | Memory: 14994
2026-05-14 15:04:12,923 [INFO] Edge 2: [DER] Task 2 done. Backbones: 3 | Total features: 192 | Memory: 14994
2026-05-14 15:06:38,041 [INFO]   [Eval] Task 2, R 45: Acc: 44.72% | Prec-Mac: 53.75% | Rec-Mac: 59.89% | Mi-F1: 44.72% | Ma-F1: 43.39% | We-F1: 50.58% | Loss: 6.1536
2026-05-14 15:06:38,552 [INFO]   [CKPT] Saved: ckpt_der_task02_r045_global165_acc44.7.pth
2026-05-14 15:06:38,552 [INFO] 
--- Task 2, Round 46/80 (Global 166) ---
2026-05-14 15:06:39,572 [INFO] Edge 0: [DER] Task 2 done. Backbones: 3 | Total features: 192 | Memory: 14994
2026-05-14 15:06:40,667 [INFO] Edge 1: [DER] Task 2 done. Backbones: 3 | Total features: 192 | Memory: 14994
2026-05-14 15:06:41,627 [INFO] Edge 2: [DER] Task 2 done. Backbones: 3 | Total features: 192 | Memory: 14994
2026-05-14 15:09:06,563 [INFO]   [Eval] Task 2, R 46: Acc: 39.52% | Prec-Mac: 44.74% | Rec-Mac: 46.51% | Mi-F1: 39.52% | Ma-F1: 33.00% | We-F1: 46.19% | Loss: 6.5613
2026-05-14 15:09:07,063 [INFO]   [CKPT] Saved: ckpt_der_task02_r046_global166_acc39.5.pth
2026-05-14 15:09:07,063 [INFO] 
--- Task 2, Round 47/80 (Global 167) ---
2026-05-14 15:09:08,091 [INFO] Edge 0: [DER] Task 2 done. Backbones: 3 | Total features: 192 | Memory: 14994
2026-05-14 15:09:09,042 [INFO] Edge 1: [DER] Task 2 done. Backbones: 3 | Total features: 192 | Memory: 14994
2026-05-14 15:09:09,991 [INFO] Edge 2: [DER] Task 2 done. Backbones: 3 | Total features: 192 | Memory: 14994
2026-05-14 15:11:35,201 [INFO]   [Eval] Task 2, R 47: Acc: 44.46% | Prec-Mac: 54.02% | Rec-Mac: 59.78% | Mi-F1: 44.46% | Ma-F1: 43.33% | We-F1: 50.33% | Loss: 6.2262
2026-05-14 15:11:35,703 [INFO]   [CKPT] Saved: ckpt_der_task02_r047_global167_acc44.5.pth
2026-05-14 15:11:35,704 [INFO] 
--- Task 2, Round 48/80 (Global 168) ---
2026-05-14 15:11:36,700 [INFO] Edge 0: [DER] Task 2 done. Backbones: 3 | Total features: 192 | Memory: 14994
2026-05-14 15:11:37,642 [INFO] Edge 1: [DER] Task 2 done. Backbones: 3 | Total features: 192 | Memory: 14994
2026-05-14 15:11:38,589 [INFO] Edge 2: [DER] Task 2 done. Backbones: 3 | Total features: 192 | Memory: 14994
2026-05-14 15:14:03,411 [INFO]   [Eval] Task 2, R 48: Acc: 48.74% | Prec-Mac: 61.99% | Rec-Mac: 62.96% | Mi-F1: 48.74% | Ma-F1: 46.29% | We-F1: 54.79% | Loss: 5.4529
2026-05-14 15:14:03,940 [INFO]   [CKPT] Saved: ckpt_der_task02_r048_global168_acc48.7.pth
2026-05-14 15:14:03,941 [INFO] 
--- Task 2, Round 49/80 (Global 169) ---
2026-05-14 15:14:05,102 [INFO] Edge 0: [DER] Task 2 done. Backbones: 3 | Total features: 192 | Memory: 14994
2026-05-14 15:14:06,052 [INFO] Edge 1: [DER] Task 2 done. Backbones: 3 | Total features: 192 | Memory: 14994
2026-05-14 15:14:06,998 [INFO] Edge 2: [DER] Task 2 done. Backbones: 3 | Total features: 192 | Memory: 14994
2026-05-14 15:16:31,608 [INFO]   [Eval] Task 2, R 49: Acc: 46.09% | Prec-Mac: 61.75% | Rec-Mac: 60.49% | Mi-F1: 46.09% | Ma-F1: 44.04% | We-F1: 51.99% | Loss: 5.8767
2026-05-14 15:16:32,119 [INFO]   [CKPT] Saved: ckpt_der_task02_r049_global169_acc46.1.pth
2026-05-14 15:16:32,120 [INFO] 
--- Task 2, Round 50/80 (Global 170) ---
2026-05-14 15:16:33,288 [INFO] Edge 0: [DER] Task 2 done. Backbones: 3 | Total features: 192 | Memory: 14994
2026-05-14 15:16:34,280 [INFO] Edge 1: [DER] Task 2 done. Backbones: 3 | Total features: 192 | Memory: 14994
2026-05-14 15:16:35,226 [INFO] Edge 2: [DER] Task 2 done. Backbones: 3 | Total features: 192 | Memory: 14994
2026-05-14 15:19:00,517 [INFO]   [Eval] Task 2, R 50: Acc: 43.77% | Prec-Mac: 61.29% | Rec-Mac: 59.14% | Mi-F1: 43.77% | Ma-F1: 43.08% | We-F1: 50.03% | Loss: 6.0684
2026-05-14 15:19:01,020 [INFO]   [CKPT] Saved: ckpt_der_task02_r050_global170_acc43.8.pth
2026-05-14 15:19:01,020 [INFO] 
--- Task 2, Round 51/80 (Global 171) ---
2026-05-14 15:19:02,035 [INFO] Edge 0: [DER] Task 2 done. Backbones: 3 | Total features: 192 | Memory: 14994
2026-05-14 15:19:02,983 [INFO] Edge 1: [DER] Task 2 done. Backbones: 3 | Total features: 192 | Memory: 14994
2026-05-14 15:19:04,128 [INFO] Edge 2: [DER] Task 2 done. Backbones: 3 | Total features: 192 | Memory: 14994
2026-05-14 15:21:28,884 [INFO]   [Eval] Task 2, R 51: Acc: 49.33% | Prec-Mac: 58.31% | Rec-Mac: 63.36% | Mi-F1: 49.33% | Ma-F1: 46.96% | We-F1: 55.25% | Loss: 5.1995
2026-05-14 15:21:29,397 [INFO]   [CKPT] Saved: ckpt_der_task02_r051_global171_acc49.3.pth
2026-05-14 15:21:29,397 [INFO] 
--- Task 2, Round 52/80 (Global 172) ---
2026-05-14 15:21:30,590 [INFO] Edge 0: [DER] Task 2 done. Backbones: 3 | Total features: 192 | Memory: 14994
2026-05-14 15:21:31,538 [INFO] Edge 1: [DER] Task 2 done. Backbones: 3 | Total features: 192 | Memory: 14994
2026-05-14 15:21:32,489 [INFO] Edge 2: [DER] Task 2 done. Backbones: 3 | Total features: 192 | Memory: 14994
2026-05-14 15:23:57,472 [INFO]   [Eval] Task 2, R 52: Acc: 42.42% | Prec-Mac: 46.28% | Rec-Mac: 51.56% | Mi-F1: 42.42% | Ma-F1: 35.69% | We-F1: 48.74% | Loss: 6.0125
2026-05-14 15:23:57,972 [INFO]   [CKPT] Saved: ckpt_der_task02_r052_global172_acc42.4.pth
2026-05-14 15:23:57,972 [INFO] 
--- Task 2, Round 53/80 (Global 173) ---
2026-05-14 15:23:58,977 [INFO] Edge 0: [DER] Task 2 done. Backbones: 3 | Total features: 192 | Memory: 14994
2026-05-14 15:23:59,925 [INFO] Edge 1: [DER] Task 2 done. Backbones: 3 | Total features: 192 | Memory: 14994
2026-05-14 15:24:01,013 [INFO] Edge 2: [DER] Task 2 done. Backbones: 3 | Total features: 192 | Memory: 14994
2026-05-14 15:26:25,540 [INFO]   [Eval] Task 2, R 53: Acc: 49.32% | Prec-Mac: 60.91% | Rec-Mac: 63.16% | Mi-F1: 49.32% | Ma-F1: 46.71% | We-F1: 55.26% | Loss: 5.2189
2026-05-14 15:26:26,036 [INFO]   [CKPT] Saved: ckpt_der_task02_r053_global173_acc49.3.pth
2026-05-14 15:26:26,036 [INFO] 
--- Task 2, Round 54/80 (Global 174) ---
2026-05-14 15:26:27,040 [INFO] Edge 0: [DER] Task 2 done. Backbones: 3 | Total features: 192 | Memory: 14994
2026-05-14 15:26:27,979 [INFO] Edge 1: [DER] Task 2 done. Backbones: 3 | Total features: 192 | Memory: 14994
2026-05-14 15:26:29,066 [INFO] Edge 2: [DER] Task 2 done. Backbones: 3 | Total features: 192 | Memory: 14994
2026-05-14 15:28:53,587 [INFO]   [Eval] Task 2, R 54: Acc: 43.25% | Prec-Mac: 53.97% | Rec-Mac: 58.68% | Mi-F1: 43.25% | Ma-F1: 42.95% | We-F1: 49.56% | Loss: 6.1058
2026-05-14 15:28:54,149 [INFO]   [CKPT] Saved: ckpt_der_task02_r054_global174_acc43.3.pth
2026-05-14 15:28:54,149 [INFO] 
--- Task 2, Round 55/80 (Global 175) ---
2026-05-14 15:28:55,160 [INFO] Edge 0: [DER] Task 2 done. Backbones: 3 | Total features: 192 | Memory: 14994
2026-05-14 15:28:56,262 [INFO] Edge 1: [DER] Task 2 done. Backbones: 3 | Total features: 192 | Memory: 14994
2026-05-14 15:28:57,199 [INFO] Edge 2: [DER] Task 2 done. Backbones: 3 | Total features: 192 | Memory: 14994
2026-05-14 15:31:21,915 [INFO]   [Eval] Task 2, R 55: Acc: 49.42% | Prec-Mac: 58.33% | Rec-Mac: 63.44% | Mi-F1: 49.42% | Ma-F1: 46.97% | We-F1: 55.31% | Loss: 5.2445
2026-05-14 15:31:22,412 [INFO]   [CKPT] Saved: ckpt_der_task02_r055_global175_acc49.4.pth
2026-05-14 15:31:22,412 [INFO] 
--- Task 2, Round 56/80 (Global 176) ---
2026-05-14 15:31:23,419 [INFO] Edge 0: [DER] Task 2 done. Backbones: 3 | Total features: 192 | Memory: 14994
2026-05-14 15:31:24,389 [INFO] Edge 1: [DER] Task 2 done. Backbones: 3 | Total features: 192 | Memory: 14994
2026-05-14 15:31:25,335 [INFO] Edge 2: [DER] Task 2 done. Backbones: 3 | Total features: 192 | Memory: 14994
2026-05-14 15:33:50,929 [INFO]   [Eval] Task 2, R 56: Acc: 47.97% | Prec-Mac: 62.34% | Rec-Mac: 61.92% | Mi-F1: 47.97% | Ma-F1: 45.54% | We-F1: 53.91% | Loss: 5.4950
2026-05-14 15:33:51,432 [INFO]   [CKPT] Saved: ckpt_der_task02_r056_global176_acc48.0.pth
2026-05-14 15:33:51,432 [INFO] 
--- Task 2, Round 57/80 (Global 177) ---
2026-05-14 15:33:52,457 [INFO] Edge 0: [DER] Task 2 done. Backbones: 3 | Total features: 192 | Memory: 14994
2026-05-14 15:33:53,407 [INFO] Edge 1: [DER] Task 2 done. Backbones: 3 | Total features: 192 | Memory: 14994
2026-05-14 15:33:54,375 [INFO] Edge 2: [DER] Task 2 done. Backbones: 3 | Total features: 192 | Memory: 14994
2026-05-14 15:36:19,771 [INFO]   [Eval] Task 2, R 57: Acc: 46.06% | Prec-Mac: 61.45% | Rec-Mac: 60.57% | Mi-F1: 46.06% | Ma-F1: 44.21% | We-F1: 51.93% | Loss: 5.7284
2026-05-14 15:36:20,281 [INFO]   [CKPT] Saved: ckpt_der_task02_r057_global177_acc46.1.pth
2026-05-14 15:36:20,281 [INFO] 
--- Task 2, Round 58/80 (Global 178) ---
2026-05-14 15:36:21,429 [INFO] Edge 0: [DER] Task 2 done. Backbones: 3 | Total features: 192 | Memory: 14994
2026-05-14 15:36:22,381 [INFO] Edge 1: [DER] Task 2 done. Backbones: 3 | Total features: 192 | Memory: 14994
2026-05-14 15:36:23,331 [INFO] Edge 2: [DER] Task 2 done. Backbones: 3 | Total features: 192 | Memory: 14994
2026-05-14 15:38:49,126 [INFO]   [Eval] Task 2, R 58: Acc: 46.42% | Prec-Mac: 62.03% | Rec-Mac: 60.63% | Mi-F1: 46.42% | Ma-F1: 44.44% | We-F1: 52.42% | Loss: 5.7421
2026-05-14 15:38:49,631 [INFO]   [CKPT] Saved: ckpt_der_task02_r058_global178_acc46.4.pth
2026-05-14 15:38:49,631 [INFO] 
--- Task 2, Round 59/80 (Global 179) ---
2026-05-14 15:38:50,790 [INFO] Edge 0: [DER] Task 2 done. Backbones: 3 | Total features: 192 | Memory: 14994
2026-05-14 15:38:51,741 [INFO] Edge 1: [DER] Task 2 done. Backbones: 3 | Total features: 192 | Memory: 14994
2026-05-14 15:38:52,688 [INFO] Edge 2: [DER] Task 2 done. Backbones: 3 | Total features: 192 | Memory: 14994
2026-05-14 15:41:17,843 [INFO]   [Eval] Task 2, R 59: Acc: 46.90% | Prec-Mac: 62.36% | Rec-Mac: 60.86% | Mi-F1: 46.90% | Ma-F1: 44.75% | We-F1: 52.98% | Loss: 5.6409
2026-05-14 15:41:18,337 [INFO]   [CKPT] Saved: ckpt_der_task02_r059_global179_acc46.9.pth
2026-05-14 15:41:18,338 [INFO] 
--- Task 2, Round 60/80 (Global 180) ---
2026-05-14 15:41:19,354 [INFO] Edge 0: [DER] Task 2 done. Backbones: 3 | Total features: 192 | Memory: 14994
2026-05-14 15:41:20,297 [INFO] Edge 1: [DER] Task 2 done. Backbones: 3 | Total features: 192 | Memory: 14994
2026-05-14 15:41:21,397 [INFO] Edge 2: [DER] Task 2 done. Backbones: 3 | Total features: 192 | Memory: 14994
2026-05-14 15:43:46,227 [INFO]   [Eval] Task 2, R 60: Acc: 48.11% | Prec-Mac: 62.72% | Rec-Mac: 62.23% | Mi-F1: 48.11% | Ma-F1: 45.81% | We-F1: 54.08% | Loss: 5.5404
2026-05-14 15:43:46,731 [INFO]   [CKPT] Saved: ckpt_der_task02_r060_global180_acc48.1.pth
2026-05-14 15:43:46,731 [INFO] 
--- Task 2, Round 61/80 (Global 181) ---
2026-05-14 15:43:46,731 [INFO]    [LR DECAY] Round 60 reached milestone: New LR = 0.0002
2026-05-14 15:43:47,900 [INFO] Edge 0: [DER] Task 2 done. Backbones: 3 | Total features: 192 | Memory: 14994
2026-05-14 15:43:48,840 [INFO] Edge 1: [DER] Task 2 done. Backbones: 3 | Total features: 192 | Memory: 14994
2026-05-14 15:43:49,789 [INFO] Edge 2: [DER] Task 2 done. Backbones: 3 | Total features: 192 | Memory: 14994
2026-05-14 15:46:14,618 [INFO]   [Eval] Task 2, R 61: Acc: 45.99% | Prec-Mac: 61.96% | Rec-Mac: 60.55% | Mi-F1: 45.99% | Ma-F1: 44.00% | We-F1: 51.92% | Loss: 5.9408
2026-05-14 15:46:15,145 [INFO]   [CKPT] Saved: ckpt_der_task02_r061_global181_acc46.0.pth
2026-05-14 15:46:15,145 [INFO] 
--- Task 2, Round 62/80 (Global 182) ---
2026-05-14 15:46:16,187 [INFO] Edge 0: [DER] Task 2 done. Backbones: 3 | Total features: 192 | Memory: 14994
2026-05-14 15:46:17,143 [INFO] Edge 1: [DER] Task 2 done. Backbones: 3 | Total features: 192 | Memory: 14994
2026-05-14 15:46:18,247 [INFO] Edge 2: [DER] Task 2 done. Backbones: 3 | Total features: 192 | Memory: 14994
2026-05-14 15:48:43,471 [INFO]   [Eval] Task 2, R 62: Acc: 45.72% | Prec-Mac: 61.82% | Rec-Mac: 60.32% | Mi-F1: 45.72% | Ma-F1: 44.00% | We-F1: 51.84% | Loss: 5.8630
2026-05-14 15:48:44,025 [INFO]   [CKPT] Saved: ckpt_der_task02_r062_global182_acc45.7.pth
2026-05-14 15:48:44,026 [INFO] 
--- Task 2, Round 63/80 (Global 183) ---
2026-05-14 15:48:45,038 [INFO] Edge 0: [DER] Task 2 done. Backbones: 3 | Total features: 192 | Memory: 14994
2026-05-14 15:48:45,984 [INFO] Edge 1: [DER] Task 2 done. Backbones: 3 | Total features: 192 | Memory: 14994
2026-05-14 15:48:47,080 [INFO] Edge 2: [DER] Task 2 done. Backbones: 3 | Total features: 192 | Memory: 14994
2026-05-14 15:51:11,825 [INFO]   [Eval] Task 2, R 63: Acc: 43.76% | Prec-Mac: 61.70% | Rec-Mac: 59.20% | Mi-F1: 43.76% | Ma-F1: 43.04% | We-F1: 50.01% | Loss: 6.1070
2026-05-14 15:51:12,319 [INFO]   [CKPT] Saved: ckpt_der_task02_r063_global183_acc43.8.pth
2026-05-14 15:51:12,319 [INFO] 
--- Task 2, Round 64/80 (Global 184) ---
2026-05-14 15:51:13,312 [INFO] Edge 0: [DER] Task 2 done. Backbones: 3 | Total features: 192 | Memory: 14994
2026-05-14 15:51:14,432 [INFO] Edge 1: [DER] Task 2 done. Backbones: 3 | Total features: 192 | Memory: 14994
2026-05-14 15:51:15,376 [INFO] Edge 2: [DER] Task 2 done. Backbones: 3 | Total features: 192 | Memory: 14994
2026-05-14 15:53:39,975 [INFO]   [Eval] Task 2, R 64: Acc: 46.87% | Prec-Mac: 61.50% | Rec-Mac: 61.01% | Mi-F1: 46.87% | Ma-F1: 44.43% | We-F1: 52.56% | Loss: 5.7651
2026-05-14 15:53:40,478 [INFO]   [CKPT] Saved: ckpt_der_task02_r064_global184_acc46.9.pth
2026-05-14 15:53:40,478 [INFO] 
--- Task 2, Round 65/80 (Global 185) ---
2026-05-14 15:53:41,507 [INFO] Edge 0: [DER] Task 2 done. Backbones: 3 | Total features: 192 | Memory: 14994
2026-05-14 15:53:42,463 [INFO] Edge 1: [DER] Task 2 done. Backbones: 3 | Total features: 192 | Memory: 14994
2026-05-14 15:53:43,407 [INFO] Edge 2: [DER] Task 2 done. Backbones: 3 | Total features: 192 | Memory: 14994
2026-05-14 15:56:08,206 [INFO]   [Eval] Task 2, R 65: Acc: 50.68% | Prec-Mac: 55.34% | Rec-Mac: 64.28% | Mi-F1: 50.68% | Ma-F1: 46.89% | We-F1: 55.48% | Loss: 4.8210
2026-05-14 15:56:08,708 [INFO]   [CKPT] Saved: ckpt_der_task02_r065_global185_acc50.7.pth
2026-05-14 15:56:08,709 [INFO] 
--- Task 2, Round 66/80 (Global 186) ---
2026-05-14 15:56:09,722 [INFO] Edge 0: [DER] Task 2 done. Backbones: 3 | Total features: 192 | Memory: 14994
2026-05-14 15:56:10,671 [INFO] Edge 1: [DER] Task 2 done. Backbones: 3 | Total features: 192 | Memory: 14994
2026-05-14 15:56:11,622 [INFO] Edge 2: [DER] Task 2 done. Backbones: 3 | Total features: 192 | Memory: 14994
2026-05-14 15:58:36,528 [INFO]   [Eval] Task 2, R 66: Acc: 46.33% | Prec-Mac: 62.11% | Rec-Mac: 60.72% | Mi-F1: 46.33% | Ma-F1: 44.20% | We-F1: 52.31% | Loss: 5.8100
2026-05-14 15:58:37,032 [INFO]   [CKPT] Saved: ckpt_der_task02_r066_global186_acc46.3.pth
2026-05-14 15:58:37,032 [INFO] 
--- Task 2, Round 67/80 (Global 187) ---
2026-05-14 15:58:38,172 [INFO] Edge 0: [DER] Task 2 done. Backbones: 3 | Total features: 192 | Memory: 14994
2026-05-14 15:58:39,112 [INFO] Edge 1: [DER] Task 2 done. Backbones: 3 | Total features: 192 | Memory: 14994
2026-05-14 15:58:40,054 [INFO] Edge 2: [DER] Task 2 done. Backbones: 3 | Total features: 192 | Memory: 14994
2026-05-14 16:01:04,736 [INFO]   [Eval] Task 2, R 67: Acc: 48.86% | Prec-Mac: 61.98% | Rec-Mac: 62.73% | Mi-F1: 48.86% | Ma-F1: 46.28% | We-F1: 54.95% | Loss: 5.2756
2026-05-14 16:01:05,241 [INFO]   [CKPT] Saved: ckpt_der_task02_r067_global187_acc48.9.pth
2026-05-14 16:01:05,241 [INFO] 
--- Task 2, Round 68/80 (Global 188) ---
2026-05-14 16:01:06,417 [INFO] Edge 0: [DER] Task 2 done. Backbones: 3 | Total features: 192 | Memory: 14994
2026-05-14 16:01:07,361 [INFO] Edge 1: [DER] Task 2 done. Backbones: 3 | Total features: 192 | Memory: 14994
2026-05-14 16:01:08,305 [INFO] Edge 2: [DER] Task 2 done. Backbones: 3 | Total features: 192 | Memory: 14994
2026-05-14 16:03:33,309 [INFO]   [Eval] Task 2, R 68: Acc: 47.27% | Prec-Mac: 61.89% | Rec-Mac: 61.06% | Mi-F1: 47.27% | Ma-F1: 44.84% | We-F1: 53.25% | Loss: 5.4782
2026-05-14 16:03:33,828 [INFO]   [CKPT] Saved: ckpt_der_task02_r068_global188_acc47.3.pth
2026-05-14 16:03:33,828 [INFO] 
--- Task 2, Round 69/80 (Global 189) ---
2026-05-14 16:03:34,883 [INFO] Edge 0: [DER] Task 2 done. Backbones: 3 | Total features: 192 | Memory: 14994
2026-05-14 16:03:35,831 [INFO] Edge 1: [DER] Task 2 done. Backbones: 3 | Total features: 192 | Memory: 14994
2026-05-14 16:03:36,929 [INFO] Edge 2: [DER] Task 2 done. Backbones: 3 | Total features: 192 | Memory: 14994
2026-05-14 16:06:01,419 [INFO]   [Eval] Task 2, R 69: Acc: 45.75% | Prec-Mac: 61.42% | Rec-Mac: 60.42% | Mi-F1: 45.75% | Ma-F1: 43.92% | We-F1: 51.58% | Loss: 5.8917
2026-05-14 16:06:01,926 [INFO]   [CKPT] Saved: ckpt_der_task02_r069_global189_acc45.8.pth
2026-05-14 16:06:01,927 [INFO] 
--- Task 2, Round 70/80 (Global 190) ---
2026-05-14 16:06:03,078 [INFO] Edge 0: [DER] Task 2 done. Backbones: 3 | Total features: 192 | Memory: 14994
2026-05-14 16:06:04,038 [INFO] Edge 1: [DER] Task 2 done. Backbones: 3 | Total features: 192 | Memory: 14994
2026-05-14 16:06:04,991 [INFO] Edge 2: [DER] Task 2 done. Backbones: 3 | Total features: 192 | Memory: 14994
2026-05-14 16:08:29,649 [INFO]   [Eval] Task 2, R 70: Acc: 44.48% | Prec-Mac: 53.37% | Rec-Mac: 59.71% | Mi-F1: 44.48% | Ma-F1: 43.19% | We-F1: 50.38% | Loss: 6.1641
2026-05-14 16:08:30,177 [INFO]   [CKPT] Saved: ckpt_der_task02_r070_global190_acc44.5.pth
2026-05-14 16:08:30,177 [INFO] 
--- Task 2, Round 71/80 (Global 191) ---
2026-05-14 16:08:31,193 [INFO] Edge 0: [DER] Task 2 done. Backbones: 3 | Total features: 192 | Memory: 14994
2026-05-14 16:08:32,156 [INFO] Edge 1: [DER] Task 2 done. Backbones: 3 | Total features: 192 | Memory: 14994
2026-05-14 16:08:33,249 [INFO] Edge 2: [DER] Task 2 done. Backbones: 3 | Total features: 192 | Memory: 14994
2026-05-14 16:10:57,890 [INFO]   [Eval] Task 2, R 71: Acc: 46.06% | Prec-Mac: 61.43% | Rec-Mac: 60.71% | Mi-F1: 46.06% | Ma-F1: 43.94% | We-F1: 51.68% | Loss: 5.9439
2026-05-14 16:10:58,397 [INFO]   [CKPT] Saved: ckpt_der_task02_r071_global191_acc46.1.pth
2026-05-14 16:10:58,397 [INFO] 
--- Task 2, Round 72/80 (Global 192) ---
2026-05-14 16:10:59,399 [INFO] Edge 0: [DER] Task 2 done. Backbones: 3 | Total features: 192 | Memory: 14994
2026-05-14 16:11:00,338 [INFO] Edge 1: [DER] Task 2 done. Backbones: 3 | Total features: 192 | Memory: 14994
2026-05-14 16:11:01,428 [INFO] Edge 2: [DER] Task 2 done. Backbones: 3 | Total features: 192 | Memory: 14994
2026-05-14 16:13:25,839 [INFO]   [Eval] Task 2, R 72: Acc: 44.89% | Prec-Mac: 62.17% | Rec-Mac: 60.04% | Mi-F1: 44.89% | Ma-F1: 43.47% | We-F1: 50.72% | Loss: 6.1929
2026-05-14 16:13:26,342 [INFO]   [CKPT] Saved: ckpt_der_task02_r072_global192_acc44.9.pth
2026-05-14 16:13:26,342 [INFO] 
--- Task 2, Round 73/80 (Global 193) ---
2026-05-14 16:13:27,348 [INFO] Edge 0: [DER] Task 2 done. Backbones: 3 | Total features: 192 | Memory: 14994
2026-05-14 16:13:28,450 [INFO] Edge 1: [DER] Task 2 done. Backbones: 3 | Total features: 192 | Memory: 14994
2026-05-14 16:13:29,398 [INFO] Edge 2: [DER] Task 2 done. Backbones: 3 | Total features: 192 | Memory: 14994
2026-05-14 16:15:54,325 [INFO]   [Eval] Task 2, R 73: Acc: 46.04% | Prec-Mac: 61.44% | Rec-Mac: 60.60% | Mi-F1: 46.04% | Ma-F1: 44.06% | We-F1: 51.87% | Loss: 5.9181
2026-05-14 16:15:54,826 [INFO]   [CKPT] Saved: ckpt_der_task02_r073_global193_acc46.0.pth
2026-05-14 16:15:54,826 [INFO] 
--- Task 2, Round 74/80 (Global 194) ---
2026-05-14 16:15:55,829 [INFO] Edge 0: [DER] Task 2 done. Backbones: 3 | Total features: 192 | Memory: 14994
2026-05-14 16:15:56,777 [INFO] Edge 1: [DER] Task 2 done. Backbones: 3 | Total features: 192 | Memory: 14994
2026-05-14 16:15:57,728 [INFO] Edge 2: [DER] Task 2 done. Backbones: 3 | Total features: 192 | Memory: 14994
2026-05-14 16:18:22,464 [INFO]   [Eval] Task 2, R 74: Acc: 48.24% | Prec-Mac: 62.79% | Rec-Mac: 62.08% | Mi-F1: 48.24% | Ma-F1: 45.81% | We-F1: 54.41% | Loss: 5.4853
2026-05-14 16:18:22,974 [INFO]   [CKPT] Saved: ckpt_der_task02_r074_global194_acc48.2.pth
2026-05-14 16:18:22,975 [INFO] 
--- Task 2, Round 75/80 (Global 195) ---
2026-05-14 16:18:24,008 [INFO] Edge 0: [DER] Task 2 done. Backbones: 3 | Total features: 192 | Memory: 14994
2026-05-14 16:18:24,951 [INFO] Edge 1: [DER] Task 2 done. Backbones: 3 | Total features: 192 | Memory: 14994
2026-05-14 16:18:25,894 [INFO] Edge 2: [DER] Task 2 done. Backbones: 3 | Total features: 192 | Memory: 14994
2026-05-14 16:20:53,005 [INFO]   [Eval] Task 2, R 75: Acc: 48.93% | Prec-Mac: 57.47% | Rec-Mac: 62.84% | Mi-F1: 48.93% | Ma-F1: 46.20% | We-F1: 54.93% | Loss: 5.2878
2026-05-14 16:20:53,518 [INFO]   [CKPT] Saved: ckpt_der_task02_r075_global195_acc48.9.pth
2026-05-14 16:20:53,519 [INFO] 
--- Task 2, Round 76/80 (Global 196) ---
2026-05-14 16:20:54,696 [INFO] Edge 0: [DER] Task 2 done. Backbones: 3 | Total features: 192 | Memory: 14994
2026-05-14 16:20:55,642 [INFO] Edge 1: [DER] Task 2 done. Backbones: 3 | Total features: 192 | Memory: 14994
2026-05-14 16:20:56,585 [INFO] Edge 2: [DER] Task 2 done. Backbones: 3 | Total features: 192 | Memory: 14994
2026-05-14 16:23:20,981 [INFO]   [Eval] Task 2, R 76: Acc: 43.29% | Prec-Mac: 53.56% | Rec-Mac: 58.54% | Mi-F1: 43.29% | Ma-F1: 42.76% | We-F1: 49.53% | Loss: 6.1708
2026-05-14 16:23:21,476 [INFO]   [CKPT] Saved: ckpt_der_task02_r076_global196_acc43.3.pth
2026-05-14 16:23:21,476 [INFO] 
--- Task 2, Round 77/80 (Global 197) ---
2026-05-14 16:23:22,649 [INFO] Edge 0: [DER] Task 2 done. Backbones: 3 | Total features: 192 | Memory: 14994
2026-05-14 16:23:23,597 [INFO] Edge 1: [DER] Task 2 done. Backbones: 3 | Total features: 192 | Memory: 14994
2026-05-14 16:23:24,559 [INFO] Edge 2: [DER] Task 2 done. Backbones: 3 | Total features: 192 | Memory: 14994
2026-05-14 16:25:49,665 [INFO]   [Eval] Task 2, R 77: Acc: 49.83% | Prec-Mac: 57.66% | Rec-Mac: 63.83% | Mi-F1: 49.83% | Ma-F1: 47.21% | We-F1: 55.74% | Loss: 5.1821
2026-05-14 16:25:50,162 [INFO]   [CKPT] Saved: ckpt_der_task02_r077_global197_acc49.8.pth
2026-05-14 16:25:50,162 [INFO] 
--- Task 2, Round 78/80 (Global 198) ---
2026-05-14 16:25:51,183 [INFO] Edge 0: [DER] Task 2 done. Backbones: 3 | Total features: 192 | Memory: 14994
2026-05-14 16:25:52,133 [INFO] Edge 1: [DER] Task 2 done. Backbones: 3 | Total features: 192 | Memory: 14994
2026-05-14 16:25:53,227 [INFO] Edge 2: [DER] Task 2 done. Backbones: 3 | Total features: 192 | Memory: 14994
2026-05-14 16:28:17,943 [INFO]   [Eval] Task 2, R 78: Acc: 46.28% | Prec-Mac: 61.74% | Rec-Mac: 60.72% | Mi-F1: 46.28% | Ma-F1: 44.20% | We-F1: 52.12% | Loss: 5.8214
2026-05-14 16:28:18,441 [INFO]   [CKPT] Saved: ckpt_der_task02_r078_global198_acc46.3.pth
2026-05-14 16:28:18,442 [INFO] 
--- Task 2, Round 79/80 (Global 199) ---
2026-05-14 16:28:19,618 [INFO] Edge 0: [DER] Task 2 done. Backbones: 3 | Total features: 192 | Memory: 14994
2026-05-14 16:28:20,563 [INFO] Edge 1: [DER] Task 2 done. Backbones: 3 | Total features: 192 | Memory: 14994
2026-05-14 16:28:21,510 [INFO] Edge 2: [DER] Task 2 done. Backbones: 3 | Total features: 192 | Memory: 14994
2026-05-14 16:30:46,429 [INFO]   [Eval] Task 2, R 79: Acc: 46.10% | Prec-Mac: 61.22% | Rec-Mac: 60.60% | Mi-F1: 46.10% | Ma-F1: 44.02% | We-F1: 51.94% | Loss: 5.7967
2026-05-14 16:30:46,936 [INFO]   [CKPT] Saved: ckpt_der_task02_r079_global199_acc46.1.pth
2026-05-14 16:30:46,936 [INFO] 
--- Task 2, Round 80/80 (Global 200) ---
2026-05-14 16:31:37,516 [INFO] Edge 0: [DER] Task 2 done. Backbones: 3 | Total features: 192 | Memory: 14989
2026-05-14 16:32:27,519 [INFO] Edge 1: [DER] Task 2 done. Backbones: 3 | Total features: 192 | Memory: 14989
2026-05-14 16:33:18,363 [INFO] Edge 2: [DER] Task 2 done. Backbones: 3 | Total features: 192 | Memory: 14989
2026-05-14 16:35:43,213 [INFO]   [Eval] Task 2, R 80: Acc: 46.68% | Prec-Mac: 61.93% | Rec-Mac: 60.69% | Mi-F1: 46.68% | Ma-F1: 44.61% | We-F1: 52.79% | Loss: 5.6961
2026-05-14 16:35:43,731 [INFO]   [CKPT] Saved: ckpt_der_task02_r080_global200_acc46.7.pth
2026-05-14 16:35:43,731 [INFO] 
Loading data for Task 3 (Classes: [13, 14, 15, 16])...
2026-05-14 16:35:44,354 [INFO] [DER] Added backbone 4, total features=256, classes=17 for Task 3
2026-05-14 16:35:44,397 [INFO] 
============================================================
2026-05-14 16:35:44,397 [INFO] Task 3/4 | Classes: [13, 14, 15, 16] | 80 rounds | LR: 0.02
2026-05-14 16:35:44,397 [INFO] ============================================================
2026-05-14 16:35:44,397 [INFO] 
--- Task 3, Round 1/80 (Global 201) ---
2026-05-14 16:35:44,964 [INFO] Edge 0: [DER] Task 3 done. Backbones: 4 | Total features: 256 | Memory: 14989
2026-05-14 16:35:45,296 [INFO] Edge 1: [DER] Task 3 done. Backbones: 4 | Total features: 256 | Memory: 14989
2026-05-14 16:35:45,784 [INFO] Edge 2: [DER] Task 3 done. Backbones: 4 | Total features: 256 | Memory: 14989
2026-05-14 16:38:17,828 [INFO]   [Eval] Task 3, R 1: Acc: 40.23% | Prec-Mac: 52.03% | Rec-Mac: 48.05% | Mi-F1: 40.23% | Ma-F1: 31.26% | We-F1: 45.68% | Loss: 6.1970
2026-05-14 16:38:18,331 [INFO]   [CKPT] Saved: ckpt_der_task03_r001_global201_acc40.2.pth
2026-05-14 16:38:18,332 [INFO] 
--- Task 3, Round 2/80 (Global 202) ---
2026-05-14 16:38:18,909 [INFO] Edge 0: [DER] Task 3 done. Backbones: 4 | Total features: 256 | Memory: 14989
2026-05-14 16:38:19,249 [INFO] Edge 1: [DER] Task 3 done. Backbones: 4 | Total features: 256 | Memory: 14989
2026-05-14 16:38:19,733 [INFO] Edge 2: [DER] Task 3 done. Backbones: 4 | Total features: 256 | Memory: 14989
2026-05-14 16:40:51,555 [INFO]   [Eval] Task 3, R 2: Acc: 55.09% | Prec-Mac: 45.43% | Rec-Mac: 48.62% | Mi-F1: 55.09% | Ma-F1: 35.09% | We-F1: 62.22% | Loss: 4.5548
2026-05-14 16:40:52,059 [INFO]   [CKPT] Saved: ckpt_der_task03_r002_global202_acc55.1.pth
2026-05-14 16:40:52,060 [INFO] 
--- Task 3, Round 3/80 (Global 203) ---
2026-05-14 16:40:52,637 [INFO] Edge 0: [DER] Task 3 done. Backbones: 4 | Total features: 256 | Memory: 14989
2026-05-14 16:40:52,970 [INFO] Edge 1: [DER] Task 3 done. Backbones: 4 | Total features: 256 | Memory: 14989
2026-05-14 16:40:53,449 [INFO] Edge 2: [DER] Task 3 done. Backbones: 4 | Total features: 256 | Memory: 14989
2026-05-14 16:43:25,758 [INFO]   [Eval] Task 3, R 3: Acc: 49.60% | Prec-Mac: 44.81% | Rec-Mac: 51.76% | Mi-F1: 49.60% | Ma-F1: 32.64% | We-F1: 57.57% | Loss: 4.9913
2026-05-14 16:43:26,299 [INFO]   [CKPT] Saved: ckpt_der_task03_r003_global203_acc49.6.pth
2026-05-14 16:43:26,300 [INFO] 
--- Task 3, Round 4/80 (Global 204) ---
2026-05-14 16:43:26,863 [INFO] Edge 0: [DER] Task 3 done. Backbones: 4 | Total features: 256 | Memory: 14989
2026-05-14 16:43:27,201 [INFO] Edge 1: [DER] Task 3 done. Backbones: 4 | Total features: 256 | Memory: 14989
2026-05-14 16:43:27,690 [INFO] Edge 2: [DER] Task 3 done. Backbones: 4 | Total features: 256 | Memory: 14989
2026-05-14 16:46:00,235 [INFO]   [Eval] Task 3, R 4: Acc: 49.17% | Prec-Mac: 43.45% | Rec-Mac: 48.51% | Mi-F1: 49.17% | Ma-F1: 32.94% | We-F1: 57.03% | Loss: 5.2197
2026-05-14 16:46:00,748 [INFO]   [CKPT] Saved: ckpt_der_task03_r004_global204_acc49.2.pth
2026-05-14 16:46:00,748 [INFO] 
--- Task 3, Round 5/80 (Global 205) ---
2026-05-14 16:46:01,166 [INFO] Edge 0: [DER] Task 3 done. Backbones: 4 | Total features: 256 | Memory: 14989
2026-05-14 16:46:01,499 [INFO] Edge 1: [DER] Task 3 done. Backbones: 4 | Total features: 256 | Memory: 14989
2026-05-14 16:46:01,987 [INFO] Edge 2: [DER] Task 3 done. Backbones: 4 | Total features: 256 | Memory: 14989
2026-05-14 16:48:34,013 [INFO]   [Eval] Task 3, R 5: Acc: 48.97% | Prec-Mac: 42.44% | Rec-Mac: 48.01% | Mi-F1: 48.97% | Ma-F1: 32.41% | We-F1: 57.14% | Loss: 5.3235
2026-05-14 16:48:34,700 [INFO]   [CKPT] Saved: ckpt_der_task03_r005_global205_acc49.0.pth
2026-05-14 16:48:34,700 [INFO] 
--- Task 3, Round 6/80 (Global 206) ---
2026-05-14 16:48:35,114 [INFO] Edge 0: [DER] Task 3 done. Backbones: 4 | Total features: 256 | Memory: 14989
2026-05-14 16:48:35,593 [INFO] Edge 1: [DER] Task 3 done. Backbones: 4 | Total features: 256 | Memory: 14989
2026-05-14 16:48:35,928 [INFO] Edge 2: [DER] Task 3 done. Backbones: 4 | Total features: 256 | Memory: 14989
2026-05-14 16:51:08,959 [INFO]   [Eval] Task 3, R 6: Acc: 49.69% | Prec-Mac: 41.75% | Rec-Mac: 48.21% | Mi-F1: 49.69% | Ma-F1: 32.95% | We-F1: 57.91% | Loss: 5.1447
2026-05-14 16:51:09,468 [INFO]   [CKPT] Saved: ckpt_der_task03_r006_global206_acc49.7.pth
2026-05-14 16:51:09,468 [INFO] 
--- Task 3, Round 7/80 (Global 207) ---
2026-05-14 16:51:09,869 [INFO] Edge 0: [DER] Task 3 done. Backbones: 4 | Total features: 256 | Memory: 14989
2026-05-14 16:51:10,358 [INFO] Edge 1: [DER] Task 3 done. Backbones: 4 | Total features: 256 | Memory: 14989
2026-05-14 16:51:10,691 [INFO] Edge 2: [DER] Task 3 done. Backbones: 4 | Total features: 256 | Memory: 14989
2026-05-14 16:53:42,890 [INFO]   [Eval] Task 3, R 7: Acc: 45.27% | Prec-Mac: 41.57% | Rec-Mac: 46.28% | Mi-F1: 45.27% | Ma-F1: 30.82% | We-F1: 53.18% | Loss: 5.6270
2026-05-14 16:53:43,414 [INFO]   [CKPT] Saved: ckpt_der_task03_r007_global207_acc45.3.pth
2026-05-14 16:53:43,415 [INFO] 
--- Task 3, Round 8/80 (Global 208) ---
2026-05-14 16:53:43,821 [INFO] Edge 0: [DER] Task 3 done. Backbones: 4 | Total features: 256 | Memory: 14989
2026-05-14 16:53:44,341 [INFO] Edge 1: [DER] Task 3 done. Backbones: 4 | Total features: 256 | Memory: 14989
2026-05-14 16:53:44,678 [INFO] Edge 2: [DER] Task 3 done. Backbones: 4 | Total features: 256 | Memory: 14989
2026-05-14 16:56:17,121 [INFO]   [Eval] Task 3, R 8: Acc: 49.73% | Prec-Mac: 42.46% | Rec-Mac: 51.19% | Mi-F1: 49.73% | Ma-F1: 33.41% | We-F1: 58.00% | Loss: 5.2190
2026-05-14 16:56:17,621 [INFO]   [CKPT] Saved: ckpt_der_task03_r008_global208_acc49.7.pth
2026-05-14 16:56:17,621 [INFO] 
--- Task 3, Round 9/80 (Global 209) ---
2026-05-14 16:56:18,006 [INFO] Edge 0: [DER] Task 3 done. Backbones: 4 | Total features: 256 | Memory: 14989
2026-05-14 16:56:18,492 [INFO] Edge 1: [DER] Task 3 done. Backbones: 4 | Total features: 256 | Memory: 14989
2026-05-14 16:56:18,824 [INFO] Edge 2: [DER] Task 3 done. Backbones: 4 | Total features: 256 | Memory: 14989
2026-05-14 16:58:50,803 [INFO]   [Eval] Task 3, R 9: Acc: 50.00% | Prec-Mac: 42.39% | Rec-Mac: 53.12% | Mi-F1: 50.00% | Ma-F1: 33.71% | We-F1: 58.01% | Loss: 5.1470
2026-05-14 16:58:51,301 [INFO]   [CKPT] Saved: ckpt_der_task03_r009_global209_acc50.0.pth
2026-05-14 16:58:51,301 [INFO] 
--- Task 3, Round 10/80 (Global 210) ---
2026-05-14 16:58:51,695 [INFO] Edge 0: [DER] Task 3 done. Backbones: 4 | Total features: 256 | Memory: 14989
2026-05-14 16:58:52,196 [INFO] Edge 1: [DER] Task 3 done. Backbones: 4 | Total features: 256 | Memory: 14989
2026-05-14 16:58:52,527 [INFO] Edge 2: [DER] Task 3 done. Backbones: 4 | Total features: 256 | Memory: 14989
2026-05-14 17:01:25,068 [INFO]   [Eval] Task 3, R 10: Acc: 40.39% | Prec-Mac: 41.35% | Rec-Mac: 44.34% | Mi-F1: 40.39% | Ma-F1: 28.46% | We-F1: 45.52% | Loss: 5.6031
2026-05-14 17:01:25,587 [INFO]   [CKPT] Saved: ckpt_der_task03_r010_global210_acc40.4.pth
2026-05-14 17:01:25,588 [INFO] 
--- Task 3, Round 11/80 (Global 211) ---
2026-05-14 17:01:25,992 [INFO] Edge 0: [DER] Task 3 done. Backbones: 4 | Total features: 256 | Memory: 14989
2026-05-14 17:01:26,492 [INFO] Edge 1: [DER] Task 3 done. Backbones: 4 | Total features: 256 | Memory: 14989
2026-05-14 17:01:26,829 [INFO] Edge 2: [DER] Task 3 done. Backbones: 4 | Total features: 256 | Memory: 14989
2026-05-14 17:03:59,011 [INFO]   [Eval] Task 3, R 11: Acc: 49.01% | Prec-Mac: 42.70% | Rec-Mac: 48.18% | Mi-F1: 49.01% | Ma-F1: 33.25% | We-F1: 57.36% | Loss: 5.3440
2026-05-14 17:03:59,512 [INFO]   [CKPT] Saved: ckpt_der_task03_r011_global211_acc49.0.pth
2026-05-14 17:03:59,512 [INFO] 
--- Task 3, Round 12/80 (Global 212) ---
2026-05-14 17:03:59,918 [INFO] Edge 0: [DER] Task 3 done. Backbones: 4 | Total features: 256 | Memory: 14989
2026-05-14 17:04:00,403 [INFO] Edge 1: [DER] Task 3 done. Backbones: 4 | Total features: 256 | Memory: 14989
2026-05-14 17:04:00,737 [INFO] Edge 2: [DER] Task 3 done. Backbones: 4 | Total features: 256 | Memory: 14989
2026-05-14 17:06:33,015 [INFO]   [Eval] Task 3, R 12: Acc: 49.57% | Prec-Mac: 42.36% | Rec-Mac: 51.68% | Mi-F1: 49.57% | Ma-F1: 33.73% | We-F1: 57.84% | Loss: 5.1840
2026-05-14 17:06:33,521 [INFO]   [CKPT] Saved: ckpt_der_task03_r012_global212_acc49.6.pth
2026-05-14 17:06:33,521 [INFO] 
--- Task 3, Round 13/80 (Global 213) ---
2026-05-14 17:06:33,926 [INFO] Edge 0: [DER] Task 3 done. Backbones: 4 | Total features: 256 | Memory: 14989
2026-05-14 17:06:34,417 [INFO] Edge 1: [DER] Task 3 done. Backbones: 4 | Total features: 256 | Memory: 14989
2026-05-14 17:06:34,749 [INFO] Edge 2: [DER] Task 3 done. Backbones: 4 | Total features: 256 | Memory: 14989
2026-05-14 17:09:06,920 [INFO]   [Eval] Task 3, R 13: Acc: 49.86% | Prec-Mac: 42.33% | Rec-Mac: 52.19% | Mi-F1: 49.86% | Ma-F1: 34.04% | We-F1: 58.12% | Loss: 5.1403
2026-05-14 17:09:07,417 [INFO]   [CKPT] Saved: ckpt_der_task03_r013_global213_acc49.9.pth
2026-05-14 17:09:07,417 [INFO] 
--- Task 3, Round 14/80 (Global 214) ---
2026-05-14 17:09:07,818 [INFO] Edge 0: [DER] Task 3 done. Backbones: 4 | Total features: 256 | Memory: 14989
2026-05-14 17:09:08,313 [INFO] Edge 1: [DER] Task 3 done. Backbones: 4 | Total features: 256 | Memory: 14989
2026-05-14 17:09:08,649 [INFO] Edge 2: [DER] Task 3 done. Backbones: 4 | Total features: 256 | Memory: 14989
2026-05-14 17:11:41,133 [INFO]   [Eval] Task 3, R 14: Acc: 49.93% | Prec-Mac: 42.44% | Rec-Mac: 52.11% | Mi-F1: 49.93% | Ma-F1: 34.32% | We-F1: 58.19% | Loss: 5.1747
2026-05-14 17:11:41,632 [INFO]   [CKPT] Saved: ckpt_der_task03_r014_global214_acc49.9.pth
2026-05-14 17:11:41,632 [INFO] 
--- Task 3, Round 15/80 (Global 215) ---
2026-05-14 17:11:42,040 [INFO] Edge 0: [DER] Task 3 done. Backbones: 4 | Total features: 256 | Memory: 14989
2026-05-14 17:11:42,522 [INFO] Edge 1: [DER] Task 3 done. Backbones: 4 | Total features: 256 | Memory: 14989
2026-05-14 17:11:42,857 [INFO] Edge 2: [DER] Task 3 done. Backbones: 4 | Total features: 256 | Memory: 14989
2026-05-14 17:14:15,005 [INFO]   [Eval] Task 3, R 15: Acc: 50.59% | Prec-Mac: 42.88% | Rec-Mac: 49.51% | Mi-F1: 50.59% | Ma-F1: 34.78% | We-F1: 58.92% | Loss: 5.0693
2026-05-14 17:14:15,510 [INFO]   [CKPT] Saved: ckpt_der_task03_r015_global215_acc50.6.pth
2026-05-14 17:14:15,510 [INFO] 
--- Task 3, Round 16/80 (Global 216) ---
2026-05-14 17:14:15,897 [INFO] Edge 0: [DER] Task 3 done. Backbones: 4 | Total features: 256 | Memory: 14989
2026-05-14 17:14:16,382 [INFO] Edge 1: [DER] Task 3 done. Backbones: 4 | Total features: 256 | Memory: 14989
2026-05-14 17:14:16,718 [INFO] Edge 2: [DER] Task 3 done. Backbones: 4 | Total features: 256 | Memory: 14989
2026-05-14 17:16:48,783 [INFO]   [Eval] Task 3, R 16: Acc: 49.71% | Prec-Mac: 42.48% | Rec-Mac: 52.40% | Mi-F1: 49.71% | Ma-F1: 34.40% | We-F1: 58.02% | Loss: 5.1442
2026-05-14 17:16:49,284 [INFO]   [CKPT] Saved: ckpt_der_task03_r016_global216_acc49.7.pth
2026-05-14 17:16:49,285 [INFO] 
--- Task 3, Round 17/80 (Global 217) ---
2026-05-14 17:16:49,696 [INFO] Edge 0: [DER] Task 3 done. Backbones: 4 | Total features: 256 | Memory: 14989
2026-05-14 17:16:50,180 [INFO] Edge 1: [DER] Task 3 done. Backbones: 4 | Total features: 256 | Memory: 14989
2026-05-14 17:16:50,512 [INFO] Edge 2: [DER] Task 3 done. Backbones: 4 | Total features: 256 | Memory: 14989
2026-05-14 17:19:22,732 [INFO]   [Eval] Task 3, R 17: Acc: 49.69% | Prec-Mac: 42.69% | Rec-Mac: 49.28% | Mi-F1: 49.69% | Ma-F1: 34.34% | We-F1: 58.03% | Loss: 5.2646
2026-05-14 17:19:23,230 [INFO]   [CKPT] Saved: ckpt_der_task03_r017_global217_acc49.7.pth
2026-05-14 17:19:23,230 [INFO] 
--- Task 3, Round 18/80 (Global 218) ---
2026-05-14 17:19:23,648 [INFO] Edge 0: [DER] Task 3 done. Backbones: 4 | Total features: 256 | Memory: 14989
2026-05-14 17:19:24,146 [INFO] Edge 1: [DER] Task 3 done. Backbones: 4 | Total features: 256 | Memory: 14989
2026-05-14 17:19:24,483 [INFO] Edge 2: [DER] Task 3 done. Backbones: 4 | Total features: 256 | Memory: 14989
2026-05-14 17:21:57,138 [INFO]   [Eval] Task 3, R 18: Acc: 50.46% | Prec-Mac: 48.43% | Rec-Mac: 52.49% | Mi-F1: 50.46% | Ma-F1: 34.69% | We-F1: 58.77% | Loss: 4.9922
2026-05-14 17:21:57,643 [INFO]   [CKPT] Saved: ckpt_der_task03_r018_global218_acc50.5.pth
2026-05-14 17:21:57,644 [INFO] 
--- Task 3, Round 19/80 (Global 219) ---
2026-05-14 17:21:58,036 [INFO] Edge 0: [DER] Task 3 done. Backbones: 4 | Total features: 256 | Memory: 14989
2026-05-14 17:21:58,527 [INFO] Edge 1: [DER] Task 3 done. Backbones: 4 | Total features: 256 | Memory: 14989
2026-05-14 17:21:58,861 [INFO] Edge 2: [DER] Task 3 done. Backbones: 4 | Total features: 256 | Memory: 14989
2026-05-14 17:24:31,101 [INFO]   [Eval] Task 3, R 19: Acc: 50.78% | Prec-Mac: 48.48% | Rec-Mac: 52.95% | Mi-F1: 50.78% | Ma-F1: 34.74% | We-F1: 59.03% | Loss: 5.0440
2026-05-14 17:24:31,621 [INFO]   [CKPT] Saved: ckpt_der_task03_r019_global219_acc50.8.pth
2026-05-14 17:24:31,621 [INFO] 
--- Task 3, Round 20/80 (Global 220) ---
2026-05-14 17:24:32,019 [INFO] Edge 0: [DER] Task 3 done. Backbones: 4 | Total features: 256 | Memory: 14989
2026-05-14 17:24:32,509 [INFO] Edge 1: [DER] Task 3 done. Backbones: 4 | Total features: 256 | Memory: 14989
2026-05-14 17:24:32,843 [INFO] Edge 2: [DER] Task 3 done. Backbones: 4 | Total features: 256 | Memory: 14989
2026-05-14 17:27:05,462 [INFO]   [Eval] Task 3, R 20: Acc: 49.82% | Prec-Mac: 42.71% | Rec-Mac: 52.31% | Mi-F1: 49.82% | Ma-F1: 34.41% | We-F1: 58.08% | Loss: 5.2691
2026-05-14 17:27:05,958 [INFO]   [CKPT] Saved: ckpt_der_task03_r020_global220_acc49.8.pth
2026-05-14 17:27:05,959 [INFO] 
--- Task 3, Round 21/80 (Global 221) ---
2026-05-14 17:27:06,344 [INFO] Edge 0: [DER] Task 3 done. Backbones: 4 | Total features: 256 | Memory: 14989
2026-05-14 17:27:06,835 [INFO] Edge 1: [DER] Task 3 done. Backbones: 4 | Total features: 256 | Memory: 14989
2026-05-14 17:27:07,170 [INFO] Edge 2: [DER] Task 3 done. Backbones: 4 | Total features: 256 | Memory: 14989
2026-05-14 17:29:39,525 [INFO]   [Eval] Task 3, R 21: Acc: 47.56% | Prec-Mac: 43.83% | Rec-Mac: 48.39% | Mi-F1: 47.56% | Ma-F1: 34.27% | We-F1: 56.01% | Loss: 5.4588
2026-05-14 17:29:40,030 [INFO]   [CKPT] Saved: ckpt_der_task03_r021_global221_acc47.6.pth
2026-05-14 17:29:40,030 [INFO] 
--- Task 3, Round 22/80 (Global 222) ---
2026-05-14 17:29:40,431 [INFO] Edge 0: [DER] Task 3 done. Backbones: 4 | Total features: 256 | Memory: 14989
2026-05-14 17:29:40,917 [INFO] Edge 1: [DER] Task 3 done. Backbones: 4 | Total features: 256 | Memory: 14989
2026-05-14 17:29:41,252 [INFO] Edge 2: [DER] Task 3 done. Backbones: 4 | Total features: 256 | Memory: 14989
2026-05-14 17:32:13,701 [INFO]   [Eval] Task 3, R 22: Acc: 50.13% | Prec-Mac: 42.69% | Rec-Mac: 52.32% | Mi-F1: 50.13% | Ma-F1: 34.77% | We-F1: 58.44% | Loss: 5.1540
2026-05-14 17:32:14,228 [INFO]   [CKPT] Saved: ckpt_der_task03_r022_global222_acc50.1.pth
2026-05-14 17:32:14,228 [INFO] 
--- Task 3, Round 23/80 (Global 223) ---
2026-05-14 17:32:14,622 [INFO] Edge 0: [DER] Task 3 done. Backbones: 4 | Total features: 256 | Memory: 14989
2026-05-14 17:32:15,111 [INFO] Edge 1: [DER] Task 3 done. Backbones: 4 | Total features: 256 | Memory: 14989
2026-05-14 17:32:15,444 [INFO] Edge 2: [DER] Task 3 done. Backbones: 4 | Total features: 256 | Memory: 14989
2026-05-14 17:34:47,396 [INFO]   [Eval] Task 3, R 23: Acc: 50.32% | Prec-Mac: 42.82% | Rec-Mac: 52.20% | Mi-F1: 50.32% | Ma-F1: 34.45% | We-F1: 58.58% | Loss: 5.2008
2026-05-14 17:34:47,915 [INFO]   [CKPT] Saved: ckpt_der_task03_r023_global223_acc50.3.pth
2026-05-14 17:34:47,915 [INFO] 
--- Task 3, Round 24/80 (Global 224) ---
2026-05-14 17:34:48,311 [INFO] Edge 0: [DER] Task 3 done. Backbones: 4 | Total features: 256 | Memory: 14989
2026-05-14 17:34:48,798 [INFO] Edge 1: [DER] Task 3 done. Backbones: 4 | Total features: 256 | Memory: 14989
2026-05-14 17:34:49,135 [INFO] Edge 2: [DER] Task 3 done. Backbones: 4 | Total features: 256 | Memory: 14989
2026-05-14 17:37:21,773 [INFO]   [Eval] Task 3, R 24: Acc: 43.23% | Prec-Mac: 43.58% | Rec-Mac: 46.55% | Mi-F1: 43.23% | Ma-F1: 32.90% | We-F1: 50.84% | Loss: 5.5385
2026-05-14 17:37:22,298 [INFO]   [CKPT] Saved: ckpt_der_task03_r024_global224_acc43.2.pth
2026-05-14 17:37:22,298 [INFO] 
--- Task 3, Round 25/80 (Global 225) ---
2026-05-14 17:37:22,726 [INFO] Edge 0: [DER] Task 3 done. Backbones: 4 | Total features: 256 | Memory: 14989
2026-05-14 17:37:23,218 [INFO] Edge 1: [DER] Task 3 done. Backbones: 4 | Total features: 256 | Memory: 14989
2026-05-14 17:37:23,551 [INFO] Edge 2: [DER] Task 3 done. Backbones: 4 | Total features: 256 | Memory: 14989
2026-05-14 17:39:55,763 [INFO]   [Eval] Task 3, R 25: Acc: 39.09% | Prec-Mac: 36.45% | Rec-Mac: 43.88% | Mi-F1: 39.09% | Ma-F1: 29.39% | We-F1: 44.14% | Loss: 6.2814
2026-05-14 17:39:56,259 [INFO]   [CKPT] Saved: ckpt_der_task03_r025_global225_acc39.1.pth
2026-05-14 17:39:56,259 [INFO] 
--- Task 3, Round 26/80 (Global 226) ---
2026-05-14 17:39:56,680 [INFO] Edge 0: [DER] Task 3 done. Backbones: 4 | Total features: 256 | Memory: 14989
2026-05-14 17:39:57,166 [INFO] Edge 1: [DER] Task 3 done. Backbones: 4 | Total features: 256 | Memory: 14989
2026-05-14 17:39:57,499 [INFO] Edge 2: [DER] Task 3 done. Backbones: 4 | Total features: 256 | Memory: 14989
2026-05-14 17:42:29,977 [INFO]   [Eval] Task 3, R 26: Acc: 43.98% | Prec-Mac: 42.17% | Rec-Mac: 45.85% | Mi-F1: 43.98% | Ma-F1: 32.29% | We-F1: 51.55% | Loss: 5.3791
2026-05-14 17:42:30,499 [INFO]   [CKPT] Saved: ckpt_der_task03_r026_global226_acc44.0.pth
2026-05-14 17:42:30,499 [INFO] 
--- Task 3, Round 27/80 (Global 227) ---
2026-05-14 17:42:30,893 [INFO] Edge 0: [DER] Task 3 done. Backbones: 4 | Total features: 256 | Memory: 14989
2026-05-14 17:42:31,379 [INFO] Edge 1: [DER] Task 3 done. Backbones: 4 | Total features: 256 | Memory: 14989
2026-05-14 17:42:31,712 [INFO] Edge 2: [DER] Task 3 done. Backbones: 4 | Total features: 256 | Memory: 14989
2026-05-14 17:45:03,707 [INFO]   [Eval] Task 3, R 27: Acc: 49.78% | Prec-Mac: 41.80% | Rec-Mac: 48.46% | Mi-F1: 49.78% | Ma-F1: 34.44% | We-F1: 57.90% | Loss: 5.0643
2026-05-14 17:45:04,235 [INFO]   [CKPT] Saved: ckpt_der_task03_r027_global227_acc49.8.pth
2026-05-14 17:45:04,236 [INFO] 
--- Task 3, Round 28/80 (Global 228) ---
2026-05-14 17:45:04,628 [INFO] Edge 0: [DER] Task 3 done. Backbones: 4 | Total features: 256 | Memory: 14989
2026-05-14 17:45:05,117 [INFO] Edge 1: [DER] Task 3 done. Backbones: 4 | Total features: 256 | Memory: 14989
2026-05-14 17:45:05,452 [INFO] Edge 2: [DER] Task 3 done. Backbones: 4 | Total features: 256 | Memory: 14989
2026-05-14 17:47:38,115 [INFO]   [Eval] Task 3, R 28: Acc: 50.49% | Prec-Mac: 48.44% | Rec-Mac: 48.64% | Mi-F1: 50.49% | Ma-F1: 35.00% | We-F1: 58.74% | Loss: 4.9678
2026-05-14 17:47:38,617 [INFO]   [CKPT] Saved: ckpt_der_task03_r028_global228_acc50.5.pth
2026-05-14 17:47:38,618 [INFO] 
--- Task 3, Round 29/80 (Global 229) ---
2026-05-14 17:47:39,033 [INFO] Edge 0: [DER] Task 3 done. Backbones: 4 | Total features: 256 | Memory: 14989
2026-05-14 17:47:39,519 [INFO] Edge 1: [DER] Task 3 done. Backbones: 4 | Total features: 256 | Memory: 14989
2026-05-14 17:47:39,854 [INFO] Edge 2: [DER] Task 3 done. Backbones: 4 | Total features: 256 | Memory: 14989
2026-05-14 17:50:11,810 [INFO]   [Eval] Task 3, R 29: Acc: 49.35% | Prec-Mac: 43.15% | Rec-Mac: 48.47% | Mi-F1: 49.35% | Ma-F1: 34.70% | We-F1: 57.80% | Loss: 5.2353
2026-05-14 17:50:12,320 [INFO]   [CKPT] Saved: ckpt_der_task03_r029_global229_acc49.4.pth
2026-05-14 17:50:12,320 [INFO] 
--- Task 3, Round 30/80 (Global 230) ---
2026-05-14 17:50:12,720 [INFO] Edge 0: [DER] Task 3 done. Backbones: 4 | Total features: 256 | Memory: 14989
2026-05-14 17:50:13,213 [INFO] Edge 1: [DER] Task 3 done. Backbones: 4 | Total features: 256 | Memory: 14989
2026-05-14 17:50:13,543 [INFO] Edge 2: [DER] Task 3 done. Backbones: 4 | Total features: 256 | Memory: 14989
2026-05-14 17:52:46,051 [INFO]   [Eval] Task 3, R 30: Acc: 48.88% | Prec-Mac: 44.65% | Rec-Mac: 49.92% | Mi-F1: 48.88% | Ma-F1: 35.47% | We-F1: 57.17% | Loss: 5.4698
2026-05-14 17:52:46,551 [INFO]   [CKPT] Saved: ckpt_der_task03_r030_global230_acc48.9.pth
2026-05-14 17:52:46,552 [INFO] 
--- Task 3, Round 31/80 (Global 231) ---
2026-05-14 17:52:46,954 [INFO] Edge 0: [DER] Task 3 done. Backbones: 4 | Total features: 256 | Memory: 14989
2026-05-14 17:52:47,441 [INFO] Edge 1: [DER] Task 3 done. Backbones: 4 | Total features: 256 | Memory: 14989
2026-05-14 17:52:47,775 [INFO] Edge 2: [DER] Task 3 done. Backbones: 4 | Total features: 256 | Memory: 14989
2026-05-14 17:55:19,603 [INFO]   [Eval] Task 3, R 31: Acc: 50.37% | Prec-Mac: 48.83% | Rec-Mac: 50.00% | Mi-F1: 50.37% | Ma-F1: 36.21% | We-F1: 58.64% | Loss: 4.9662
2026-05-14 17:55:20,109 [INFO]   [CKPT] Saved: ckpt_der_task03_r031_global231_acc50.4.pth
2026-05-14 17:55:20,109 [INFO] 
--- Task 3, Round 32/80 (Global 232) ---
2026-05-14 17:55:20,504 [INFO] Edge 0: [DER] Task 3 done. Backbones: 4 | Total features: 256 | Memory: 14989
2026-05-14 17:55:20,992 [INFO] Edge 1: [DER] Task 3 done. Backbones: 4 | Total features: 256 | Memory: 14989
2026-05-14 17:55:21,324 [INFO] Edge 2: [DER] Task 3 done. Backbones: 4 | Total features: 256 | Memory: 14989
2026-05-14 17:57:53,125 [INFO]   [Eval] Task 3, R 32: Acc: 50.28% | Prec-Mac: 49.79% | Rec-Mac: 49.81% | Mi-F1: 50.28% | Ma-F1: 36.52% | We-F1: 58.81% | Loss: 5.0934
2026-05-14 17:57:53,640 [INFO]   [CKPT] Saved: ckpt_der_task03_r032_global232_acc50.3.pth
2026-05-14 17:57:53,640 [INFO] 
--- Task 3, Round 33/80 (Global 233) ---
2026-05-14 17:57:54,042 [INFO] Edge 0: [DER] Task 3 done. Backbones: 4 | Total features: 256 | Memory: 14989
2026-05-14 17:57:54,529 [INFO] Edge 1: [DER] Task 3 done. Backbones: 4 | Total features: 256 | Memory: 14989
2026-05-14 17:57:54,864 [INFO] Edge 2: [DER] Task 3 done. Backbones: 4 | Total features: 256 | Memory: 14989
2026-05-14 18:00:27,241 [INFO]   [Eval] Task 3, R 33: Acc: 50.97% | Prec-Mac: 50.22% | Rec-Mac: 50.61% | Mi-F1: 50.97% | Ma-F1: 36.85% | We-F1: 59.40% | Loss: 5.0072
2026-05-14 18:00:27,741 [INFO]   [CKPT] Saved: ckpt_der_task03_r033_global233_acc51.0.pth
2026-05-14 18:00:27,742 [INFO] 
--- Task 3, Round 34/80 (Global 234) ---
2026-05-14 18:00:28,143 [INFO] Edge 0: [DER] Task 3 done. Backbones: 4 | Total features: 256 | Memory: 14989
2026-05-14 18:00:28,629 [INFO] Edge 1: [DER] Task 3 done. Backbones: 4 | Total features: 256 | Memory: 14989
2026-05-14 18:00:28,964 [INFO] Edge 2: [DER] Task 3 done. Backbones: 4 | Total features: 256 | Memory: 14989
2026-05-14 18:03:01,224 [INFO]   [Eval] Task 3, R 34: Acc: 52.46% | Prec-Mac: 49.34% | Rec-Mac: 53.86% | Mi-F1: 52.46% | Ma-F1: 36.33% | We-F1: 60.93% | Loss: 4.7579
2026-05-14 18:03:01,754 [INFO]   [CKPT] Saved: ckpt_der_task03_r034_global234_acc52.5.pth
2026-05-14 18:03:01,755 [INFO] 
--- Task 3, Round 35/80 (Global 235) ---
2026-05-14 18:03:02,151 [INFO] Edge 0: [DER] Task 3 done. Backbones: 4 | Total features: 256 | Memory: 14989
2026-05-14 18:03:02,632 [INFO] Edge 1: [DER] Task 3 done. Backbones: 4 | Total features: 256 | Memory: 14989
2026-05-14 18:03:02,963 [INFO] Edge 2: [DER] Task 3 done. Backbones: 4 | Total features: 256 | Memory: 14989
2026-05-14 18:05:34,812 [INFO]   [Eval] Task 3, R 35: Acc: 51.04% | Prec-Mac: 50.09% | Rec-Mac: 53.84% | Mi-F1: 51.04% | Ma-F1: 36.57% | We-F1: 59.43% | Loss: 4.9790
2026-05-14 18:05:35,329 [INFO]   [CKPT] Saved: ckpt_der_task03_r035_global235_acc51.0.pth
2026-05-14 18:05:35,329 [INFO] 
--- Task 3, Round 36/80 (Global 236) ---
2026-05-14 18:05:35,745 [INFO] Edge 0: [DER] Task 3 done. Backbones: 4 | Total features: 256 | Memory: 14989
2026-05-14 18:05:36,232 [INFO] Edge 1: [DER] Task 3 done. Backbones: 4 | Total features: 256 | Memory: 14989
2026-05-14 18:05:36,563 [INFO] Edge 2: [DER] Task 3 done. Backbones: 4 | Total features: 256 | Memory: 14989
2026-05-14 18:08:08,618 [INFO]   [Eval] Task 3, R 36: Acc: 53.06% | Prec-Mac: 49.03% | Rec-Mac: 54.51% | Mi-F1: 53.06% | Ma-F1: 36.99% | We-F1: 61.53% | Loss: 4.6337
2026-05-14 18:08:09,108 [INFO]   [CKPT] Saved: ckpt_der_task03_r036_global236_acc53.1.pth
2026-05-14 18:08:09,108 [INFO] 
--- Task 3, Round 37/80 (Global 237) ---
2026-05-14 18:08:09,505 [INFO] Edge 0: [DER] Task 3 done. Backbones: 4 | Total features: 256 | Memory: 14989
2026-05-14 18:08:09,988 [INFO] Edge 1: [DER] Task 3 done. Backbones: 4 | Total features: 256 | Memory: 14989
2026-05-14 18:08:10,322 [INFO] Edge 2: [DER] Task 3 done. Backbones: 4 | Total features: 256 | Memory: 14989
2026-05-14 18:10:42,480 [INFO]   [Eval] Task 3, R 37: Acc: 52.43% | Prec-Mac: 49.56% | Rec-Mac: 54.06% | Mi-F1: 52.43% | Ma-F1: 36.46% | We-F1: 60.88% | Loss: 4.8027
2026-05-14 18:10:42,989 [INFO]   [CKPT] Saved: ckpt_der_task03_r037_global237_acc52.4.pth
2026-05-14 18:10:42,989 [INFO] 
--- Task 3, Round 38/80 (Global 238) ---
2026-05-14 18:10:43,396 [INFO] Edge 0: [DER] Task 3 done. Backbones: 4 | Total features: 256 | Memory: 14989
2026-05-14 18:10:43,892 [INFO] Edge 1: [DER] Task 3 done. Backbones: 4 | Total features: 256 | Memory: 14989
2026-05-14 18:10:44,227 [INFO] Edge 2: [DER] Task 3 done. Backbones: 4 | Total features: 256 | Memory: 14989
2026-05-14 18:13:16,270 [INFO]   [Eval] Task 3, R 38: Acc: 51.54% | Prec-Mac: 49.99% | Rec-Mac: 54.49% | Mi-F1: 51.54% | Ma-F1: 36.53% | We-F1: 60.21% | Loss: 4.9025
2026-05-14 18:13:16,768 [INFO]   [CKPT] Saved: ckpt_der_task03_r038_global238_acc51.5.pth
2026-05-14 18:13:16,768 [INFO] 
--- Task 3, Round 39/80 (Global 239) ---
2026-05-14 18:13:17,173 [INFO] Edge 0: [DER] Task 3 done. Backbones: 4 | Total features: 256 | Memory: 14989
2026-05-14 18:13:17,657 [INFO] Edge 1: [DER] Task 3 done. Backbones: 4 | Total features: 256 | Memory: 14989
2026-05-14 18:13:17,989 [INFO] Edge 2: [DER] Task 3 done. Backbones: 4 | Total features: 256 | Memory: 14989
2026-05-14 18:15:49,802 [INFO]   [Eval] Task 3, R 39: Acc: 50.17% | Prec-Mac: 44.47% | Rec-Mac: 50.02% | Mi-F1: 50.17% | Ma-F1: 36.45% | We-F1: 58.53% | Loss: 5.1181
2026-05-14 18:15:50,309 [INFO]   [CKPT] Saved: ckpt_der_task03_r039_global239_acc50.2.pth
2026-05-14 18:15:50,309 [INFO] 
--- Task 3, Round 40/80 (Global 240) ---
2026-05-14 18:15:50,704 [INFO] Edge 0: [DER] Task 3 done. Backbones: 4 | Total features: 256 | Memory: 14989
2026-05-14 18:15:51,218 [INFO] Edge 1: [DER] Task 3 done. Backbones: 4 | Total features: 256 | Memory: 14989
2026-05-14 18:15:51,554 [INFO] Edge 2: [DER] Task 3 done. Backbones: 4 | Total features: 256 | Memory: 14989
2026-05-14 18:18:23,911 [INFO]   [Eval] Task 3, R 40: Acc: 50.83% | Prec-Mac: 43.72% | Rec-Mac: 49.55% | Mi-F1: 50.83% | Ma-F1: 36.04% | We-F1: 59.11% | Loss: 4.9960
2026-05-14 18:18:24,412 [INFO]   [CKPT] Saved: ckpt_der_task03_r040_global240_acc50.8.pth
2026-05-14 18:18:24,412 [INFO] 
--- Task 3, Round 41/80 (Global 241) ---
2026-05-14 18:18:24,412 [INFO]    [LR DECAY] Round 40 reached milestone: New LR = 0.002
2026-05-14 18:18:24,808 [INFO] Edge 0: [DER] Task 3 done. Backbones: 4 | Total features: 256 | Memory: 14989
2026-05-14 18:18:25,302 [INFO] Edge 1: [DER] Task 3 done. Backbones: 4 | Total features: 256 | Memory: 14989
2026-05-14 18:18:25,638 [INFO] Edge 2: [DER] Task 3 done. Backbones: 4 | Total features: 256 | Memory: 14989
2026-05-14 18:20:57,605 [INFO]   [Eval] Task 3, R 41: Acc: 50.72% | Prec-Mac: 48.91% | Rec-Mac: 49.30% | Mi-F1: 50.72% | Ma-F1: 35.87% | We-F1: 58.98% | Loss: 4.8818
2026-05-14 18:20:58,127 [INFO]   [CKPT] Saved: ckpt_der_task03_r041_global241_acc50.7.pth
2026-05-14 18:20:58,127 [INFO] 
--- Task 3, Round 42/80 (Global 242) ---
2026-05-14 18:20:58,524 [INFO] Edge 0: [DER] Task 3 done. Backbones: 4 | Total features: 256 | Memory: 14989
2026-05-14 18:20:59,009 [INFO] Edge 1: [DER] Task 3 done. Backbones: 4 | Total features: 256 | Memory: 14989
2026-05-14 18:20:59,339 [INFO] Edge 2: [DER] Task 3 done. Backbones: 4 | Total features: 256 | Memory: 14989
2026-05-14 18:23:31,602 [INFO]   [Eval] Task 3, R 42: Acc: 50.14% | Prec-Mac: 49.42% | Rec-Mac: 48.84% | Mi-F1: 50.14% | Ma-F1: 35.63% | We-F1: 58.49% | Loss: 5.0471
2026-05-14 18:23:32,106 [INFO]   [CKPT] Saved: ckpt_der_task03_r042_global242_acc50.1.pth
2026-05-14 18:23:32,107 [INFO] 
--- Task 3, Round 43/80 (Global 243) ---
2026-05-14 18:23:32,496 [INFO] Edge 0: [DER] Task 3 done. Backbones: 4 | Total features: 256 | Memory: 14989
2026-05-14 18:23:32,985 [INFO] Edge 1: [DER] Task 3 done. Backbones: 4 | Total features: 256 | Memory: 14989
2026-05-14 18:23:33,317 [INFO] Edge 2: [DER] Task 3 done. Backbones: 4 | Total features: 256 | Memory: 14989
2026-05-14 18:26:05,953 [INFO]   [Eval] Task 3, R 43: Acc: 48.26% | Prec-Mac: 43.29% | Rec-Mac: 47.81% | Mi-F1: 48.26% | Ma-F1: 34.52% | We-F1: 56.60% | Loss: 5.2845
2026-05-14 18:26:06,494 [INFO]   [CKPT] Saved: ckpt_der_task03_r043_global243_acc48.3.pth
2026-05-14 18:26:06,494 [INFO] 
--- Task 3, Round 44/80 (Global 244) ---
2026-05-14 18:26:06,899 [INFO] Edge 0: [DER] Task 3 done. Backbones: 4 | Total features: 256 | Memory: 14989
2026-05-14 18:26:07,394 [INFO] Edge 1: [DER] Task 3 done. Backbones: 4 | Total features: 256 | Memory: 14989
2026-05-14 18:26:07,731 [INFO] Edge 2: [DER] Task 3 done. Backbones: 4 | Total features: 256 | Memory: 14989
2026-05-14 18:28:41,289 [INFO]   [Eval] Task 3, R 44: Acc: 51.52% | Prec-Mac: 49.49% | Rec-Mac: 50.17% | Mi-F1: 51.52% | Ma-F1: 36.57% | We-F1: 59.77% | Loss: 4.8466
2026-05-14 18:28:41,794 [INFO]   [CKPT] Saved: ckpt_der_task03_r044_global244_acc51.5.pth
2026-05-14 18:28:41,794 [INFO] 
--- Task 3, Round 45/80 (Global 245) ---
2026-05-14 18:28:42,180 [INFO] Edge 0: [DER] Task 3 done. Backbones: 4 | Total features: 256 | Memory: 14989
2026-05-14 18:28:42,669 [INFO] Edge 1: [DER] Task 3 done. Backbones: 4 | Total features: 256 | Memory: 14989
2026-05-14 18:28:43,007 [INFO] Edge 2: [DER] Task 3 done. Backbones: 4 | Total features: 256 | Memory: 14989
2026-05-14 18:31:15,351 [INFO]   [Eval] Task 3, R 45: Acc: 52.57% | Prec-Mac: 50.26% | Rec-Mac: 53.78% | Mi-F1: 52.57% | Ma-F1: 37.23% | We-F1: 60.94% | Loss: 4.8285
2026-05-14 18:31:15,847 [INFO]   [CKPT] Saved: ckpt_der_task03_r045_global245_acc52.6.pth
2026-05-14 18:31:15,847 [INFO] 
--- Task 3, Round 46/80 (Global 246) ---
2026-05-14 18:31:16,251 [INFO] Edge 0: [DER] Task 3 done. Backbones: 4 | Total features: 256 | Memory: 14989
2026-05-14 18:31:16,739 [INFO] Edge 1: [DER] Task 3 done. Backbones: 4 | Total features: 256 | Memory: 14989
2026-05-14 18:31:17,072 [INFO] Edge 2: [DER] Task 3 done. Backbones: 4 | Total features: 256 | Memory: 14989
2026-05-14 18:33:49,615 [INFO]   [Eval] Task 3, R 46: Acc: 52.05% | Prec-Mac: 50.32% | Rec-Mac: 53.86% | Mi-F1: 52.05% | Ma-F1: 36.61% | We-F1: 60.59% | Loss: 4.9394
2026-05-14 18:33:50,111 [INFO]   [CKPT] Saved: ckpt_der_task03_r046_global246_acc52.0.pth
2026-05-14 18:33:50,111 [INFO] 
--- Task 3, Round 47/80 (Global 247) ---
2026-05-14 18:33:50,528 [INFO] Edge 0: [DER] Task 3 done. Backbones: 4 | Total features: 256 | Memory: 14989
2026-05-14 18:33:51,012 [INFO] Edge 1: [DER] Task 3 done. Backbones: 4 | Total features: 256 | Memory: 14989
2026-05-14 18:33:51,343 [INFO] Edge 2: [DER] Task 3 done. Backbones: 4 | Total features: 256 | Memory: 14989
2026-05-14 18:36:23,510 [INFO]   [Eval] Task 3, R 47: Acc: 50.82% | Prec-Mac: 44.93% | Rec-Mac: 52.65% | Mi-F1: 50.82% | Ma-F1: 35.83% | We-F1: 59.26% | Loss: 5.2269
2026-05-14 18:36:24,082 [INFO]   [CKPT] Saved: ckpt_der_task03_r047_global247_acc50.8.pth
2026-05-14 18:36:24,082 [INFO] 
--- Task 3, Round 48/80 (Global 248) ---
2026-05-14 18:36:24,501 [INFO] Edge 0: [DER] Task 3 done. Backbones: 4 | Total features: 256 | Memory: 14989
2026-05-14 18:36:24,991 [INFO] Edge 1: [DER] Task 3 done. Backbones: 4 | Total features: 256 | Memory: 14989
2026-05-14 18:36:25,325 [INFO] Edge 2: [DER] Task 3 done. Backbones: 4 | Total features: 256 | Memory: 14989
2026-05-14 18:38:57,696 [INFO]   [Eval] Task 3, R 48: Acc: 51.99% | Prec-Mac: 50.36% | Rec-Mac: 53.95% | Mi-F1: 51.99% | Ma-F1: 37.01% | We-F1: 60.45% | Loss: 4.9565
2026-05-14 18:38:58,192 [INFO]   [CKPT] Saved: ckpt_der_task03_r048_global248_acc52.0.pth
2026-05-14 18:38:58,192 [INFO] 
--- Task 3, Round 49/80 (Global 249) ---
2026-05-14 18:38:58,612 [INFO] Edge 0: [DER] Task 3 done. Backbones: 4 | Total features: 256 | Memory: 14989
2026-05-14 18:38:59,100 [INFO] Edge 1: [DER] Task 3 done. Backbones: 4 | Total features: 256 | Memory: 14989
2026-05-14 18:38:59,435 [INFO] Edge 2: [DER] Task 3 done. Backbones: 4 | Total features: 256 | Memory: 14989
2026-05-14 18:41:31,313 [INFO]   [Eval] Task 3, R 49: Acc: 51.60% | Prec-Mac: 50.51% | Rec-Mac: 53.11% | Mi-F1: 51.60% | Ma-F1: 36.71% | We-F1: 60.07% | Loss: 5.0287
2026-05-14 18:41:31,818 [INFO]   [CKPT] Saved: ckpt_der_task03_r049_global249_acc51.6.pth
2026-05-14 18:41:31,818 [INFO] 
--- Task 3, Round 50/80 (Global 250) ---
2026-05-14 18:41:32,206 [INFO] Edge 0: [DER] Task 3 done. Backbones: 4 | Total features: 256 | Memory: 14989
2026-05-14 18:41:32,690 [INFO] Edge 1: [DER] Task 3 done. Backbones: 4 | Total features: 256 | Memory: 14989
2026-05-14 18:41:33,023 [INFO] Edge 2: [DER] Task 3 done. Backbones: 4 | Total features: 256 | Memory: 14989
2026-05-14 18:44:05,268 [INFO]   [Eval] Task 3, R 50: Acc: 52.08% | Prec-Mac: 50.23% | Rec-Mac: 50.44% | Mi-F1: 52.08% | Ma-F1: 36.91% | We-F1: 60.39% | Loss: 4.9296
2026-05-14 18:44:05,777 [INFO]   [CKPT] Saved: ckpt_der_task03_r050_global250_acc52.1.pth
2026-05-14 18:44:05,777 [INFO] 
--- Task 3, Round 51/80 (Global 251) ---
2026-05-14 18:44:06,168 [INFO] Edge 0: [DER] Task 3 done. Backbones: 4 | Total features: 256 | Memory: 14989
2026-05-14 18:44:06,654 [INFO] Edge 1: [DER] Task 3 done. Backbones: 4 | Total features: 256 | Memory: 14989
2026-05-14 18:44:06,984 [INFO] Edge 2: [DER] Task 3 done. Backbones: 4 | Total features: 256 | Memory: 14989
2026-05-14 18:46:38,902 [INFO]   [Eval] Task 3, R 51: Acc: 53.52% | Prec-Mac: 50.23% | Rec-Mac: 54.88% | Mi-F1: 53.52% | Ma-F1: 38.01% | We-F1: 61.89% | Loss: 4.6574
2026-05-14 18:46:39,397 [INFO]   [CKPT] Saved: ckpt_der_task03_r051_global251_acc53.5.pth
2026-05-14 18:46:39,397 [INFO] 
--- Task 3, Round 52/80 (Global 252) ---
2026-05-14 18:46:39,811 [INFO] Edge 0: [DER] Task 3 done. Backbones: 4 | Total features: 256 | Memory: 14989
2026-05-14 18:46:40,308 [INFO] Edge 1: [DER] Task 3 done. Backbones: 4 | Total features: 256 | Memory: 14989
2026-05-14 18:46:40,638 [INFO] Edge 2: [DER] Task 3 done. Backbones: 4 | Total features: 256 | Memory: 14989
2026-05-14 18:49:12,809 [INFO]   [Eval] Task 3, R 52: Acc: 47.88% | Prec-Mac: 42.72% | Rec-Mac: 47.39% | Mi-F1: 47.88% | Ma-F1: 34.26% | We-F1: 56.12% | Loss: 5.2230
2026-05-14 18:49:13,309 [INFO]   [CKPT] Saved: ckpt_der_task03_r052_global252_acc47.9.pth
2026-05-14 18:49:13,309 [INFO] 
--- Task 3, Round 53/80 (Global 253) ---
2026-05-14 18:49:13,726 [INFO] Edge 0: [DER] Task 3 done. Backbones: 4 | Total features: 256 | Memory: 14989
2026-05-14 18:49:14,240 [INFO] Edge 1: [DER] Task 3 done. Backbones: 4 | Total features: 256 | Memory: 14989
2026-05-14 18:49:14,570 [INFO] Edge 2: [DER] Task 3 done. Backbones: 4 | Total features: 256 | Memory: 14989
2026-05-14 18:51:46,564 [INFO]   [Eval] Task 3, R 53: Acc: 40.57% | Prec-Mac: 37.27% | Rec-Mac: 44.67% | Mi-F1: 40.57% | Ma-F1: 30.58% | We-F1: 45.65% | Loss: 5.6606
2026-05-14 18:51:47,068 [INFO]   [CKPT] Saved: ckpt_der_task03_r053_global253_acc40.6.pth
2026-05-14 18:51:47,068 [INFO] 
--- Task 3, Round 54/80 (Global 254) ---
2026-05-14 18:51:47,476 [INFO] Edge 0: [DER] Task 3 done. Backbones: 4 | Total features: 256 | Memory: 14989
2026-05-14 18:51:47,962 [INFO] Edge 1: [DER] Task 3 done. Backbones: 4 | Total features: 256 | Memory: 14989
2026-05-14 18:51:48,295 [INFO] Edge 2: [DER] Task 3 done. Backbones: 4 | Total features: 256 | Memory: 14989
2026-05-14 18:54:20,873 [INFO]   [Eval] Task 3, R 54: Acc: 40.41% | Prec-Mac: 36.16% | Rec-Mac: 44.34% | Mi-F1: 40.41% | Ma-F1: 30.35% | We-F1: 45.20% | Loss: 5.6146
2026-05-14 18:54:21,390 [INFO]   [CKPT] Saved: ckpt_der_task03_r054_global254_acc40.4.pth
2026-05-14 18:54:21,390 [INFO] 
--- Task 3, Round 55/80 (Global 255) ---
2026-05-14 18:54:21,798 [INFO] Edge 0: [DER] Task 3 done. Backbones: 4 | Total features: 256 | Memory: 14989
2026-05-14 18:54:22,289 [INFO] Edge 1: [DER] Task 3 done. Backbones: 4 | Total features: 256 | Memory: 14989
2026-05-14 18:54:22,619 [INFO] Edge 2: [DER] Task 3 done. Backbones: 4 | Total features: 256 | Memory: 14989
2026-05-14 18:56:55,035 [INFO]   [Eval] Task 3, R 55: Acc: 45.20% | Prec-Mac: 42.08% | Rec-Mac: 46.40% | Mi-F1: 45.20% | Ma-F1: 33.03% | We-F1: 52.84% | Loss: 5.2778
2026-05-14 18:56:55,536 [INFO]   [CKPT] Saved: ckpt_der_task03_r055_global255_acc45.2.pth
2026-05-14 18:56:55,536 [INFO] 
--- Task 3, Round 56/80 (Global 256) ---
2026-05-14 18:56:55,947 [INFO] Edge 0: [DER] Task 3 done. Backbones: 4 | Total features: 256 | Memory: 14989
2026-05-14 18:56:56,439 [INFO] Edge 1: [DER] Task 3 done. Backbones: 4 | Total features: 256 | Memory: 14989
2026-05-14 18:56:56,773 [INFO] Edge 2: [DER] Task 3 done. Backbones: 4 | Total features: 256 | Memory: 14989
2026-05-14 18:59:29,184 [INFO]   [Eval] Task 3, R 56: Acc: 47.15% | Prec-Mac: 43.09% | Rec-Mac: 47.22% | Mi-F1: 47.15% | Ma-F1: 33.87% | We-F1: 55.33% | Loss: 5.3704
2026-05-14 18:59:29,686 [INFO]   [CKPT] Saved: ckpt_der_task03_r056_global256_acc47.1.pth
2026-05-14 18:59:29,687 [INFO] 
--- Task 3, Round 57/80 (Global 257) ---
2026-05-14 18:59:30,097 [INFO] Edge 0: [DER] Task 3 done. Backbones: 4 | Total features: 256 | Memory: 14989
2026-05-14 18:59:30,581 [INFO] Edge 1: [DER] Task 3 done. Backbones: 4 | Total features: 256 | Memory: 14989
2026-05-14 18:59:30,920 [INFO] Edge 2: [DER] Task 3 done. Backbones: 4 | Total features: 256 | Memory: 14989
2026-05-14 19:02:03,220 [INFO]   [Eval] Task 3, R 57: Acc: 50.31% | Prec-Mac: 49.10% | Rec-Mac: 48.93% | Mi-F1: 50.31% | Ma-F1: 35.77% | We-F1: 58.54% | Loss: 5.0067
2026-05-14 19:02:03,733 [INFO]   [CKPT] Saved: ckpt_der_task03_r057_global257_acc50.3.pth
2026-05-14 19:02:03,733 [INFO] 
--- Task 3, Round 58/80 (Global 258) ---
2026-05-14 19:02:04,141 [INFO] Edge 0: [DER] Task 3 done. Backbones: 4 | Total features: 256 | Memory: 14989
2026-05-14 19:02:04,627 [INFO] Edge 1: [DER] Task 3 done. Backbones: 4 | Total features: 256 | Memory: 14989
2026-05-14 19:02:04,958 [INFO] Edge 2: [DER] Task 3 done. Backbones: 4 | Total features: 256 | Memory: 14989
2026-05-14 19:04:37,224 [INFO]   [Eval] Task 3, R 58: Acc: 50.18% | Prec-Mac: 43.22% | Rec-Mac: 48.51% | Mi-F1: 50.18% | Ma-F1: 35.13% | We-F1: 58.49% | Loss: 5.1182
2026-05-14 19:04:37,722 [INFO]   [CKPT] Saved: ckpt_der_task03_r058_global258_acc50.2.pth
2026-05-14 19:04:37,722 [INFO] 
--- Task 3, Round 59/80 (Global 259) ---
2026-05-14 19:04:38,132 [INFO] Edge 0: [DER] Task 3 done. Backbones: 4 | Total features: 256 | Memory: 14989
2026-05-14 19:04:38,619 [INFO] Edge 1: [DER] Task 3 done. Backbones: 4 | Total features: 256 | Memory: 14989
2026-05-14 19:04:38,958 [INFO] Edge 2: [DER] Task 3 done. Backbones: 4 | Total features: 256 | Memory: 14989
2026-05-14 19:07:11,294 [INFO]   [Eval] Task 3, R 59: Acc: 48.45% | Prec-Mac: 43.87% | Rec-Mac: 47.91% | Mi-F1: 48.45% | Ma-F1: 34.47% | We-F1: 57.00% | Loss: 5.4170
2026-05-14 19:07:11,795 [INFO]   [CKPT] Saved: ckpt_der_task03_r059_global259_acc48.5.pth
2026-05-14 19:07:11,795 [INFO] 
--- Task 3, Round 60/80 (Global 260) ---
2026-05-14 19:07:12,202 [INFO] Edge 0: [DER] Task 3 done. Backbones: 4 | Total features: 256 | Memory: 14989
2026-05-14 19:07:12,693 [INFO] Edge 1: [DER] Task 3 done. Backbones: 4 | Total features: 256 | Memory: 14989
2026-05-14 19:07:13,029 [INFO] Edge 2: [DER] Task 3 done. Backbones: 4 | Total features: 256 | Memory: 14989
2026-05-14 19:09:45,718 [INFO]   [Eval] Task 3, R 60: Acc: 50.53% | Prec-Mac: 43.88% | Rec-Mac: 49.12% | Mi-F1: 50.53% | Ma-F1: 35.84% | We-F1: 58.85% | Loss: 5.1109
2026-05-14 19:09:46,223 [INFO]   [CKPT] Saved: ckpt_der_task03_r060_global260_acc50.5.pth
2026-05-14 19:09:46,224 [INFO] 
--- Task 3, Round 61/80 (Global 261) ---
2026-05-14 19:09:46,224 [INFO]    [LR DECAY] Round 60 reached milestone: New LR = 0.0002
2026-05-14 19:09:46,632 [INFO] Edge 0: [DER] Task 3 done. Backbones: 4 | Total features: 256 | Memory: 14989
2026-05-14 19:09:47,125 [INFO] Edge 1: [DER] Task 3 done. Backbones: 4 | Total features: 256 | Memory: 14989
2026-05-14 19:09:47,460 [INFO] Edge 2: [DER] Task 3 done. Backbones: 4 | Total features: 256 | Memory: 14989
2026-05-14 19:12:20,276 [INFO]   [Eval] Task 3, R 61: Acc: 44.28% | Prec-Mac: 42.84% | Rec-Mac: 46.04% | Mi-F1: 44.28% | Ma-F1: 32.66% | We-F1: 51.76% | Loss: 5.4277
2026-05-14 19:12:20,791 [INFO]   [CKPT] Saved: ckpt_der_task03_r061_global261_acc44.3.pth
2026-05-14 19:12:20,791 [INFO] 
--- Task 3, Round 62/80 (Global 262) ---
2026-05-14 19:12:21,187 [INFO] Edge 0: [DER] Task 3 done. Backbones: 4 | Total features: 256 | Memory: 14989
2026-05-14 19:12:21,675 [INFO] Edge 1: [DER] Task 3 done. Backbones: 4 | Total features: 256 | Memory: 14989
2026-05-14 19:12:22,008 [INFO] Edge 2: [DER] Task 3 done. Backbones: 4 | Total features: 256 | Memory: 14989
2026-05-14 19:14:54,918 [INFO]   [Eval] Task 3, R 62: Acc: 40.47% | Prec-Mac: 38.42% | Rec-Mac: 44.66% | Mi-F1: 40.47% | Ma-F1: 30.57% | We-F1: 45.80% | Loss: 5.8342
2026-05-14 19:14:55,422 [INFO]   [CKPT] Saved: ckpt_der_task03_r062_global262_acc40.5.pth
2026-05-14 19:14:55,423 [INFO] 
--- Task 3, Round 63/80 (Global 263) ---
2026-05-14 19:14:55,840 [INFO] Edge 0: [DER] Task 3 done. Backbones: 4 | Total features: 256 | Memory: 14989
2026-05-14 19:14:56,327 [INFO] Edge 1: [DER] Task 3 done. Backbones: 4 | Total features: 256 | Memory: 14989
2026-05-14 19:14:56,661 [INFO] Edge 2: [DER] Task 3 done. Backbones: 4 | Total features: 256 | Memory: 14989
2026-05-14 19:17:29,335 [INFO]   [Eval] Task 3, R 63: Acc: 49.63% | Prec-Mac: 44.13% | Rec-Mac: 48.66% | Mi-F1: 49.63% | Ma-F1: 35.25% | We-F1: 58.09% | Loss: 5.2980
2026-05-14 19:17:29,836 [INFO]   [CKPT] Saved: ckpt_der_task03_r063_global263_acc49.6.pth
2026-05-14 19:17:29,836 [INFO] 
--- Task 3, Round 64/80 (Global 264) ---
2026-05-14 19:17:30,229 [INFO] Edge 0: [DER] Task 3 done. Backbones: 4 | Total features: 256 | Memory: 14989
2026-05-14 19:17:30,721 [INFO] Edge 1: [DER] Task 3 done. Backbones: 4 | Total features: 256 | Memory: 14989
2026-05-14 19:17:31,059 [INFO] Edge 2: [DER] Task 3 done. Backbones: 4 | Total features: 256 | Memory: 14989
2026-05-14 19:20:04,133 [INFO]   [Eval] Task 3, R 64: Acc: 51.73% | Prec-Mac: 50.10% | Rec-Mac: 50.21% | Mi-F1: 51.73% | Ma-F1: 36.68% | We-F1: 60.03% | Loss: 4.9621
2026-05-14 19:20:04,629 [INFO]   [CKPT] Saved: ckpt_der_task03_r064_global264_acc51.7.pth
2026-05-14 19:20:04,629 [INFO] 
--- Task 3, Round 65/80 (Global 265) ---
2026-05-14 19:20:05,017 [INFO] Edge 0: [DER] Task 3 done. Backbones: 4 | Total features: 256 | Memory: 14989
2026-05-14 19:20:05,507 [INFO] Edge 1: [DER] Task 3 done. Backbones: 4 | Total features: 256 | Memory: 14989
2026-05-14 19:20:05,838 [INFO] Edge 2: [DER] Task 3 done. Backbones: 4 | Total features: 256 | Memory: 14989
2026-05-14 19:22:37,678 [INFO]   [Eval] Task 3, R 65: Acc: 52.37% | Prec-Mac: 50.57% | Rec-Mac: 54.22% | Mi-F1: 52.37% | Ma-F1: 37.29% | We-F1: 60.89% | Loss: 4.8760
2026-05-14 19:22:38,183 [INFO]   [CKPT] Saved: ckpt_der_task03_r065_global265_acc52.4.pth
2026-05-14 19:22:38,183 [INFO] 
--- Task 3, Round 66/80 (Global 266) ---
2026-05-14 19:22:38,595 [INFO] Edge 0: [DER] Task 3 done. Backbones: 4 | Total features: 256 | Memory: 14989
2026-05-14 19:22:39,084 [INFO] Edge 1: [DER] Task 3 done. Backbones: 4 | Total features: 256 | Memory: 14989
2026-05-14 19:22:39,416 [INFO] Edge 2: [DER] Task 3 done. Backbones: 4 | Total features: 256 | Memory: 14989
2026-05-14 19:25:11,724 [INFO]   [Eval] Task 3, R 66: Acc: 52.08% | Prec-Mac: 50.45% | Rec-Mac: 54.08% | Mi-F1: 52.08% | Ma-F1: 37.04% | We-F1: 60.57% | Loss: 4.9467
2026-05-14 19:25:12,271 [INFO]   [CKPT] Saved: ckpt_der_task03_r066_global266_acc52.1.pth
2026-05-14 19:25:12,271 [INFO] 
--- Task 3, Round 67/80 (Global 267) ---
2026-05-14 19:25:12,666 [INFO] Edge 0: [DER] Task 3 done. Backbones: 4 | Total features: 256 | Memory: 14989
2026-05-14 19:25:13,162 [INFO] Edge 1: [DER] Task 3 done. Backbones: 4 | Total features: 256 | Memory: 14989
2026-05-14 19:25:13,495 [INFO] Edge 2: [DER] Task 3 done. Backbones: 4 | Total features: 256 | Memory: 14989
2026-05-14 19:27:45,464 [INFO]   [Eval] Task 3, R 67: Acc: 52.42% | Prec-Mac: 50.27% | Rec-Mac: 54.31% | Mi-F1: 52.42% | Ma-F1: 37.22% | We-F1: 60.88% | Loss: 4.8685
2026-05-14 19:27:45,964 [INFO]   [CKPT] Saved: ckpt_der_task03_r067_global267_acc52.4.pth
2026-05-14 19:27:45,965 [INFO] 
--- Task 3, Round 68/80 (Global 268) ---
2026-05-14 19:27:46,353 [INFO] Edge 0: [DER] Task 3 done. Backbones: 4 | Total features: 256 | Memory: 14989
2026-05-14 19:27:46,844 [INFO] Edge 1: [DER] Task 3 done. Backbones: 4 | Total features: 256 | Memory: 14989
2026-05-14 19:27:47,177 [INFO] Edge 2: [DER] Task 3 done. Backbones: 4 | Total features: 256 | Memory: 14989
2026-05-14 19:30:19,512 [INFO]   [Eval] Task 3, R 68: Acc: 50.29% | Prec-Mac: 43.52% | Rec-Mac: 48.65% | Mi-F1: 50.29% | Ma-F1: 35.26% | We-F1: 58.70% | Loss: 5.1575
2026-05-14 19:30:20,016 [INFO]   [CKPT] Saved: ckpt_der_task03_r068_global268_acc50.3.pth
2026-05-14 19:30:20,016 [INFO] 
--- Task 3, Round 69/80 (Global 269) ---
2026-05-14 19:30:20,431 [INFO] Edge 0: [DER] Task 3 done. Backbones: 4 | Total features: 256 | Memory: 14989
2026-05-14 19:30:20,922 [INFO] Edge 1: [DER] Task 3 done. Backbones: 4 | Total features: 256 | Memory: 14989
2026-05-14 19:30:21,258 [INFO] Edge 2: [DER] Task 3 done. Backbones: 4 | Total features: 256 | Memory: 14989
2026-05-14 19:32:53,540 [INFO]   [Eval] Task 3, R 69: Acc: 40.73% | Prec-Mac: 36.69% | Rec-Mac: 44.80% | Mi-F1: 40.73% | Ma-F1: 30.75% | We-F1: 45.67% | Loss: 5.4656
2026-05-14 19:32:54,089 [INFO]   [CKPT] Saved: ckpt_der_task03_r069_global269_acc40.7.pth
2026-05-14 19:32:54,090 [INFO] 
--- Task 3, Round 70/80 (Global 270) ---
2026-05-14 19:32:54,484 [INFO] Edge 0: [DER] Task 3 done. Backbones: 4 | Total features: 256 | Memory: 14989
2026-05-14 19:32:54,976 [INFO] Edge 1: [DER] Task 3 done. Backbones: 4 | Total features: 256 | Memory: 14989
2026-05-14 19:32:55,312 [INFO] Edge 2: [DER] Task 3 done. Backbones: 4 | Total features: 256 | Memory: 14989
2026-05-14 19:35:28,067 [INFO]   [Eval] Task 3, R 70: Acc: 49.99% | Prec-Mac: 43.62% | Rec-Mac: 48.87% | Mi-F1: 49.99% | Ma-F1: 35.66% | We-F1: 58.24% | Loss: 5.1207
2026-05-14 19:35:28,580 [INFO]   [CKPT] Saved: ckpt_der_task03_r070_global270_acc50.0.pth
2026-05-14 19:35:28,581 [INFO] 
--- Task 3, Round 71/80 (Global 271) ---
2026-05-14 19:35:28,970 [INFO] Edge 0: [DER] Task 3 done. Backbones: 4 | Total features: 256 | Memory: 14989
2026-05-14 19:35:29,457 [INFO] Edge 1: [DER] Task 3 done. Backbones: 4 | Total features: 256 | Memory: 14989
2026-05-14 19:35:29,809 [INFO] Edge 2: [DER] Task 3 done. Backbones: 4 | Total features: 256 | Memory: 14989
2026-05-14 19:38:02,266 [INFO]   [Eval] Task 3, R 71: Acc: 50.91% | Prec-Mac: 49.39% | Rec-Mac: 49.26% | Mi-F1: 50.91% | Ma-F1: 35.87% | We-F1: 59.20% | Loss: 4.9993
2026-05-14 19:38:02,770 [INFO]   [CKPT] Saved: ckpt_der_task03_r071_global271_acc50.9.pth
2026-05-14 19:38:02,770 [INFO] 
--- Task 3, Round 72/80 (Global 272) ---
2026-05-14 19:38:03,184 [INFO] Edge 0: [DER] Task 3 done. Backbones: 4 | Total features: 256 | Memory: 14989
2026-05-14 19:38:03,670 [INFO] Edge 1: [DER] Task 3 done. Backbones: 4 | Total features: 256 | Memory: 14989
2026-05-14 19:38:04,017 [INFO] Edge 2: [DER] Task 3 done. Backbones: 4 | Total features: 256 | Memory: 14989
2026-05-14 19:40:35,992 [INFO]   [Eval] Task 3, R 72: Acc: 52.11% | Prec-Mac: 49.89% | Rec-Mac: 50.42% | Mi-F1: 52.11% | Ma-F1: 36.90% | We-F1: 60.44% | Loss: 4.8380
2026-05-14 19:40:36,523 [INFO]   [CKPT] Saved: ckpt_der_task03_r072_global272_acc52.1.pth
2026-05-14 19:40:36,523 [INFO] 
--- Task 3, Round 73/80 (Global 273) ---
2026-05-14 19:40:36,940 [INFO] Edge 0: [DER] Task 3 done. Backbones: 4 | Total features: 256 | Memory: 14989
2026-05-14 19:40:37,428 [INFO] Edge 1: [DER] Task 3 done. Backbones: 4 | Total features: 256 | Memory: 14989
2026-05-14 19:40:37,765 [INFO] Edge 2: [DER] Task 3 done. Backbones: 4 | Total features: 256 | Memory: 14989
2026-05-14 19:43:09,731 [INFO]   [Eval] Task 3, R 73: Acc: 52.02% | Prec-Mac: 49.36% | Rec-Mac: 49.82% | Mi-F1: 52.02% | Ma-F1: 36.25% | We-F1: 60.37% | Loss: 4.8650
2026-05-14 19:43:10,228 [INFO]   [CKPT] Saved: ckpt_der_task03_r073_global273_acc52.0.pth
2026-05-14 19:43:10,229 [INFO] 
--- Task 3, Round 74/80 (Global 274) ---
2026-05-14 19:43:10,623 [INFO] Edge 0: [DER] Task 3 done. Backbones: 4 | Total features: 256 | Memory: 14989
2026-05-14 19:43:11,114 [INFO] Edge 1: [DER] Task 3 done. Backbones: 4 | Total features: 256 | Memory: 14989
2026-05-14 19:43:11,445 [INFO] Edge 2: [DER] Task 3 done. Backbones: 4 | Total features: 256 | Memory: 14989
2026-05-14 19:45:43,564 [INFO]   [Eval] Task 3, R 74: Acc: 50.33% | Prec-Mac: 43.88% | Rec-Mac: 48.95% | Mi-F1: 50.33% | Ma-F1: 35.71% | We-F1: 58.63% | Loss: 5.1312
2026-05-14 19:45:44,109 [INFO]   [CKPT] Saved: ckpt_der_task03_r074_global274_acc50.3.pth
2026-05-14 19:45:44,109 [INFO] 
--- Task 3, Round 75/80 (Global 275) ---
2026-05-14 19:45:44,502 [INFO] Edge 0: [DER] Task 3 done. Backbones: 4 | Total features: 256 | Memory: 14989
2026-05-14 19:45:45,005 [INFO] Edge 1: [DER] Task 3 done. Backbones: 4 | Total features: 256 | Memory: 14989
2026-05-14 19:45:45,340 [INFO] Edge 2: [DER] Task 3 done. Backbones: 4 | Total features: 256 | Memory: 14989
2026-05-14 19:48:17,755 [INFO]   [Eval] Task 3, R 75: Acc: 51.76% | Prec-Mac: 50.42% | Rec-Mac: 53.53% | Mi-F1: 51.76% | Ma-F1: 36.80% | We-F1: 60.26% | Loss: 4.9801
2026-05-14 19:48:18,258 [INFO]   [CKPT] Saved: ckpt_der_task03_r075_global275_acc51.8.pth
2026-05-14 19:48:18,258 [INFO] 
--- Task 3, Round 76/80 (Global 276) ---
2026-05-14 19:48:18,648 [INFO] Edge 0: [DER] Task 3 done. Backbones: 4 | Total features: 256 | Memory: 14989
2026-05-14 19:48:19,142 [INFO] Edge 1: [DER] Task 3 done. Backbones: 4 | Total features: 256 | Memory: 14989
2026-05-14 19:48:19,477 [INFO] Edge 2: [DER] Task 3 done. Backbones: 4 | Total features: 256 | Memory: 14989
