2026-05-14 21:00:43,700 [INFO] ============================================================
2026-05-14 21:00:43,701 [INFO] HFIN - Hierarchical Federated Class-Incremental Learning
2026-05-14 21:00:43,701 [INFO]    Network Intrusion Detection for IIoT
2026-05-14 21:00:43,701 [INFO] ============================================================
2026-05-14 21:00:43,701 [INFO] Device: cuda
2026-05-14 21:00:43,701 [INFO] Dataset: nf_uq_nids
2026-05-14 21:00:43,701 [INFO] Method: DER
2026-05-14 21:00:43,701 [INFO] Mode: TRAIN
2026-05-14 21:00:43,701 [INFO] Clients: 60, Edge Servers: 3
2026-05-14 21:00:43,701 [INFO] Base classes: 5, Task size: 4
2026-05-14 21:00:43,701 [INFO] Total classes: 21
2026-05-14 21:00:43,701 [INFO] 
[1/4] Loading global test data for NF_UQ_NIDS...
2026-05-14 21:00:47,803 [INFO] Features: 39, Global Test: 4861950
2026-05-14 21:00:47,803 [INFO] Total classes: 21 | Clients: 60 | Edges: 3
2026-05-14 21:00:48,347 [INFO] 
[2/4] Mapping 60 FL Clients to 3 Edge Server(s)...
2026-05-14 21:00:48,347 [INFO] 
[2/4] Mapping 60 FL Clients to 3 Edge Servers...
2026-05-14 21:00:48,348 [INFO] Edge-Client mapping: defaultdict(<class 'list'>, {0: [0, 1, 2, 3, 4, 5, 6, 7, 8, 9, 10, 11, 12, 13, 14, 15, 16, 17, 18, 19], 1: [20, 21, 22, 23, 24, 25, 26, 27, 28, 29, 30, 31, 32, 33, 34, 35, 36, 37, 38, 39], 2: [40, 41, 42, 43, 44, 45, 46, 47, 48, 49, 50, 51, 52, 53, 54, 55, 56, 57, 58, 59]})
2026-05-14 21:00:48,348 [INFO] 
[3/4] Initializing models...
2026-05-14 21:00:48,371 [INFO] [DER] DERNetwork initialized: 1 backbone, 5 classes
2026-05-14 21:00:48,697 [INFO] 
[4/4] Starting training...
2026-05-14 21:00:48,697 [INFO] 
Loading data for Task 0 (Classes: [0, 1, 2, 3, 4])...
2026-05-14 21:01:52,625 [INFO] 
============================================================
2026-05-14 21:01:52,625 [INFO] Task 0/4 | Classes: [0, 1, 2, 3, 4] | 40 rounds | LR: 0.01
2026-05-14 21:01:52,626 [INFO] ============================================================
2026-05-14 21:01:52,626 [INFO] 
--- Task 0, Round 1/40 (Global 1) ---
2026-05-14 21:01:52,631 [INFO] Edge 0: WTO is OFF, using all 20 clients.
2026-05-14 21:02:22,529 [INFO] Edge 0: [DER] Task 0 done. Backbones: 1 | Total features: 64 | Memory: 0
2026-05-14 21:02:22,570 [INFO] Edge 1: WTO is OFF, using all 20 clients.
2026-05-14 21:02:44,683 [INFO] Edge 1: [DER] Task 0 done. Backbones: 1 | Total features: 64 | Memory: 0
2026-05-14 21:02:44,732 [INFO] Edge 2: WTO is OFF, using all 20 clients.
2026-05-14 21:03:07,172 [INFO] Edge 2: [DER] Task 0 done. Backbones: 1 | Total features: 64 | Memory: 0
2026-05-14 21:04:48,150 [INFO]   [Eval] Task 0, R 1: Acc: 85.59% | Prec-Mac: 83.50% | Rec-Mac: 86.71% | Mi-F1: 85.59% | Ma-F1: 84.27% | We-F1: 86.01% | Loss: 0.4764
2026-05-14 21:04:48,156 [INFO]   [CKPT] Saved: ckpt_der_task00_r001_global001_acc85.6.pth
2026-05-14 21:04:48,157 [INFO] 
--- Task 0, Round 2/40 (Global 2) ---
2026-05-14 21:04:48,161 [INFO] Edge 0: WTO is OFF, using all 20 clients.
2026-05-14 21:05:10,675 [INFO] Edge 0: [DER] Task 0 done. Backbones: 1 | Total features: 64 | Memory: 0
2026-05-14 21:05:10,720 [INFO] Edge 1: WTO is OFF, using all 20 clients.
2026-05-14 21:05:33,020 [INFO] Edge 1: [DER] Task 0 done. Backbones: 1 | Total features: 64 | Memory: 0
2026-05-14 21:05:33,066 [INFO] Edge 2: WTO is OFF, using all 20 clients.
2026-05-14 21:05:55,656 [INFO] Edge 2: [DER] Task 0 done. Backbones: 1 | Total features: 64 | Memory: 0
2026-05-14 21:07:37,415 [INFO]   [Eval] Task 0, R 2: Acc: 66.66% | Prec-Mac: 58.29% | Rec-Mac: 53.18% | Mi-F1: 66.66% | Ma-F1: 51.93% | We-F1: 62.17% | Loss: 0.9174
2026-05-14 21:07:37,418 [INFO]   [CKPT] Saved: ckpt_der_task00_r002_global002_acc66.7.pth
2026-05-14 21:07:37,419 [INFO] 
--- Task 0, Round 3/40 (Global 3) ---
2026-05-14 21:07:37,423 [INFO] Edge 0: WTO is OFF, using all 20 clients.
2026-05-14 21:07:59,918 [INFO] Edge 0: [DER] Task 0 done. Backbones: 1 | Total features: 64 | Memory: 0
2026-05-14 21:07:59,961 [INFO] Edge 1: WTO is OFF, using all 20 clients.
2026-05-14 21:08:22,543 [INFO] Edge 1: [DER] Task 0 done. Backbones: 1 | Total features: 64 | Memory: 0
2026-05-14 21:08:22,586 [INFO] Edge 2: WTO is OFF, using all 20 clients.
2026-05-14 21:08:45,185 [INFO] Edge 2: [DER] Task 0 done. Backbones: 1 | Total features: 64 | Memory: 0
2026-05-14 21:10:26,813 [INFO]   [Eval] Task 0, R 3: Acc: 95.07% | Prec-Mac: 92.57% | Rec-Mac: 94.75% | Mi-F1: 95.07% | Ma-F1: 93.38% | We-F1: 95.23% | Loss: 0.1534
2026-05-14 21:10:26,817 [INFO]   [CKPT] Saved: ckpt_der_task00_r003_global003_acc95.1.pth
2026-05-14 21:10:26,817 [INFO] 
--- Task 0, Round 4/40 (Global 4) ---
2026-05-14 21:10:26,822 [INFO] Edge 0: WTO is OFF, using all 20 clients.
2026-05-14 21:10:49,587 [INFO] Edge 0: [DER] Task 0 done. Backbones: 1 | Total features: 64 | Memory: 0
2026-05-14 21:10:49,634 [INFO] Edge 1: WTO is OFF, using all 20 clients.
2026-05-14 21:11:12,171 [INFO] Edge 1: [DER] Task 0 done. Backbones: 1 | Total features: 64 | Memory: 0
2026-05-14 21:11:12,223 [INFO] Edge 2: WTO is OFF, using all 20 clients.
2026-05-14 21:11:34,848 [INFO] Edge 2: [DER] Task 0 done. Backbones: 1 | Total features: 64 | Memory: 0
2026-05-14 21:13:15,971 [INFO]   [Eval] Task 0, R 4: Acc: 95.54% | Prec-Mac: 92.89% | Rec-Mac: 94.95% | Mi-F1: 95.54% | Ma-F1: 93.81% | We-F1: 95.62% | Loss: 0.1335
2026-05-14 21:13:15,975 [INFO]   [CKPT] Saved: ckpt_der_task00_r004_global004_acc95.5.pth
2026-05-14 21:13:15,975 [INFO] 
--- Task 0, Round 5/40 (Global 5) ---
2026-05-14 21:13:15,980 [INFO] Edge 0: WTO is OFF, using all 20 clients.
2026-05-14 21:13:38,279 [INFO] Edge 0: [DER] Task 0 done. Backbones: 1 | Total features: 64 | Memory: 0
2026-05-14 21:13:38,323 [INFO] Edge 1: WTO is OFF, using all 20 clients.
2026-05-14 21:14:00,779 [INFO] Edge 1: [DER] Task 0 done. Backbones: 1 | Total features: 64 | Memory: 0
2026-05-14 21:14:00,828 [INFO] Edge 2: WTO is OFF, using all 20 clients.
2026-05-14 21:14:23,481 [INFO] Edge 2: [DER] Task 0 done. Backbones: 1 | Total features: 64 | Memory: 0
2026-05-14 21:16:04,746 [INFO]   [Eval] Task 0, R 5: Acc: 95.68% | Prec-Mac: 93.06% | Rec-Mac: 95.06% | Mi-F1: 95.68% | Ma-F1: 93.96% | We-F1: 95.75% | Loss: 0.1237
2026-05-14 21:16:04,750 [INFO]   [CKPT] Saved: ckpt_der_task00_r005_global005_acc95.7.pth
2026-05-14 21:16:04,750 [INFO] 
--- Task 0, Round 6/40 (Global 6) ---
2026-05-14 21:16:04,755 [INFO] Edge 0: WTO is OFF, using all 20 clients.
2026-05-14 21:16:27,147 [INFO] Edge 0: [DER] Task 0 done. Backbones: 1 | Total features: 64 | Memory: 0
2026-05-14 21:16:27,194 [INFO] Edge 1: WTO is OFF, using all 20 clients.
2026-05-14 21:16:49,716 [INFO] Edge 1: [DER] Task 0 done. Backbones: 1 | Total features: 64 | Memory: 0
2026-05-14 21:16:49,766 [INFO] Edge 2: WTO is OFF, using all 20 clients.
2026-05-14 21:17:12,333 [INFO] Edge 2: [DER] Task 0 done. Backbones: 1 | Total features: 64 | Memory: 0
2026-05-14 21:18:53,399 [INFO]   [Eval] Task 0, R 6: Acc: 92.97% | Prec-Mac: 90.60% | Rec-Mac: 92.72% | Mi-F1: 92.97% | Ma-F1: 91.48% | We-F1: 93.03% | Loss: 0.2156
2026-05-14 21:18:53,402 [INFO]   [CKPT] Saved: ckpt_der_task00_r006_global006_acc93.0.pth
2026-05-14 21:18:53,402 [INFO] 
--- Task 0, Round 7/40 (Global 7) ---
2026-05-14 21:18:53,408 [INFO] Edge 0: WTO is OFF, using all 20 clients.
2026-05-14 21:19:15,749 [INFO] Edge 0: [DER] Task 0 done. Backbones: 1 | Total features: 64 | Memory: 0
2026-05-14 21:19:15,792 [INFO] Edge 1: WTO is OFF, using all 20 clients.
2026-05-14 21:19:38,281 [INFO] Edge 1: [DER] Task 0 done. Backbones: 1 | Total features: 64 | Memory: 0
2026-05-14 21:19:38,330 [INFO] Edge 2: WTO is OFF, using all 20 clients.
2026-05-14 21:20:00,920 [INFO] Edge 2: [DER] Task 0 done. Backbones: 1 | Total features: 64 | Memory: 0
2026-05-14 21:21:42,339 [INFO]   [Eval] Task 0, R 7: Acc: 70.21% | Prec-Mac: 77.54% | Rec-Mac: 66.10% | Mi-F1: 70.21% | Ma-F1: 61.10% | We-F1: 70.21% | Loss: 1.3035
2026-05-14 21:21:42,342 [INFO]   [CKPT] Saved: ckpt_der_task00_r007_global007_acc70.2.pth
2026-05-14 21:21:42,343 [INFO] 
--- Task 0, Round 8/40 (Global 8) ---
2026-05-14 21:21:42,347 [INFO] Edge 0: WTO is OFF, using all 20 clients.
2026-05-14 21:22:04,782 [INFO] Edge 0: [DER] Task 0 done. Backbones: 1 | Total features: 64 | Memory: 0
2026-05-14 21:22:04,834 [INFO] Edge 1: WTO is OFF, using all 20 clients.
2026-05-14 21:22:27,365 [INFO] Edge 1: [DER] Task 0 done. Backbones: 1 | Total features: 64 | Memory: 0
2026-05-14 21:22:27,417 [INFO] Edge 2: WTO is OFF, using all 20 clients.
2026-05-14 21:22:50,054 [INFO] Edge 2: [DER] Task 0 done. Backbones: 1 | Total features: 64 | Memory: 0
2026-05-14 21:24:31,125 [INFO]   [Eval] Task 0, R 8: Acc: 95.40% | Prec-Mac: 92.86% | Rec-Mac: 95.13% | Mi-F1: 95.40% | Ma-F1: 93.72% | We-F1: 95.56% | Loss: 0.1418
2026-05-14 21:24:31,128 [INFO]   [CKPT] Saved: ckpt_der_task00_r008_global008_acc95.4.pth
2026-05-14 21:24:31,128 [INFO] 
--- Task 0, Round 9/40 (Global 9) ---
2026-05-14 21:24:31,133 [INFO] Edge 0: WTO is OFF, using all 20 clients.
2026-05-14 21:24:53,345 [INFO] Edge 0: [DER] Task 0 done. Backbones: 1 | Total features: 64 | Memory: 0
2026-05-14 21:24:53,392 [INFO] Edge 1: WTO is OFF, using all 20 clients.
2026-05-14 21:25:15,768 [INFO] Edge 1: [DER] Task 0 done. Backbones: 1 | Total features: 64 | Memory: 0
2026-05-14 21:25:15,809 [INFO] Edge 2: WTO is OFF, using all 20 clients.
2026-05-14 21:25:38,318 [INFO] Edge 2: [DER] Task 0 done. Backbones: 1 | Total features: 64 | Memory: 0
2026-05-14 21:27:19,562 [INFO]   [Eval] Task 0, R 9: Acc: 91.26% | Prec-Mac: 89.77% | Rec-Mac: 84.92% | Mi-F1: 91.26% | Ma-F1: 84.41% | We-F1: 90.83% | Loss: 0.2901
2026-05-14 21:27:19,566 [INFO]   [CKPT] Saved: ckpt_der_task00_r009_global009_acc91.3.pth
2026-05-14 21:27:19,566 [INFO] 
--- Task 0, Round 10/40 (Global 10) ---
2026-05-14 21:27:19,571 [INFO] Edge 0: WTO is OFF, using all 20 clients.
2026-05-14 21:27:41,964 [INFO] Edge 0: [DER] Task 0 done. Backbones: 1 | Total features: 64 | Memory: 0
2026-05-14 21:27:42,011 [INFO] Edge 1: WTO is OFF, using all 20 clients.
2026-05-14 21:28:04,432 [INFO] Edge 1: [DER] Task 0 done. Backbones: 1 | Total features: 64 | Memory: 0
2026-05-14 21:28:04,487 [INFO] Edge 2: WTO is OFF, using all 20 clients.
2026-05-14 21:28:27,081 [INFO] Edge 2: [DER] Task 0 done. Backbones: 1 | Total features: 64 | Memory: 0
2026-05-14 21:30:08,466 [INFO]   [Eval] Task 0, R 10: Acc: 95.55% | Prec-Mac: 93.12% | Rec-Mac: 95.14% | Mi-F1: 95.55% | Ma-F1: 93.92% | We-F1: 95.67% | Loss: 0.1251
2026-05-14 21:30:08,470 [INFO]   [CKPT] Saved: ckpt_der_task00_r010_global010_acc95.5.pth
2026-05-14 21:30:08,470 [INFO] 
--- Task 0, Round 11/40 (Global 11) ---
2026-05-14 21:30:08,475 [INFO] Edge 0: WTO is OFF, using all 20 clients.
2026-05-14 21:30:30,871 [INFO] Edge 0: [DER] Task 0 done. Backbones: 1 | Total features: 64 | Memory: 0
2026-05-14 21:30:30,914 [INFO] Edge 1: WTO is OFF, using all 20 clients.
2026-05-14 21:30:53,387 [INFO] Edge 1: [DER] Task 0 done. Backbones: 1 | Total features: 64 | Memory: 0
2026-05-14 21:30:53,442 [INFO] Edge 2: WTO is OFF, using all 20 clients.
2026-05-14 21:31:15,983 [INFO] Edge 2: [DER] Task 0 done. Backbones: 1 | Total features: 64 | Memory: 0
2026-05-14 21:32:57,338 [INFO]   [Eval] Task 0, R 11: Acc: 95.71% | Prec-Mac: 93.32% | Rec-Mac: 95.41% | Mi-F1: 95.71% | Ma-F1: 94.13% | We-F1: 95.85% | Loss: 0.1214
2026-05-14 21:32:57,342 [INFO]   [CKPT] Saved: ckpt_der_task00_r011_global011_acc95.7.pth
2026-05-14 21:32:57,342 [INFO] 
--- Task 0, Round 12/40 (Global 12) ---
2026-05-14 21:32:57,347 [INFO] Edge 0: WTO is OFF, using all 20 clients.
2026-05-14 21:33:20,281 [INFO] Edge 0: [DER] Task 0 done. Backbones: 1 | Total features: 64 | Memory: 0
2026-05-14 21:33:20,326 [INFO] Edge 1: WTO is OFF, using all 20 clients.
2026-05-14 21:33:42,989 [INFO] Edge 1: [DER] Task 0 done. Backbones: 1 | Total features: 64 | Memory: 0
2026-05-14 21:33:43,037 [INFO] Edge 2: WTO is OFF, using all 20 clients.
2026-05-14 21:34:05,726 [INFO] Edge 2: [DER] Task 0 done. Backbones: 1 | Total features: 64 | Memory: 0
2026-05-14 21:35:47,081 [INFO]   [Eval] Task 0, R 12: Acc: 84.31% | Prec-Mac: 83.89% | Rec-Mac: 80.21% | Mi-F1: 84.31% | Ma-F1: 78.65% | We-F1: 84.85% | Loss: 0.7685
2026-05-14 21:35:47,084 [INFO]   [CKPT] Saved: ckpt_der_task00_r012_global012_acc84.3.pth
2026-05-14 21:35:47,084 [INFO] 
--- Task 0, Round 13/40 (Global 13) ---
2026-05-14 21:35:47,089 [INFO] Edge 0: WTO is OFF, using all 20 clients.
2026-05-14 21:36:09,501 [INFO] Edge 0: [DER] Task 0 done. Backbones: 1 | Total features: 64 | Memory: 0
2026-05-14 21:36:09,550 [INFO] Edge 1: WTO is OFF, using all 20 clients.
2026-05-14 21:36:32,016 [INFO] Edge 1: [DER] Task 0 done. Backbones: 1 | Total features: 64 | Memory: 0
2026-05-14 21:36:32,064 [INFO] Edge 2: WTO is OFF, using all 20 clients.
2026-05-14 21:36:54,665 [INFO] Edge 2: [DER] Task 0 done. Backbones: 1 | Total features: 64 | Memory: 0
2026-05-14 21:38:35,461 [INFO]   [Eval] Task 0, R 13: Acc: 95.59% | Prec-Mac: 93.16% | Rec-Mac: 95.26% | Mi-F1: 95.59% | Ma-F1: 93.96% | We-F1: 95.73% | Loss: 0.1363
2026-05-14 21:38:35,465 [INFO]   [CKPT] Saved: ckpt_der_task00_r013_global013_acc95.6.pth
2026-05-14 21:38:35,465 [INFO] 
--- Task 0, Round 14/40 (Global 14) ---
2026-05-14 21:38:35,469 [INFO] Edge 0: WTO is OFF, using all 20 clients.
2026-05-14 21:38:57,831 [INFO] Edge 0: [DER] Task 0 done. Backbones: 1 | Total features: 64 | Memory: 0
2026-05-14 21:38:57,875 [INFO] Edge 1: WTO is OFF, using all 20 clients.
2026-05-14 21:39:20,256 [INFO] Edge 1: [DER] Task 0 done. Backbones: 1 | Total features: 64 | Memory: 0
2026-05-14 21:39:20,300 [INFO] Edge 2: WTO is OFF, using all 20 clients.
2026-05-14 21:39:42,905 [INFO] Edge 2: [DER] Task 0 done. Backbones: 1 | Total features: 64 | Memory: 0
2026-05-14 21:41:24,307 [INFO]   [Eval] Task 0, R 14: Acc: 95.53% | Prec-Mac: 93.02% | Rec-Mac: 94.81% | Mi-F1: 95.53% | Ma-F1: 93.82% | We-F1: 95.61% | Loss: 0.1380
2026-05-14 21:41:24,311 [INFO]   [CKPT] Saved: ckpt_der_task00_r014_global014_acc95.5.pth
2026-05-14 21:41:24,311 [INFO] 
--- Task 0, Round 15/40 (Global 15) ---
2026-05-14 21:41:24,316 [INFO] Edge 0: WTO is OFF, using all 20 clients.
2026-05-14 21:41:46,740 [INFO] Edge 0: [DER] Task 0 done. Backbones: 1 | Total features: 64 | Memory: 0
2026-05-14 21:41:46,783 [INFO] Edge 1: WTO is OFF, using all 20 clients.
2026-05-14 21:42:09,248 [INFO] Edge 1: [DER] Task 0 done. Backbones: 1 | Total features: 64 | Memory: 0
2026-05-14 21:42:09,290 [INFO] Edge 2: WTO is OFF, using all 20 clients.
2026-05-14 21:42:31,916 [INFO] Edge 2: [DER] Task 0 done. Backbones: 1 | Total features: 64 | Memory: 0
2026-05-14 21:44:13,631 [INFO]   [Eval] Task 0, R 15: Acc: 95.64% | Prec-Mac: 93.05% | Rec-Mac: 95.04% | Mi-F1: 95.64% | Ma-F1: 93.93% | We-F1: 95.72% | Loss: 0.1313
2026-05-14 21:44:13,635 [INFO]   [CKPT] Saved: ckpt_der_task00_r015_global015_acc95.6.pth
2026-05-14 21:44:13,635 [INFO] 
--- Task 0, Round 16/40 (Global 16) ---
2026-05-14 21:44:13,640 [INFO] Edge 0: WTO is OFF, using all 20 clients.
2026-05-14 21:44:36,034 [INFO] Edge 0: [DER] Task 0 done. Backbones: 1 | Total features: 64 | Memory: 0
2026-05-14 21:44:36,080 [INFO] Edge 1: WTO is OFF, using all 20 clients.
2026-05-14 21:44:58,583 [INFO] Edge 1: [DER] Task 0 done. Backbones: 1 | Total features: 64 | Memory: 0
2026-05-14 21:44:58,626 [INFO] Edge 2: WTO is OFF, using all 20 clients.
2026-05-14 21:45:21,172 [INFO] Edge 2: [DER] Task 0 done. Backbones: 1 | Total features: 64 | Memory: 0
2026-05-14 21:47:02,266 [INFO]   [Eval] Task 0, R 16: Acc: 91.36% | Prec-Mac: 88.42% | Rec-Mac: 92.15% | Mi-F1: 91.36% | Ma-F1: 89.54% | We-F1: 91.53% | Loss: 0.2201
2026-05-14 21:47:02,269 [INFO]   [CKPT] Saved: ckpt_der_task00_r016_global016_acc91.4.pth
2026-05-14 21:47:02,269 [INFO] 
--- Task 0, Round 17/40 (Global 17) ---
2026-05-14 21:47:02,274 [INFO] Edge 0: WTO is OFF, using all 20 clients.
2026-05-14 21:47:24,637 [INFO] Edge 0: [DER] Task 0 done. Backbones: 1 | Total features: 64 | Memory: 0
2026-05-14 21:47:24,681 [INFO] Edge 1: WTO is OFF, using all 20 clients.
2026-05-14 21:47:47,042 [INFO] Edge 1: [DER] Task 0 done. Backbones: 1 | Total features: 64 | Memory: 0
2026-05-14 21:47:47,089 [INFO] Edge 2: WTO is OFF, using all 20 clients.
2026-05-14 21:48:09,730 [INFO] Edge 2: [DER] Task 0 done. Backbones: 1 | Total features: 64 | Memory: 0
2026-05-14 21:49:51,265 [INFO]   [Eval] Task 0, R 17: Acc: 95.76% | Prec-Mac: 93.34% | Rec-Mac: 95.51% | Mi-F1: 95.76% | Ma-F1: 94.20% | We-F1: 95.89% | Loss: 0.1212
2026-05-14 21:49:51,269 [INFO]   [CKPT] Saved: ckpt_der_task00_r017_global017_acc95.8.pth
2026-05-14 21:49:51,269 [INFO] 
--- Task 0, Round 18/40 (Global 18) ---
2026-05-14 21:49:51,274 [INFO] Edge 0: WTO is OFF, using all 20 clients.
2026-05-14 21:50:13,584 [INFO] Edge 0: [DER] Task 0 done. Backbones: 1 | Total features: 64 | Memory: 0
2026-05-14 21:50:13,627 [INFO] Edge 1: WTO is OFF, using all 20 clients.
2026-05-14 21:50:36,037 [INFO] Edge 1: [DER] Task 0 done. Backbones: 1 | Total features: 64 | Memory: 0
2026-05-14 21:50:36,080 [INFO] Edge 2: WTO is OFF, using all 20 clients.
2026-05-14 21:50:58,656 [INFO] Edge 2: [DER] Task 0 done. Backbones: 1 | Total features: 64 | Memory: 0
2026-05-14 21:52:39,590 [INFO]   [Eval] Task 0, R 18: Acc: 95.73% | Prec-Mac: 93.15% | Rec-Mac: 95.15% | Mi-F1: 95.73% | Ma-F1: 94.04% | We-F1: 95.81% | Loss: 0.1243
2026-05-14 21:52:39,594 [INFO]   [CKPT] Saved: ckpt_der_task00_r018_global018_acc95.7.pth
2026-05-14 21:52:39,594 [INFO] 
--- Task 0, Round 19/40 (Global 19) ---
2026-05-14 21:52:39,599 [INFO] Edge 0: WTO is OFF, using all 20 clients.
2026-05-14 21:53:02,025 [INFO] Edge 0: [DER] Task 0 done. Backbones: 1 | Total features: 64 | Memory: 0
2026-05-14 21:53:02,069 [INFO] Edge 1: WTO is OFF, using all 20 clients.
2026-05-14 21:53:24,488 [INFO] Edge 1: [DER] Task 0 done. Backbones: 1 | Total features: 64 | Memory: 0
2026-05-14 21:53:24,532 [INFO] Edge 2: WTO is OFF, using all 20 clients.
2026-05-14 21:53:47,118 [INFO] Edge 2: [DER] Task 0 done. Backbones: 1 | Total features: 64 | Memory: 0
2026-05-14 21:55:28,469 [INFO]   [Eval] Task 0, R 19: Acc: 95.75% | Prec-Mac: 93.17% | Rec-Mac: 95.19% | Mi-F1: 95.75% | Ma-F1: 94.08% | We-F1: 95.82% | Loss: 0.1240
2026-05-14 21:55:28,473 [INFO]   [CKPT] Saved: ckpt_der_task00_r019_global019_acc95.7.pth
2026-05-14 21:55:28,473 [INFO] 
--- Task 0, Round 20/40 (Global 20) ---
2026-05-14 21:55:28,477 [INFO] Edge 0: WTO is OFF, using all 20 clients.
2026-05-14 21:55:50,876 [INFO] Edge 0: [DER] Task 0 done. Backbones: 1 | Total features: 64 | Memory: 0
2026-05-14 21:55:50,922 [INFO] Edge 1: WTO is OFF, using all 20 clients.
2026-05-14 21:56:13,300 [INFO] Edge 1: [DER] Task 0 done. Backbones: 1 | Total features: 64 | Memory: 0
2026-05-14 21:56:13,342 [INFO] Edge 2: WTO is OFF, using all 20 clients.
2026-05-14 21:56:35,915 [INFO] Edge 2: [DER] Task 0 done. Backbones: 1 | Total features: 64 | Memory: 0
2026-05-14 21:58:16,993 [INFO]   [Eval] Task 0, R 20: Acc: 95.69% | Prec-Mac: 93.16% | Rec-Mac: 95.16% | Mi-F1: 95.69% | Ma-F1: 94.06% | We-F1: 95.76% | Loss: 0.1215
2026-05-14 21:58:16,997 [INFO]   [CKPT] Saved: ckpt_der_task00_r020_global020_acc95.7.pth
2026-05-14 21:58:16,997 [INFO] 
--- Task 0, Round 21/40 (Global 21) ---
2026-05-14 21:58:16,997 [INFO]    [LR DECAY] Round 20 reached milestone: New LR = 0.001
2026-05-14 21:58:17,002 [INFO] Edge 0: WTO is OFF, using all 20 clients.
2026-05-14 21:58:39,412 [INFO] Edge 0: [DER] Task 0 done. Backbones: 1 | Total features: 64 | Memory: 0
2026-05-14 21:58:39,459 [INFO] Edge 1: WTO is OFF, using all 20 clients.
2026-05-14 21:59:01,741 [INFO] Edge 1: [DER] Task 0 done. Backbones: 1 | Total features: 64 | Memory: 0
2026-05-14 21:59:01,784 [INFO] Edge 2: WTO is OFF, using all 20 clients.
2026-05-14 21:59:24,417 [INFO] Edge 2: [DER] Task 0 done. Backbones: 1 | Total features: 64 | Memory: 0
2026-05-14 22:01:05,821 [INFO]   [Eval] Task 0, R 21: Acc: 95.92% | Prec-Mac: 93.39% | Rec-Mac: 95.37% | Mi-F1: 95.92% | Ma-F1: 94.28% | We-F1: 96.00% | Loss: 0.1131
2026-05-14 22:01:05,824 [INFO]   [CKPT] Saved: ckpt_der_task00_r021_global021_acc95.9.pth
2026-05-14 22:01:05,824 [INFO] 
--- Task 0, Round 22/40 (Global 22) ---
2026-05-14 22:01:05,829 [INFO] Edge 0: WTO is OFF, using all 20 clients.
2026-05-14 22:01:29,252 [INFO] Edge 0: [DER] Task 0 done. Backbones: 1 | Total features: 64 | Memory: 0
2026-05-14 22:01:29,299 [INFO] Edge 1: WTO is OFF, using all 20 clients.
2026-05-14 22:01:52,429 [INFO] Edge 1: [DER] Task 0 done. Backbones: 1 | Total features: 64 | Memory: 0
2026-05-14 22:01:52,479 [INFO] Edge 2: WTO is OFF, using all 20 clients.
2026-05-14 22:02:15,588 [INFO] Edge 2: [DER] Task 0 done. Backbones: 1 | Total features: 64 | Memory: 0
2026-05-14 22:03:56,303 [INFO]   [Eval] Task 0, R 22: Acc: 89.28% | Prec-Mac: 86.29% | Rec-Mac: 89.23% | Mi-F1: 89.28% | Ma-F1: 87.43% | We-F1: 89.41% | Loss: 0.2787
2026-05-14 22:03:56,307 [INFO]   [CKPT] Saved: ckpt_der_task00_r022_global022_acc89.3.pth
2026-05-14 22:03:56,307 [INFO] 
--- Task 0, Round 23/40 (Global 23) ---
2026-05-14 22:03:56,312 [INFO] Edge 0: WTO is OFF, using all 20 clients.
2026-05-14 22:04:18,691 [INFO] Edge 0: [DER] Task 0 done. Backbones: 1 | Total features: 64 | Memory: 0
2026-05-14 22:04:18,739 [INFO] Edge 1: WTO is OFF, using all 20 clients.
2026-05-14 22:04:40,964 [INFO] Edge 1: [DER] Task 0 done. Backbones: 1 | Total features: 64 | Memory: 0
2026-05-14 22:04:41,013 [INFO] Edge 2: WTO is OFF, using all 20 clients.
2026-05-14 22:05:03,626 [INFO] Edge 2: [DER] Task 0 done. Backbones: 1 | Total features: 64 | Memory: 0
2026-05-14 22:06:44,635 [INFO]   [Eval] Task 0, R 23: Acc: 95.93% | Prec-Mac: 93.58% | Rec-Mac: 95.67% | Mi-F1: 95.93% | Ma-F1: 94.40% | We-F1: 96.07% | Loss: 0.1094
2026-05-14 22:06:44,638 [INFO]   [CKPT] Saved: ckpt_der_task00_r023_global023_acc95.9.pth
2026-05-14 22:06:44,639 [INFO] 
--- Task 0, Round 24/40 (Global 24) ---
2026-05-14 22:06:44,643 [INFO] Edge 0: WTO is OFF, using all 20 clients.
2026-05-14 22:07:07,063 [INFO] Edge 0: [DER] Task 0 done. Backbones: 1 | Total features: 64 | Memory: 0
2026-05-14 22:07:07,108 [INFO] Edge 1: WTO is OFF, using all 20 clients.
2026-05-14 22:07:29,682 [INFO] Edge 1: [DER] Task 0 done. Backbones: 1 | Total features: 64 | Memory: 0
2026-05-14 22:07:29,733 [INFO] Edge 2: WTO is OFF, using all 20 clients.
2026-05-14 22:07:52,282 [INFO] Edge 2: [DER] Task 0 done. Backbones: 1 | Total features: 64 | Memory: 0
2026-05-14 22:09:33,497 [INFO]   [Eval] Task 0, R 24: Acc: 95.96% | Prec-Mac: 93.60% | Rec-Mac: 95.76% | Mi-F1: 95.96% | Ma-F1: 94.43% | We-F1: 96.10% | Loss: 0.1081
2026-05-14 22:09:33,501 [INFO]   [CKPT] Saved: ckpt_der_task00_r024_global024_acc96.0.pth
2026-05-14 22:09:33,501 [INFO] 
--- Task 0, Round 25/40 (Global 25) ---
2026-05-14 22:09:33,506 [INFO] Edge 0: WTO is OFF, using all 20 clients.
2026-05-14 22:09:55,906 [INFO] Edge 0: [DER] Task 0 done. Backbones: 1 | Total features: 64 | Memory: 0
2026-05-14 22:09:55,952 [INFO] Edge 1: WTO is OFF, using all 20 clients.
2026-05-14 22:10:18,573 [INFO] Edge 1: [DER] Task 0 done. Backbones: 1 | Total features: 64 | Memory: 0
2026-05-14 22:10:18,625 [INFO] Edge 2: WTO is OFF, using all 20 clients.
2026-05-14 22:10:41,235 [INFO] Edge 2: [DER] Task 0 done. Backbones: 1 | Total features: 64 | Memory: 0
2026-05-14 22:12:22,458 [INFO]   [Eval] Task 0, R 25: Acc: 95.97% | Prec-Mac: 93.42% | Rec-Mac: 95.43% | Mi-F1: 95.97% | Ma-F1: 94.32% | We-F1: 96.04% | Loss: 0.1106
2026-05-14 22:12:22,462 [INFO]   [CKPT] Saved: ckpt_der_task00_r025_global025_acc96.0.pth
2026-05-14 22:12:22,462 [INFO] 
--- Task 0, Round 26/40 (Global 26) ---
2026-05-14 22:12:22,467 [INFO] Edge 0: WTO is OFF, using all 20 clients.
2026-05-14 22:12:44,863 [INFO] Edge 0: [DER] Task 0 done. Backbones: 1 | Total features: 64 | Memory: 0
2026-05-14 22:12:44,913 [INFO] Edge 1: WTO is OFF, using all 20 clients.
2026-05-14 22:13:07,451 [INFO] Edge 1: [DER] Task 0 done. Backbones: 1 | Total features: 64 | Memory: 0
2026-05-14 22:13:07,498 [INFO] Edge 2: WTO is OFF, using all 20 clients.
2026-05-14 22:13:30,144 [INFO] Edge 2: [DER] Task 0 done. Backbones: 1 | Total features: 64 | Memory: 0
2026-05-14 22:15:11,157 [INFO]   [Eval] Task 0, R 26: Acc: 96.01% | Prec-Mac: 93.45% | Rec-Mac: 95.51% | Mi-F1: 96.01% | Ma-F1: 94.37% | We-F1: 96.09% | Loss: 0.1078
2026-05-14 22:15:11,160 [INFO]   [CKPT] Saved: ckpt_der_task00_r026_global026_acc96.0.pth
2026-05-14 22:15:11,161 [INFO] 
--- Task 0, Round 27/40 (Global 27) ---
2026-05-14 22:15:11,165 [INFO] Edge 0: WTO is OFF, using all 20 clients.
2026-05-14 22:15:33,408 [INFO] Edge 0: [DER] Task 0 done. Backbones: 1 | Total features: 64 | Memory: 0
2026-05-14 22:15:33,454 [INFO] Edge 1: WTO is OFF, using all 20 clients.
2026-05-14 22:15:55,977 [INFO] Edge 1: [DER] Task 0 done. Backbones: 1 | Total features: 64 | Memory: 0
2026-05-14 22:15:56,026 [INFO] Edge 2: WTO is OFF, using all 20 clients.
2026-05-14 22:16:18,612 [INFO] Edge 2: [DER] Task 0 done. Backbones: 1 | Total features: 64 | Memory: 0
2026-05-14 22:17:59,583 [INFO]   [Eval] Task 0, R 27: Acc: 95.96% | Prec-Mac: 93.41% | Rec-Mac: 95.45% | Mi-F1: 95.96% | Ma-F1: 94.32% | We-F1: 96.03% | Loss: 0.1098
2026-05-14 22:17:59,586 [INFO]   [CKPT] Saved: ckpt_der_task00_r027_global027_acc96.0.pth
2026-05-14 22:17:59,586 [INFO] 
--- Task 0, Round 28/40 (Global 28) ---
2026-05-14 22:17:59,591 [INFO] Edge 0: WTO is OFF, using all 20 clients.
2026-05-14 22:18:22,061 [INFO] Edge 0: [DER] Task 0 done. Backbones: 1 | Total features: 64 | Memory: 0
2026-05-14 22:18:22,104 [INFO] Edge 1: WTO is OFF, using all 20 clients.
2026-05-14 22:18:44,492 [INFO] Edge 1: [DER] Task 0 done. Backbones: 1 | Total features: 64 | Memory: 0
2026-05-14 22:18:44,545 [INFO] Edge 2: WTO is OFF, using all 20 clients.
2026-05-14 22:19:07,163 [INFO] Edge 2: [DER] Task 0 done. Backbones: 1 | Total features: 64 | Memory: 0
2026-05-14 22:20:48,552 [INFO]   [Eval] Task 0, R 28: Acc: 95.96% | Prec-Mac: 93.36% | Rec-Mac: 95.48% | Mi-F1: 95.96% | Ma-F1: 94.31% | We-F1: 96.03% | Loss: 0.1103
2026-05-14 22:20:48,556 [INFO]   [CKPT] Saved: ckpt_der_task00_r028_global028_acc96.0.pth
2026-05-14 22:20:48,556 [INFO] 
--- Task 0, Round 29/40 (Global 29) ---
2026-05-14 22:20:48,563 [INFO] Edge 0: WTO is OFF, using all 20 clients.
2026-05-14 22:21:10,856 [INFO] Edge 0: [DER] Task 0 done. Backbones: 1 | Total features: 64 | Memory: 0
2026-05-14 22:21:10,899 [INFO] Edge 1: WTO is OFF, using all 20 clients.
2026-05-14 22:21:33,309 [INFO] Edge 1: [DER] Task 0 done. Backbones: 1 | Total features: 64 | Memory: 0
2026-05-14 22:21:33,356 [INFO] Edge 2: WTO is OFF, using all 20 clients.
2026-05-14 22:21:55,876 [INFO] Edge 2: [DER] Task 0 done. Backbones: 1 | Total features: 64 | Memory: 0
2026-05-14 22:23:37,074 [INFO]   [Eval] Task 0, R 29: Acc: 95.99% | Prec-Mac: 93.43% | Rec-Mac: 95.50% | Mi-F1: 95.99% | Ma-F1: 94.36% | We-F1: 96.07% | Loss: 0.1082
2026-05-14 22:23:37,078 [INFO]   [CKPT] Saved: ckpt_der_task00_r029_global029_acc96.0.pth
2026-05-14 22:23:37,078 [INFO] 
--- Task 0, Round 30/40 (Global 30) ---
2026-05-14 22:23:37,083 [INFO] Edge 0: WTO is OFF, using all 20 clients.
2026-05-14 22:23:59,468 [INFO] Edge 0: [DER] Task 0 done. Backbones: 1 | Total features: 64 | Memory: 0
2026-05-14 22:23:59,517 [INFO] Edge 1: WTO is OFF, using all 20 clients.
2026-05-14 22:24:21,848 [INFO] Edge 1: [DER] Task 0 done. Backbones: 1 | Total features: 64 | Memory: 0
2026-05-14 22:24:21,896 [INFO] Edge 2: WTO is OFF, using all 20 clients.
2026-05-14 22:24:44,346 [INFO] Edge 2: [DER] Task 0 done. Backbones: 1 | Total features: 64 | Memory: 0
2026-05-14 22:26:25,943 [INFO]   [Eval] Task 0, R 30: Acc: 82.75% | Prec-Mac: 82.22% | Rec-Mac: 82.66% | Mi-F1: 82.75% | Ma-F1: 81.68% | We-F1: 82.78% | Loss: 0.7929
2026-05-14 22:26:25,947 [INFO]   [CKPT] Saved: ckpt_der_task00_r030_global030_acc82.8.pth
2026-05-14 22:26:25,947 [INFO] 
--- Task 0, Round 31/40 (Global 31) ---
2026-05-14 22:26:25,947 [INFO]    [LR DECAY] Round 30 reached milestone: New LR = 0.0001
2026-05-14 22:26:25,952 [INFO] Edge 0: WTO is OFF, using all 20 clients.
2026-05-14 22:26:48,409 [INFO] Edge 0: [DER] Task 0 done. Backbones: 1 | Total features: 64 | Memory: 0
2026-05-14 22:26:48,457 [INFO] Edge 1: WTO is OFF, using all 20 clients.
2026-05-14 22:27:11,005 [INFO] Edge 1: [DER] Task 0 done. Backbones: 1 | Total features: 64 | Memory: 0
2026-05-14 22:27:11,055 [INFO] Edge 2: WTO is OFF, using all 20 clients.
2026-05-14 22:27:33,687 [INFO] Edge 2: [DER] Task 0 done. Backbones: 1 | Total features: 64 | Memory: 0
2026-05-14 22:29:14,924 [INFO]   [Eval] Task 0, R 31: Acc: 95.95% | Prec-Mac: 93.57% | Rec-Mac: 95.73% | Mi-F1: 95.95% | Ma-F1: 94.42% | We-F1: 96.08% | Loss: 0.1092
2026-05-14 22:29:14,928 [INFO]   [CKPT] Saved: ckpt_der_task00_r031_global031_acc95.9.pth
2026-05-14 22:29:14,928 [INFO] 
--- Task 0, Round 32/40 (Global 32) ---
2026-05-14 22:29:14,932 [INFO] Edge 0: WTO is OFF, using all 20 clients.
2026-05-14 22:29:38,253 [INFO] Edge 0: [DER] Task 0 done. Backbones: 1 | Total features: 64 | Memory: 0
2026-05-14 22:29:38,297 [INFO] Edge 1: WTO is OFF, using all 20 clients.
2026-05-14 22:30:01,575 [INFO] Edge 1: [DER] Task 0 done. Backbones: 1 | Total features: 64 | Memory: 0
2026-05-14 22:30:01,620 [INFO] Edge 2: WTO is OFF, using all 20 clients.
2026-05-14 22:30:25,103 [INFO] Edge 2: [DER] Task 0 done. Backbones: 1 | Total features: 64 | Memory: 0
2026-05-14 22:32:05,898 [INFO]   [Eval] Task 0, R 32: Acc: 89.05% | Prec-Mac: 86.06% | Rec-Mac: 89.05% | Mi-F1: 89.05% | Ma-F1: 87.23% | We-F1: 89.13% | Loss: 0.2490
2026-05-14 22:32:05,901 [INFO]   [CKPT] Saved: ckpt_der_task00_r032_global032_acc89.0.pth
2026-05-14 22:32:05,902 [INFO] 
--- Task 0, Round 33/40 (Global 33) ---
2026-05-14 22:32:05,906 [INFO] Edge 0: WTO is OFF, using all 20 clients.
2026-05-14 22:32:28,410 [INFO] Edge 0: [DER] Task 0 done. Backbones: 1 | Total features: 64 | Memory: 0
2026-05-14 22:32:28,460 [INFO] Edge 1: WTO is OFF, using all 20 clients.
2026-05-14 22:32:51,022 [INFO] Edge 1: [DER] Task 0 done. Backbones: 1 | Total features: 64 | Memory: 0
2026-05-14 22:32:51,073 [INFO] Edge 2: WTO is OFF, using all 20 clients.
2026-05-14 22:33:13,691 [INFO] Edge 2: [DER] Task 0 done. Backbones: 1 | Total features: 64 | Memory: 0
2026-05-14 22:34:54,536 [INFO]   [Eval] Task 0, R 33: Acc: 95.98% | Prec-Mac: 93.60% | Rec-Mac: 95.79% | Mi-F1: 95.98% | Ma-F1: 94.46% | We-F1: 96.12% | Loss: 0.1062
2026-05-14 22:34:54,540 [INFO]   [CKPT] Saved: ckpt_der_task00_r033_global033_acc96.0.pth
2026-05-14 22:34:54,540 [INFO] 
--- Task 0, Round 34/40 (Global 34) ---
2026-05-14 22:34:54,545 [INFO] Edge 0: WTO is OFF, using all 20 clients.
2026-05-14 22:35:16,989 [INFO] Edge 0: [DER] Task 0 done. Backbones: 1 | Total features: 64 | Memory: 0
2026-05-14 22:35:17,038 [INFO] Edge 1: WTO is OFF, using all 20 clients.
2026-05-14 22:35:39,574 [INFO] Edge 1: [DER] Task 0 done. Backbones: 1 | Total features: 64 | Memory: 0
2026-05-14 22:35:39,627 [INFO] Edge 2: WTO is OFF, using all 20 clients.
2026-05-14 22:36:02,227 [INFO] Edge 2: [DER] Task 0 done. Backbones: 1 | Total features: 64 | Memory: 0
2026-05-14 22:37:43,848 [INFO]   [Eval] Task 0, R 34: Acc: 89.02% | Prec-Mac: 86.05% | Rec-Mac: 89.02% | Mi-F1: 89.02% | Ma-F1: 87.21% | We-F1: 89.12% | Loss: 0.2481
2026-05-14 22:37:43,851 [INFO]   [CKPT] Saved: ckpt_der_task00_r034_global034_acc89.0.pth
2026-05-14 22:37:43,851 [INFO] 
--- Task 0, Round 35/40 (Global 35) ---
2026-05-14 22:37:43,856 [INFO] Edge 0: WTO is OFF, using all 20 clients.
2026-05-14 22:38:06,292 [INFO] Edge 0: [DER] Task 0 done. Backbones: 1 | Total features: 64 | Memory: 0
2026-05-14 22:38:06,341 [INFO] Edge 1: WTO is OFF, using all 20 clients.
2026-05-14 22:38:28,888 [INFO] Edge 1: [DER] Task 0 done. Backbones: 1 | Total features: 64 | Memory: 0
2026-05-14 22:38:28,937 [INFO] Edge 2: WTO is OFF, using all 20 clients.
2026-05-14 22:38:51,588 [INFO] Edge 2: [DER] Task 0 done. Backbones: 1 | Total features: 64 | Memory: 0
2026-05-14 22:40:33,139 [INFO]   [Eval] Task 0, R 35: Acc: 96.02% | Prec-Mac: 93.46% | Rec-Mac: 95.54% | Mi-F1: 96.02% | Ma-F1: 94.39% | We-F1: 96.10% | Loss: 0.1075
2026-05-14 22:40:33,142 [INFO]   [CKPT] Saved: ckpt_der_task00_r035_global035_acc96.0.pth
2026-05-14 22:40:33,143 [INFO] 
--- Task 0, Round 36/40 (Global 36) ---
2026-05-14 22:40:33,147 [INFO] Edge 0: WTO is OFF, using all 20 clients.
2026-05-14 22:40:55,385 [INFO] Edge 0: [DER] Task 0 done. Backbones: 1 | Total features: 64 | Memory: 0
2026-05-14 22:40:55,432 [INFO] Edge 1: WTO is OFF, using all 20 clients.
2026-05-14 22:41:18,041 [INFO] Edge 1: [DER] Task 0 done. Backbones: 1 | Total features: 64 | Memory: 0
2026-05-14 22:41:18,093 [INFO] Edge 2: WTO is OFF, using all 20 clients.
2026-05-14 22:41:40,651 [INFO] Edge 2: [DER] Task 0 done. Backbones: 1 | Total features: 64 | Memory: 0
2026-05-14 22:43:22,120 [INFO]   [Eval] Task 0, R 36: Acc: 95.63% | Prec-Mac: 93.14% | Rec-Mac: 95.13% | Mi-F1: 95.63% | Ma-F1: 94.03% | We-F1: 95.70% | Loss: 0.1240
2026-05-14 22:43:22,124 [INFO]   [CKPT] Saved: ckpt_der_task00_r036_global036_acc95.6.pth
2026-05-14 22:43:22,124 [INFO] 
--- Task 0, Round 37/40 (Global 37) ---
2026-05-14 22:43:22,129 [INFO] Edge 0: WTO is OFF, using all 20 clients.
2026-05-14 22:43:44,532 [INFO] Edge 0: [DER] Task 0 done. Backbones: 1 | Total features: 64 | Memory: 0
2026-05-14 22:43:44,579 [INFO] Edge 1: WTO is OFF, using all 20 clients.
2026-05-14 22:44:07,063 [INFO] Edge 1: [DER] Task 0 done. Backbones: 1 | Total features: 64 | Memory: 0
2026-05-14 22:44:07,116 [INFO] Edge 2: WTO is OFF, using all 20 clients.
2026-05-14 22:44:29,728 [INFO] Edge 2: [DER] Task 0 done. Backbones: 1 | Total features: 64 | Memory: 0
2026-05-14 22:46:11,172 [INFO]   [Eval] Task 0, R 37: Acc: 95.72% | Prec-Mac: 93.23% | Rec-Mac: 95.19% | Mi-F1: 95.72% | Ma-F1: 94.10% | We-F1: 95.80% | Loss: 0.1227
2026-05-14 22:46:11,175 [INFO]   [CKPT] Saved: ckpt_der_task00_r037_global037_acc95.7.pth
2026-05-14 22:46:11,175 [INFO] 
--- Task 0, Round 38/40 (Global 38) ---
2026-05-14 22:46:11,180 [INFO] Edge 0: WTO is OFF, using all 20 clients.
2026-05-14 22:46:33,605 [INFO] Edge 0: [DER] Task 0 done. Backbones: 1 | Total features: 64 | Memory: 0
2026-05-14 22:46:33,652 [INFO] Edge 1: WTO is OFF, using all 20 clients.
2026-05-14 22:46:56,158 [INFO] Edge 1: [DER] Task 0 done. Backbones: 1 | Total features: 64 | Memory: 0
2026-05-14 22:46:56,208 [INFO] Edge 2: WTO is OFF, using all 20 clients.
2026-05-14 22:47:18,806 [INFO] Edge 2: [DER] Task 0 done. Backbones: 1 | Total features: 64 | Memory: 0
2026-05-14 22:49:00,322 [INFO]   [Eval] Task 0, R 38: Acc: 95.96% | Prec-Mac: 93.40% | Rec-Mac: 95.50% | Mi-F1: 95.96% | Ma-F1: 94.34% | We-F1: 96.04% | Loss: 0.1103
2026-05-14 22:49:00,325 [INFO]   [CKPT] Saved: ckpt_der_task00_r038_global038_acc96.0.pth
2026-05-14 22:49:00,325 [INFO] 
--- Task 0, Round 39/40 (Global 39) ---
2026-05-14 22:49:00,330 [INFO] Edge 0: WTO is OFF, using all 20 clients.
2026-05-14 22:49:23,218 [INFO] Edge 0: [DER] Task 0 done. Backbones: 1 | Total features: 64 | Memory: 0
2026-05-14 22:49:23,261 [INFO] Edge 1: WTO is OFF, using all 20 clients.
2026-05-14 22:49:46,165 [INFO] Edge 1: [DER] Task 0 done. Backbones: 1 | Total features: 64 | Memory: 0
2026-05-14 22:49:46,210 [INFO] Edge 2: WTO is OFF, using all 20 clients.
2026-05-14 22:50:09,137 [INFO] Edge 2: [DER] Task 0 done. Backbones: 1 | Total features: 64 | Memory: 0
2026-05-14 22:51:49,826 [INFO]   [Eval] Task 0, R 39: Acc: 95.95% | Prec-Mac: 93.60% | Rec-Mac: 95.70% | Mi-F1: 95.95% | Ma-F1: 94.42% | We-F1: 96.08% | Loss: 0.1096
2026-05-14 22:51:49,830 [INFO]   [CKPT] Saved: ckpt_der_task00_r039_global039_acc95.9.pth
2026-05-14 22:51:49,830 [INFO] 
--- Task 0, Round 40/40 (Global 40) ---
2026-05-14 22:51:49,835 [INFO] Edge 0: WTO is OFF, using all 20 clients.
2026-05-14 22:56:21,589 [INFO] Edge 0: [DER] Task 0 done. Backbones: 1 | Total features: 64 | Memory: 15000
2026-05-14 22:56:21,643 [INFO] Edge 1: WTO is OFF, using all 20 clients.
2026-05-14 23:00:49,899 [INFO] Edge 1: [DER] Task 0 done. Backbones: 1 | Total features: 64 | Memory: 15000
2026-05-14 23:00:49,949 [INFO] Edge 2: WTO is OFF, using all 20 clients.
2026-05-14 23:05:24,423 [INFO] Edge 2: [DER] Task 0 done. Backbones: 1 | Total features: 64 | Memory: 15000
2026-05-14 23:07:04,933 [INFO]   [Eval] Task 0, R 40: Acc: 95.99% | Prec-Mac: 93.61% | Rec-Mac: 95.78% | Mi-F1: 95.99% | Ma-F1: 94.47% | We-F1: 96.12% | Loss: 0.1078
2026-05-14 23:07:05,464 [INFO]   [CKPT] Saved: ckpt_der_task00_r040_global040_acc96.0.pth
2026-05-14 23:07:05,464 [INFO] 
Loading data for Task 1 (Classes: [5, 6, 7, 8])...
2026-05-14 23:07:13,931 [INFO] [DER] Added backbone 2, total features=128, classes=9 for Task 1
2026-05-14 23:07:13,954 [INFO] 
============================================================
2026-05-14 23:07:13,955 [INFO] Task 1/4 | Classes: [5, 6, 7, 8] | 80 rounds | LR: 0.02
2026-05-14 23:07:13,955 [INFO] ============================================================
2026-05-14 23:07:13,955 [INFO] 
--- Task 1, Round 1/80 (Global 41) ---
2026-05-14 23:07:13,962 [INFO] Edge 0: WTO is OFF, using all 20 clients.
2026-05-14 23:07:18,832 [INFO] Edge 0: [DER] Task 1 done. Backbones: 2 | Total features: 128 | Memory: 15000
2026-05-14 23:07:18,836 [INFO] Edge 1: WTO is OFF, using all 20 clients.
2026-05-14 23:07:23,488 [INFO] Edge 1: [DER] Task 1 done. Backbones: 2 | Total features: 128 | Memory: 15000
2026-05-14 23:07:23,493 [INFO] Edge 2: WTO is OFF, using all 20 clients.
2026-05-14 23:07:28,039 [INFO] Edge 2: [DER] Task 1 done. Backbones: 2 | Total features: 128 | Memory: 15000
2026-05-14 23:09:36,332 [INFO]   [Eval] Task 1, R 1: Acc: 61.97% | Prec-Mac: 59.92% | Rec-Mac: 73.71% | Mi-F1: 61.97% | Ma-F1: 55.40% | We-F1: 64.48% | Loss: 2.9373
2026-05-14 23:09:36,997 [INFO]   [CKPT] Saved: ckpt_der_task01_r001_global041_acc62.0.pth
2026-05-14 23:09:36,997 [INFO] 
--- Task 1, Round 2/80 (Global 42) ---
2026-05-14 23:09:37,005 [INFO] Edge 0: WTO is OFF, using all 20 clients.
2026-05-14 23:09:41,642 [INFO] Edge 0: [DER] Task 1 done. Backbones: 2 | Total features: 128 | Memory: 15000
2026-05-14 23:09:41,647 [INFO] Edge 1: WTO is OFF, using all 20 clients.
2026-05-14 23:09:46,319 [INFO] Edge 1: [DER] Task 1 done. Backbones: 2 | Total features: 128 | Memory: 15000
2026-05-14 23:09:46,323 [INFO] Edge 2: WTO is OFF, using all 20 clients.
2026-05-14 23:09:50,866 [INFO] Edge 2: [DER] Task 1 done. Backbones: 2 | Total features: 128 | Memory: 15000
2026-05-14 23:11:59,166 [INFO]   [Eval] Task 1, R 2: Acc: 61.16% | Prec-Mac: 60.11% | Rec-Mac: 73.57% | Mi-F1: 61.16% | Ma-F1: 54.91% | We-F1: 64.01% | Loss: 3.2310
2026-05-14 23:11:59,654 [INFO]   [CKPT] Saved: ckpt_der_task01_r002_global042_acc61.2.pth
2026-05-14 23:11:59,654 [INFO] 
--- Task 1, Round 3/80 (Global 43) ---
2026-05-14 23:11:59,662 [INFO] Edge 0: WTO is OFF, using all 20 clients.
2026-05-14 23:12:04,249 [INFO] Edge 0: [DER] Task 1 done. Backbones: 2 | Total features: 128 | Memory: 15000
2026-05-14 23:12:04,253 [INFO] Edge 1: WTO is OFF, using all 20 clients.
2026-05-14 23:12:08,971 [INFO] Edge 1: [DER] Task 1 done. Backbones: 2 | Total features: 128 | Memory: 15000
2026-05-14 23:12:08,975 [INFO] Edge 2: WTO is OFF, using all 20 clients.
2026-05-14 23:12:13,554 [INFO] Edge 2: [DER] Task 1 done. Backbones: 2 | Total features: 128 | Memory: 15000
2026-05-14 23:14:22,397 [INFO]   [Eval] Task 1, R 3: Acc: 61.29% | Prec-Mac: 60.44% | Rec-Mac: 73.58% | Mi-F1: 61.29% | Ma-F1: 55.24% | We-F1: 64.45% | Loss: 3.3001
2026-05-14 23:14:22,890 [INFO]   [CKPT] Saved: ckpt_der_task01_r003_global043_acc61.3.pth
2026-05-14 23:14:22,890 [INFO] 
--- Task 1, Round 4/80 (Global 44) ---
2026-05-14 23:14:22,899 [INFO] Edge 0: WTO is OFF, using all 20 clients.
2026-05-14 23:14:27,651 [INFO] Edge 0: [DER] Task 1 done. Backbones: 2 | Total features: 128 | Memory: 15000
2026-05-14 23:14:27,657 [INFO] Edge 1: WTO is OFF, using all 20 clients.
2026-05-14 23:14:32,226 [INFO] Edge 1: [DER] Task 1 done. Backbones: 2 | Total features: 128 | Memory: 15000
2026-05-14 23:14:32,230 [INFO] Edge 2: WTO is OFF, using all 20 clients.
2026-05-14 23:14:36,787 [INFO] Edge 2: [DER] Task 1 done. Backbones: 2 | Total features: 128 | Memory: 15000
2026-05-14 23:16:45,376 [INFO]   [Eval] Task 1, R 4: Acc: 61.26% | Prec-Mac: 59.55% | Rec-Mac: 73.55% | Mi-F1: 61.26% | Ma-F1: 54.71% | We-F1: 63.82% | Loss: 3.3477
2026-05-14 23:16:45,867 [INFO]   [CKPT] Saved: ckpt_der_task01_r004_global044_acc61.3.pth
2026-05-14 23:16:45,867 [INFO] 
--- Task 1, Round 5/80 (Global 45) ---
2026-05-14 23:16:45,875 [INFO] Edge 0: WTO is OFF, using all 20 clients.
2026-05-14 23:16:50,637 [INFO] Edge 0: [DER] Task 1 done. Backbones: 2 | Total features: 128 | Memory: 15000
2026-05-14 23:16:50,641 [INFO] Edge 1: WTO is OFF, using all 20 clients.
2026-05-14 23:16:55,185 [INFO] Edge 1: [DER] Task 1 done. Backbones: 2 | Total features: 128 | Memory: 15000
2026-05-14 23:16:55,190 [INFO] Edge 2: WTO is OFF, using all 20 clients.
2026-05-14 23:16:59,751 [INFO] Edge 2: [DER] Task 1 done. Backbones: 2 | Total features: 128 | Memory: 15000
2026-05-14 23:19:12,390 [INFO]   [Eval] Task 1, R 5: Acc: 62.09% | Prec-Mac: 59.87% | Rec-Mac: 74.07% | Mi-F1: 62.09% | Ma-F1: 55.59% | We-F1: 64.85% | Loss: 3.2243
2026-05-14 23:19:12,923 [INFO]   [CKPT] Saved: ckpt_der_task01_r005_global045_acc62.1.pth
2026-05-14 23:19:12,924 [INFO] 
--- Task 1, Round 6/80 (Global 46) ---
2026-05-14 23:19:12,932 [INFO] Edge 0: WTO is OFF, using all 20 clients.
2026-05-14 23:19:17,856 [INFO] Edge 0: [DER] Task 1 done. Backbones: 2 | Total features: 128 | Memory: 15000
2026-05-14 23:19:17,862 [INFO] Edge 1: WTO is OFF, using all 20 clients.
2026-05-14 23:19:22,560 [INFO] Edge 1: [DER] Task 1 done. Backbones: 2 | Total features: 128 | Memory: 15000
2026-05-14 23:19:22,565 [INFO] Edge 2: WTO is OFF, using all 20 clients.
2026-05-14 23:19:27,320 [INFO] Edge 2: [DER] Task 1 done. Backbones: 2 | Total features: 128 | Memory: 15000
2026-05-14 23:21:44,461 [INFO]   [Eval] Task 1, R 6: Acc: 61.62% | Prec-Mac: 58.44% | Rec-Mac: 72.72% | Mi-F1: 61.62% | Ma-F1: 54.96% | We-F1: 64.56% | Loss: 3.1214
2026-05-14 23:21:44,989 [INFO]   [CKPT] Saved: ckpt_der_task01_r006_global046_acc61.6.pth
2026-05-14 23:21:44,989 [INFO] 
--- Task 1, Round 7/80 (Global 47) ---
2026-05-14 23:21:44,998 [INFO] Edge 0: WTO is OFF, using all 20 clients.
2026-05-14 23:21:50,202 [INFO] Edge 0: [DER] Task 1 done. Backbones: 2 | Total features: 128 | Memory: 15000
2026-05-14 23:21:50,207 [INFO] Edge 1: WTO is OFF, using all 20 clients.
2026-05-14 23:21:55,313 [INFO] Edge 1: [DER] Task 1 done. Backbones: 2 | Total features: 128 | Memory: 15000
2026-05-14 23:21:55,320 [INFO] Edge 2: WTO is OFF, using all 20 clients.
2026-05-14 23:22:00,425 [INFO] Edge 2: [DER] Task 1 done. Backbones: 2 | Total features: 128 | Memory: 15000
2026-05-14 23:24:12,599 [INFO]   [Eval] Task 1, R 7: Acc: 60.68% | Prec-Mac: 59.23% | Rec-Mac: 72.21% | Mi-F1: 60.68% | Ma-F1: 53.77% | We-F1: 63.58% | Loss: 3.1782
2026-05-14 23:24:13,107 [INFO]   [CKPT] Saved: ckpt_der_task01_r007_global047_acc60.7.pth
2026-05-14 23:24:13,107 [INFO] 
--- Task 1, Round 8/80 (Global 48) ---
2026-05-14 23:24:13,115 [INFO] Edge 0: WTO is OFF, using all 20 clients.
2026-05-14 23:24:18,281 [INFO] Edge 0: [DER] Task 1 done. Backbones: 2 | Total features: 128 | Memory: 15000
2026-05-14 23:24:18,286 [INFO] Edge 1: WTO is OFF, using all 20 clients.
2026-05-14 23:24:23,270 [INFO] Edge 1: [DER] Task 1 done. Backbones: 2 | Total features: 128 | Memory: 15000
2026-05-14 23:24:23,274 [INFO] Edge 2: WTO is OFF, using all 20 clients.
2026-05-14 23:24:28,360 [INFO] Edge 2: [DER] Task 1 done. Backbones: 2 | Total features: 128 | Memory: 15000
2026-05-14 23:26:39,741 [INFO]   [Eval] Task 1, R 8: Acc: 59.04% | Prec-Mac: 57.54% | Rec-Mac: 70.47% | Mi-F1: 59.04% | Ma-F1: 52.82% | We-F1: 62.27% | Loss: 3.3016
2026-05-14 23:26:40,276 [INFO]   [CKPT] Saved: ckpt_der_task01_r008_global048_acc59.0.pth
2026-05-14 23:26:40,276 [INFO] 
--- Task 1, Round 9/80 (Global 49) ---
2026-05-14 23:26:40,285 [INFO] Edge 0: WTO is OFF, using all 20 clients.
2026-05-14 23:26:45,184 [INFO] Edge 0: [DER] Task 1 done. Backbones: 2 | Total features: 128 | Memory: 15000
2026-05-14 23:26:45,189 [INFO] Edge 1: WTO is OFF, using all 20 clients.
2026-05-14 23:26:49,968 [INFO] Edge 1: [DER] Task 1 done. Backbones: 2 | Total features: 128 | Memory: 15000
2026-05-14 23:26:49,972 [INFO] Edge 2: WTO is OFF, using all 20 clients.
2026-05-14 23:26:54,707 [INFO] Edge 2: [DER] Task 1 done. Backbones: 2 | Total features: 128 | Memory: 15000
2026-05-14 23:29:05,281 [INFO]   [Eval] Task 1, R 9: Acc: 63.79% | Prec-Mac: 60.89% | Rec-Mac: 74.61% | Mi-F1: 63.79% | Ma-F1: 57.35% | We-F1: 66.97% | Loss: 3.0690
2026-05-14 23:29:05,770 [INFO]   [CKPT] Saved: ckpt_der_task01_r009_global049_acc63.8.pth
2026-05-14 23:29:05,771 [INFO] 
--- Task 1, Round 10/80 (Global 50) ---
2026-05-14 23:29:05,779 [INFO] Edge 0: WTO is OFF, using all 20 clients.
2026-05-14 23:29:10,580 [INFO] Edge 0: [DER] Task 1 done. Backbones: 2 | Total features: 128 | Memory: 15000
2026-05-14 23:29:10,585 [INFO] Edge 1: WTO is OFF, using all 20 clients.
2026-05-14 23:29:15,186 [INFO] Edge 1: [DER] Task 1 done. Backbones: 2 | Total features: 128 | Memory: 15000
2026-05-14 23:29:15,190 [INFO] Edge 2: WTO is OFF, using all 20 clients.
2026-05-14 23:29:19,821 [INFO] Edge 2: [DER] Task 1 done. Backbones: 2 | Total features: 128 | Memory: 15000
2026-05-14 23:31:28,432 [INFO]   [Eval] Task 1, R 10: Acc: 61.43% | Prec-Mac: 60.73% | Rec-Mac: 72.74% | Mi-F1: 61.43% | Ma-F1: 55.52% | We-F1: 65.18% | Loss: 3.1912
2026-05-14 23:31:28,917 [INFO]   [CKPT] Saved: ckpt_der_task01_r010_global050_acc61.4.pth
2026-05-14 23:31:28,917 [INFO] 
--- Task 1, Round 11/80 (Global 51) ---
2026-05-14 23:31:28,925 [INFO] Edge 0: WTO is OFF, using all 20 clients.
2026-05-14 23:31:33,687 [INFO] Edge 0: [DER] Task 1 done. Backbones: 2 | Total features: 128 | Memory: 15000
2026-05-14 23:31:33,693 [INFO] Edge 1: WTO is OFF, using all 20 clients.
2026-05-14 23:31:38,251 [INFO] Edge 1: [DER] Task 1 done. Backbones: 2 | Total features: 128 | Memory: 15000
2026-05-14 23:31:38,255 [INFO] Edge 2: WTO is OFF, using all 20 clients.
2026-05-14 23:31:42,820 [INFO] Edge 2: [DER] Task 1 done. Backbones: 2 | Total features: 128 | Memory: 15000
2026-05-14 23:33:51,977 [INFO]   [Eval] Task 1, R 11: Acc: 61.89% | Prec-Mac: 59.95% | Rec-Mac: 72.82% | Mi-F1: 61.89% | Ma-F1: 55.05% | We-F1: 65.27% | Loss: 3.2194
2026-05-14 23:33:52,459 [INFO]   [CKPT] Saved: ckpt_der_task01_r011_global051_acc61.9.pth
2026-05-14 23:33:52,459 [INFO] 
--- Task 1, Round 12/80 (Global 52) ---
2026-05-14 23:33:52,468 [INFO] Edge 0: WTO is OFF, using all 20 clients.
2026-05-14 23:33:57,202 [INFO] Edge 0: [DER] Task 1 done. Backbones: 2 | Total features: 128 | Memory: 15000
2026-05-14 23:33:57,207 [INFO] Edge 1: WTO is OFF, using all 20 clients.
2026-05-14 23:34:01,772 [INFO] Edge 1: [DER] Task 1 done. Backbones: 2 | Total features: 128 | Memory: 15000
2026-05-14 23:34:01,776 [INFO] Edge 2: WTO is OFF, using all 20 clients.
2026-05-14 23:34:06,334 [INFO] Edge 2: [DER] Task 1 done. Backbones: 2 | Total features: 128 | Memory: 15000
2026-05-14 23:36:14,933 [INFO]   [Eval] Task 1, R 12: Acc: 63.32% | Prec-Mac: 60.27% | Rec-Mac: 74.48% | Mi-F1: 63.32% | Ma-F1: 57.00% | We-F1: 66.81% | Loss: 3.1750
2026-05-14 23:36:15,415 [INFO]   [CKPT] Saved: ckpt_der_task01_r012_global052_acc63.3.pth
2026-05-14 23:36:15,415 [INFO] 
--- Task 1, Round 13/80 (Global 53) ---
2026-05-14 23:36:15,424 [INFO] Edge 0: WTO is OFF, using all 20 clients.
2026-05-14 23:36:20,169 [INFO] Edge 0: [DER] Task 1 done. Backbones: 2 | Total features: 128 | Memory: 15000
2026-05-14 23:36:20,174 [INFO] Edge 1: WTO is OFF, using all 20 clients.
2026-05-14 23:36:24,727 [INFO] Edge 1: [DER] Task 1 done. Backbones: 2 | Total features: 128 | Memory: 15000
2026-05-14 23:36:24,731 [INFO] Edge 2: WTO is OFF, using all 20 clients.
2026-05-14 23:36:29,329 [INFO] Edge 2: [DER] Task 1 done. Backbones: 2 | Total features: 128 | Memory: 15000
2026-05-14 23:38:38,266 [INFO]   [Eval] Task 1, R 13: Acc: 63.60% | Prec-Mac: 60.26% | Rec-Mac: 74.70% | Mi-F1: 63.60% | Ma-F1: 57.18% | We-F1: 67.12% | Loss: 3.1577
2026-05-14 23:38:38,759 [INFO]   [CKPT] Saved: ckpt_der_task01_r013_global053_acc63.6.pth
2026-05-14 23:38:38,759 [INFO] 
--- Task 1, Round 14/80 (Global 54) ---
2026-05-14 23:38:38,769 [INFO] Edge 0: WTO is OFF, using all 20 clients.
2026-05-14 23:38:43,493 [INFO] Edge 0: [DER] Task 1 done. Backbones: 2 | Total features: 128 | Memory: 15000
2026-05-14 23:38:43,498 [INFO] Edge 1: WTO is OFF, using all 20 clients.
2026-05-14 23:38:48,073 [INFO] Edge 1: [DER] Task 1 done. Backbones: 2 | Total features: 128 | Memory: 15000
2026-05-14 23:38:48,077 [INFO] Edge 2: WTO is OFF, using all 20 clients.
2026-05-14 23:38:52,626 [INFO] Edge 2: [DER] Task 1 done. Backbones: 2 | Total features: 128 | Memory: 15000
2026-05-14 23:41:01,510 [INFO]   [Eval] Task 1, R 14: Acc: 63.17% | Prec-Mac: 60.50% | Rec-Mac: 74.35% | Mi-F1: 63.17% | Ma-F1: 56.78% | We-F1: 66.72% | Loss: 3.1333
2026-05-14 23:41:01,998 [INFO]   [CKPT] Saved: ckpt_der_task01_r014_global054_acc63.2.pth
2026-05-14 23:41:01,998 [INFO] 
--- Task 1, Round 15/80 (Global 55) ---
2026-05-14 23:41:02,006 [INFO] Edge 0: WTO is OFF, using all 20 clients.
2026-05-14 23:41:06,735 [INFO] Edge 0: [DER] Task 1 done. Backbones: 2 | Total features: 128 | Memory: 15000
2026-05-14 23:41:06,740 [INFO] Edge 1: WTO is OFF, using all 20 clients.
2026-05-14 23:41:11,288 [INFO] Edge 1: [DER] Task 1 done. Backbones: 2 | Total features: 128 | Memory: 15000
2026-05-14 23:41:11,291 [INFO] Edge 2: WTO is OFF, using all 20 clients.
2026-05-14 23:41:15,858 [INFO] Edge 2: [DER] Task 1 done. Backbones: 2 | Total features: 128 | Memory: 15000
2026-05-14 23:43:24,691 [INFO]   [Eval] Task 1, R 15: Acc: 63.35% | Prec-Mac: 61.13% | Rec-Mac: 74.58% | Mi-F1: 63.35% | Ma-F1: 57.20% | We-F1: 67.22% | Loss: 3.1104
2026-05-14 23:43:25,188 [INFO]   [CKPT] Saved: ckpt_der_task01_r015_global055_acc63.4.pth
2026-05-14 23:43:25,188 [INFO] 
--- Task 1, Round 16/80 (Global 56) ---
2026-05-14 23:43:25,197 [INFO] Edge 0: WTO is OFF, using all 20 clients.
2026-05-14 23:43:29,977 [INFO] Edge 0: [DER] Task 1 done. Backbones: 2 | Total features: 128 | Memory: 15000
2026-05-14 23:43:29,981 [INFO] Edge 1: WTO is OFF, using all 20 clients.
2026-05-14 23:43:34,524 [INFO] Edge 1: [DER] Task 1 done. Backbones: 2 | Total features: 128 | Memory: 15000
2026-05-14 23:43:34,528 [INFO] Edge 2: WTO is OFF, using all 20 clients.
2026-05-14 23:43:39,101 [INFO] Edge 2: [DER] Task 1 done. Backbones: 2 | Total features: 128 | Memory: 15000
2026-05-14 23:45:47,948 [INFO]   [Eval] Task 1, R 16: Acc: 57.36% | Prec-Mac: 58.14% | Rec-Mac: 70.57% | Mi-F1: 57.36% | Ma-F1: 51.65% | We-F1: 59.42% | Loss: 3.4331
2026-05-14 23:45:48,444 [INFO]   [CKPT] Saved: ckpt_der_task01_r016_global056_acc57.4.pth
2026-05-14 23:45:48,444 [INFO] 
--- Task 1, Round 17/80 (Global 57) ---
2026-05-14 23:45:48,452 [INFO] Edge 0: WTO is OFF, using all 20 clients.
2026-05-14 23:45:53,184 [INFO] Edge 0: [DER] Task 1 done. Backbones: 2 | Total features: 128 | Memory: 15000
2026-05-14 23:45:53,189 [INFO] Edge 1: WTO is OFF, using all 20 clients.
2026-05-14 23:45:57,743 [INFO] Edge 1: [DER] Task 1 done. Backbones: 2 | Total features: 128 | Memory: 15000
2026-05-14 23:45:57,747 [INFO] Edge 2: WTO is OFF, using all 20 clients.
2026-05-14 23:46:02,308 [INFO] Edge 2: [DER] Task 1 done. Backbones: 2 | Total features: 128 | Memory: 15000
2026-05-14 23:48:10,773 [INFO]   [Eval] Task 1, R 17: Acc: 61.17% | Prec-Mac: 60.28% | Rec-Mac: 72.54% | Mi-F1: 61.17% | Ma-F1: 54.73% | We-F1: 63.61% | Loss: 3.1464
2026-05-14 23:48:11,259 [INFO]   [CKPT] Saved: ckpt_der_task01_r017_global057_acc61.2.pth
2026-05-14 23:48:11,259 [INFO] 
--- Task 1, Round 18/80 (Global 58) ---
2026-05-14 23:48:11,267 [INFO] Edge 0: WTO is OFF, using all 20 clients.
2026-05-14 23:48:16,024 [INFO] Edge 0: [DER] Task 1 done. Backbones: 2 | Total features: 128 | Memory: 15000
2026-05-14 23:48:16,029 [INFO] Edge 1: WTO is OFF, using all 20 clients.
2026-05-14 23:48:20,584 [INFO] Edge 1: [DER] Task 1 done. Backbones: 2 | Total features: 128 | Memory: 15000
2026-05-14 23:48:20,588 [INFO] Edge 2: WTO is OFF, using all 20 clients.
2026-05-14 23:48:25,142 [INFO] Edge 2: [DER] Task 1 done. Backbones: 2 | Total features: 128 | Memory: 15000
2026-05-14 23:50:34,206 [INFO]   [Eval] Task 1, R 18: Acc: 60.28% | Prec-Mac: 60.11% | Rec-Mac: 72.26% | Mi-F1: 60.28% | Ma-F1: 54.09% | We-F1: 62.97% | Loss: 3.2299
2026-05-14 23:50:34,693 [INFO]   [CKPT] Saved: ckpt_der_task01_r018_global058_acc60.3.pth
2026-05-14 23:50:34,693 [INFO] 
--- Task 1, Round 19/80 (Global 59) ---
2026-05-14 23:50:34,703 [INFO] Edge 0: WTO is OFF, using all 20 clients.
2026-05-14 23:50:39,449 [INFO] Edge 0: [DER] Task 1 done. Backbones: 2 | Total features: 128 | Memory: 15000
2026-05-14 23:50:39,454 [INFO] Edge 1: WTO is OFF, using all 20 clients.
2026-05-14 23:50:43,990 [INFO] Edge 1: [DER] Task 1 done. Backbones: 2 | Total features: 128 | Memory: 15000
2026-05-14 23:50:43,993 [INFO] Edge 2: WTO is OFF, using all 20 clients.
2026-05-14 23:50:48,562 [INFO] Edge 2: [DER] Task 1 done. Backbones: 2 | Total features: 128 | Memory: 15000
2026-05-14 23:52:57,199 [INFO]   [Eval] Task 1, R 19: Acc: 60.08% | Prec-Mac: 60.33% | Rec-Mac: 72.21% | Mi-F1: 60.08% | Ma-F1: 54.77% | We-F1: 62.96% | Loss: 3.3316
2026-05-14 23:52:57,707 [INFO]   [CKPT] Saved: ckpt_der_task01_r019_global059_acc60.1.pth
2026-05-14 23:52:57,707 [INFO] 
--- Task 1, Round 20/80 (Global 60) ---
2026-05-14 23:52:57,716 [INFO] Edge 0: WTO is OFF, using all 20 clients.
2026-05-14 23:53:02,455 [INFO] Edge 0: [DER] Task 1 done. Backbones: 2 | Total features: 128 | Memory: 15000
2026-05-14 23:53:02,459 [INFO] Edge 1: WTO is OFF, using all 20 clients.
2026-05-14 23:53:07,000 [INFO] Edge 1: [DER] Task 1 done. Backbones: 2 | Total features: 128 | Memory: 15000
2026-05-14 23:53:07,004 [INFO] Edge 2: WTO is OFF, using all 20 clients.
2026-05-14 23:53:11,560 [INFO] Edge 2: [DER] Task 1 done. Backbones: 2 | Total features: 128 | Memory: 15000
2026-05-14 23:55:20,216 [INFO]   [Eval] Task 1, R 20: Acc: 62.48% | Prec-Mac: 60.85% | Rec-Mac: 74.64% | Mi-F1: 62.48% | Ma-F1: 56.54% | We-F1: 65.26% | Loss: 3.2762
2026-05-14 23:55:20,708 [INFO]   [CKPT] Saved: ckpt_der_task01_r020_global060_acc62.5.pth
2026-05-14 23:55:20,708 [INFO] 
--- Task 1, Round 21/80 (Global 61) ---
2026-05-14 23:55:20,716 [INFO] Edge 0: WTO is OFF, using all 20 clients.
2026-05-14 23:55:25,438 [INFO] Edge 0: [DER] Task 1 done. Backbones: 2 | Total features: 128 | Memory: 15000
2026-05-14 23:55:25,443 [INFO] Edge 1: WTO is OFF, using all 20 clients.
2026-05-14 23:55:29,981 [INFO] Edge 1: [DER] Task 1 done. Backbones: 2 | Total features: 128 | Memory: 15000
2026-05-14 23:55:29,985 [INFO] Edge 2: WTO is OFF, using all 20 clients.
2026-05-14 23:55:34,531 [INFO] Edge 2: [DER] Task 1 done. Backbones: 2 | Total features: 128 | Memory: 15000
2026-05-14 23:57:43,232 [INFO]   [Eval] Task 1, R 21: Acc: 60.53% | Prec-Mac: 59.94% | Rec-Mac: 73.47% | Mi-F1: 60.53% | Ma-F1: 54.03% | We-F1: 62.06% | Loss: 3.2317
2026-05-14 23:57:43,716 [INFO]   [CKPT] Saved: ckpt_der_task01_r021_global061_acc60.5.pth
2026-05-14 23:57:43,716 [INFO] 
--- Task 1, Round 22/80 (Global 62) ---
2026-05-14 23:57:43,724 [INFO] Edge 0: WTO is OFF, using all 20 clients.
2026-05-14 23:57:48,437 [INFO] Edge 0: [DER] Task 1 done. Backbones: 2 | Total features: 128 | Memory: 15000
2026-05-14 23:57:48,441 [INFO] Edge 1: WTO is OFF, using all 20 clients.
2026-05-14 23:57:52,978 [INFO] Edge 1: [DER] Task 1 done. Backbones: 2 | Total features: 128 | Memory: 15000
2026-05-14 23:57:52,982 [INFO] Edge 2: WTO is OFF, using all 20 clients.
2026-05-14 23:57:57,525 [INFO] Edge 2: [DER] Task 1 done. Backbones: 2 | Total features: 128 | Memory: 15000
2026-05-15 00:00:06,259 [INFO]   [Eval] Task 1, R 22: Acc: 61.86% | Prec-Mac: 60.76% | Rec-Mac: 74.14% | Mi-F1: 61.86% | Ma-F1: 55.62% | We-F1: 63.96% | Loss: 3.3009
2026-05-15 00:00:06,742 [INFO]   [CKPT] Saved: ckpt_der_task01_r022_global062_acc61.9.pth
2026-05-15 00:00:06,742 [INFO] 
--- Task 1, Round 23/80 (Global 63) ---
2026-05-15 00:00:06,751 [INFO] Edge 0: WTO is OFF, using all 20 clients.
2026-05-15 00:00:11,495 [INFO] Edge 0: [DER] Task 1 done. Backbones: 2 | Total features: 128 | Memory: 15000
2026-05-15 00:00:11,499 [INFO] Edge 1: WTO is OFF, using all 20 clients.
2026-05-15 00:00:16,046 [INFO] Edge 1: [DER] Task 1 done. Backbones: 2 | Total features: 128 | Memory: 15000
2026-05-15 00:00:16,050 [INFO] Edge 2: WTO is OFF, using all 20 clients.
2026-05-15 00:00:20,621 [INFO] Edge 2: [DER] Task 1 done. Backbones: 2 | Total features: 128 | Memory: 15000
2026-05-15 00:02:28,969 [INFO]   [Eval] Task 1, R 23: Acc: 61.96% | Prec-Mac: 62.96% | Rec-Mac: 74.10% | Mi-F1: 61.96% | Ma-F1: 56.35% | We-F1: 65.13% | Loss: 3.5672
2026-05-15 00:02:29,452 [INFO]   [CKPT] Saved: ckpt_der_task01_r023_global063_acc62.0.pth
2026-05-15 00:02:29,453 [INFO] 
--- Task 1, Round 24/80 (Global 64) ---
2026-05-15 00:02:29,461 [INFO] Edge 0: WTO is OFF, using all 20 clients.
2026-05-15 00:02:34,203 [INFO] Edge 0: [DER] Task 1 done. Backbones: 2 | Total features: 128 | Memory: 15000
2026-05-15 00:02:34,208 [INFO] Edge 1: WTO is OFF, using all 20 clients.
2026-05-15 00:02:38,741 [INFO] Edge 1: [DER] Task 1 done. Backbones: 2 | Total features: 128 | Memory: 15000
2026-05-15 00:02:38,745 [INFO] Edge 2: WTO is OFF, using all 20 clients.
2026-05-15 00:02:43,297 [INFO] Edge 2: [DER] Task 1 done. Backbones: 2 | Total features: 128 | Memory: 15000
2026-05-15 00:04:52,118 [INFO]   [Eval] Task 1, R 24: Acc: 60.49% | Prec-Mac: 62.98% | Rec-Mac: 73.51% | Mi-F1: 60.49% | Ma-F1: 55.49% | We-F1: 62.41% | Loss: 3.6843
2026-05-15 00:04:52,604 [INFO]   [CKPT] Saved: ckpt_der_task01_r024_global064_acc60.5.pth
2026-05-15 00:04:52,604 [INFO] 
--- Task 1, Round 25/80 (Global 65) ---
2026-05-15 00:04:52,613 [INFO] Edge 0: WTO is OFF, using all 20 clients.
2026-05-15 00:04:57,371 [INFO] Edge 0: [DER] Task 1 done. Backbones: 2 | Total features: 128 | Memory: 15000
2026-05-15 00:04:57,377 [INFO] Edge 1: WTO is OFF, using all 20 clients.
2026-05-15 00:05:01,944 [INFO] Edge 1: [DER] Task 1 done. Backbones: 2 | Total features: 128 | Memory: 15000
2026-05-15 00:05:01,948 [INFO] Edge 2: WTO is OFF, using all 20 clients.
2026-05-15 00:05:06,510 [INFO] Edge 2: [DER] Task 1 done. Backbones: 2 | Total features: 128 | Memory: 15000
2026-05-15 00:07:15,381 [INFO]   [Eval] Task 1, R 25: Acc: 60.35% | Prec-Mac: 61.33% | Rec-Mac: 72.23% | Mi-F1: 60.35% | Ma-F1: 54.22% | We-F1: 63.68% | Loss: 3.7017
2026-05-15 00:07:15,864 [INFO]   [CKPT] Saved: ckpt_der_task01_r025_global065_acc60.3.pth
2026-05-15 00:07:15,864 [INFO] 
--- Task 1, Round 26/80 (Global 66) ---
2026-05-15 00:07:15,872 [INFO] Edge 0: WTO is OFF, using all 20 clients.
2026-05-15 00:07:20,612 [INFO] Edge 0: [DER] Task 1 done. Backbones: 2 | Total features: 128 | Memory: 15000
2026-05-15 00:07:20,618 [INFO] Edge 1: WTO is OFF, using all 20 clients.
2026-05-15 00:07:25,154 [INFO] Edge 1: [DER] Task 1 done. Backbones: 2 | Total features: 128 | Memory: 15000
2026-05-15 00:07:25,158 [INFO] Edge 2: WTO is OFF, using all 20 clients.
2026-05-15 00:07:29,713 [INFO] Edge 2: [DER] Task 1 done. Backbones: 2 | Total features: 128 | Memory: 15000
2026-05-15 00:09:38,709 [INFO]   [Eval] Task 1, R 26: Acc: 59.38% | Prec-Mac: 61.24% | Rec-Mac: 71.85% | Mi-F1: 59.38% | Ma-F1: 53.58% | We-F1: 62.36% | Loss: 3.8399
2026-05-15 00:09:39,206 [INFO]   [CKPT] Saved: ckpt_der_task01_r026_global066_acc59.4.pth
2026-05-15 00:09:39,206 [INFO] 
--- Task 1, Round 27/80 (Global 67) ---
2026-05-15 00:09:39,214 [INFO] Edge 0: WTO is OFF, using all 20 clients.
2026-05-15 00:09:43,950 [INFO] Edge 0: [DER] Task 1 done. Backbones: 2 | Total features: 128 | Memory: 15000
2026-05-15 00:09:43,956 [INFO] Edge 1: WTO is OFF, using all 20 clients.
2026-05-15 00:09:48,521 [INFO] Edge 1: [DER] Task 1 done. Backbones: 2 | Total features: 128 | Memory: 15000
2026-05-15 00:09:48,525 [INFO] Edge 2: WTO is OFF, using all 20 clients.
2026-05-15 00:09:53,080 [INFO] Edge 2: [DER] Task 1 done. Backbones: 2 | Total features: 128 | Memory: 15000
2026-05-15 00:12:01,604 [INFO]   [Eval] Task 1, R 27: Acc: 58.38% | Prec-Mac: 60.70% | Rec-Mac: 71.32% | Mi-F1: 58.38% | Ma-F1: 52.63% | We-F1: 60.61% | Loss: 4.1801
2026-05-15 00:12:02,085 [INFO]   [CKPT] Saved: ckpt_der_task01_r027_global067_acc58.4.pth
2026-05-15 00:12:02,086 [INFO] 
--- Task 1, Round 28/80 (Global 68) ---
2026-05-15 00:12:02,094 [INFO] Edge 0: WTO is OFF, using all 20 clients.
2026-05-15 00:12:06,822 [INFO] Edge 0: [DER] Task 1 done. Backbones: 2 | Total features: 128 | Memory: 15000
2026-05-15 00:12:06,827 [INFO] Edge 1: WTO is OFF, using all 20 clients.
2026-05-15 00:12:11,349 [INFO] Edge 1: [DER] Task 1 done. Backbones: 2 | Total features: 128 | Memory: 15000
2026-05-15 00:12:11,353 [INFO] Edge 2: WTO is OFF, using all 20 clients.
2026-05-15 00:12:15,891 [INFO] Edge 2: [DER] Task 1 done. Backbones: 2 | Total features: 128 | Memory: 15000
2026-05-15 00:14:24,262 [INFO]   [Eval] Task 1, R 28: Acc: 59.40% | Prec-Mac: 60.98% | Rec-Mac: 71.69% | Mi-F1: 59.40% | Ma-F1: 53.55% | We-F1: 62.75% | Loss: 3.7966
2026-05-15 00:14:24,758 [INFO]   [CKPT] Saved: ckpt_der_task01_r028_global068_acc59.4.pth
2026-05-15 00:14:24,758 [INFO] 
--- Task 1, Round 29/80 (Global 69) ---
2026-05-15 00:14:24,767 [INFO] Edge 0: WTO is OFF, using all 20 clients.
2026-05-15 00:14:29,543 [INFO] Edge 0: [DER] Task 1 done. Backbones: 2 | Total features: 128 | Memory: 15000
2026-05-15 00:14:29,548 [INFO] Edge 1: WTO is OFF, using all 20 clients.
2026-05-15 00:14:34,100 [INFO] Edge 1: [DER] Task 1 done. Backbones: 2 | Total features: 128 | Memory: 15000
2026-05-15 00:14:34,105 [INFO] Edge 2: WTO is OFF, using all 20 clients.
2026-05-15 00:14:38,680 [INFO] Edge 2: [DER] Task 1 done. Backbones: 2 | Total features: 128 | Memory: 15000
2026-05-15 00:16:47,418 [INFO]   [Eval] Task 1, R 29: Acc: 59.32% | Prec-Mac: 61.00% | Rec-Mac: 71.79% | Mi-F1: 59.32% | Ma-F1: 53.66% | We-F1: 62.66% | Loss: 3.8366
2026-05-15 00:16:47,935 [INFO]   [CKPT] Saved: ckpt_der_task01_r029_global069_acc59.3.pth
2026-05-15 00:16:47,935 [INFO] 
--- Task 1, Round 30/80 (Global 70) ---
2026-05-15 00:16:47,944 [INFO] Edge 0: WTO is OFF, using all 20 clients.
2026-05-15 00:16:52,692 [INFO] Edge 0: [DER] Task 1 done. Backbones: 2 | Total features: 128 | Memory: 15000
2026-05-15 00:16:52,696 [INFO] Edge 1: WTO is OFF, using all 20 clients.
2026-05-15 00:16:57,250 [INFO] Edge 1: [DER] Task 1 done. Backbones: 2 | Total features: 128 | Memory: 15000
2026-05-15 00:16:57,254 [INFO] Edge 2: WTO is OFF, using all 20 clients.
2026-05-15 00:17:01,822 [INFO] Edge 2: [DER] Task 1 done. Backbones: 2 | Total features: 128 | Memory: 15000
2026-05-15 00:19:10,752 [INFO]   [Eval] Task 1, R 30: Acc: 60.40% | Prec-Mac: 61.55% | Rec-Mac: 72.26% | Mi-F1: 60.40% | Ma-F1: 54.80% | We-F1: 63.99% | Loss: 3.7001
2026-05-15 00:19:11,241 [INFO]   [CKPT] Saved: ckpt_der_task01_r030_global070_acc60.4.pth
2026-05-15 00:19:11,241 [INFO] 
--- Task 1, Round 31/80 (Global 71) ---
2026-05-15 00:19:11,249 [INFO] Edge 0: WTO is OFF, using all 20 clients.
2026-05-15 00:19:16,000 [INFO] Edge 0: [DER] Task 1 done. Backbones: 2 | Total features: 128 | Memory: 15000
2026-05-15 00:19:16,004 [INFO] Edge 1: WTO is OFF, using all 20 clients.
2026-05-15 00:19:20,548 [INFO] Edge 1: [DER] Task 1 done. Backbones: 2 | Total features: 128 | Memory: 15000
2026-05-15 00:19:20,552 [INFO] Edge 2: WTO is OFF, using all 20 clients.
2026-05-15 00:19:25,118 [INFO] Edge 2: [DER] Task 1 done. Backbones: 2 | Total features: 128 | Memory: 15000
2026-05-15 00:21:33,688 [INFO]   [Eval] Task 1, R 31: Acc: 60.47% | Prec-Mac: 61.77% | Rec-Mac: 72.31% | Mi-F1: 60.47% | Ma-F1: 54.94% | We-F1: 64.55% | Loss: 3.7703
2026-05-15 00:21:34,186 [INFO]   [CKPT] Saved: ckpt_der_task01_r031_global071_acc60.5.pth
2026-05-15 00:21:34,186 [INFO] 
--- Task 1, Round 32/80 (Global 72) ---
2026-05-15 00:21:34,194 [INFO] Edge 0: WTO is OFF, using all 20 clients.
2026-05-15 00:21:38,955 [INFO] Edge 0: [DER] Task 1 done. Backbones: 2 | Total features: 128 | Memory: 15000
2026-05-15 00:21:38,960 [INFO] Edge 1: WTO is OFF, using all 20 clients.
2026-05-15 00:21:43,531 [INFO] Edge 1: [DER] Task 1 done. Backbones: 2 | Total features: 128 | Memory: 15000
2026-05-15 00:21:43,535 [INFO] Edge 2: WTO is OFF, using all 20 clients.
2026-05-15 00:21:48,103 [INFO] Edge 2: [DER] Task 1 done. Backbones: 2 | Total features: 128 | Memory: 15000
2026-05-15 00:23:56,887 [INFO]   [Eval] Task 1, R 32: Acc: 64.06% | Prec-Mac: 64.78% | Rec-Mac: 75.63% | Mi-F1: 64.06% | Ma-F1: 59.51% | We-F1: 67.87% | Loss: 3.5921
2026-05-15 00:23:57,373 [INFO]   [CKPT] Saved: ckpt_der_task01_r032_global072_acc64.1.pth
2026-05-15 00:23:57,374 [INFO] 
--- Task 1, Round 33/80 (Global 73) ---
2026-05-15 00:23:57,384 [INFO] Edge 0: WTO is OFF, using all 20 clients.
2026-05-15 00:24:02,139 [INFO] Edge 0: [DER] Task 1 done. Backbones: 2 | Total features: 128 | Memory: 15000
2026-05-15 00:24:02,144 [INFO] Edge 1: WTO is OFF, using all 20 clients.
2026-05-15 00:24:06,688 [INFO] Edge 1: [DER] Task 1 done. Backbones: 2 | Total features: 128 | Memory: 15000
2026-05-15 00:24:06,692 [INFO] Edge 2: WTO is OFF, using all 20 clients.
2026-05-15 00:24:11,276 [INFO] Edge 2: [DER] Task 1 done. Backbones: 2 | Total features: 128 | Memory: 15000
2026-05-15 00:26:20,281 [INFO]   [Eval] Task 1, R 33: Acc: 58.45% | Prec-Mac: 61.68% | Rec-Mac: 71.80% | Mi-F1: 58.45% | Ma-F1: 53.50% | We-F1: 60.05% | Loss: 3.8773
2026-05-15 00:26:20,774 [INFO]   [CKPT] Saved: ckpt_der_task01_r033_global073_acc58.4.pth
2026-05-15 00:26:20,774 [INFO] 
--- Task 1, Round 34/80 (Global 74) ---
2026-05-15 00:26:20,782 [INFO] Edge 0: WTO is OFF, using all 20 clients.
2026-05-15 00:26:25,522 [INFO] Edge 0: [DER] Task 1 done. Backbones: 2 | Total features: 128 | Memory: 15000
2026-05-15 00:26:25,527 [INFO] Edge 1: WTO is OFF, using all 20 clients.
2026-05-15 00:26:30,080 [INFO] Edge 1: [DER] Task 1 done. Backbones: 2 | Total features: 128 | Memory: 15000
2026-05-15 00:26:30,084 [INFO] Edge 2: WTO is OFF, using all 20 clients.
2026-05-15 00:26:34,651 [INFO] Edge 2: [DER] Task 1 done. Backbones: 2 | Total features: 128 | Memory: 15000
2026-05-15 00:28:43,812 [INFO]   [Eval] Task 1, R 34: Acc: 58.54% | Prec-Mac: 60.07% | Rec-Mac: 70.86% | Mi-F1: 58.54% | Ma-F1: 53.73% | We-F1: 61.99% | Loss: 3.8880
2026-05-15 00:28:44,311 [INFO]   [CKPT] Saved: ckpt_der_task01_r034_global074_acc58.5.pth
2026-05-15 00:28:44,311 [INFO] 
--- Task 1, Round 35/80 (Global 75) ---
2026-05-15 00:28:44,319 [INFO] Edge 0: WTO is OFF, using all 20 clients.
2026-05-15 00:28:49,070 [INFO] Edge 0: [DER] Task 1 done. Backbones: 2 | Total features: 128 | Memory: 15000
2026-05-15 00:28:49,075 [INFO] Edge 1: WTO is OFF, using all 20 clients.
2026-05-15 00:28:53,616 [INFO] Edge 1: [DER] Task 1 done. Backbones: 2 | Total features: 128 | Memory: 15000
2026-05-15 00:28:53,620 [INFO] Edge 2: WTO is OFF, using all 20 clients.
2026-05-15 00:28:58,199 [INFO] Edge 2: [DER] Task 1 done. Backbones: 2 | Total features: 128 | Memory: 15000
2026-05-15 00:31:07,087 [INFO]   [Eval] Task 1, R 35: Acc: 60.97% | Prec-Mac: 63.72% | Rec-Mac: 74.84% | Mi-F1: 60.97% | Ma-F1: 57.05% | We-F1: 64.19% | Loss: 3.9252
2026-05-15 00:31:07,592 [INFO]   [CKPT] Saved: ckpt_der_task01_r035_global075_acc61.0.pth
2026-05-15 00:31:07,593 [INFO] 
--- Task 1, Round 36/80 (Global 76) ---
2026-05-15 00:31:07,603 [INFO] Edge 0: WTO is OFF, using all 20 clients.
2026-05-15 00:31:12,380 [INFO] Edge 0: [DER] Task 1 done. Backbones: 2 | Total features: 128 | Memory: 15000
2026-05-15 00:31:12,385 [INFO] Edge 1: WTO is OFF, using all 20 clients.
2026-05-15 00:31:16,951 [INFO] Edge 1: [DER] Task 1 done. Backbones: 2 | Total features: 128 | Memory: 15000
2026-05-15 00:31:16,955 [INFO] Edge 2: WTO is OFF, using all 20 clients.
2026-05-15 00:31:21,519 [INFO] Edge 2: [DER] Task 1 done. Backbones: 2 | Total features: 128 | Memory: 15000
2026-05-15 00:33:30,073 [INFO]   [Eval] Task 1, R 36: Acc: 60.39% | Prec-Mac: 63.70% | Rec-Mac: 73.70% | Mi-F1: 60.39% | Ma-F1: 56.54% | We-F1: 63.88% | Loss: 3.9142
2026-05-15 00:33:30,573 [INFO]   [CKPT] Saved: ckpt_der_task01_r036_global076_acc60.4.pth
2026-05-15 00:33:30,573 [INFO] 
--- Task 1, Round 37/80 (Global 77) ---
2026-05-15 00:33:30,582 [INFO] Edge 0: WTO is OFF, using all 20 clients.
2026-05-15 00:33:35,329 [INFO] Edge 0: [DER] Task 1 done. Backbones: 2 | Total features: 128 | Memory: 15000
2026-05-15 00:33:35,333 [INFO] Edge 1: WTO is OFF, using all 20 clients.
2026-05-15 00:33:39,890 [INFO] Edge 1: [DER] Task 1 done. Backbones: 2 | Total features: 128 | Memory: 15000
2026-05-15 00:33:39,895 [INFO] Edge 2: WTO is OFF, using all 20 clients.
2026-05-15 00:33:44,463 [INFO] Edge 2: [DER] Task 1 done. Backbones: 2 | Total features: 128 | Memory: 15000
2026-05-15 00:35:53,270 [INFO]   [Eval] Task 1, R 37: Acc: 61.66% | Prec-Mac: 64.45% | Rec-Mac: 75.36% | Mi-F1: 61.66% | Ma-F1: 58.06% | We-F1: 64.99% | Loss: 3.9118
2026-05-15 00:35:53,768 [INFO]   [CKPT] Saved: ckpt_der_task01_r037_global077_acc61.7.pth
2026-05-15 00:35:53,768 [INFO] 
--- Task 1, Round 38/80 (Global 78) ---
2026-05-15 00:35:53,777 [INFO] Edge 0: WTO is OFF, using all 20 clients.
2026-05-15 00:35:58,480 [INFO] Edge 0: [DER] Task 1 done. Backbones: 2 | Total features: 128 | Memory: 15000
2026-05-15 00:35:58,484 [INFO] Edge 1: WTO is OFF, using all 20 clients.
2026-05-15 00:36:03,027 [INFO] Edge 1: [DER] Task 1 done. Backbones: 2 | Total features: 128 | Memory: 15000
2026-05-15 00:36:03,031 [INFO] Edge 2: WTO is OFF, using all 20 clients.
2026-05-15 00:36:07,590 [INFO] Edge 2: [DER] Task 1 done. Backbones: 2 | Total features: 128 | Memory: 15000
2026-05-15 00:38:16,243 [INFO]   [Eval] Task 1, R 38: Acc: 58.91% | Prec-Mac: 61.42% | Rec-Mac: 72.23% | Mi-F1: 58.91% | Ma-F1: 55.37% | We-F1: 62.66% | Loss: 4.0489
2026-05-15 00:38:16,725 [INFO]   [CKPT] Saved: ckpt_der_task01_r038_global078_acc58.9.pth
2026-05-15 00:38:16,725 [INFO] 
--- Task 1, Round 39/80 (Global 79) ---
2026-05-15 00:38:16,734 [INFO] Edge 0: WTO is OFF, using all 20 clients.
2026-05-15 00:38:21,492 [INFO] Edge 0: [DER] Task 1 done. Backbones: 2 | Total features: 128 | Memory: 15000
2026-05-15 00:38:21,497 [INFO] Edge 1: WTO is OFF, using all 20 clients.
2026-05-15 00:38:26,050 [INFO] Edge 1: [DER] Task 1 done. Backbones: 2 | Total features: 128 | Memory: 15000
2026-05-15 00:38:26,055 [INFO] Edge 2: WTO is OFF, using all 20 clients.
2026-05-15 00:38:30,631 [INFO] Edge 2: [DER] Task 1 done. Backbones: 2 | Total features: 128 | Memory: 15000
2026-05-15 00:40:39,899 [INFO]   [Eval] Task 1, R 39: Acc: 61.27% | Prec-Mac: 63.65% | Rec-Mac: 75.24% | Mi-F1: 61.27% | Ma-F1: 56.70% | We-F1: 63.48% | Loss: 4.0434
2026-05-15 00:40:40,394 [INFO]   [CKPT] Saved: ckpt_der_task01_r039_global079_acc61.3.pth
2026-05-15 00:40:40,395 [INFO] 
--- Task 1, Round 40/80 (Global 80) ---
2026-05-15 00:40:40,403 [INFO] Edge 0: WTO is OFF, using all 20 clients.
2026-05-15 00:40:45,138 [INFO] Edge 0: [DER] Task 1 done. Backbones: 2 | Total features: 128 | Memory: 15000
2026-05-15 00:40:45,143 [INFO] Edge 1: WTO is OFF, using all 20 clients.
2026-05-15 00:40:49,729 [INFO] Edge 1: [DER] Task 1 done. Backbones: 2 | Total features: 128 | Memory: 15000
2026-05-15 00:40:49,733 [INFO] Edge 2: WTO is OFF, using all 20 clients.
2026-05-15 00:40:54,316 [INFO] Edge 2: [DER] Task 1 done. Backbones: 2 | Total features: 128 | Memory: 15000
2026-05-15 00:43:02,966 [INFO]   [Eval] Task 1, R 40: Acc: 61.98% | Prec-Mac: 64.76% | Rec-Mac: 75.53% | Mi-F1: 61.98% | Ma-F1: 58.21% | We-F1: 64.79% | Loss: 3.9825
2026-05-15 00:43:03,467 [INFO]   [CKPT] Saved: ckpt_der_task01_r040_global080_acc62.0.pth
2026-05-15 00:43:03,467 [INFO] 
--- Task 1, Round 41/80 (Global 81) ---
2026-05-15 00:43:03,468 [INFO]    [LR DECAY] Round 40 reached milestone: New LR = 0.002
2026-05-15 00:43:03,476 [INFO] Edge 0: WTO is OFF, using all 20 clients.
2026-05-15 00:43:08,257 [INFO] Edge 0: [DER] Task 1 done. Backbones: 2 | Total features: 128 | Memory: 15000
2026-05-15 00:43:08,261 [INFO] Edge 1: WTO is OFF, using all 20 clients.
2026-05-15 00:43:12,811 [INFO] Edge 1: [DER] Task 1 done. Backbones: 2 | Total features: 128 | Memory: 15000
2026-05-15 00:43:12,814 [INFO] Edge 2: WTO is OFF, using all 20 clients.
2026-05-15 00:43:17,397 [INFO] Edge 2: [DER] Task 1 done. Backbones: 2 | Total features: 128 | Memory: 15000
2026-05-15 00:45:26,513 [INFO]   [Eval] Task 1, R 41: Acc: 62.09% | Prec-Mac: 65.18% | Rec-Mac: 75.65% | Mi-F1: 62.09% | Ma-F1: 58.63% | We-F1: 65.35% | Loss: 4.0058
2026-05-15 00:45:27,012 [INFO]   [CKPT] Saved: ckpt_der_task01_r041_global081_acc62.1.pth
2026-05-15 00:45:27,012 [INFO] 
--- Task 1, Round 42/80 (Global 82) ---
2026-05-15 00:45:27,020 [INFO] Edge 0: WTO is OFF, using all 20 clients.
2026-05-15 00:45:31,799 [INFO] Edge 0: [DER] Task 1 done. Backbones: 2 | Total features: 128 | Memory: 15000
2026-05-15 00:45:31,803 [INFO] Edge 1: WTO is OFF, using all 20 clients.
2026-05-15 00:45:36,380 [INFO] Edge 1: [DER] Task 1 done. Backbones: 2 | Total features: 128 | Memory: 15000
2026-05-15 00:45:36,383 [INFO] Edge 2: WTO is OFF, using all 20 clients.
2026-05-15 00:45:40,956 [INFO] Edge 2: [DER] Task 1 done. Backbones: 2 | Total features: 128 | Memory: 15000
2026-05-15 00:47:49,578 [INFO]   [Eval] Task 1, R 42: Acc: 60.19% | Prec-Mac: 63.21% | Rec-Mac: 73.62% | Mi-F1: 60.19% | Ma-F1: 55.91% | We-F1: 63.07% | Loss: 4.0072
2026-05-15 00:47:50,071 [INFO]   [CKPT] Saved: ckpt_der_task01_r042_global082_acc60.2.pth
2026-05-15 00:47:50,071 [INFO] 
--- Task 1, Round 43/80 (Global 83) ---
2026-05-15 00:47:50,079 [INFO] Edge 0: WTO is OFF, using all 20 clients.
2026-05-15 00:47:54,812 [INFO] Edge 0: [DER] Task 1 done. Backbones: 2 | Total features: 128 | Memory: 15000
2026-05-15 00:47:54,817 [INFO] Edge 1: WTO is OFF, using all 20 clients.
2026-05-15 00:47:59,367 [INFO] Edge 1: [DER] Task 1 done. Backbones: 2 | Total features: 128 | Memory: 15000
2026-05-15 00:47:59,372 [INFO] Edge 2: WTO is OFF, using all 20 clients.
2026-05-15 00:48:03,934 [INFO] Edge 2: [DER] Task 1 done. Backbones: 2 | Total features: 128 | Memory: 15000
2026-05-15 00:50:12,850 [INFO]   [Eval] Task 1, R 43: Acc: 62.06% | Prec-Mac: 64.97% | Rec-Mac: 75.64% | Mi-F1: 62.06% | Ma-F1: 58.43% | We-F1: 65.14% | Loss: 4.0213
2026-05-15 00:50:13,345 [INFO]   [CKPT] Saved: ckpt_der_task01_r043_global083_acc62.1.pth
2026-05-15 00:50:13,346 [INFO] 
--- Task 1, Round 44/80 (Global 84) ---
2026-05-15 00:50:13,354 [INFO] Edge 0: WTO is OFF, using all 20 clients.
2026-05-15 00:50:18,121 [INFO] Edge 0: [DER] Task 1 done. Backbones: 2 | Total features: 128 | Memory: 15000
2026-05-15 00:50:18,127 [INFO] Edge 1: WTO is OFF, using all 20 clients.
2026-05-15 00:50:22,676 [INFO] Edge 1: [DER] Task 1 done. Backbones: 2 | Total features: 128 | Memory: 15000
2026-05-15 00:50:22,679 [INFO] Edge 2: WTO is OFF, using all 20 clients.
2026-05-15 00:50:27,266 [INFO] Edge 2: [DER] Task 1 done. Backbones: 2 | Total features: 128 | Memory: 15000
2026-05-15 00:52:36,391 [INFO]   [Eval] Task 1, R 44: Acc: 62.59% | Prec-Mac: 64.89% | Rec-Mac: 75.90% | Mi-F1: 62.59% | Ma-F1: 58.65% | We-F1: 65.67% | Loss: 3.9927
2026-05-15 00:52:36,892 [INFO]   [CKPT] Saved: ckpt_der_task01_r044_global084_acc62.6.pth
2026-05-15 00:52:36,892 [INFO] 
--- Task 1, Round 45/80 (Global 85) ---
2026-05-15 00:52:36,901 [INFO] Edge 0: WTO is OFF, using all 20 clients.
2026-05-15 00:52:41,657 [INFO] Edge 0: [DER] Task 1 done. Backbones: 2 | Total features: 128 | Memory: 15000
2026-05-15 00:52:41,662 [INFO] Edge 1: WTO is OFF, using all 20 clients.
2026-05-15 00:52:46,253 [INFO] Edge 1: [DER] Task 1 done. Backbones: 2 | Total features: 128 | Memory: 15000
2026-05-15 00:52:46,257 [INFO] Edge 2: WTO is OFF, using all 20 clients.
2026-05-15 00:52:50,811 [INFO] Edge 2: [DER] Task 1 done. Backbones: 2 | Total features: 128 | Memory: 15000
2026-05-15 00:55:00,091 [INFO]   [Eval] Task 1, R 45: Acc: 62.52% | Prec-Mac: 65.04% | Rec-Mac: 75.91% | Mi-F1: 62.52% | Ma-F1: 58.76% | We-F1: 65.51% | Loss: 4.0083
2026-05-15 00:55:00,581 [INFO]   [CKPT] Saved: ckpt_der_task01_r045_global085_acc62.5.pth
2026-05-15 00:55:00,581 [INFO] 
--- Task 1, Round 46/80 (Global 86) ---
2026-05-15 00:55:00,590 [INFO] Edge 0: WTO is OFF, using all 20 clients.
2026-05-15 00:55:05,340 [INFO] Edge 0: [DER] Task 1 done. Backbones: 2 | Total features: 128 | Memory: 15000
2026-05-15 00:55:05,344 [INFO] Edge 1: WTO is OFF, using all 20 clients.
2026-05-15 00:55:09,913 [INFO] Edge 1: [DER] Task 1 done. Backbones: 2 | Total features: 128 | Memory: 15000
2026-05-15 00:55:09,916 [INFO] Edge 2: WTO is OFF, using all 20 clients.
2026-05-15 00:55:14,498 [INFO] Edge 2: [DER] Task 1 done. Backbones: 2 | Total features: 128 | Memory: 15000
2026-05-15 00:57:27,126 [INFO]   [Eval] Task 1, R 46: Acc: 60.76% | Prec-Mac: 63.46% | Rec-Mac: 74.01% | Mi-F1: 60.76% | Ma-F1: 56.49% | We-F1: 63.71% | Loss: 3.9965
2026-05-15 00:57:27,643 [INFO]   [CKPT] Saved: ckpt_der_task01_r046_global086_acc60.8.pth
2026-05-15 00:57:27,643 [INFO] 
--- Task 1, Round 47/80 (Global 87) ---
2026-05-15 00:57:27,652 [INFO] Edge 0: WTO is OFF, using all 20 clients.
2026-05-15 00:57:32,565 [INFO] Edge 0: [DER] Task 1 done. Backbones: 2 | Total features: 128 | Memory: 15000
2026-05-15 00:57:32,569 [INFO] Edge 1: WTO is OFF, using all 20 clients.
2026-05-15 00:57:37,294 [INFO] Edge 1: [DER] Task 1 done. Backbones: 2 | Total features: 128 | Memory: 15000
2026-05-15 00:57:37,299 [INFO] Edge 2: WTO is OFF, using all 20 clients.
2026-05-15 00:57:42,037 [INFO] Edge 2: [DER] Task 1 done. Backbones: 2 | Total features: 128 | Memory: 15000
2026-05-15 00:59:57,607 [INFO]   [Eval] Task 1, R 47: Acc: 60.54% | Prec-Mac: 63.30% | Rec-Mac: 73.86% | Mi-F1: 60.54% | Ma-F1: 56.21% | We-F1: 63.44% | Loss: 3.9964
2026-05-15 00:59:58,107 [INFO]   [CKPT] Saved: ckpt_der_task01_r047_global087_acc60.5.pth
2026-05-15 00:59:58,107 [INFO] 
--- Task 1, Round 48/80 (Global 88) ---
2026-05-15 00:59:58,116 [INFO] Edge 0: WTO is OFF, using all 20 clients.
2026-05-15 01:00:03,269 [INFO] Edge 0: [DER] Task 1 done. Backbones: 2 | Total features: 128 | Memory: 15000
2026-05-15 01:00:03,274 [INFO] Edge 1: WTO is OFF, using all 20 clients.
2026-05-15 01:00:08,320 [INFO] Edge 1: [DER] Task 1 done. Backbones: 2 | Total features: 128 | Memory: 15000
2026-05-15 01:00:08,324 [INFO] Edge 2: WTO is OFF, using all 20 clients.
2026-05-15 01:00:13,357 [INFO] Edge 2: [DER] Task 1 done. Backbones: 2 | Total features: 128 | Memory: 15000
2026-05-15 01:02:23,986 [INFO]   [Eval] Task 1, R 48: Acc: 62.49% | Prec-Mac: 64.50% | Rec-Mac: 75.88% | Mi-F1: 62.49% | Ma-F1: 58.31% | We-F1: 65.41% | Loss: 3.9961
2026-05-15 01:02:24,483 [INFO]   [CKPT] Saved: ckpt_der_task01_r048_global088_acc62.5.pth
2026-05-15 01:02:24,483 [INFO] 
--- Task 1, Round 49/80 (Global 89) ---
2026-05-15 01:02:24,491 [INFO] Edge 0: WTO is OFF, using all 20 clients.
2026-05-15 01:02:29,445 [INFO] Edge 0: [DER] Task 1 done. Backbones: 2 | Total features: 128 | Memory: 15000
2026-05-15 01:02:29,450 [INFO] Edge 1: WTO is OFF, using all 20 clients.
2026-05-15 01:02:34,232 [INFO] Edge 1: [DER] Task 1 done. Backbones: 2 | Total features: 128 | Memory: 15000
2026-05-15 01:02:34,236 [INFO] Edge 2: WTO is OFF, using all 20 clients.
2026-05-15 01:02:39,010 [INFO] Edge 2: [DER] Task 1 done. Backbones: 2 | Total features: 128 | Memory: 15000
2026-05-15 01:04:48,700 [INFO]   [Eval] Task 1, R 49: Acc: 62.44% | Prec-Mac: 64.60% | Rec-Mac: 75.88% | Mi-F1: 62.44% | Ma-F1: 58.36% | We-F1: 65.36% | Loss: 4.0270
2026-05-15 01:04:49,190 [INFO]   [CKPT] Saved: ckpt_der_task01_r049_global089_acc62.4.pth
2026-05-15 01:04:49,190 [INFO] 
--- Task 1, Round 50/80 (Global 90) ---
2026-05-15 01:04:49,198 [INFO] Edge 0: WTO is OFF, using all 20 clients.
2026-05-15 01:04:53,987 [INFO] Edge 0: [DER] Task 1 done. Backbones: 2 | Total features: 128 | Memory: 15000
2026-05-15 01:04:53,991 [INFO] Edge 1: WTO is OFF, using all 20 clients.
2026-05-15 01:04:58,589 [INFO] Edge 1: [DER] Task 1 done. Backbones: 2 | Total features: 128 | Memory: 15000
2026-05-15 01:04:58,593 [INFO] Edge 2: WTO is OFF, using all 20 clients.
2026-05-15 01:05:03,181 [INFO] Edge 2: [DER] Task 1 done. Backbones: 2 | Total features: 128 | Memory: 15000
2026-05-15 01:07:13,603 [INFO]   [Eval] Task 1, R 50: Acc: 60.53% | Prec-Mac: 62.89% | Rec-Mac: 73.95% | Mi-F1: 60.53% | Ma-F1: 55.84% | We-F1: 63.20% | Loss: 4.0281
2026-05-15 01:07:14,091 [INFO]   [CKPT] Saved: ckpt_der_task01_r050_global090_acc60.5.pth
2026-05-15 01:07:14,092 [INFO] 
--- Task 1, Round 51/80 (Global 91) ---
2026-05-15 01:07:14,100 [INFO] Edge 0: WTO is OFF, using all 20 clients.
2026-05-15 01:07:18,965 [INFO] Edge 0: [DER] Task 1 done. Backbones: 2 | Total features: 128 | Memory: 15000
2026-05-15 01:07:18,970 [INFO] Edge 1: WTO is OFF, using all 20 clients.
2026-05-15 01:07:23,629 [INFO] Edge 1: [DER] Task 1 done. Backbones: 2 | Total features: 128 | Memory: 15000
2026-05-15 01:07:23,633 [INFO] Edge 2: WTO is OFF, using all 20 clients.
2026-05-15 01:07:28,287 [INFO] Edge 2: [DER] Task 1 done. Backbones: 2 | Total features: 128 | Memory: 15000
2026-05-15 01:09:40,106 [INFO]   [Eval] Task 1, R 51: Acc: 60.73% | Prec-Mac: 62.79% | Rec-Mac: 74.06% | Mi-F1: 60.73% | Ma-F1: 55.85% | We-F1: 63.35% | Loss: 4.0419
2026-05-15 01:09:40,596 [INFO]   [CKPT] Saved: ckpt_der_task01_r051_global091_acc60.7.pth
2026-05-15 01:09:40,596 [INFO] 
--- Task 1, Round 52/80 (Global 92) ---
2026-05-15 01:09:40,604 [INFO] Edge 0: WTO is OFF, using all 20 clients.
2026-05-15 01:09:45,379 [INFO] Edge 0: [DER] Task 1 done. Backbones: 2 | Total features: 128 | Memory: 15000
2026-05-15 01:09:45,383 [INFO] Edge 1: WTO is OFF, using all 20 clients.
2026-05-15 01:09:49,961 [INFO] Edge 1: [DER] Task 1 done. Backbones: 2 | Total features: 128 | Memory: 15000
2026-05-15 01:09:49,965 [INFO] Edge 2: WTO is OFF, using all 20 clients.
2026-05-15 01:09:54,539 [INFO] Edge 2: [DER] Task 1 done. Backbones: 2 | Total features: 128 | Memory: 15000
2026-05-15 01:12:03,548 [INFO]   [Eval] Task 1, R 52: Acc: 62.32% | Prec-Mac: 64.54% | Rec-Mac: 75.89% | Mi-F1: 62.32% | Ma-F1: 58.14% | We-F1: 64.78% | Loss: 4.1135
2026-05-15 01:12:04,047 [INFO]   [CKPT] Saved: ckpt_der_task01_r052_global092_acc62.3.pth
2026-05-15 01:12:04,047 [INFO] 
--- Task 1, Round 53/80 (Global 93) ---
2026-05-15 01:12:04,055 [INFO] Edge 0: WTO is OFF, using all 20 clients.
2026-05-15 01:12:08,840 [INFO] Edge 0: [DER] Task 1 done. Backbones: 2 | Total features: 128 | Memory: 15000
2026-05-15 01:12:08,845 [INFO] Edge 1: WTO is OFF, using all 20 clients.
2026-05-15 01:12:13,402 [INFO] Edge 1: [DER] Task 1 done. Backbones: 2 | Total features: 128 | Memory: 15000
2026-05-15 01:12:13,406 [INFO] Edge 2: WTO is OFF, using all 20 clients.
2026-05-15 01:12:17,981 [INFO] Edge 2: [DER] Task 1 done. Backbones: 2 | Total features: 128 | Memory: 15000
2026-05-15 01:14:27,867 [INFO]   [Eval] Task 1, R 53: Acc: 62.23% | Prec-Mac: 64.65% | Rec-Mac: 75.82% | Mi-F1: 62.23% | Ma-F1: 58.19% | We-F1: 64.98% | Loss: 4.0858
2026-05-15 01:14:28,352 [INFO]   [CKPT] Saved: ckpt_der_task01_r053_global093_acc62.2.pth
2026-05-15 01:14:28,352 [INFO] 
--- Task 1, Round 54/80 (Global 94) ---
2026-05-15 01:14:28,361 [INFO] Edge 0: WTO is OFF, using all 20 clients.
2026-05-15 01:14:33,131 [INFO] Edge 0: [DER] Task 1 done. Backbones: 2 | Total features: 128 | Memory: 15000
2026-05-15 01:14:33,136 [INFO] Edge 1: WTO is OFF, using all 20 clients.
2026-05-15 01:14:37,727 [INFO] Edge 1: [DER] Task 1 done. Backbones: 2 | Total features: 128 | Memory: 15000
2026-05-15 01:14:37,731 [INFO] Edge 2: WTO is OFF, using all 20 clients.
2026-05-15 01:14:42,308 [INFO] Edge 2: [DER] Task 1 done. Backbones: 2 | Total features: 128 | Memory: 15000
2026-05-15 01:16:51,617 [INFO]   [Eval] Task 1, R 54: Acc: 62.75% | Prec-Mac: 64.79% | Rec-Mac: 76.11% | Mi-F1: 62.75% | Ma-F1: 58.66% | We-F1: 65.53% | Loss: 4.0778
2026-05-15 01:16:52,109 [INFO]   [CKPT] Saved: ckpt_der_task01_r054_global094_acc62.8.pth
2026-05-15 01:16:52,109 [INFO] 
--- Task 1, Round 55/80 (Global 95) ---
2026-05-15 01:16:52,118 [INFO] Edge 0: WTO is OFF, using all 20 clients.
2026-05-15 01:16:56,909 [INFO] Edge 0: [DER] Task 1 done. Backbones: 2 | Total features: 128 | Memory: 15000
2026-05-15 01:16:56,914 [INFO] Edge 1: WTO is OFF, using all 20 clients.
2026-05-15 01:17:01,488 [INFO] Edge 1: [DER] Task 1 done. Backbones: 2 | Total features: 128 | Memory: 15000
2026-05-15 01:17:01,492 [INFO] Edge 2: WTO is OFF, using all 20 clients.
2026-05-15 01:17:06,097 [INFO] Edge 2: [DER] Task 1 done. Backbones: 2 | Total features: 128 | Memory: 15000
2026-05-15 01:19:15,475 [INFO]   [Eval] Task 1, R 55: Acc: 62.29% | Prec-Mac: 64.37% | Rec-Mac: 75.85% | Mi-F1: 62.29% | Ma-F1: 58.03% | We-F1: 64.97% | Loss: 4.0939
2026-05-15 01:19:15,959 [INFO]   [CKPT] Saved: ckpt_der_task01_r055_global095_acc62.3.pth
2026-05-15 01:19:15,959 [INFO] 
--- Task 1, Round 56/80 (Global 96) ---
2026-05-15 01:19:15,967 [INFO] Edge 0: WTO is OFF, using all 20 clients.
2026-05-15 01:19:20,731 [INFO] Edge 0: [DER] Task 1 done. Backbones: 2 | Total features: 128 | Memory: 15000
2026-05-15 01:19:20,737 [INFO] Edge 1: WTO is OFF, using all 20 clients.
2026-05-15 01:19:25,323 [INFO] Edge 1: [DER] Task 1 done. Backbones: 2 | Total features: 128 | Memory: 15000
2026-05-15 01:19:25,327 [INFO] Edge 2: WTO is OFF, using all 20 clients.
2026-05-15 01:19:29,894 [INFO] Edge 2: [DER] Task 1 done. Backbones: 2 | Total features: 128 | Memory: 15000
2026-05-15 01:21:38,904 [INFO]   [Eval] Task 1, R 56: Acc: 61.05% | Prec-Mac: 62.76% | Rec-Mac: 74.24% | Mi-F1: 61.05% | Ma-F1: 55.92% | We-F1: 63.53% | Loss: 4.0902
2026-05-15 01:21:39,395 [INFO]   [CKPT] Saved: ckpt_der_task01_r056_global096_acc61.1.pth
2026-05-15 01:21:39,396 [INFO] 
--- Task 1, Round 57/80 (Global 97) ---
2026-05-15 01:21:39,404 [INFO] Edge 0: WTO is OFF, using all 20 clients.
2026-05-15 01:21:44,196 [INFO] Edge 0: [DER] Task 1 done. Backbones: 2 | Total features: 128 | Memory: 15000
2026-05-15 01:21:44,200 [INFO] Edge 1: WTO is OFF, using all 20 clients.
2026-05-15 01:21:48,795 [INFO] Edge 1: [DER] Task 1 done. Backbones: 2 | Total features: 128 | Memory: 15000
2026-05-15 01:21:48,799 [INFO] Edge 2: WTO is OFF, using all 20 clients.
2026-05-15 01:21:53,369 [INFO] Edge 2: [DER] Task 1 done. Backbones: 2 | Total features: 128 | Memory: 15000
2026-05-15 01:24:02,414 [INFO]   [Eval] Task 1, R 57: Acc: 62.75% | Prec-Mac: 64.81% | Rec-Mac: 76.24% | Mi-F1: 62.75% | Ma-F1: 58.59% | We-F1: 65.36% | Loss: 4.0969
2026-05-15 01:24:02,905 [INFO]   [CKPT] Saved: ckpt_der_task01_r057_global097_acc62.7.pth
2026-05-15 01:24:02,905 [INFO] 
--- Task 1, Round 58/80 (Global 98) ---
2026-05-15 01:24:02,914 [INFO] Edge 0: WTO is OFF, using all 20 clients.
2026-05-15 01:24:07,654 [INFO] Edge 0: [DER] Task 1 done. Backbones: 2 | Total features: 128 | Memory: 15000
2026-05-15 01:24:07,658 [INFO] Edge 1: WTO is OFF, using all 20 clients.
2026-05-15 01:24:12,207 [INFO] Edge 1: [DER] Task 1 done. Backbones: 2 | Total features: 128 | Memory: 15000
2026-05-15 01:24:12,211 [INFO] Edge 2: WTO is OFF, using all 20 clients.
2026-05-15 01:24:16,788 [INFO] Edge 2: [DER] Task 1 done. Backbones: 2 | Total features: 128 | Memory: 15000
2026-05-15 01:26:25,689 [INFO]   [Eval] Task 1, R 58: Acc: 62.81% | Prec-Mac: 64.76% | Rec-Mac: 76.25% | Mi-F1: 62.81% | Ma-F1: 58.52% | We-F1: 65.23% | Loss: 4.1558
2026-05-15 01:26:26,176 [INFO]   [CKPT] Saved: ckpt_der_task01_r058_global098_acc62.8.pth
2026-05-15 01:26:26,176 [INFO] 
--- Task 1, Round 59/80 (Global 99) ---
2026-05-15 01:26:26,188 [INFO] Edge 0: WTO is OFF, using all 20 clients.
2026-05-15 01:26:30,945 [INFO] Edge 0: [DER] Task 1 done. Backbones: 2 | Total features: 128 | Memory: 15000
2026-05-15 01:26:30,950 [INFO] Edge 1: WTO is OFF, using all 20 clients.
2026-05-15 01:26:35,522 [INFO] Edge 1: [DER] Task 1 done. Backbones: 2 | Total features: 128 | Memory: 15000
2026-05-15 01:26:35,526 [INFO] Edge 2: WTO is OFF, using all 20 clients.
2026-05-15 01:26:40,083 [INFO] Edge 2: [DER] Task 1 done. Backbones: 2 | Total features: 128 | Memory: 15000
2026-05-15 01:28:49,513 [INFO]   [Eval] Task 1, R 59: Acc: 63.13% | Prec-Mac: 64.72% | Rec-Mac: 76.43% | Mi-F1: 63.13% | Ma-F1: 58.68% | We-F1: 65.61% | Loss: 4.1344
2026-05-15 01:28:50,002 [INFO]   [CKPT] Saved: ckpt_der_task01_r059_global099_acc63.1.pth
2026-05-15 01:28:50,002 [INFO] 
--- Task 1, Round 60/80 (Global 100) ---
2026-05-15 01:28:50,010 [INFO] Edge 0: WTO is OFF, using all 20 clients.
2026-05-15 01:28:54,731 [INFO] Edge 0: [DER] Task 1 done. Backbones: 2 | Total features: 128 | Memory: 15000
2026-05-15 01:28:54,735 [INFO] Edge 1: WTO is OFF, using all 20 clients.
2026-05-15 01:28:59,300 [INFO] Edge 1: [DER] Task 1 done. Backbones: 2 | Total features: 128 | Memory: 15000
2026-05-15 01:28:59,303 [INFO] Edge 2: WTO is OFF, using all 20 clients.
2026-05-15 01:29:03,876 [INFO] Edge 2: [DER] Task 1 done. Backbones: 2 | Total features: 128 | Memory: 15000
2026-05-15 01:31:12,932 [INFO]   [Eval] Task 1, R 60: Acc: 63.02% | Prec-Mac: 65.01% | Rec-Mac: 76.31% | Mi-F1: 63.02% | Ma-F1: 58.95% | We-F1: 65.76% | Loss: 4.1076
2026-05-15 01:31:13,433 [INFO]   [CKPT] Saved: ckpt_der_task01_r060_global100_acc63.0.pth
2026-05-15 01:31:13,433 [INFO] 
--- Task 1, Round 61/80 (Global 101) ---
2026-05-15 01:31:13,433 [INFO]    [LR DECAY] Round 60 reached milestone: New LR = 0.0002
2026-05-15 01:31:13,441 [INFO] Edge 0: WTO is OFF, using all 20 clients.
2026-05-15 01:31:18,194 [INFO] Edge 0: [DER] Task 1 done. Backbones: 2 | Total features: 128 | Memory: 15000
2026-05-15 01:31:18,199 [INFO] Edge 1: WTO is OFF, using all 20 clients.
2026-05-15 01:31:22,755 [INFO] Edge 1: [DER] Task 1 done. Backbones: 2 | Total features: 128 | Memory: 15000
2026-05-15 01:31:22,759 [INFO] Edge 2: WTO is OFF, using all 20 clients.
2026-05-15 01:31:27,349 [INFO] Edge 2: [DER] Task 1 done. Backbones: 2 | Total features: 128 | Memory: 15000
2026-05-15 01:33:36,272 [INFO]   [Eval] Task 1, R 61: Acc: 62.92% | Prec-Mac: 64.57% | Rec-Mac: 76.36% | Mi-F1: 62.92% | Ma-F1: 58.77% | We-F1: 65.55% | Loss: 4.1297
2026-05-15 01:33:36,758 [INFO]   [CKPT] Saved: ckpt_der_task01_r061_global101_acc62.9.pth
2026-05-15 01:33:36,759 [INFO] 
--- Task 1, Round 62/80 (Global 102) ---
2026-05-15 01:33:36,767 [INFO] Edge 0: WTO is OFF, using all 20 clients.
2026-05-15 01:33:41,517 [INFO] Edge 0: [DER] Task 1 done. Backbones: 2 | Total features: 128 | Memory: 15000
2026-05-15 01:33:41,521 [INFO] Edge 1: WTO is OFF, using all 20 clients.
2026-05-15 01:33:46,072 [INFO] Edge 1: [DER] Task 1 done. Backbones: 2 | Total features: 128 | Memory: 15000
2026-05-15 01:33:46,076 [INFO] Edge 2: WTO is OFF, using all 20 clients.
2026-05-15 01:33:50,631 [INFO] Edge 2: [DER] Task 1 done. Backbones: 2 | Total features: 128 | Memory: 15000
2026-05-15 01:35:59,382 [INFO]   [Eval] Task 1, R 62: Acc: 62.80% | Prec-Mac: 64.78% | Rec-Mac: 76.20% | Mi-F1: 62.80% | Ma-F1: 58.74% | We-F1: 65.47% | Loss: 4.1416
2026-05-15 01:35:59,868 [INFO]   [CKPT] Saved: ckpt_der_task01_r062_global102_acc62.8.pth
2026-05-15 01:35:59,868 [INFO] 
--- Task 1, Round 63/80 (Global 103) ---
2026-05-15 01:35:59,877 [INFO] Edge 0: WTO is OFF, using all 20 clients.
2026-05-15 01:36:04,661 [INFO] Edge 0: [DER] Task 1 done. Backbones: 2 | Total features: 128 | Memory: 15000
2026-05-15 01:36:04,666 [INFO] Edge 1: WTO is OFF, using all 20 clients.
2026-05-15 01:36:09,241 [INFO] Edge 1: [DER] Task 1 done. Backbones: 2 | Total features: 128 | Memory: 15000
2026-05-15 01:36:09,245 [INFO] Edge 2: WTO is OFF, using all 20 clients.
2026-05-15 01:36:13,815 [INFO] Edge 2: [DER] Task 1 done. Backbones: 2 | Total features: 128 | Memory: 15000
2026-05-15 01:38:22,734 [INFO]   [Eval] Task 1, R 63: Acc: 62.98% | Prec-Mac: 64.65% | Rec-Mac: 76.39% | Mi-F1: 62.98% | Ma-F1: 58.81% | We-F1: 65.57% | Loss: 4.1193
2026-05-15 01:38:23,228 [INFO]   [CKPT] Saved: ckpt_der_task01_r063_global103_acc63.0.pth
2026-05-15 01:38:23,228 [INFO] 
--- Task 1, Round 64/80 (Global 104) ---
2026-05-15 01:38:23,236 [INFO] Edge 0: WTO is OFF, using all 20 clients.
2026-05-15 01:38:27,998 [INFO] Edge 0: [DER] Task 1 done. Backbones: 2 | Total features: 128 | Memory: 15000
2026-05-15 01:38:28,002 [INFO] Edge 1: WTO is OFF, using all 20 clients.
2026-05-15 01:38:32,557 [INFO] Edge 1: [DER] Task 1 done. Backbones: 2 | Total features: 128 | Memory: 15000
2026-05-15 01:38:32,561 [INFO] Edge 2: WTO is OFF, using all 20 clients.
2026-05-15 01:38:37,139 [INFO] Edge 2: [DER] Task 1 done. Backbones: 2 | Total features: 128 | Memory: 15000
2026-05-15 01:40:46,027 [INFO]   [Eval] Task 1, R 64: Acc: 62.91% | Prec-Mac: 64.45% | Rec-Mac: 76.35% | Mi-F1: 62.91% | Ma-F1: 58.69% | We-F1: 65.50% | Loss: 4.1495
2026-05-15 01:40:46,513 [INFO]   [CKPT] Saved: ckpt_der_task01_r064_global104_acc62.9.pth
2026-05-15 01:40:46,513 [INFO] 
--- Task 1, Round 65/80 (Global 105) ---
2026-05-15 01:40:46,522 [INFO] Edge 0: WTO is OFF, using all 20 clients.
2026-05-15 01:40:51,249 [INFO] Edge 0: [DER] Task 1 done. Backbones: 2 | Total features: 128 | Memory: 15000
2026-05-15 01:40:51,253 [INFO] Edge 1: WTO is OFF, using all 20 clients.
2026-05-15 01:40:55,844 [INFO] Edge 1: [DER] Task 1 done. Backbones: 2 | Total features: 128 | Memory: 15000
2026-05-15 01:40:55,848 [INFO] Edge 2: WTO is OFF, using all 20 clients.
2026-05-15 01:41:00,404 [INFO] Edge 2: [DER] Task 1 done. Backbones: 2 | Total features: 128 | Memory: 15000
2026-05-15 01:43:09,511 [INFO]   [Eval] Task 1, R 65: Acc: 62.89% | Prec-Mac: 64.69% | Rec-Mac: 76.31% | Mi-F1: 62.89% | Ma-F1: 58.72% | We-F1: 65.56% | Loss: 4.1355
2026-05-15 01:43:10,000 [INFO]   [CKPT] Saved: ckpt_der_task01_r065_global105_acc62.9.pth
2026-05-15 01:43:10,000 [INFO] 
--- Task 1, Round 66/80 (Global 106) ---
2026-05-15 01:43:10,008 [INFO] Edge 0: WTO is OFF, using all 20 clients.
2026-05-15 01:43:14,756 [INFO] Edge 0: [DER] Task 1 done. Backbones: 2 | Total features: 128 | Memory: 15000
2026-05-15 01:43:14,761 [INFO] Edge 1: WTO is OFF, using all 20 clients.
2026-05-15 01:43:19,341 [INFO] Edge 1: [DER] Task 1 done. Backbones: 2 | Total features: 128 | Memory: 15000
2026-05-15 01:43:19,345 [INFO] Edge 2: WTO is OFF, using all 20 clients.
2026-05-15 01:43:23,925 [INFO] Edge 2: [DER] Task 1 done. Backbones: 2 | Total features: 128 | Memory: 15000
2026-05-15 01:45:32,983 [INFO]   [Eval] Task 1, R 66: Acc: 63.00% | Prec-Mac: 64.62% | Rec-Mac: 76.40% | Mi-F1: 63.00% | Ma-F1: 58.81% | We-F1: 65.63% | Loss: 4.1280
2026-05-15 01:45:33,496 [INFO]   [CKPT] Saved: ckpt_der_task01_r066_global106_acc63.0.pth
2026-05-15 01:45:33,496 [INFO] 
--- Task 1, Round 67/80 (Global 107) ---
2026-05-15 01:45:33,511 [INFO] Edge 0: WTO is OFF, using all 20 clients.
2026-05-15 01:45:38,268 [INFO] Edge 0: [DER] Task 1 done. Backbones: 2 | Total features: 128 | Memory: 15000
2026-05-15 01:45:38,272 [INFO] Edge 1: WTO is OFF, using all 20 clients.
2026-05-15 01:45:42,827 [INFO] Edge 1: [DER] Task 1 done. Backbones: 2 | Total features: 128 | Memory: 15000
2026-05-15 01:45:42,831 [INFO] Edge 2: WTO is OFF, using all 20 clients.
2026-05-15 01:45:47,413 [INFO] Edge 2: [DER] Task 1 done. Backbones: 2 | Total features: 128 | Memory: 15000
2026-05-15 01:47:56,419 [INFO]   [Eval] Task 1, R 67: Acc: 63.02% | Prec-Mac: 64.74% | Rec-Mac: 76.39% | Mi-F1: 63.02% | Ma-F1: 58.88% | We-F1: 65.68% | Loss: 4.1362
2026-05-15 01:47:56,924 [INFO]   [CKPT] Saved: ckpt_der_task01_r067_global107_acc63.0.pth
2026-05-15 01:47:56,924 [INFO] 
--- Task 1, Round 68/80 (Global 108) ---
2026-05-15 01:47:56,932 [INFO] Edge 0: WTO is OFF, using all 20 clients.
2026-05-15 01:48:01,671 [INFO] Edge 0: [DER] Task 1 done. Backbones: 2 | Total features: 128 | Memory: 15000
2026-05-15 01:48:01,677 [INFO] Edge 1: WTO is OFF, using all 20 clients.
2026-05-15 01:48:06,261 [INFO] Edge 1: [DER] Task 1 done. Backbones: 2 | Total features: 128 | Memory: 15000
2026-05-15 01:48:06,265 [INFO] Edge 2: WTO is OFF, using all 20 clients.
2026-05-15 01:48:10,861 [INFO] Edge 2: [DER] Task 1 done. Backbones: 2 | Total features: 128 | Memory: 15000
2026-05-15 01:50:19,818 [INFO]   [Eval] Task 1, R 68: Acc: 62.94% | Prec-Mac: 64.54% | Rec-Mac: 76.37% | Mi-F1: 62.94% | Ma-F1: 58.63% | We-F1: 65.50% | Loss: 4.1342
2026-05-15 01:50:20,308 [INFO]   [CKPT] Saved: ckpt_der_task01_r068_global108_acc62.9.pth
2026-05-15 01:50:20,309 [INFO] 
--- Task 1, Round 69/80 (Global 109) ---
2026-05-15 01:50:20,317 [INFO] Edge 0: WTO is OFF, using all 20 clients.
2026-05-15 01:50:25,103 [INFO] Edge 0: [DER] Task 1 done. Backbones: 2 | Total features: 128 | Memory: 15000
2026-05-15 01:50:25,108 [INFO] Edge 1: WTO is OFF, using all 20 clients.
2026-05-15 01:50:29,660 [INFO] Edge 1: [DER] Task 1 done. Backbones: 2 | Total features: 128 | Memory: 15000
2026-05-15 01:50:29,664 [INFO] Edge 2: WTO is OFF, using all 20 clients.
2026-05-15 01:50:34,225 [INFO] Edge 2: [DER] Task 1 done. Backbones: 2 | Total features: 128 | Memory: 15000
2026-05-15 01:52:43,009 [INFO]   [Eval] Task 1, R 69: Acc: 62.77% | Prec-Mac: 64.51% | Rec-Mac: 76.24% | Mi-F1: 62.77% | Ma-F1: 58.69% | We-F1: 65.42% | Loss: 4.1428
2026-05-15 01:52:43,510 [INFO]   [CKPT] Saved: ckpt_der_task01_r069_global109_acc62.8.pth
2026-05-15 01:52:43,510 [INFO] 
--- Task 1, Round 70/80 (Global 110) ---
2026-05-15 01:52:43,520 [INFO] Edge 0: WTO is OFF, using all 20 clients.
2026-05-15 01:52:48,276 [INFO] Edge 0: [DER] Task 1 done. Backbones: 2 | Total features: 128 | Memory: 15000
2026-05-15 01:52:48,281 [INFO] Edge 1: WTO is OFF, using all 20 clients.
2026-05-15 01:52:52,840 [INFO] Edge 1: [DER] Task 1 done. Backbones: 2 | Total features: 128 | Memory: 15000
2026-05-15 01:52:52,844 [INFO] Edge 2: WTO is OFF, using all 20 clients.
2026-05-15 01:52:57,423 [INFO] Edge 2: [DER] Task 1 done. Backbones: 2 | Total features: 128 | Memory: 15000
2026-05-15 01:55:06,253 [INFO]   [Eval] Task 1, R 70: Acc: 62.78% | Prec-Mac: 64.67% | Rec-Mac: 76.31% | Mi-F1: 62.78% | Ma-F1: 58.68% | We-F1: 65.38% | Loss: 4.1619
2026-05-15 01:55:06,737 [INFO]   [CKPT] Saved: ckpt_der_task01_r070_global110_acc62.8.pth
2026-05-15 01:55:06,737 [INFO] 
--- Task 1, Round 71/80 (Global 111) ---
2026-05-15 01:55:06,745 [INFO] Edge 0: WTO is OFF, using all 20 clients.
2026-05-15 01:55:11,462 [INFO] Edge 0: [DER] Task 1 done. Backbones: 2 | Total features: 128 | Memory: 15000
2026-05-15 01:55:11,466 [INFO] Edge 1: WTO is OFF, using all 20 clients.
2026-05-15 01:55:16,025 [INFO] Edge 1: [DER] Task 1 done. Backbones: 2 | Total features: 128 | Memory: 15000
2026-05-15 01:55:16,029 [INFO] Edge 2: WTO is OFF, using all 20 clients.
2026-05-15 01:55:20,591 [INFO] Edge 2: [DER] Task 1 done. Backbones: 2 | Total features: 128 | Memory: 15000
2026-05-15 01:57:29,267 [INFO]   [Eval] Task 1, R 71: Acc: 62.77% | Prec-Mac: 64.70% | Rec-Mac: 76.24% | Mi-F1: 62.77% | Ma-F1: 58.80% | We-F1: 65.42% | Loss: 4.1571
2026-05-15 01:57:29,756 [INFO]   [CKPT] Saved: ckpt_der_task01_r071_global111_acc62.8.pth
2026-05-15 01:57:29,756 [INFO] 
--- Task 1, Round 72/80 (Global 112) ---
2026-05-15 01:57:29,765 [INFO] Edge 0: WTO is OFF, using all 20 clients.
2026-05-15 01:57:34,549 [INFO] Edge 0: [DER] Task 1 done. Backbones: 2 | Total features: 128 | Memory: 15000
2026-05-15 01:57:34,553 [INFO] Edge 1: WTO is OFF, using all 20 clients.
2026-05-15 01:57:39,113 [INFO] Edge 1: [DER] Task 1 done. Backbones: 2 | Total features: 128 | Memory: 15000
2026-05-15 01:57:39,117 [INFO] Edge 2: WTO is OFF, using all 20 clients.
2026-05-15 01:57:43,698 [INFO] Edge 2: [DER] Task 1 done. Backbones: 2 | Total features: 128 | Memory: 15000
2026-05-15 01:59:52,227 [INFO]   [Eval] Task 1, R 72: Acc: 62.83% | Prec-Mac: 64.59% | Rec-Mac: 76.33% | Mi-F1: 62.83% | Ma-F1: 58.72% | We-F1: 65.45% | Loss: 4.1394
2026-05-15 01:59:52,714 [INFO]   [CKPT] Saved: ckpt_der_task01_r072_global112_acc62.8.pth
2026-05-15 01:59:52,714 [INFO] 
--- Task 1, Round 73/80 (Global 113) ---
2026-05-15 01:59:52,722 [INFO] Edge 0: WTO is OFF, using all 20 clients.
2026-05-15 01:59:57,474 [INFO] Edge 0: [DER] Task 1 done. Backbones: 2 | Total features: 128 | Memory: 15000
2026-05-15 01:59:57,479 [INFO] Edge 1: WTO is OFF, using all 20 clients.
2026-05-15 02:00:02,018 [INFO] Edge 1: [DER] Task 1 done. Backbones: 2 | Total features: 128 | Memory: 15000
2026-05-15 02:00:02,023 [INFO] Edge 2: WTO is OFF, using all 20 clients.
2026-05-15 02:00:06,610 [INFO] Edge 2: [DER] Task 1 done. Backbones: 2 | Total features: 128 | Memory: 15000
2026-05-15 02:02:15,349 [INFO]   [Eval] Task 1, R 73: Acc: 62.98% | Prec-Mac: 64.66% | Rec-Mac: 76.39% | Mi-F1: 62.98% | Ma-F1: 58.84% | We-F1: 65.65% | Loss: 4.1439
2026-05-15 02:02:15,837 [INFO]   [CKPT] Saved: ckpt_der_task01_r073_global113_acc63.0.pth
2026-05-15 02:02:15,838 [INFO] 
--- Task 1, Round 74/80 (Global 114) ---
2026-05-15 02:02:15,846 [INFO] Edge 0: WTO is OFF, using all 20 clients.
2026-05-15 02:02:20,602 [INFO] Edge 0: [DER] Task 1 done. Backbones: 2 | Total features: 128 | Memory: 15000
2026-05-15 02:02:20,607 [INFO] Edge 1: WTO is OFF, using all 20 clients.
2026-05-15 02:02:25,180 [INFO] Edge 1: [DER] Task 1 done. Backbones: 2 | Total features: 128 | Memory: 15000
2026-05-15 02:02:25,184 [INFO] Edge 2: WTO is OFF, using all 20 clients.
2026-05-15 02:02:29,745 [INFO] Edge 2: [DER] Task 1 done. Backbones: 2 | Total features: 128 | Memory: 15000
2026-05-15 02:04:38,806 [INFO]   [Eval] Task 1, R 74: Acc: 62.76% | Prec-Mac: 64.68% | Rec-Mac: 76.24% | Mi-F1: 62.76% | Ma-F1: 58.58% | We-F1: 65.39% | Loss: 4.1494
2026-05-15 02:04:39,296 [INFO]   [CKPT] Saved: ckpt_der_task01_r074_global114_acc62.8.pth
2026-05-15 02:04:39,297 [INFO] 
--- Task 1, Round 75/80 (Global 115) ---
2026-05-15 02:04:39,305 [INFO] Edge 0: WTO is OFF, using all 20 clients.
2026-05-15 02:04:44,031 [INFO] Edge 0: [DER] Task 1 done. Backbones: 2 | Total features: 128 | Memory: 15000
2026-05-15 02:04:44,037 [INFO] Edge 1: WTO is OFF, using all 20 clients.
2026-05-15 02:04:48,600 [INFO] Edge 1: [DER] Task 1 done. Backbones: 2 | Total features: 128 | Memory: 15000
2026-05-15 02:04:48,604 [INFO] Edge 2: WTO is OFF, using all 20 clients.
2026-05-15 02:04:53,170 [INFO] Edge 2: [DER] Task 1 done. Backbones: 2 | Total features: 128 | Memory: 15000
2026-05-15 02:07:01,962 [INFO]   [Eval] Task 1, R 75: Acc: 62.77% | Prec-Mac: 64.53% | Rec-Mac: 76.30% | Mi-F1: 62.77% | Ma-F1: 58.73% | We-F1: 65.42% | Loss: 4.1587
2026-05-15 02:07:02,457 [INFO]   [CKPT] Saved: ckpt_der_task01_r075_global115_acc62.8.pth
2026-05-15 02:07:02,457 [INFO] 
--- Task 1, Round 76/80 (Global 116) ---
2026-05-15 02:07:02,465 [INFO] Edge 0: WTO is OFF, using all 20 clients.
2026-05-15 02:07:07,233 [INFO] Edge 0: [DER] Task 1 done. Backbones: 2 | Total features: 128 | Memory: 15000
2026-05-15 02:07:07,238 [INFO] Edge 1: WTO is OFF, using all 20 clients.
2026-05-15 02:07:11,806 [INFO] Edge 1: [DER] Task 1 done. Backbones: 2 | Total features: 128 | Memory: 15000
2026-05-15 02:07:11,810 [INFO] Edge 2: WTO is OFF, using all 20 clients.
2026-05-15 02:07:16,427 [INFO] Edge 2: [DER] Task 1 done. Backbones: 2 | Total features: 128 | Memory: 15000
2026-05-15 02:09:24,924 [INFO]   [Eval] Task 1, R 76: Acc: 62.73% | Prec-Mac: 64.52% | Rec-Mac: 76.28% | Mi-F1: 62.73% | Ma-F1: 58.69% | We-F1: 65.35% | Loss: 4.1516
2026-05-15 02:09:25,429 [INFO]   [CKPT] Saved: ckpt_der_task01_r076_global116_acc62.7.pth
2026-05-15 02:09:25,429 [INFO] 
--- Task 1, Round 77/80 (Global 117) ---
2026-05-15 02:09:25,437 [INFO] Edge 0: WTO is OFF, using all 20 clients.
2026-05-15 02:09:30,207 [INFO] Edge 0: [DER] Task 1 done. Backbones: 2 | Total features: 128 | Memory: 15000
2026-05-15 02:09:30,211 [INFO] Edge 1: WTO is OFF, using all 20 clients.
2026-05-15 02:09:34,788 [INFO] Edge 1: [DER] Task 1 done. Backbones: 2 | Total features: 128 | Memory: 15000
2026-05-15 02:09:34,792 [INFO] Edge 2: WTO is OFF, using all 20 clients.
2026-05-15 02:09:39,379 [INFO] Edge 2: [DER] Task 1 done. Backbones: 2 | Total features: 128 | Memory: 15000
2026-05-15 02:11:48,719 [INFO]   [Eval] Task 1, R 77: Acc: 62.77% | Prec-Mac: 64.47% | Rec-Mac: 76.29% | Mi-F1: 62.77% | Ma-F1: 58.71% | We-F1: 65.45% | Loss: 4.1651
2026-05-15 02:11:49,217 [INFO]   [CKPT] Saved: ckpt_der_task01_r077_global117_acc62.8.pth
2026-05-15 02:11:49,218 [INFO] 
--- Task 1, Round 78/80 (Global 118) ---
2026-05-15 02:11:49,226 [INFO] Edge 0: WTO is OFF, using all 20 clients.
2026-05-15 02:11:53,981 [INFO] Edge 0: [DER] Task 1 done. Backbones: 2 | Total features: 128 | Memory: 15000
2026-05-15 02:11:53,986 [INFO] Edge 1: WTO is OFF, using all 20 clients.
2026-05-15 02:11:58,547 [INFO] Edge 1: [DER] Task 1 done. Backbones: 2 | Total features: 128 | Memory: 15000
2026-05-15 02:11:58,551 [INFO] Edge 2: WTO is OFF, using all 20 clients.
2026-05-15 02:12:03,127 [INFO] Edge 2: [DER] Task 1 done. Backbones: 2 | Total features: 128 | Memory: 15000
2026-05-15 02:14:11,802 [INFO]   [Eval] Task 1, R 78: Acc: 62.70% | Prec-Mac: 64.53% | Rec-Mac: 76.25% | Mi-F1: 62.70% | Ma-F1: 58.69% | We-F1: 65.31% | Loss: 4.1680
2026-05-15 02:14:12,296 [INFO]   [CKPT] Saved: ckpt_der_task01_r078_global118_acc62.7.pth
2026-05-15 02:14:12,297 [INFO] 
--- Task 1, Round 79/80 (Global 119) ---
2026-05-15 02:14:12,305 [INFO] Edge 0: WTO is OFF, using all 20 clients.
2026-05-15 02:14:17,069 [INFO] Edge 0: [DER] Task 1 done. Backbones: 2 | Total features: 128 | Memory: 15000
2026-05-15 02:14:17,074 [INFO] Edge 1: WTO is OFF, using all 20 clients.
2026-05-15 02:14:21,608 [INFO] Edge 1: [DER] Task 1 done. Backbones: 2 | Total features: 128 | Memory: 15000
2026-05-15 02:14:21,612 [INFO] Edge 2: WTO is OFF, using all 20 clients.
2026-05-15 02:14:26,178 [INFO] Edge 2: [DER] Task 1 done. Backbones: 2 | Total features: 128 | Memory: 15000
2026-05-15 02:16:35,177 [INFO]   [Eval] Task 1, R 79: Acc: 62.86% | Prec-Mac: 64.45% | Rec-Mac: 76.33% | Mi-F1: 62.86% | Ma-F1: 58.73% | We-F1: 65.55% | Loss: 4.1515
2026-05-15 02:16:35,685 [INFO]   [CKPT] Saved: ckpt_der_task01_r079_global119_acc62.9.pth
2026-05-15 02:16:35,686 [INFO] 
--- Task 1, Round 80/80 (Global 120) ---
2026-05-15 02:16:35,694 [INFO] Edge 0: WTO is OFF, using all 20 clients.
2026-05-15 02:20:15,013 [INFO] Edge 0: [DER] Task 1 done. Backbones: 2 | Total features: 128 | Memory: 14994
2026-05-15 02:20:15,018 [INFO] Edge 1: WTO is OFF, using all 20 clients.
2026-05-15 02:24:08,658 [INFO] Edge 1: [DER] Task 1 done. Backbones: 2 | Total features: 128 | Memory: 14994
2026-05-15 02:24:08,664 [INFO] Edge 2: WTO is OFF, using all 20 clients.
2026-05-15 02:28:10,478 [INFO] Edge 2: [DER] Task 1 done. Backbones: 2 | Total features: 128 | Memory: 14994
2026-05-15 02:30:19,228 [INFO]   [Eval] Task 1, R 80: Acc: 62.94% | Prec-Mac: 64.60% | Rec-Mac: 76.37% | Mi-F1: 62.94% | Ma-F1: 58.85% | We-F1: 65.65% | Loss: 4.1397
2026-05-15 02:30:19,716 [INFO]   [CKPT] Saved: ckpt_der_task01_r080_global120_acc62.9.pth
2026-05-15 02:30:19,716 [INFO] 
Loading data for Task 2 (Classes: [9, 10, 11, 12])...
2026-05-15 02:30:21,472 [INFO] [DER] Added backbone 3, total features=192, classes=13 for Task 2
2026-05-15 02:30:21,505 [INFO] 
============================================================
2026-05-15 02:30:21,505 [INFO] Task 2/4 | Classes: [9, 10, 11, 12] | 80 rounds | LR: 0.02
2026-05-15 02:30:21,505 [INFO] ============================================================
2026-05-15 02:30:21,506 [INFO] 
--- Task 2, Round 1/80 (Global 121) ---
2026-05-15 02:30:21,516 [INFO] Edge 0: WTO is OFF, using all 20 clients.
2026-05-15 02:30:22,525 [INFO] Edge 0: [DER] Task 2 done. Backbones: 3 | Total features: 192 | Memory: 14994
2026-05-15 02:30:22,530 [INFO] Edge 1: WTO is OFF, using all 20 clients.
2026-05-15 02:30:23,473 [INFO] Edge 1: [DER] Task 2 done. Backbones: 3 | Total features: 192 | Memory: 14994
2026-05-15 02:30:23,478 [INFO] Edge 2: WTO is OFF, using all 20 clients.
2026-05-15 02:30:24,548 [INFO] Edge 2: [DER] Task 2 done. Backbones: 3 | Total features: 192 | Memory: 14994
2026-05-15 02:32:48,881 [INFO]   [Eval] Task 2, R 1: Acc: 44.15% | Prec-Mac: 44.81% | Rec-Mac: 48.73% | Mi-F1: 44.15% | Ma-F1: 32.77% | We-F1: 45.48% | Loss: 8.2560
2026-05-15 02:32:49,381 [INFO]   [CKPT] Saved: ckpt_der_task02_r001_global121_acc44.1.pth
2026-05-15 02:32:49,381 [INFO] 
--- Task 2, Round 2/80 (Global 122) ---
2026-05-15 02:32:49,393 [INFO] Edge 0: WTO is OFF, using all 20 clients.
2026-05-15 02:32:50,541 [INFO] Edge 0: [DER] Task 2 done. Backbones: 3 | Total features: 192 | Memory: 14994
2026-05-15 02:32:50,546 [INFO] Edge 1: WTO is OFF, using all 20 clients.
2026-05-15 02:32:51,493 [INFO] Edge 1: [DER] Task 2 done. Backbones: 3 | Total features: 192 | Memory: 14994
2026-05-15 02:32:51,498 [INFO] Edge 2: WTO is OFF, using all 20 clients.
2026-05-15 02:32:52,568 [INFO] Edge 2: [DER] Task 2 done. Backbones: 3 | Total features: 192 | Memory: 14994
2026-05-15 02:35:16,894 [INFO]   [Eval] Task 2, R 2: Acc: 51.01% | Prec-Mac: 51.19% | Rec-Mac: 58.68% | Mi-F1: 51.01% | Ma-F1: 42.03% | We-F1: 56.06% | Loss: 6.5924
2026-05-15 02:35:17,397 [INFO]   [CKPT] Saved: ckpt_der_task02_r002_global122_acc51.0.pth
2026-05-15 02:35:17,397 [INFO] 
--- Task 2, Round 3/80 (Global 123) ---
2026-05-15 02:35:17,410 [INFO] Edge 0: WTO is OFF, using all 20 clients.
2026-05-15 02:35:18,597 [INFO] Edge 0: [DER] Task 2 done. Backbones: 3 | Total features: 192 | Memory: 14994
2026-05-15 02:35:18,602 [INFO] Edge 1: WTO is OFF, using all 20 clients.
2026-05-15 02:35:19,542 [INFO] Edge 1: [DER] Task 2 done. Backbones: 3 | Total features: 192 | Memory: 14994
2026-05-15 02:35:19,547 [INFO] Edge 2: WTO is OFF, using all 20 clients.
2026-05-15 02:35:20,493 [INFO] Edge 2: [DER] Task 2 done. Backbones: 3 | Total features: 192 | Memory: 14994
2026-05-15 02:37:44,917 [INFO]   [Eval] Task 2, R 3: Acc: 43.12% | Prec-Mac: 53.00% | Rec-Mac: 56.41% | Mi-F1: 43.12% | Ma-F1: 40.90% | We-F1: 47.82% | Loss: 7.4517
2026-05-15 02:37:45,417 [INFO]   [CKPT] Saved: ckpt_der_task02_r003_global123_acc43.1.pth
2026-05-15 02:37:45,417 [INFO] 
--- Task 2, Round 4/80 (Global 124) ---
2026-05-15 02:37:45,429 [INFO] Edge 0: WTO is OFF, using all 20 clients.
2026-05-15 02:37:46,463 [INFO] Edge 0: [DER] Task 2 done. Backbones: 3 | Total features: 192 | Memory: 14994
2026-05-15 02:37:46,468 [INFO] Edge 1: WTO is OFF, using all 20 clients.
2026-05-15 02:37:47,559 [INFO] Edge 1: [DER] Task 2 done. Backbones: 3 | Total features: 192 | Memory: 14994
2026-05-15 02:37:47,565 [INFO] Edge 2: WTO is OFF, using all 20 clients.
2026-05-15 02:37:48,510 [INFO] Edge 2: [DER] Task 2 done. Backbones: 3 | Total features: 192 | Memory: 14994
2026-05-15 02:40:13,196 [INFO]   [Eval] Task 2, R 4: Acc: 33.15% | Prec-Mac: 46.71% | Rec-Mac: 45.29% | Mi-F1: 33.15% | Ma-F1: 29.88% | We-F1: 36.13% | Loss: 8.5505
2026-05-15 02:40:13,687 [INFO]   [CKPT] Saved: ckpt_der_task02_r004_global124_acc33.1.pth
2026-05-15 02:40:13,687 [INFO] 
--- Task 2, Round 5/80 (Global 125) ---
2026-05-15 02:40:13,699 [INFO] Edge 0: WTO is OFF, using all 20 clients.
2026-05-15 02:40:14,832 [INFO] Edge 0: [DER] Task 2 done. Backbones: 3 | Total features: 192 | Memory: 14994
2026-05-15 02:40:14,839 [INFO] Edge 1: WTO is OFF, using all 20 clients.
2026-05-15 02:40:15,795 [INFO] Edge 1: [DER] Task 2 done. Backbones: 3 | Total features: 192 | Memory: 14994
2026-05-15 02:40:15,800 [INFO] Edge 2: WTO is OFF, using all 20 clients.
2026-05-15 02:40:16,750 [INFO] Edge 2: [DER] Task 2 done. Backbones: 3 | Total features: 192 | Memory: 14994
2026-05-15 02:42:40,752 [INFO]   [Eval] Task 2, R 5: Acc: 38.30% | Prec-Mac: 53.17% | Rec-Mac: 54.23% | Mi-F1: 38.30% | Ma-F1: 38.85% | We-F1: 43.00% | Loss: 7.7814
2026-05-15 02:42:41,246 [INFO]   [CKPT] Saved: ckpt_der_task02_r005_global125_acc38.3.pth
2026-05-15 02:42:41,246 [INFO] 
--- Task 2, Round 6/80 (Global 126) ---
2026-05-15 02:42:41,259 [INFO] Edge 0: WTO is OFF, using all 20 clients.
2026-05-15 02:42:42,277 [INFO] Edge 0: [DER] Task 2 done. Backbones: 3 | Total features: 192 | Memory: 14994
2026-05-15 02:42:42,282 [INFO] Edge 1: WTO is OFF, using all 20 clients.
2026-05-15 02:42:43,230 [INFO] Edge 1: [DER] Task 2 done. Backbones: 3 | Total features: 192 | Memory: 14994
2026-05-15 02:42:43,236 [INFO] Edge 2: WTO is OFF, using all 20 clients.
2026-05-15 02:42:44,328 [INFO] Edge 2: [DER] Task 2 done. Backbones: 3 | Total features: 192 | Memory: 14994
2026-05-15 02:45:08,426 [INFO]   [Eval] Task 2, R 6: Acc: 26.95% | Prec-Mac: 42.78% | Rec-Mac: 40.96% | Mi-F1: 26.95% | Ma-F1: 24.27% | We-F1: 28.29% | Loss: 9.3340
2026-05-15 02:45:08,920 [INFO]   [CKPT] Saved: ckpt_der_task02_r006_global126_acc26.9.pth
2026-05-15 02:45:08,920 [INFO] 
--- Task 2, Round 7/80 (Global 127) ---
2026-05-15 02:45:08,933 [INFO] Edge 0: WTO is OFF, using all 20 clients.
2026-05-15 02:45:09,949 [INFO] Edge 0: [DER] Task 2 done. Backbones: 3 | Total features: 192 | Memory: 14994
2026-05-15 02:45:09,955 [INFO] Edge 1: WTO is OFF, using all 20 clients.
2026-05-15 02:45:11,046 [INFO] Edge 1: [DER] Task 2 done. Backbones: 3 | Total features: 192 | Memory: 14994
2026-05-15 02:45:11,053 [INFO] Edge 2: WTO is OFF, using all 20 clients.
2026-05-15 02:45:11,995 [INFO] Edge 2: [DER] Task 2 done. Backbones: 3 | Total features: 192 | Memory: 14994
2026-05-15 02:47:35,996 [INFO]   [Eval] Task 2, R 7: Acc: 43.80% | Prec-Mac: 54.01% | Rec-Mac: 57.56% | Mi-F1: 43.80% | Ma-F1: 41.52% | We-F1: 48.03% | Loss: 7.7360
2026-05-15 02:47:36,490 [INFO]   [CKPT] Saved: ckpt_der_task02_r007_global127_acc43.8.pth
2026-05-15 02:47:36,490 [INFO] 
--- Task 2, Round 8/80 (Global 128) ---
2026-05-15 02:47:36,502 [INFO] Edge 0: WTO is OFF, using all 20 clients.
2026-05-15 02:47:37,670 [INFO] Edge 0: [DER] Task 2 done. Backbones: 3 | Total features: 192 | Memory: 14994
2026-05-15 02:47:37,678 [INFO] Edge 1: WTO is OFF, using all 20 clients.
2026-05-15 02:47:38,624 [INFO] Edge 1: [DER] Task 2 done. Backbones: 3 | Total features: 192 | Memory: 14994
2026-05-15 02:47:38,629 [INFO] Edge 2: WTO is OFF, using all 20 clients.
2026-05-15 02:47:39,579 [INFO] Edge 2: [DER] Task 2 done. Backbones: 3 | Total features: 192 | Memory: 14994
2026-05-15 02:50:03,887 [INFO]   [Eval] Task 2, R 8: Acc: 26.35% | Prec-Mac: 36.28% | Rec-Mac: 40.19% | Mi-F1: 26.35% | Ma-F1: 22.81% | We-F1: 27.81% | Loss: 9.9538
2026-05-15 02:50:04,386 [INFO]   [CKPT] Saved: ckpt_der_task02_r008_global128_acc26.4.pth
2026-05-15 02:50:04,387 [INFO] 
--- Task 2, Round 9/80 (Global 129) ---
2026-05-15 02:50:04,398 [INFO] Edge 0: WTO is OFF, using all 20 clients.
2026-05-15 02:50:05,574 [INFO] Edge 0: [DER] Task 2 done. Backbones: 3 | Total features: 192 | Memory: 14994
2026-05-15 02:50:05,580 [INFO] Edge 1: WTO is OFF, using all 20 clients.
2026-05-15 02:50:06,525 [INFO] Edge 1: [DER] Task 2 done. Backbones: 3 | Total features: 192 | Memory: 14994
2026-05-15 02:50:06,531 [INFO] Edge 2: WTO is OFF, using all 20 clients.
2026-05-15 02:50:07,478 [INFO] Edge 2: [DER] Task 2 done. Backbones: 3 | Total features: 192 | Memory: 14994
2026-05-15 02:52:32,020 [INFO]   [Eval] Task 2, R 9: Acc: 45.88% | Prec-Mac: 48.84% | Rec-Mac: 58.95% | Mi-F1: 45.88% | Ma-F1: 42.51% | We-F1: 50.30% | Loss: 7.6887
2026-05-15 02:52:32,519 [INFO]   [CKPT] Saved: ckpt_der_task02_r009_global129_acc45.9.pth
2026-05-15 02:52:32,519 [INFO] 
--- Task 2, Round 10/80 (Global 130) ---
2026-05-15 02:52:32,531 [INFO] Edge 0: WTO is OFF, using all 20 clients.
2026-05-15 02:52:33,563 [INFO] Edge 0: [DER] Task 2 done. Backbones: 3 | Total features: 192 | Memory: 14994
2026-05-15 02:52:33,569 [INFO] Edge 1: WTO is OFF, using all 20 clients.
2026-05-15 02:52:34,649 [INFO] Edge 1: [DER] Task 2 done. Backbones: 3 | Total features: 192 | Memory: 14994
2026-05-15 02:52:34,654 [INFO] Edge 2: WTO is OFF, using all 20 clients.
2026-05-15 02:52:35,614 [INFO] Edge 2: [DER] Task 2 done. Backbones: 3 | Total features: 192 | Memory: 14994
2026-05-15 02:54:59,852 [INFO]   [Eval] Task 2, R 10: Acc: 28.07% | Prec-Mac: 40.58% | Rec-Mac: 41.65% | Mi-F1: 28.07% | Ma-F1: 24.30% | We-F1: 29.02% | Loss: 8.9393
2026-05-15 02:55:00,342 [INFO]   [CKPT] Saved: ckpt_der_task02_r010_global130_acc28.1.pth
2026-05-15 02:55:00,342 [INFO] 
--- Task 2, Round 11/80 (Global 131) ---
2026-05-15 02:55:00,355 [INFO] Edge 0: WTO is OFF, using all 20 clients.
2026-05-15 02:55:01,400 [INFO] Edge 0: [DER] Task 2 done. Backbones: 3 | Total features: 192 | Memory: 14994
2026-05-15 02:55:01,405 [INFO] Edge 1: WTO is OFF, using all 20 clients.
2026-05-15 02:55:02,479 [INFO] Edge 1: [DER] Task 2 done. Backbones: 3 | Total features: 192 | Memory: 14994
2026-05-15 02:55:02,484 [INFO] Edge 2: WTO is OFF, using all 20 clients.
2026-05-15 02:55:03,430 [INFO] Edge 2: [DER] Task 2 done. Backbones: 3 | Total features: 192 | Memory: 14994
2026-05-15 02:57:27,993 [INFO]   [Eval] Task 2, R 11: Acc: 39.60% | Prec-Mac: 52.48% | Rec-Mac: 55.23% | Mi-F1: 39.60% | Ma-F1: 39.38% | We-F1: 44.51% | Loss: 8.3285
2026-05-15 02:57:28,484 [INFO]   [CKPT] Saved: ckpt_der_task02_r011_global131_acc39.6.pth
2026-05-15 02:57:28,484 [INFO] 
--- Task 2, Round 12/80 (Global 132) ---
2026-05-15 02:57:28,496 [INFO] Edge 0: WTO is OFF, using all 20 clients.
2026-05-15 02:57:29,528 [INFO] Edge 0: [DER] Task 2 done. Backbones: 3 | Total features: 192 | Memory: 14994
2026-05-15 02:57:29,534 [INFO] Edge 1: WTO is OFF, using all 20 clients.
2026-05-15 02:57:30,619 [INFO] Edge 1: [DER] Task 2 done. Backbones: 3 | Total features: 192 | Memory: 14994
2026-05-15 02:57:30,625 [INFO] Edge 2: WTO is OFF, using all 20 clients.
2026-05-15 02:57:31,568 [INFO] Edge 2: [DER] Task 2 done. Backbones: 3 | Total features: 192 | Memory: 14994
2026-05-15 02:59:56,099 [INFO]   [Eval] Task 2, R 12: Acc: 36.28% | Prec-Mac: 51.51% | Rec-Mac: 52.91% | Mi-F1: 36.28% | Ma-F1: 38.54% | We-F1: 40.93% | Loss: 8.7059
2026-05-15 02:59:56,601 [INFO]   [CKPT] Saved: ckpt_der_task02_r012_global132_acc36.3.pth
2026-05-15 02:59:56,602 [INFO] 
--- Task 2, Round 13/80 (Global 133) ---
2026-05-15 02:59:56,614 [INFO] Edge 0: WTO is OFF, using all 20 clients.
2026-05-15 02:59:57,626 [INFO] Edge 0: [DER] Task 2 done. Backbones: 3 | Total features: 192 | Memory: 14994
2026-05-15 02:59:57,632 [INFO] Edge 1: WTO is OFF, using all 20 clients.
2026-05-15 02:59:58,726 [INFO] Edge 1: [DER] Task 2 done. Backbones: 3 | Total features: 192 | Memory: 14994
2026-05-15 02:59:58,731 [INFO] Edge 2: WTO is OFF, using all 20 clients.
2026-05-15 02:59:59,680 [INFO] Edge 2: [DER] Task 2 done. Backbones: 3 | Total features: 192 | Memory: 14994
2026-05-15 03:02:24,158 [INFO]   [Eval] Task 2, R 13: Acc: 26.23% | Prec-Mac: 31.16% | Rec-Mac: 40.55% | Mi-F1: 26.23% | Ma-F1: 25.08% | We-F1: 27.80% | Loss: 10.4894
2026-05-15 03:02:24,652 [INFO]   [CKPT] Saved: ckpt_der_task02_r013_global133_acc26.2.pth
2026-05-15 03:02:24,652 [INFO] 
--- Task 2, Round 14/80 (Global 134) ---
2026-05-15 03:02:24,664 [INFO] Edge 0: WTO is OFF, using all 20 clients.
2026-05-15 03:02:25,704 [INFO] Edge 0: [DER] Task 2 done. Backbones: 3 | Total features: 192 | Memory: 14994
2026-05-15 03:02:25,709 [INFO] Edge 1: WTO is OFF, using all 20 clients.
2026-05-15 03:02:26,787 [INFO] Edge 1: [DER] Task 2 done. Backbones: 3 | Total features: 192 | Memory: 14994
2026-05-15 03:02:26,792 [INFO] Edge 2: WTO is OFF, using all 20 clients.
2026-05-15 03:02:27,743 [INFO] Edge 2: [DER] Task 2 done. Backbones: 3 | Total features: 192 | Memory: 14994
2026-05-15 03:04:52,423 [INFO]   [Eval] Task 2, R 14: Acc: 26.54% | Prec-Mac: 31.02% | Rec-Mac: 40.52% | Mi-F1: 26.54% | Ma-F1: 24.39% | We-F1: 27.98% | Loss: 10.2061
2026-05-15 03:04:52,915 [INFO]   [CKPT] Saved: ckpt_der_task02_r014_global134_acc26.5.pth
2026-05-15 03:04:52,915 [INFO] 
--- Task 2, Round 15/80 (Global 135) ---
2026-05-15 03:04:52,928 [INFO] Edge 0: WTO is OFF, using all 20 clients.
2026-05-15 03:04:53,957 [INFO] Edge 0: [DER] Task 2 done. Backbones: 3 | Total features: 192 | Memory: 14994
2026-05-15 03:04:53,963 [INFO] Edge 1: WTO is OFF, using all 20 clients.
2026-05-15 03:04:55,047 [INFO] Edge 1: [DER] Task 2 done. Backbones: 3 | Total features: 192 | Memory: 14994
2026-05-15 03:04:55,053 [INFO] Edge 2: WTO is OFF, using all 20 clients.
2026-05-15 03:04:56,001 [INFO] Edge 2: [DER] Task 2 done. Backbones: 3 | Total features: 192 | Memory: 14994
2026-05-15 03:07:20,401 [INFO]   [Eval] Task 2, R 15: Acc: 30.48% | Prec-Mac: 37.88% | Rec-Mac: 43.18% | Mi-F1: 30.48% | Ma-F1: 27.98% | We-F1: 32.43% | Loss: 9.0194
2026-05-15 03:07:20,903 [INFO]   [CKPT] Saved: ckpt_der_task02_r015_global135_acc30.5.pth
2026-05-15 03:07:20,903 [INFO] 
--- Task 2, Round 16/80 (Global 136) ---
2026-05-15 03:07:20,915 [INFO] Edge 0: WTO is OFF, using all 20 clients.
2026-05-15 03:07:21,946 [INFO] Edge 0: [DER] Task 2 done. Backbones: 3 | Total features: 192 | Memory: 14994
2026-05-15 03:07:21,951 [INFO] Edge 1: WTO is OFF, using all 20 clients.
2026-05-15 03:07:23,028 [INFO] Edge 1: [DER] Task 2 done. Backbones: 3 | Total features: 192 | Memory: 14994
2026-05-15 03:07:23,033 [INFO] Edge 2: WTO is OFF, using all 20 clients.
2026-05-15 03:07:23,990 [INFO] Edge 2: [DER] Task 2 done. Backbones: 3 | Total features: 192 | Memory: 14994
2026-05-15 03:09:48,868 [INFO]   [Eval] Task 2, R 16: Acc: 41.24% | Prec-Mac: 50.19% | Rec-Mac: 54.90% | Mi-F1: 41.24% | Ma-F1: 40.81% | We-F1: 47.00% | Loss: 8.2974
2026-05-15 03:09:49,366 [INFO]   [CKPT] Saved: ckpt_der_task02_r016_global136_acc41.2.pth
2026-05-15 03:09:49,366 [INFO] 
--- Task 2, Round 17/80 (Global 137) ---
2026-05-15 03:09:49,378 [INFO] Edge 0: WTO is OFF, using all 20 clients.
2026-05-15 03:09:50,400 [INFO] Edge 0: [DER] Task 2 done. Backbones: 3 | Total features: 192 | Memory: 14994
2026-05-15 03:09:50,405 [INFO] Edge 1: WTO is OFF, using all 20 clients.
2026-05-15 03:09:51,484 [INFO] Edge 1: [DER] Task 2 done. Backbones: 3 | Total features: 192 | Memory: 14994
2026-05-15 03:09:51,489 [INFO] Edge 2: WTO is OFF, using all 20 clients.
2026-05-15 03:09:52,439 [INFO] Edge 2: [DER] Task 2 done. Backbones: 3 | Total features: 192 | Memory: 14994
2026-05-15 03:12:16,950 [INFO]   [Eval] Task 2, R 17: Acc: 32.66% | Prec-Mac: 45.05% | Rec-Mac: 44.49% | Mi-F1: 32.66% | Ma-F1: 28.92% | We-F1: 37.57% | Loss: 9.1378
2026-05-15 03:12:17,442 [INFO]   [CKPT] Saved: ckpt_der_task02_r017_global137_acc32.7.pth
2026-05-15 03:12:17,442 [INFO] 
--- Task 2, Round 18/80 (Global 138) ---
2026-05-15 03:12:17,454 [INFO] Edge 0: WTO is OFF, using all 20 clients.
2026-05-15 03:12:18,468 [INFO] Edge 0: [DER] Task 2 done. Backbones: 3 | Total features: 192 | Memory: 14994
2026-05-15 03:12:18,474 [INFO] Edge 1: WTO is OFF, using all 20 clients.
2026-05-15 03:12:19,422 [INFO] Edge 1: [DER] Task 2 done. Backbones: 3 | Total features: 192 | Memory: 14994
2026-05-15 03:12:19,428 [INFO] Edge 2: WTO is OFF, using all 20 clients.
2026-05-15 03:12:20,514 [INFO] Edge 2: [DER] Task 2 done. Backbones: 3 | Total features: 192 | Memory: 14994
2026-05-15 03:14:44,666 [INFO]   [Eval] Task 2, R 18: Acc: 34.38% | Prec-Mac: 49.51% | Rec-Mac: 51.65% | Mi-F1: 34.38% | Ma-F1: 38.37% | We-F1: 39.95% | Loss: 8.6248
2026-05-15 03:14:45,179 [INFO]   [CKPT] Saved: ckpt_der_task02_r018_global138_acc34.4.pth
2026-05-15 03:14:45,179 [INFO] 
--- Task 2, Round 19/80 (Global 139) ---
2026-05-15 03:14:45,190 [INFO] Edge 0: WTO is OFF, using all 20 clients.
2026-05-15 03:14:46,360 [INFO] Edge 0: [DER] Task 2 done. Backbones: 3 | Total features: 192 | Memory: 14994
2026-05-15 03:14:46,366 [INFO] Edge 1: WTO is OFF, using all 20 clients.
2026-05-15 03:14:47,436 [INFO] Edge 1: [DER] Task 2 done. Backbones: 3 | Total features: 192 | Memory: 14994
2026-05-15 03:14:47,442 [INFO] Edge 2: WTO is OFF, using all 20 clients.
2026-05-15 03:14:48,390 [INFO] Edge 2: [DER] Task 2 done. Backbones: 3 | Total features: 192 | Memory: 14994
2026-05-15 03:17:12,745 [INFO]   [Eval] Task 2, R 19: Acc: 25.35% | Prec-Mac: 42.62% | Rec-Mac: 40.26% | Mi-F1: 25.35% | Ma-F1: 24.98% | We-F1: 27.31% | Loss: 9.8939
2026-05-15 03:17:13,247 [INFO]   [CKPT] Saved: ckpt_der_task02_r019_global139_acc25.4.pth
2026-05-15 03:17:13,247 [INFO] 
--- Task 2, Round 20/80 (Global 140) ---
2026-05-15 03:17:13,259 [INFO] Edge 0: WTO is OFF, using all 20 clients.
2026-05-15 03:17:14,281 [INFO] Edge 0: [DER] Task 2 done. Backbones: 3 | Total features: 192 | Memory: 14994
2026-05-15 03:17:14,287 [INFO] Edge 1: WTO is OFF, using all 20 clients.
2026-05-15 03:17:15,240 [INFO] Edge 1: [DER] Task 2 done. Backbones: 3 | Total features: 192 | Memory: 14994
2026-05-15 03:17:15,246 [INFO] Edge 2: WTO is OFF, using all 20 clients.
2026-05-15 03:17:16,355 [INFO] Edge 2: [DER] Task 2 done. Backbones: 3 | Total features: 192 | Memory: 14994
2026-05-15 03:19:40,972 [INFO]   [Eval] Task 2, R 20: Acc: 34.38% | Prec-Mac: 42.43% | Rec-Mac: 45.54% | Mi-F1: 34.38% | Ma-F1: 31.87% | We-F1: 39.96% | Loss: 8.5213
2026-05-15 03:19:41,473 [INFO]   [CKPT] Saved: ckpt_der_task02_r020_global140_acc34.4.pth
2026-05-15 03:19:41,473 [INFO] 
--- Task 2, Round 21/80 (Global 141) ---
2026-05-15 03:19:41,485 [INFO] Edge 0: WTO is OFF, using all 20 clients.
2026-05-15 03:19:42,668 [INFO] Edge 0: [DER] Task 2 done. Backbones: 3 | Total features: 192 | Memory: 14994
2026-05-15 03:19:42,673 [INFO] Edge 1: WTO is OFF, using all 20 clients.
2026-05-15 03:19:43,752 [INFO] Edge 1: [DER] Task 2 done. Backbones: 3 | Total features: 192 | Memory: 14994
2026-05-15 03:19:43,758 [INFO] Edge 2: WTO is OFF, using all 20 clients.
2026-05-15 03:19:44,704 [INFO] Edge 2: [DER] Task 2 done. Backbones: 3 | Total features: 192 | Memory: 14994
2026-05-15 03:22:09,427 [INFO]   [Eval] Task 2, R 21: Acc: 37.41% | Prec-Mac: 43.90% | Rec-Mac: 46.59% | Mi-F1: 37.41% | Ma-F1: 33.14% | We-F1: 42.35% | Loss: 8.9118
2026-05-15 03:22:09,919 [INFO]   [CKPT] Saved: ckpt_der_task02_r021_global141_acc37.4.pth
2026-05-15 03:22:09,919 [INFO] 
--- Task 2, Round 22/80 (Global 142) ---
2026-05-15 03:22:09,930 [INFO] Edge 0: WTO is OFF, using all 20 clients.
2026-05-15 03:22:10,955 [INFO] Edge 0: [DER] Task 2 done. Backbones: 3 | Total features: 192 | Memory: 14994
2026-05-15 03:22:10,960 [INFO] Edge 1: WTO is OFF, using all 20 clients.
2026-05-15 03:22:11,904 [INFO] Edge 1: [DER] Task 2 done. Backbones: 3 | Total features: 192 | Memory: 14994
2026-05-15 03:22:11,910 [INFO] Edge 2: WTO is OFF, using all 20 clients.
2026-05-15 03:22:12,999 [INFO] Edge 2: [DER] Task 2 done. Backbones: 3 | Total features: 192 | Memory: 14994
2026-05-15 03:24:37,186 [INFO]   [Eval] Task 2, R 22: Acc: 23.84% | Prec-Mac: 40.92% | Rec-Mac: 38.09% | Mi-F1: 23.84% | Ma-F1: 24.34% | We-F1: 26.24% | Loss: 10.8512
2026-05-15 03:24:37,686 [INFO]   [CKPT] Saved: ckpt_der_task02_r022_global142_acc23.8.pth
2026-05-15 03:24:37,686 [INFO] 
--- Task 2, Round 23/80 (Global 143) ---
2026-05-15 03:24:37,700 [INFO] Edge 0: WTO is OFF, using all 20 clients.
2026-05-15 03:24:38,845 [INFO] Edge 0: [DER] Task 2 done. Backbones: 3 | Total features: 192 | Memory: 14994
2026-05-15 03:24:38,851 [INFO] Edge 1: WTO is OFF, using all 20 clients.
2026-05-15 03:24:39,923 [INFO] Edge 1: [DER] Task 2 done. Backbones: 3 | Total features: 192 | Memory: 14994
2026-05-15 03:24:39,928 [INFO] Edge 2: WTO is OFF, using all 20 clients.
2026-05-15 03:24:40,873 [INFO] Edge 2: [DER] Task 2 done. Backbones: 3 | Total features: 192 | Memory: 14994
2026-05-15 03:27:05,464 [INFO]   [Eval] Task 2, R 23: Acc: 35.06% | Prec-Mac: 42.49% | Rec-Mac: 46.12% | Mi-F1: 35.06% | Ma-F1: 32.54% | We-F1: 40.40% | Loss: 9.1138
2026-05-15 03:27:05,971 [INFO]   [CKPT] Saved: ckpt_der_task02_r023_global143_acc35.1.pth
2026-05-15 03:27:05,971 [INFO] 
--- Task 2, Round 24/80 (Global 144) ---
2026-05-15 03:27:05,984 [INFO] Edge 0: WTO is OFF, using all 20 clients.
2026-05-15 03:27:07,007 [INFO] Edge 0: [DER] Task 2 done. Backbones: 3 | Total features: 192 | Memory: 14994
2026-05-15 03:27:07,013 [INFO] Edge 1: WTO is OFF, using all 20 clients.
2026-05-15 03:27:07,955 [INFO] Edge 1: [DER] Task 2 done. Backbones: 3 | Total features: 192 | Memory: 14994
2026-05-15 03:27:07,961 [INFO] Edge 2: WTO is OFF, using all 20 clients.
2026-05-15 03:27:09,056 [INFO] Edge 2: [DER] Task 2 done. Backbones: 3 | Total features: 192 | Memory: 14994
2026-05-15 03:29:33,626 [INFO]   [Eval] Task 2, R 24: Acc: 41.92% | Prec-Mac: 53.27% | Rec-Mac: 56.26% | Mi-F1: 41.92% | Ma-F1: 42.08% | We-F1: 47.09% | Loss: 8.3364
2026-05-15 03:29:34,126 [INFO]   [CKPT] Saved: ckpt_der_task02_r024_global144_acc41.9.pth
2026-05-15 03:29:34,126 [INFO] 
--- Task 2, Round 25/80 (Global 145) ---
2026-05-15 03:29:34,138 [INFO] Edge 0: WTO is OFF, using all 20 clients.
2026-05-15 03:29:35,315 [INFO] Edge 0: [DER] Task 2 done. Backbones: 3 | Total features: 192 | Memory: 14994
2026-05-15 03:29:35,326 [INFO] Edge 1: WTO is OFF, using all 20 clients.
2026-05-15 03:29:36,410 [INFO] Edge 1: [DER] Task 2 done. Backbones: 3 | Total features: 192 | Memory: 14994
2026-05-15 03:29:36,416 [INFO] Edge 2: WTO is OFF, using all 20 clients.
2026-05-15 03:29:37,361 [INFO] Edge 2: [DER] Task 2 done. Backbones: 3 | Total features: 192 | Memory: 14994
2026-05-15 03:32:01,639 [INFO]   [Eval] Task 2, R 25: Acc: 34.21% | Prec-Mac: 44.65% | Rec-Mac: 46.39% | Mi-F1: 34.21% | Ma-F1: 31.64% | We-F1: 39.43% | Loss: 8.8387
2026-05-15 03:32:02,130 [INFO]   [CKPT] Saved: ckpt_der_task02_r025_global145_acc34.2.pth
2026-05-15 03:32:02,130 [INFO] 
--- Task 2, Round 26/80 (Global 146) ---
2026-05-15 03:32:02,142 [INFO] Edge 0: WTO is OFF, using all 20 clients.
2026-05-15 03:32:03,164 [INFO] Edge 0: [DER] Task 2 done. Backbones: 3 | Total features: 192 | Memory: 14994
2026-05-15 03:32:03,169 [INFO] Edge 1: WTO is OFF, using all 20 clients.
2026-05-15 03:32:04,117 [INFO] Edge 1: [DER] Task 2 done. Backbones: 3 | Total features: 192 | Memory: 14994
2026-05-15 03:32:04,123 [INFO] Edge 2: WTO is OFF, using all 20 clients.
2026-05-15 03:32:05,208 [INFO] Edge 2: [DER] Task 2 done. Backbones: 3 | Total features: 192 | Memory: 14994
2026-05-15 03:34:29,300 [INFO]   [Eval] Task 2, R 26: Acc: 25.45% | Prec-Mac: 34.91% | Rec-Mac: 39.38% | Mi-F1: 25.45% | Ma-F1: 23.85% | We-F1: 27.20% | Loss: 10.1607
2026-05-15 03:34:29,800 [INFO]   [CKPT] Saved: ckpt_der_task02_r026_global146_acc25.5.pth
2026-05-15 03:34:29,800 [INFO] 
--- Task 2, Round 27/80 (Global 147) ---
2026-05-15 03:34:29,812 [INFO] Edge 0: WTO is OFF, using all 20 clients.
2026-05-15 03:34:30,959 [INFO] Edge 0: [DER] Task 2 done. Backbones: 3 | Total features: 192 | Memory: 14994
2026-05-15 03:34:30,966 [INFO] Edge 1: WTO is OFF, using all 20 clients.
2026-05-15 03:34:32,040 [INFO] Edge 1: [DER] Task 2 done. Backbones: 3 | Total features: 192 | Memory: 14994
2026-05-15 03:34:32,045 [INFO] Edge 2: WTO is OFF, using all 20 clients.
2026-05-15 03:34:32,997 [INFO] Edge 2: [DER] Task 2 done. Backbones: 3 | Total features: 192 | Memory: 14994
2026-05-15 03:36:57,161 [INFO]   [Eval] Task 2, R 27: Acc: 33.69% | Prec-Mac: 45.92% | Rec-Mac: 44.75% | Mi-F1: 33.69% | Ma-F1: 31.47% | We-F1: 38.84% | Loss: 8.6759
2026-05-15 03:36:57,655 [INFO]   [CKPT] Saved: ckpt_der_task02_r027_global147_acc33.7.pth
2026-05-15 03:36:57,656 [INFO] 
--- Task 2, Round 28/80 (Global 148) ---
2026-05-15 03:36:57,667 [INFO] Edge 0: WTO is OFF, using all 20 clients.
2026-05-15 03:36:58,689 [INFO] Edge 0: [DER] Task 2 done. Backbones: 3 | Total features: 192 | Memory: 14994
2026-05-15 03:36:58,695 [INFO] Edge 1: WTO is OFF, using all 20 clients.
2026-05-15 03:36:59,637 [INFO] Edge 1: [DER] Task 2 done. Backbones: 3 | Total features: 192 | Memory: 14994
2026-05-15 03:36:59,643 [INFO] Edge 2: WTO is OFF, using all 20 clients.
2026-05-15 03:37:00,738 [INFO] Edge 2: [DER] Task 2 done. Backbones: 3 | Total features: 192 | Memory: 14994
2026-05-15 03:39:24,763 [INFO]   [Eval] Task 2, R 28: Acc: 28.53% | Prec-Mac: 42.49% | Rec-Mac: 42.14% | Mi-F1: 28.53% | Ma-F1: 28.21% | We-F1: 31.23% | Loss: 9.4264
2026-05-15 03:39:25,258 [INFO]   [CKPT] Saved: ckpt_der_task02_r028_global148_acc28.5.pth
2026-05-15 03:39:25,258 [INFO] 
--- Task 2, Round 29/80 (Global 149) ---
2026-05-15 03:39:25,270 [INFO] Edge 0: WTO is OFF, using all 20 clients.
2026-05-15 03:39:26,458 [INFO] Edge 0: [DER] Task 2 done. Backbones: 3 | Total features: 192 | Memory: 14994
2026-05-15 03:39:26,464 [INFO] Edge 1: WTO is OFF, using all 20 clients.
2026-05-15 03:39:27,528 [INFO] Edge 1: [DER] Task 2 done. Backbones: 3 | Total features: 192 | Memory: 14994
2026-05-15 03:39:27,534 [INFO] Edge 2: WTO is OFF, using all 20 clients.
2026-05-15 03:39:28,481 [INFO] Edge 2: [DER] Task 2 done. Backbones: 3 | Total features: 192 | Memory: 14994
2026-05-15 03:41:53,050 [INFO]   [Eval] Task 2, R 29: Acc: 29.28% | Prec-Mac: 44.58% | Rec-Mac: 42.85% | Mi-F1: 29.28% | Ma-F1: 28.09% | We-F1: 32.21% | Loss: 9.3437
2026-05-15 03:41:53,555 [INFO]   [CKPT] Saved: ckpt_der_task02_r029_global149_acc29.3.pth
2026-05-15 03:41:53,555 [INFO] 
--- Task 2, Round 30/80 (Global 150) ---
2026-05-15 03:41:53,567 [INFO] Edge 0: WTO is OFF, using all 20 clients.
2026-05-15 03:41:54,610 [INFO] Edge 0: [DER] Task 2 done. Backbones: 3 | Total features: 192 | Memory: 14994
2026-05-15 03:41:54,615 [INFO] Edge 1: WTO is OFF, using all 20 clients.
2026-05-15 03:41:55,558 [INFO] Edge 1: [DER] Task 2 done. Backbones: 3 | Total features: 192 | Memory: 14994
2026-05-15 03:41:55,564 [INFO] Edge 2: WTO is OFF, using all 20 clients.
2026-05-15 03:41:56,656 [INFO] Edge 2: [DER] Task 2 done. Backbones: 3 | Total features: 192 | Memory: 14994
2026-05-15 03:44:21,009 [INFO]   [Eval] Task 2, R 30: Acc: 38.64% | Prec-Mac: 48.85% | Rec-Mac: 46.67% | Mi-F1: 38.64% | Ma-F1: 32.08% | We-F1: 44.99% | Loss: 7.7875
2026-05-15 03:44:21,502 [INFO]   [CKPT] Saved: ckpt_der_task02_r030_global150_acc38.6.pth
2026-05-15 03:44:21,503 [INFO] 
--- Task 2, Round 31/80 (Global 151) ---
2026-05-15 03:44:21,514 [INFO] Edge 0: WTO is OFF, using all 20 clients.
2026-05-15 03:44:22,665 [INFO] Edge 0: [DER] Task 2 done. Backbones: 3 | Total features: 192 | Memory: 14994
2026-05-15 03:44:22,670 [INFO] Edge 1: WTO is OFF, using all 20 clients.
2026-05-15 03:44:23,745 [INFO] Edge 1: [DER] Task 2 done. Backbones: 3 | Total features: 192 | Memory: 14994
2026-05-15 03:44:23,751 [INFO] Edge 2: WTO is OFF, using all 20 clients.
2026-05-15 03:44:24,696 [INFO] Edge 2: [DER] Task 2 done. Backbones: 3 | Total features: 192 | Memory: 14994
2026-05-15 03:46:49,221 [INFO]   [Eval] Task 2, R 31: Acc: 33.85% | Prec-Mac: 44.80% | Rec-Mac: 45.23% | Mi-F1: 33.85% | Ma-F1: 30.22% | We-F1: 38.68% | Loss: 8.5997
2026-05-15 03:46:49,715 [INFO]   [CKPT] Saved: ckpt_der_task02_r031_global151_acc33.8.pth
2026-05-15 03:46:49,715 [INFO] 
--- Task 2, Round 32/80 (Global 152) ---
2026-05-15 03:46:49,727 [INFO] Edge 0: WTO is OFF, using all 20 clients.
2026-05-15 03:46:50,769 [INFO] Edge 0: [DER] Task 2 done. Backbones: 3 | Total features: 192 | Memory: 14994
2026-05-15 03:46:50,774 [INFO] Edge 1: WTO is OFF, using all 20 clients.
2026-05-15 03:46:51,722 [INFO] Edge 1: [DER] Task 2 done. Backbones: 3 | Total features: 192 | Memory: 14994
2026-05-15 03:46:51,727 [INFO] Edge 2: WTO is OFF, using all 20 clients.
2026-05-15 03:46:52,823 [INFO] Edge 2: [DER] Task 2 done. Backbones: 3 | Total features: 192 | Memory: 14994
2026-05-15 03:49:17,349 [INFO]   [Eval] Task 2, R 32: Acc: 36.84% | Prec-Mac: 50.32% | Rec-Mac: 53.98% | Mi-F1: 36.84% | Ma-F1: 40.03% | We-F1: 42.21% | Loss: 9.0036
2026-05-15 03:49:17,847 [INFO]   [CKPT] Saved: ckpt_der_task02_r032_global152_acc36.8.pth
2026-05-15 03:49:17,847 [INFO] 
--- Task 2, Round 33/80 (Global 153) ---
2026-05-15 03:49:17,858 [INFO] Edge 0: WTO is OFF, using all 20 clients.
2026-05-15 03:49:19,049 [INFO] Edge 0: [DER] Task 2 done. Backbones: 3 | Total features: 192 | Memory: 14994
2026-05-15 03:49:19,055 [INFO] Edge 1: WTO is OFF, using all 20 clients.
2026-05-15 03:49:20,127 [INFO] Edge 1: [DER] Task 2 done. Backbones: 3 | Total features: 192 | Memory: 14994
2026-05-15 03:49:20,132 [INFO] Edge 2: WTO is OFF, using all 20 clients.
2026-05-15 03:49:21,074 [INFO] Edge 2: [DER] Task 2 done. Backbones: 3 | Total features: 192 | Memory: 14994
2026-05-15 03:51:45,907 [INFO]   [Eval] Task 2, R 33: Acc: 42.61% | Prec-Mac: 51.85% | Rec-Mac: 56.39% | Mi-F1: 42.61% | Ma-F1: 40.86% | We-F1: 47.56% | Loss: 8.1115
2026-05-15 03:51:46,401 [INFO]   [CKPT] Saved: ckpt_der_task02_r033_global153_acc42.6.pth
2026-05-15 03:51:46,401 [INFO] 
--- Task 2, Round 34/80 (Global 154) ---
2026-05-15 03:51:46,413 [INFO] Edge 0: WTO is OFF, using all 20 clients.
2026-05-15 03:51:47,428 [INFO] Edge 0: [DER] Task 2 done. Backbones: 3 | Total features: 192 | Memory: 14994
2026-05-15 03:51:47,433 [INFO] Edge 1: WTO is OFF, using all 20 clients.
2026-05-15 03:51:48,383 [INFO] Edge 1: [DER] Task 2 done. Backbones: 3 | Total features: 192 | Memory: 14994
2026-05-15 03:51:48,388 [INFO] Edge 2: WTO is OFF, using all 20 clients.
2026-05-15 03:51:49,479 [INFO] Edge 2: [DER] Task 2 done. Backbones: 3 | Total features: 192 | Memory: 14994
2026-05-15 03:54:13,851 [INFO]   [Eval] Task 2, R 34: Acc: 40.52% | Prec-Mac: 48.10% | Rec-Mac: 54.74% | Mi-F1: 40.52% | Ma-F1: 39.82% | We-F1: 46.51% | Loss: 8.1074
2026-05-15 03:54:14,347 [INFO]   [CKPT] Saved: ckpt_der_task02_r034_global154_acc40.5.pth
2026-05-15 03:54:14,347 [INFO] 
--- Task 2, Round 35/80 (Global 155) ---
2026-05-15 03:54:14,359 [INFO] Edge 0: WTO is OFF, using all 20 clients.
2026-05-15 03:54:15,525 [INFO] Edge 0: [DER] Task 2 done. Backbones: 3 | Total features: 192 | Memory: 14994
2026-05-15 03:54:15,531 [INFO] Edge 1: WTO is OFF, using all 20 clients.
2026-05-15 03:54:16,605 [INFO] Edge 1: [DER] Task 2 done. Backbones: 3 | Total features: 192 | Memory: 14994
2026-05-15 03:54:16,610 [INFO] Edge 2: WTO is OFF, using all 20 clients.
2026-05-15 03:54:17,559 [INFO] Edge 2: [DER] Task 2 done. Backbones: 3 | Total features: 192 | Memory: 14994
2026-05-15 03:56:42,312 [INFO]   [Eval] Task 2, R 35: Acc: 31.50% | Prec-Mac: 41.96% | Rec-Mac: 43.20% | Mi-F1: 31.50% | Ma-F1: 30.52% | We-F1: 35.38% | Loss: 9.5676
2026-05-15 03:56:42,820 [INFO]   [CKPT] Saved: ckpt_der_task02_r035_global155_acc31.5.pth
2026-05-15 03:56:42,820 [INFO] 
--- Task 2, Round 36/80 (Global 156) ---
2026-05-15 03:56:42,834 [INFO] Edge 0: WTO is OFF, using all 20 clients.
2026-05-15 03:56:43,872 [INFO] Edge 0: [DER] Task 2 done. Backbones: 3 | Total features: 192 | Memory: 14994
2026-05-15 03:56:43,878 [INFO] Edge 1: WTO is OFF, using all 20 clients.
2026-05-15 03:56:44,827 [INFO] Edge 1: [DER] Task 2 done. Backbones: 3 | Total features: 192 | Memory: 14994
2026-05-15 03:56:44,833 [INFO] Edge 2: WTO is OFF, using all 20 clients.
2026-05-15 03:56:45,940 [INFO] Edge 2: [DER] Task 2 done. Backbones: 3 | Total features: 192 | Memory: 14994
2026-05-15 03:59:10,870 [INFO]   [Eval] Task 2, R 36: Acc: 32.87% | Prec-Mac: 45.86% | Rec-Mac: 45.02% | Mi-F1: 32.87% | Ma-F1: 31.74% | We-F1: 37.63% | Loss: 8.8108
2026-05-15 03:59:11,366 [INFO]   [CKPT] Saved: ckpt_der_task02_r036_global156_acc32.9.pth
2026-05-15 03:59:11,367 [INFO] 
--- Task 2, Round 37/80 (Global 157) ---
2026-05-15 03:59:11,379 [INFO] Edge 0: WTO is OFF, using all 20 clients.
2026-05-15 03:59:12,572 [INFO] Edge 0: [DER] Task 2 done. Backbones: 3 | Total features: 192 | Memory: 14994
2026-05-15 03:59:12,577 [INFO] Edge 1: WTO is OFF, using all 20 clients.
2026-05-15 03:59:13,653 [INFO] Edge 1: [DER] Task 2 done. Backbones: 3 | Total features: 192 | Memory: 14994
2026-05-15 03:59:13,658 [INFO] Edge 2: WTO is OFF, using all 20 clients.
2026-05-15 03:59:14,603 [INFO] Edge 2: [DER] Task 2 done. Backbones: 3 | Total features: 192 | Memory: 14994
2026-05-15 04:01:39,229 [INFO]   [Eval] Task 2, R 37: Acc: 31.25% | Prec-Mac: 43.08% | Rec-Mac: 44.26% | Mi-F1: 31.25% | Ma-F1: 30.21% | We-F1: 35.51% | Loss: 9.1264
2026-05-15 04:01:39,724 [INFO]   [CKPT] Saved: ckpt_der_task02_r037_global157_acc31.2.pth
2026-05-15 04:01:39,724 [INFO] 
--- Task 2, Round 38/80 (Global 158) ---
2026-05-15 04:01:39,737 [INFO] Edge 0: WTO is OFF, using all 20 clients.
2026-05-15 04:01:40,756 [INFO] Edge 0: [DER] Task 2 done. Backbones: 3 | Total features: 192 | Memory: 14994
2026-05-15 04:01:40,762 [INFO] Edge 1: WTO is OFF, using all 20 clients.
2026-05-15 04:01:41,709 [INFO] Edge 1: [DER] Task 2 done. Backbones: 3 | Total features: 192 | Memory: 14994
2026-05-15 04:01:41,714 [INFO] Edge 2: WTO is OFF, using all 20 clients.
2026-05-15 04:01:42,804 [INFO] Edge 2: [DER] Task 2 done. Backbones: 3 | Total features: 192 | Memory: 14994
2026-05-15 04:04:07,326 [INFO]   [Eval] Task 2, R 38: Acc: 25.07% | Prec-Mac: 37.97% | Rec-Mac: 38.86% | Mi-F1: 25.07% | Ma-F1: 24.15% | We-F1: 27.00% | Loss: 10.5913
2026-05-15 04:04:07,819 [INFO]   [CKPT] Saved: ckpt_der_task02_r038_global158_acc25.1.pth
2026-05-15 04:04:07,819 [INFO] 
--- Task 2, Round 39/80 (Global 159) ---
2026-05-15 04:04:07,832 [INFO] Edge 0: WTO is OFF, using all 20 clients.
2026-05-15 04:04:08,988 [INFO] Edge 0: [DER] Task 2 done. Backbones: 3 | Total features: 192 | Memory: 14994
2026-05-15 04:04:08,995 [INFO] Edge 1: WTO is OFF, using all 20 clients.
2026-05-15 04:04:10,068 [INFO] Edge 1: [DER] Task 2 done. Backbones: 3 | Total features: 192 | Memory: 14994
2026-05-15 04:04:10,074 [INFO] Edge 2: WTO is OFF, using all 20 clients.
2026-05-15 04:04:11,022 [INFO] Edge 2: [DER] Task 2 done. Backbones: 3 | Total features: 192 | Memory: 14994
2026-05-15 04:06:35,445 [INFO]   [Eval] Task 2, R 39: Acc: 28.64% | Prec-Mac: 34.70% | Rec-Mac: 41.93% | Mi-F1: 28.64% | Ma-F1: 27.69% | We-F1: 31.08% | Loss: 10.0228
2026-05-15 04:06:35,948 [INFO]   [CKPT] Saved: ckpt_der_task02_r039_global159_acc28.6.pth
2026-05-15 04:06:35,948 [INFO] 
--- Task 2, Round 40/80 (Global 160) ---
2026-05-15 04:06:35,961 [INFO] Edge 0: WTO is OFF, using all 20 clients.
2026-05-15 04:06:36,984 [INFO] Edge 0: [DER] Task 2 done. Backbones: 3 | Total features: 192 | Memory: 14994
2026-05-15 04:06:36,990 [INFO] Edge 1: WTO is OFF, using all 20 clients.
2026-05-15 04:06:37,934 [INFO] Edge 1: [DER] Task 2 done. Backbones: 3 | Total features: 192 | Memory: 14994
2026-05-15 04:06:37,940 [INFO] Edge 2: WTO is OFF, using all 20 clients.
2026-05-15 04:06:39,038 [INFO] Edge 2: [DER] Task 2 done. Backbones: 3 | Total features: 192 | Memory: 14994
2026-05-15 04:09:03,658 [INFO]   [Eval] Task 2, R 40: Acc: 29.00% | Prec-Mac: 42.33% | Rec-Mac: 43.01% | Mi-F1: 29.00% | Ma-F1: 28.37% | We-F1: 31.44% | Loss: 9.3180
2026-05-15 04:09:04,154 [INFO]   [CKPT] Saved: ckpt_der_task02_r040_global160_acc29.0.pth
2026-05-15 04:09:04,154 [INFO] 
--- Task 2, Round 41/80 (Global 161) ---
2026-05-15 04:09:04,154 [INFO]    [LR DECAY] Round 40 reached milestone: New LR = 0.002
2026-05-15 04:09:04,166 [INFO] Edge 0: WTO is OFF, using all 20 clients.
2026-05-15 04:09:05,368 [INFO] Edge 0: [DER] Task 2 done. Backbones: 3 | Total features: 192 | Memory: 14994
2026-05-15 04:09:05,374 [INFO] Edge 1: WTO is OFF, using all 20 clients.
2026-05-15 04:09:06,448 [INFO] Edge 1: [DER] Task 2 done. Backbones: 3 | Total features: 192 | Memory: 14994
2026-05-15 04:09:06,453 [INFO] Edge 2: WTO is OFF, using all 20 clients.
2026-05-15 04:09:07,396 [INFO] Edge 2: [DER] Task 2 done. Backbones: 3 | Total features: 192 | Memory: 14994
2026-05-15 04:11:31,952 [INFO]   [Eval] Task 2, R 41: Acc: 31.70% | Prec-Mac: 46.16% | Rec-Mac: 44.94% | Mi-F1: 31.70% | Ma-F1: 30.27% | We-F1: 35.91% | Loss: 8.8511
2026-05-15 04:11:32,451 [INFO]   [CKPT] Saved: ckpt_der_task02_r041_global161_acc31.7.pth
2026-05-15 04:11:32,451 [INFO] 
--- Task 2, Round 42/80 (Global 162) ---
2026-05-15 04:11:32,463 [INFO] Edge 0: WTO is OFF, using all 20 clients.
2026-05-15 04:11:33,493 [INFO] Edge 0: [DER] Task 2 done. Backbones: 3 | Total features: 192 | Memory: 14994
2026-05-15 04:11:33,499 [INFO] Edge 1: WTO is OFF, using all 20 clients.
2026-05-15 04:11:34,464 [INFO] Edge 1: [DER] Task 2 done. Backbones: 3 | Total features: 192 | Memory: 14994
2026-05-15 04:11:34,470 [INFO] Edge 2: WTO is OFF, using all 20 clients.
2026-05-15 04:11:35,567 [INFO] Edge 2: [DER] Task 2 done. Backbones: 3 | Total features: 192 | Memory: 14994
2026-05-15 04:14:00,002 [INFO]   [Eval] Task 2, R 42: Acc: 32.21% | Prec-Mac: 46.98% | Rec-Mac: 45.22% | Mi-F1: 32.21% | Ma-F1: 31.06% | We-F1: 36.90% | Loss: 8.9534
2026-05-15 04:14:00,495 [INFO]   [CKPT] Saved: ckpt_der_task02_r042_global162_acc32.2.pth
2026-05-15 04:14:00,495 [INFO] 
--- Task 2, Round 43/80 (Global 163) ---
2026-05-15 04:14:00,506 [INFO] Edge 0: WTO is OFF, using all 20 clients.
2026-05-15 04:14:01,675 [INFO] Edge 0: [DER] Task 2 done. Backbones: 3 | Total features: 192 | Memory: 14994
2026-05-15 04:14:01,681 [INFO] Edge 1: WTO is OFF, using all 20 clients.
2026-05-15 04:14:02,753 [INFO] Edge 1: [DER] Task 2 done. Backbones: 3 | Total features: 192 | Memory: 14994
2026-05-15 04:14:02,758 [INFO] Edge 2: WTO is OFF, using all 20 clients.
2026-05-15 04:14:03,715 [INFO] Edge 2: [DER] Task 2 done. Backbones: 3 | Total features: 192 | Memory: 14994
2026-05-15 04:16:28,561 [INFO]   [Eval] Task 2, R 43: Acc: 32.10% | Prec-Mac: 46.71% | Rec-Mac: 45.03% | Mi-F1: 32.10% | Ma-F1: 30.79% | We-F1: 36.61% | Loss: 9.0416
2026-05-15 04:16:29,056 [INFO]   [CKPT] Saved: ckpt_der_task02_r043_global163_acc32.1.pth
2026-05-15 04:16:29,056 [INFO] 
--- Task 2, Round 44/80 (Global 164) ---
2026-05-15 04:16:29,068 [INFO] Edge 0: WTO is OFF, using all 20 clients.
2026-05-15 04:16:30,081 [INFO] Edge 0: [DER] Task 2 done. Backbones: 3 | Total features: 192 | Memory: 14994
2026-05-15 04:16:30,086 [INFO] Edge 1: WTO is OFF, using all 20 clients.
2026-05-15 04:16:31,031 [INFO] Edge 1: [DER] Task 2 done. Backbones: 3 | Total features: 192 | Memory: 14994
2026-05-15 04:16:31,036 [INFO] Edge 2: WTO is OFF, using all 20 clients.
2026-05-15 04:16:32,134 [INFO] Edge 2: [DER] Task 2 done. Backbones: 3 | Total features: 192 | Memory: 14994
2026-05-15 04:18:56,484 [INFO]   [Eval] Task 2, R 44: Acc: 23.68% | Prec-Mac: 37.23% | Rec-Mac: 37.41% | Mi-F1: 23.68% | Ma-F1: 23.68% | We-F1: 26.05% | Loss: 11.3255
2026-05-15 04:18:56,981 [INFO]   [CKPT] Saved: ckpt_der_task02_r044_global164_acc23.7.pth
2026-05-15 04:18:56,981 [INFO] 
--- Task 2, Round 45/80 (Global 165) ---
2026-05-15 04:18:56,993 [INFO] Edge 0: WTO is OFF, using all 20 clients.
2026-05-15 04:18:58,154 [INFO] Edge 0: [DER] Task 2 done. Backbones: 3 | Total features: 192 | Memory: 14994
2026-05-15 04:18:58,160 [INFO] Edge 1: WTO is OFF, using all 20 clients.
2026-05-15 04:18:59,232 [INFO] Edge 1: [DER] Task 2 done. Backbones: 3 | Total features: 192 | Memory: 14994
2026-05-15 04:18:59,238 [INFO] Edge 2: WTO is OFF, using all 20 clients.
2026-05-15 04:19:00,185 [INFO] Edge 2: [DER] Task 2 done. Backbones: 3 | Total features: 192 | Memory: 14994
2026-05-15 04:21:24,704 [INFO]   [Eval] Task 2, R 45: Acc: 23.63% | Prec-Mac: 34.89% | Rec-Mac: 36.60% | Mi-F1: 23.63% | Ma-F1: 23.50% | We-F1: 26.03% | Loss: 11.6528
2026-05-15 04:21:25,200 [INFO]   [CKPT] Saved: ckpt_der_task02_r045_global165_acc23.6.pth
2026-05-15 04:21:25,201 [INFO] 
--- Task 2, Round 46/80 (Global 166) ---
2026-05-15 04:21:25,213 [INFO] Edge 0: WTO is OFF, using all 20 clients.
2026-05-15 04:21:26,232 [INFO] Edge 0: [DER] Task 2 done. Backbones: 3 | Total features: 192 | Memory: 14994
2026-05-15 04:21:26,239 [INFO] Edge 1: WTO is OFF, using all 20 clients.
2026-05-15 04:21:27,181 [INFO] Edge 1: [DER] Task 2 done. Backbones: 3 | Total features: 192 | Memory: 14994
2026-05-15 04:21:27,187 [INFO] Edge 2: WTO is OFF, using all 20 clients.
2026-05-15 04:21:28,266 [INFO] Edge 2: [DER] Task 2 done. Backbones: 3 | Total features: 192 | Memory: 14994
2026-05-15 04:23:52,605 [INFO]   [Eval] Task 2, R 46: Acc: 30.41% | Prec-Mac: 46.58% | Rec-Mac: 44.03% | Mi-F1: 30.41% | Ma-F1: 29.55% | We-F1: 34.03% | Loss: 9.1646
2026-05-15 04:23:53,100 [INFO]   [CKPT] Saved: ckpt_der_task02_r046_global166_acc30.4.pth
2026-05-15 04:23:53,100 [INFO] 
--- Task 2, Round 47/80 (Global 167) ---
2026-05-15 04:23:53,112 [INFO] Edge 0: WTO is OFF, using all 20 clients.
2026-05-15 04:23:54,266 [INFO] Edge 0: [DER] Task 2 done. Backbones: 3 | Total features: 192 | Memory: 14994
2026-05-15 04:23:54,272 [INFO] Edge 1: WTO is OFF, using all 20 clients.
2026-05-15 04:23:55,353 [INFO] Edge 1: [DER] Task 2 done. Backbones: 3 | Total features: 192 | Memory: 14994
2026-05-15 04:23:55,359 [INFO] Edge 2: WTO is OFF, using all 20 clients.
2026-05-15 04:23:56,328 [INFO] Edge 2: [DER] Task 2 done. Backbones: 3 | Total features: 192 | Memory: 14994
2026-05-15 04:26:20,705 [INFO]   [Eval] Task 2, R 47: Acc: 30.67% | Prec-Mac: 46.66% | Rec-Mac: 44.08% | Mi-F1: 30.67% | Ma-F1: 29.80% | We-F1: 34.84% | Loss: 8.9691
2026-05-15 04:26:21,198 [INFO]   [CKPT] Saved: ckpt_der_task02_r047_global167_acc30.7.pth
2026-05-15 04:26:21,198 [INFO] 
--- Task 2, Round 48/80 (Global 168) ---
2026-05-15 04:26:21,210 [INFO] Edge 0: WTO is OFF, using all 20 clients.
2026-05-15 04:26:22,225 [INFO] Edge 0: [DER] Task 2 done. Backbones: 3 | Total features: 192 | Memory: 14994
2026-05-15 04:26:22,230 [INFO] Edge 1: WTO is OFF, using all 20 clients.
2026-05-15 04:26:23,177 [INFO] Edge 1: [DER] Task 2 done. Backbones: 3 | Total features: 192 | Memory: 14994
2026-05-15 04:26:23,182 [INFO] Edge 2: WTO is OFF, using all 20 clients.
2026-05-15 04:26:24,279 [INFO] Edge 2: [DER] Task 2 done. Backbones: 3 | Total features: 192 | Memory: 14994
2026-05-15 04:28:48,624 [INFO]   [Eval] Task 2, R 48: Acc: 41.05% | Prec-Mac: 53.46% | Rec-Mac: 56.27% | Mi-F1: 41.05% | Ma-F1: 41.81% | We-F1: 46.66% | Loss: 8.3805
2026-05-15 04:28:49,116 [INFO]   [CKPT] Saved: ckpt_der_task02_r048_global168_acc41.0.pth
2026-05-15 04:28:49,116 [INFO] 
--- Task 2, Round 49/80 (Global 169) ---
2026-05-15 04:28:49,127 [INFO] Edge 0: WTO is OFF, using all 20 clients.
2026-05-15 04:28:50,292 [INFO] Edge 0: [DER] Task 2 done. Backbones: 3 | Total features: 192 | Memory: 14994
2026-05-15 04:28:50,298 [INFO] Edge 1: WTO is OFF, using all 20 clients.
2026-05-15 04:28:51,371 [INFO] Edge 1: [DER] Task 2 done. Backbones: 3 | Total features: 192 | Memory: 14994
2026-05-15 04:28:51,377 [INFO] Edge 2: WTO is OFF, using all 20 clients.
2026-05-15 04:28:52,319 [INFO] Edge 2: [DER] Task 2 done. Backbones: 3 | Total features: 192 | Memory: 14994
2026-05-15 04:31:16,939 [INFO]   [Eval] Task 2, R 49: Acc: 28.55% | Prec-Mac: 46.74% | Rec-Mac: 42.74% | Mi-F1: 28.55% | Ma-F1: 28.44% | We-F1: 31.20% | Loss: 9.0070
2026-05-15 04:31:17,430 [INFO]   [CKPT] Saved: ckpt_der_task02_r049_global169_acc28.6.pth
2026-05-15 04:31:17,430 [INFO] 
--- Task 2, Round 50/80 (Global 170) ---
2026-05-15 04:31:17,443 [INFO] Edge 0: WTO is OFF, using all 20 clients.
2026-05-15 04:31:18,471 [INFO] Edge 0: [DER] Task 2 done. Backbones: 3 | Total features: 192 | Memory: 14994
2026-05-15 04:31:18,477 [INFO] Edge 1: WTO is OFF, using all 20 clients.
2026-05-15 04:31:19,417 [INFO] Edge 1: [DER] Task 2 done. Backbones: 3 | Total features: 192 | Memory: 14994
2026-05-15 04:31:19,423 [INFO] Edge 2: WTO is OFF, using all 20 clients.
2026-05-15 04:31:20,505 [INFO] Edge 2: [DER] Task 2 done. Backbones: 3 | Total features: 192 | Memory: 14994
2026-05-15 04:33:45,318 [INFO]   [Eval] Task 2, R 50: Acc: 36.46% | Prec-Mac: 45.82% | Rec-Mac: 47.24% | Mi-F1: 36.46% | Ma-F1: 32.71% | We-F1: 42.20% | Loss: 8.6783
2026-05-15 04:33:45,844 [INFO]   [CKPT] Saved: ckpt_der_task02_r050_global170_acc36.5.pth
2026-05-15 04:33:45,844 [INFO] 
--- Task 2, Round 51/80 (Global 171) ---
2026-05-15 04:33:45,856 [INFO] Edge 0: WTO is OFF, using all 20 clients.
2026-05-15 04:33:47,013 [INFO] Edge 0: [DER] Task 2 done. Backbones: 3 | Total features: 192 | Memory: 14994
2026-05-15 04:33:47,019 [INFO] Edge 1: WTO is OFF, using all 20 clients.
2026-05-15 04:33:48,096 [INFO] Edge 1: [DER] Task 2 done. Backbones: 3 | Total features: 192 | Memory: 14994
2026-05-15 04:33:48,102 [INFO] Edge 2: WTO is OFF, using all 20 clients.
2026-05-15 04:33:49,048 [INFO] Edge 2: [DER] Task 2 done. Backbones: 3 | Total features: 192 | Memory: 14994
2026-05-15 04:36:13,804 [INFO]   [Eval] Task 2, R 51: Acc: 34.63% | Prec-Mac: 46.72% | Rec-Mac: 46.32% | Mi-F1: 34.63% | Ma-F1: 32.35% | We-F1: 40.16% | Loss: 8.8552
2026-05-15 04:36:14,299 [INFO]   [CKPT] Saved: ckpt_der_task02_r051_global171_acc34.6.pth
2026-05-15 04:36:14,299 [INFO] 
--- Task 2, Round 52/80 (Global 172) ---
2026-05-15 04:36:14,311 [INFO] Edge 0: WTO is OFF, using all 20 clients.
2026-05-15 04:36:15,347 [INFO] Edge 0: [DER] Task 2 done. Backbones: 3 | Total features: 192 | Memory: 14994
2026-05-15 04:36:15,353 [INFO] Edge 1: WTO is OFF, using all 20 clients.
2026-05-15 04:36:16,300 [INFO] Edge 1: [DER] Task 2 done. Backbones: 3 | Total features: 192 | Memory: 14994
2026-05-15 04:36:16,305 [INFO] Edge 2: WTO is OFF, using all 20 clients.
2026-05-15 04:36:17,407 [INFO] Edge 2: [DER] Task 2 done. Backbones: 3 | Total features: 192 | Memory: 14994
2026-05-15 04:38:41,840 [INFO]   [Eval] Task 2, R 52: Acc: 29.03% | Prec-Mac: 46.77% | Rec-Mac: 43.32% | Mi-F1: 29.03% | Ma-F1: 28.38% | We-F1: 31.76% | Loss: 9.2693
2026-05-15 04:38:42,328 [INFO]   [CKPT] Saved: ckpt_der_task02_r052_global172_acc29.0.pth
2026-05-15 04:38:42,329 [INFO] 
--- Task 2, Round 53/80 (Global 173) ---
2026-05-15 04:38:42,341 [INFO] Edge 0: WTO is OFF, using all 20 clients.
2026-05-15 04:38:43,513 [INFO] Edge 0: [DER] Task 2 done. Backbones: 3 | Total features: 192 | Memory: 14994
2026-05-15 04:38:43,519 [INFO] Edge 1: WTO is OFF, using all 20 clients.
2026-05-15 04:38:44,593 [INFO] Edge 1: [DER] Task 2 done. Backbones: 3 | Total features: 192 | Memory: 14994
2026-05-15 04:38:44,598 [INFO] Edge 2: WTO is OFF, using all 20 clients.
2026-05-15 04:38:45,543 [INFO] Edge 2: [DER] Task 2 done. Backbones: 3 | Total features: 192 | Memory: 14994
2026-05-15 04:41:10,011 [INFO]   [Eval] Task 2, R 53: Acc: 28.86% | Prec-Mac: 41.76% | Rec-Mac: 42.90% | Mi-F1: 28.86% | Ma-F1: 28.27% | We-F1: 31.36% | Loss: 9.5581
2026-05-15 04:41:10,506 [INFO]   [CKPT] Saved: ckpt_der_task02_r053_global173_acc28.9.pth
2026-05-15 04:41:10,506 [INFO] 
--- Task 2, Round 54/80 (Global 174) ---
2026-05-15 04:41:10,519 [INFO] Edge 0: WTO is OFF, using all 20 clients.
2026-05-15 04:41:11,539 [INFO] Edge 0: [DER] Task 2 done. Backbones: 3 | Total features: 192 | Memory: 14994
2026-05-15 04:41:11,545 [INFO] Edge 1: WTO is OFF, using all 20 clients.
2026-05-15 04:41:12,489 [INFO] Edge 1: [DER] Task 2 done. Backbones: 3 | Total features: 192 | Memory: 14994
2026-05-15 04:41:12,495 [INFO] Edge 2: WTO is OFF, using all 20 clients.
2026-05-15 04:41:13,584 [INFO] Edge 2: [DER] Task 2 done. Backbones: 3 | Total features: 192 | Memory: 14994
2026-05-15 04:43:38,095 [INFO]   [Eval] Task 2, R 54: Acc: 29.08% | Prec-Mac: 46.48% | Rec-Mac: 43.38% | Mi-F1: 29.08% | Ma-F1: 28.22% | We-F1: 31.80% | Loss: 9.2916
2026-05-15 04:43:38,584 [INFO]   [CKPT] Saved: ckpt_der_task02_r054_global174_acc29.1.pth
2026-05-15 04:43:38,584 [INFO] 
--- Task 2, Round 55/80 (Global 175) ---
2026-05-15 04:43:38,595 [INFO] Edge 0: WTO is OFF, using all 20 clients.
2026-05-15 04:43:39,749 [INFO] Edge 0: [DER] Task 2 done. Backbones: 3 | Total features: 192 | Memory: 14994
2026-05-15 04:43:39,755 [INFO] Edge 1: WTO is OFF, using all 20 clients.
2026-05-15 04:43:40,824 [INFO] Edge 1: [DER] Task 2 done. Backbones: 3 | Total features: 192 | Memory: 14994
2026-05-15 04:43:40,829 [INFO] Edge 2: WTO is OFF, using all 20 clients.
2026-05-15 04:43:41,779 [INFO] Edge 2: [DER] Task 2 done. Backbones: 3 | Total features: 192 | Memory: 14994
2026-05-15 04:46:06,137 [INFO]   [Eval] Task 2, R 55: Acc: 25.20% | Prec-Mac: 37.20% | Rec-Mac: 39.31% | Mi-F1: 25.20% | Ma-F1: 23.68% | We-F1: 27.10% | Loss: 9.8076
2026-05-15 04:46:06,629 [INFO]   [CKPT] Saved: ckpt_der_task02_r055_global175_acc25.2.pth
2026-05-15 04:46:06,629 [INFO] 
--- Task 2, Round 56/80 (Global 176) ---
2026-05-15 04:46:06,641 [INFO] Edge 0: WTO is OFF, using all 20 clients.
2026-05-15 04:46:07,682 [INFO] Edge 0: [DER] Task 2 done. Backbones: 3 | Total features: 192 | Memory: 14994
2026-05-15 04:46:07,687 [INFO] Edge 1: WTO is OFF, using all 20 clients.
2026-05-15 04:46:08,630 [INFO] Edge 1: [DER] Task 2 done. Backbones: 3 | Total features: 192 | Memory: 14994
2026-05-15 04:46:08,635 [INFO] Edge 2: WTO is OFF, using all 20 clients.
2026-05-15 04:46:09,727 [INFO] Edge 2: [DER] Task 2 done. Backbones: 3 | Total features: 192 | Memory: 14994
2026-05-15 04:48:33,753 [INFO]   [Eval] Task 2, R 56: Acc: 28.66% | Prec-Mac: 42.23% | Rec-Mac: 42.53% | Mi-F1: 28.66% | Ma-F1: 28.33% | We-F1: 31.21% | Loss: 9.5744
2026-05-15 04:48:34,250 [INFO]   [CKPT] Saved: ckpt_der_task02_r056_global176_acc28.7.pth
2026-05-15 04:48:34,251 [INFO] 
--- Task 2, Round 57/80 (Global 177) ---
2026-05-15 04:48:34,262 [INFO] Edge 0: WTO is OFF, using all 20 clients.
2026-05-15 04:48:35,427 [INFO] Edge 0: [DER] Task 2 done. Backbones: 3 | Total features: 192 | Memory: 14994
2026-05-15 04:48:35,433 [INFO] Edge 1: WTO is OFF, using all 20 clients.
2026-05-15 04:48:36,511 [INFO] Edge 1: [DER] Task 2 done. Backbones: 3 | Total features: 192 | Memory: 14994
2026-05-15 04:48:36,518 [INFO] Edge 2: WTO is OFF, using all 20 clients.
2026-05-15 04:48:37,467 [INFO] Edge 2: [DER] Task 2 done. Backbones: 3 | Total features: 192 | Memory: 14994
2026-05-15 04:51:02,210 [INFO]   [Eval] Task 2, R 57: Acc: 28.64% | Prec-Mac: 35.89% | Rec-Mac: 42.56% | Mi-F1: 28.64% | Ma-F1: 28.48% | We-F1: 31.22% | Loss: 9.2941
2026-05-15 04:51:02,707 [INFO]   [CKPT] Saved: ckpt_der_task02_r057_global177_acc28.6.pth
2026-05-15 04:51:02,707 [INFO] 
--- Task 2, Round 58/80 (Global 178) ---
2026-05-15 04:51:02,719 [INFO] Edge 0: WTO is OFF, using all 20 clients.
2026-05-15 04:51:03,735 [INFO] Edge 0: [DER] Task 2 done. Backbones: 3 | Total features: 192 | Memory: 14994
2026-05-15 04:51:03,740 [INFO] Edge 1: WTO is OFF, using all 20 clients.
2026-05-15 04:51:04,692 [INFO] Edge 1: [DER] Task 2 done. Backbones: 3 | Total features: 192 | Memory: 14994
2026-05-15 04:51:04,699 [INFO] Edge 2: WTO is OFF, using all 20 clients.
2026-05-15 04:51:05,798 [INFO] Edge 2: [DER] Task 2 done. Backbones: 3 | Total features: 192 | Memory: 14994
2026-05-15 04:53:29,913 [INFO]   [Eval] Task 2, R 58: Acc: 29.82% | Prec-Mac: 42.70% | Rec-Mac: 43.57% | Mi-F1: 29.82% | Ma-F1: 28.84% | We-F1: 32.08% | Loss: 9.5940
2026-05-15 04:53:30,419 [INFO]   [CKPT] Saved: ckpt_der_task02_r058_global178_acc29.8.pth
2026-05-15 04:53:30,419 [INFO] 
--- Task 2, Round 59/80 (Global 179) ---
2026-05-15 04:53:30,431 [INFO] Edge 0: WTO is OFF, using all 20 clients.
2026-05-15 04:53:31,582 [INFO] Edge 0: [DER] Task 2 done. Backbones: 3 | Total features: 192 | Memory: 14994
2026-05-15 04:53:31,587 [INFO] Edge 1: WTO is OFF, using all 20 clients.
2026-05-15 04:53:32,661 [INFO] Edge 1: [DER] Task 2 done. Backbones: 3 | Total features: 192 | Memory: 14994
2026-05-15 04:53:32,666 [INFO] Edge 2: WTO is OFF, using all 20 clients.
2026-05-15 04:53:33,619 [INFO] Edge 2: [DER] Task 2 done. Backbones: 3 | Total features: 192 | Memory: 14994
2026-05-15 04:55:58,240 [INFO]   [Eval] Task 2, R 59: Acc: 39.87% | Prec-Mac: 52.98% | Rec-Mac: 49.01% | Mi-F1: 39.87% | Ma-F1: 34.04% | We-F1: 45.29% | Loss: 8.1742
2026-05-15 04:55:58,730 [INFO]   [CKPT] Saved: ckpt_der_task02_r059_global179_acc39.9.pth
2026-05-15 04:55:58,730 [INFO] 
--- Task 2, Round 60/80 (Global 180) ---
2026-05-15 04:55:58,742 [INFO] Edge 0: WTO is OFF, using all 20 clients.
2026-05-15 04:55:59,764 [INFO] Edge 0: [DER] Task 2 done. Backbones: 3 | Total features: 192 | Memory: 14994
2026-05-15 04:55:59,770 [INFO] Edge 1: WTO is OFF, using all 20 clients.
2026-05-15 04:56:00,718 [INFO] Edge 1: [DER] Task 2 done. Backbones: 3 | Total features: 192 | Memory: 14994
2026-05-15 04:56:00,724 [INFO] Edge 2: WTO is OFF, using all 20 clients.
2026-05-15 04:56:01,823 [INFO] Edge 2: [DER] Task 2 done. Backbones: 3 | Total features: 192 | Memory: 14994
2026-05-15 04:58:25,890 [INFO]   [Eval] Task 2, R 60: Acc: 31.58% | Prec-Mac: 46.46% | Rec-Mac: 44.65% | Mi-F1: 31.58% | Ma-F1: 30.30% | We-F1: 36.05% | Loss: 8.7356
2026-05-15 04:58:26,383 [INFO]   [CKPT] Saved: ckpt_der_task02_r060_global180_acc31.6.pth
2026-05-15 04:58:26,383 [INFO] 
--- Task 2, Round 61/80 (Global 181) ---
2026-05-15 04:58:26,383 [INFO]    [LR DECAY] Round 60 reached milestone: New LR = 0.0002
2026-05-15 04:58:26,395 [INFO] Edge 0: WTO is OFF, using all 20 clients.
2026-05-15 04:58:27,569 [INFO] Edge 0: [DER] Task 2 done. Backbones: 3 | Total features: 192 | Memory: 14994
2026-05-15 04:58:27,575 [INFO] Edge 1: WTO is OFF, using all 20 clients.
2026-05-15 04:58:28,643 [INFO] Edge 1: [DER] Task 2 done. Backbones: 3 | Total features: 192 | Memory: 14994
2026-05-15 04:58:28,648 [INFO] Edge 2: WTO is OFF, using all 20 clients.
2026-05-15 04:58:29,591 [INFO] Edge 2: [DER] Task 2 done. Backbones: 3 | Total features: 192 | Memory: 14994
2026-05-15 05:00:54,166 [INFO]   [Eval] Task 2, R 61: Acc: 33.15% | Prec-Mac: 46.18% | Rec-Mac: 45.51% | Mi-F1: 33.15% | Ma-F1: 31.12% | We-F1: 38.18% | Loss: 8.9121
2026-05-15 05:00:54,659 [INFO]   [CKPT] Saved: ckpt_der_task02_r061_global181_acc33.1.pth
2026-05-15 05:00:54,659 [INFO] 
--- Task 2, Round 62/80 (Global 182) ---
2026-05-15 05:00:54,678 [INFO] Edge 0: WTO is OFF, using all 20 clients.
2026-05-15 05:00:55,717 [INFO] Edge 0: [DER] Task 2 done. Backbones: 3 | Total features: 192 | Memory: 14994
2026-05-15 05:00:55,723 [INFO] Edge 1: WTO is OFF, using all 20 clients.
2026-05-15 05:00:56,671 [INFO] Edge 1: [DER] Task 2 done. Backbones: 3 | Total features: 192 | Memory: 14994
2026-05-15 05:00:56,676 [INFO] Edge 2: WTO is OFF, using all 20 clients.
2026-05-15 05:00:57,759 [INFO] Edge 2: [DER] Task 2 done. Backbones: 3 | Total features: 192 | Memory: 14994
2026-05-15 05:03:22,057 [INFO]   [Eval] Task 2, R 62: Acc: 41.02% | Prec-Mac: 53.13% | Rec-Mac: 56.18% | Mi-F1: 41.02% | Ma-F1: 41.41% | We-F1: 46.48% | Loss: 8.4163
2026-05-15 05:03:22,560 [INFO]   [CKPT] Saved: ckpt_der_task02_r062_global182_acc41.0.pth
2026-05-15 05:03:22,560 [INFO] 
--- Task 2, Round 63/80 (Global 183) ---
2026-05-15 05:03:22,572 [INFO] Edge 0: WTO is OFF, using all 20 clients.
2026-05-15 05:03:23,713 [INFO] Edge 0: [DER] Task 2 done. Backbones: 3 | Total features: 192 | Memory: 14994
2026-05-15 05:03:23,718 [INFO] Edge 1: WTO is OFF, using all 20 clients.
2026-05-15 05:03:24,798 [INFO] Edge 1: [DER] Task 2 done. Backbones: 3 | Total features: 192 | Memory: 14994
2026-05-15 05:03:24,803 [INFO] Edge 2: WTO is OFF, using all 20 clients.
2026-05-15 05:03:25,750 [INFO] Edge 2: [DER] Task 2 done. Backbones: 3 | Total features: 192 | Memory: 14994
2026-05-15 05:05:50,425 [INFO]   [Eval] Task 2, R 63: Acc: 38.33% | Prec-Mac: 53.14% | Rec-Mac: 48.15% | Mi-F1: 38.33% | Ma-F1: 33.72% | We-F1: 44.01% | Loss: 8.5184
2026-05-15 05:05:50,921 [INFO]   [CKPT] Saved: ckpt_der_task02_r063_global183_acc38.3.pth
2026-05-15 05:05:50,921 [INFO] 
--- Task 2, Round 64/80 (Global 184) ---
2026-05-15 05:05:50,933 [INFO] Edge 0: WTO is OFF, using all 20 clients.
2026-05-15 05:05:51,978 [INFO] Edge 0: [DER] Task 2 done. Backbones: 3 | Total features: 192 | Memory: 14994
2026-05-15 05:05:51,983 [INFO] Edge 1: WTO is OFF, using all 20 clients.
2026-05-15 05:05:52,927 [INFO] Edge 1: [DER] Task 2 done. Backbones: 3 | Total features: 192 | Memory: 14994
2026-05-15 05:05:52,932 [INFO] Edge 2: WTO is OFF, using all 20 clients.
2026-05-15 05:05:54,038 [INFO] Edge 2: [DER] Task 2 done. Backbones: 3 | Total features: 192 | Memory: 14994
2026-05-15 05:08:18,236 [INFO]   [Eval] Task 2, R 64: Acc: 43.41% | Prec-Mac: 53.16% | Rec-Mac: 57.62% | Mi-F1: 43.41% | Ma-F1: 42.50% | We-F1: 48.44% | Loss: 8.0848
2026-05-15 05:08:18,723 [INFO]   [CKPT] Saved: ckpt_der_task02_r064_global184_acc43.4.pth
2026-05-15 05:08:18,723 [INFO] 
--- Task 2, Round 65/80 (Global 185) ---
2026-05-15 05:08:18,736 [INFO] Edge 0: WTO is OFF, using all 20 clients.
2026-05-15 05:08:19,904 [INFO] Edge 0: [DER] Task 2 done. Backbones: 3 | Total features: 192 | Memory: 14994
2026-05-15 05:08:19,910 [INFO] Edge 1: WTO is OFF, using all 20 clients.
2026-05-15 05:08:20,975 [INFO] Edge 1: [DER] Task 2 done. Backbones: 3 | Total features: 192 | Memory: 14994
2026-05-15 05:08:20,980 [INFO] Edge 2: WTO is OFF, using all 20 clients.
2026-05-15 05:08:21,927 [INFO] Edge 2: [DER] Task 2 done. Backbones: 3 | Total features: 192 | Memory: 14994
2026-05-15 05:10:46,722 [INFO]   [Eval] Task 2, R 65: Acc: 41.17% | Prec-Mac: 53.04% | Rec-Mac: 56.16% | Mi-F1: 41.17% | Ma-F1: 41.51% | We-F1: 46.68% | Loss: 8.1808
2026-05-15 05:10:47,215 [INFO]   [CKPT] Saved: ckpt_der_task02_r065_global185_acc41.2.pth
2026-05-15 05:10:47,215 [INFO] 
--- Task 2, Round 66/80 (Global 186) ---
2026-05-15 05:10:47,227 [INFO] Edge 0: WTO is OFF, using all 20 clients.
2026-05-15 05:10:48,244 [INFO] Edge 0: [DER] Task 2 done. Backbones: 3 | Total features: 192 | Memory: 14994
2026-05-15 05:10:48,250 [INFO] Edge 1: WTO is OFF, using all 20 clients.
2026-05-15 05:10:49,195 [INFO] Edge 1: [DER] Task 2 done. Backbones: 3 | Total features: 192 | Memory: 14994
2026-05-15 05:10:49,200 [INFO] Edge 2: WTO is OFF, using all 20 clients.
2026-05-15 05:10:50,285 [INFO] Edge 2: [DER] Task 2 done. Backbones: 3 | Total features: 192 | Memory: 14994
2026-05-15 05:13:16,487 [INFO]   [Eval] Task 2, R 66: Acc: 32.17% | Prec-Mac: 46.59% | Rec-Mac: 44.93% | Mi-F1: 32.17% | Ma-F1: 30.88% | We-F1: 37.20% | Loss: 8.6856
2026-05-15 05:13:16,995 [INFO]   [CKPT] Saved: ckpt_der_task02_r066_global186_acc32.2.pth
2026-05-15 05:13:16,996 [INFO] 
--- Task 2, Round 67/80 (Global 187) ---
2026-05-15 05:13:17,008 [INFO] Edge 0: WTO is OFF, using all 20 clients.
2026-05-15 05:13:18,216 [INFO] Edge 0: [DER] Task 2 done. Backbones: 3 | Total features: 192 | Memory: 14994
2026-05-15 05:13:18,223 [INFO] Edge 1: WTO is OFF, using all 20 clients.
2026-05-15 05:13:19,319 [INFO] Edge 1: [DER] Task 2 done. Backbones: 3 | Total features: 192 | Memory: 14994
2026-05-15 05:13:19,325 [INFO] Edge 2: WTO is OFF, using all 20 clients.
2026-05-15 05:13:20,288 [INFO] Edge 2: [DER] Task 2 done. Backbones: 3 | Total features: 192 | Memory: 14994
2026-05-15 05:15:46,316 [INFO]   [Eval] Task 2, R 67: Acc: 40.45% | Prec-Mac: 53.19% | Rec-Mac: 55.86% | Mi-F1: 40.45% | Ma-F1: 41.22% | We-F1: 46.04% | Loss: 8.4238
2026-05-15 05:15:46,815 [INFO]   [CKPT] Saved: ckpt_der_task02_r067_global187_acc40.4.pth
2026-05-15 05:15:46,816 [INFO] 
--- Task 2, Round 68/80 (Global 188) ---
2026-05-15 05:15:46,827 [INFO] Edge 0: WTO is OFF, using all 20 clients.
2026-05-15 05:15:47,905 [INFO] Edge 0: [DER] Task 2 done. Backbones: 3 | Total features: 192 | Memory: 14994
2026-05-15 05:15:47,910 [INFO] Edge 1: WTO is OFF, using all 20 clients.
2026-05-15 05:15:48,924 [INFO] Edge 1: [DER] Task 2 done. Backbones: 3 | Total features: 192 | Memory: 14994
2026-05-15 05:15:48,930 [INFO] Edge 2: WTO is OFF, using all 20 clients.
2026-05-15 05:15:50,092 [INFO] Edge 2: [DER] Task 2 done. Backbones: 3 | Total features: 192 | Memory: 14994
2026-05-15 05:18:14,385 [INFO]   [Eval] Task 2, R 68: Acc: 31.74% | Prec-Mac: 46.66% | Rec-Mac: 44.82% | Mi-F1: 31.74% | Ma-F1: 30.55% | We-F1: 36.46% | Loss: 8.9489
2026-05-15 05:18:14,895 [INFO]   [CKPT] Saved: ckpt_der_task02_r068_global188_acc31.7.pth
2026-05-15 05:18:14,895 [INFO] 
--- Task 2, Round 69/80 (Global 189) ---
2026-05-15 05:18:14,907 [INFO] Edge 0: WTO is OFF, using all 20 clients.
2026-05-15 05:18:16,132 [INFO] Edge 0: [DER] Task 2 done. Backbones: 3 | Total features: 192 | Memory: 14994
2026-05-15 05:18:16,137 [INFO] Edge 1: WTO is OFF, using all 20 clients.
2026-05-15 05:18:17,269 [INFO] Edge 1: [DER] Task 2 done. Backbones: 3 | Total features: 192 | Memory: 14994
2026-05-15 05:18:17,275 [INFO] Edge 2: WTO is OFF, using all 20 clients.
2026-05-15 05:18:18,286 [INFO] Edge 2: [DER] Task 2 done. Backbones: 3 | Total features: 192 | Memory: 14994
2026-05-15 05:20:42,930 [INFO]   [Eval] Task 2, R 69: Acc: 32.31% | Prec-Mac: 46.37% | Rec-Mac: 45.03% | Mi-F1: 32.31% | Ma-F1: 30.63% | We-F1: 37.23% | Loss: 8.9936
2026-05-15 05:20:43,447 [INFO]   [CKPT] Saved: ckpt_der_task02_r069_global189_acc32.3.pth
2026-05-15 05:20:43,447 [INFO] 
--- Task 2, Round 70/80 (Global 190) ---
2026-05-15 05:20:43,459 [INFO] Edge 0: WTO is OFF, using all 20 clients.
2026-05-15 05:20:44,543 [INFO] Edge 0: [DER] Task 2 done. Backbones: 3 | Total features: 192 | Memory: 14994
2026-05-15 05:20:44,549 [INFO] Edge 1: WTO is OFF, using all 20 clients.
2026-05-15 05:20:45,562 [INFO] Edge 1: [DER] Task 2 done. Backbones: 3 | Total features: 192 | Memory: 14994
2026-05-15 05:20:45,567 [INFO] Edge 2: WTO is OFF, using all 20 clients.
2026-05-15 05:20:46,718 [INFO] Edge 2: [DER] Task 2 done. Backbones: 3 | Total features: 192 | Memory: 14994
2026-05-15 05:23:11,191 [INFO]   [Eval] Task 2, R 70: Acc: 39.04% | Prec-Mac: 53.11% | Rec-Mac: 48.46% | Mi-F1: 39.04% | Ma-F1: 33.69% | We-F1: 44.63% | Loss: 8.4149
2026-05-15 05:23:11,693 [INFO]   [CKPT] Saved: ckpt_der_task02_r070_global190_acc39.0.pth
2026-05-15 05:23:11,693 [INFO] 
--- Task 2, Round 71/80 (Global 191) ---
2026-05-15 05:23:11,705 [INFO] Edge 0: WTO is OFF, using all 20 clients.
2026-05-15 05:23:12,891 [INFO] Edge 0: [DER] Task 2 done. Backbones: 3 | Total features: 192 | Memory: 14994
2026-05-15 05:23:12,897 [INFO] Edge 1: WTO is OFF, using all 20 clients.
2026-05-15 05:23:14,028 [INFO] Edge 1: [DER] Task 2 done. Backbones: 3 | Total features: 192 | Memory: 14994
2026-05-15 05:23:14,033 [INFO] Edge 2: WTO is OFF, using all 20 clients.
2026-05-15 05:23:15,048 [INFO] Edge 2: [DER] Task 2 done. Backbones: 3 | Total features: 192 | Memory: 14994
2026-05-15 05:25:40,439 [INFO]   [Eval] Task 2, R 71: Acc: 25.04% | Prec-Mac: 28.27% | Rec-Mac: 39.00% | Mi-F1: 25.04% | Ma-F1: 23.35% | We-F1: 26.87% | Loss: 10.4297
2026-05-15 05:25:40,955 [INFO]   [CKPT] Saved: ckpt_der_task02_r071_global191_acc25.0.pth
2026-05-15 05:25:40,956 [INFO] 
--- Task 2, Round 72/80 (Global 192) ---
2026-05-15 05:25:40,968 [INFO] Edge 0: WTO is OFF, using all 20 clients.
2026-05-15 05:25:42,049 [INFO] Edge 0: [DER] Task 2 done. Backbones: 3 | Total features: 192 | Memory: 14994
2026-05-15 05:25:42,055 [INFO] Edge 1: WTO is OFF, using all 20 clients.
2026-05-15 05:25:43,072 [INFO] Edge 1: [DER] Task 2 done. Backbones: 3 | Total features: 192 | Memory: 14994
2026-05-15 05:25:43,081 [INFO] Edge 2: WTO is OFF, using all 20 clients.
2026-05-15 05:25:44,258 [INFO] Edge 2: [DER] Task 2 done. Backbones: 3 | Total features: 192 | Memory: 14994
2026-05-15 05:28:09,388 [INFO]   [Eval] Task 2, R 72: Acc: 42.51% | Prec-Mac: 53.06% | Rec-Mac: 57.05% | Mi-F1: 42.51% | Ma-F1: 42.00% | We-F1: 47.75% | Loss: 8.0341
2026-05-15 05:28:09,889 [INFO]   [CKPT] Saved: ckpt_der_task02_r072_global192_acc42.5.pth
2026-05-15 05:28:09,889 [INFO] 
--- Task 2, Round 73/80 (Global 193) ---
2026-05-15 05:28:09,902 [INFO] Edge 0: WTO is OFF, using all 20 clients.
2026-05-15 05:28:11,143 [INFO] Edge 0: [DER] Task 2 done. Backbones: 3 | Total features: 192 | Memory: 14994
2026-05-15 05:28:11,149 [INFO] Edge 1: WTO is OFF, using all 20 clients.
2026-05-15 05:28:12,319 [INFO] Edge 1: [DER] Task 2 done. Backbones: 3 | Total features: 192 | Memory: 14994
2026-05-15 05:28:12,325 [INFO] Edge 2: WTO is OFF, using all 20 clients.
2026-05-15 05:28:13,350 [INFO] Edge 2: [DER] Task 2 done. Backbones: 3 | Total features: 192 | Memory: 14994
2026-05-15 05:30:39,430 [INFO]   [Eval] Task 2, R 73: Acc: 32.82% | Prec-Mac: 46.40% | Rec-Mac: 45.30% | Mi-F1: 32.82% | Ma-F1: 31.09% | We-F1: 37.94% | Loss: 8.8647
2026-05-15 05:30:39,932 [INFO]   [CKPT] Saved: ckpt_der_task02_r073_global193_acc32.8.pth
2026-05-15 05:30:39,932 [INFO] 
--- Task 2, Round 74/80 (Global 194) ---
2026-05-15 05:30:39,944 [INFO] Edge 0: WTO is OFF, using all 20 clients.
2026-05-15 05:30:41,049 [INFO] Edge 0: [DER] Task 2 done. Backbones: 3 | Total features: 192 | Memory: 14994
2026-05-15 05:30:41,055 [INFO] Edge 1: WTO is OFF, using all 20 clients.
2026-05-15 05:30:42,071 [INFO] Edge 1: [DER] Task 2 done. Backbones: 3 | Total features: 192 | Memory: 14994
2026-05-15 05:30:42,078 [INFO] Edge 2: WTO is OFF, using all 20 clients.
2026-05-15 05:30:43,225 [INFO] Edge 2: [DER] Task 2 done. Backbones: 3 | Total features: 192 | Memory: 14994
2026-05-15 05:33:11,420 [INFO]   [Eval] Task 2, R 74: Acc: 25.14% | Prec-Mac: 35.52% | Rec-Mac: 39.00% | Mi-F1: 25.14% | Ma-F1: 23.75% | We-F1: 27.00% | Loss: 10.2701
2026-05-15 05:33:11,971 [INFO]   [CKPT] Saved: ckpt_der_task02_r074_global194_acc25.1.pth
2026-05-15 05:33:11,971 [INFO] 
--- Task 2, Round 75/80 (Global 195) ---
2026-05-15 05:33:11,985 [INFO] Edge 0: WTO is OFF, using all 20 clients.
2026-05-15 05:33:13,235 [INFO] Edge 0: [DER] Task 2 done. Backbones: 3 | Total features: 192 | Memory: 14994
2026-05-15 05:33:13,242 [INFO] Edge 1: WTO is OFF, using all 20 clients.
2026-05-15 05:33:14,437 [INFO] Edge 1: [DER] Task 2 done. Backbones: 3 | Total features: 192 | Memory: 14994
2026-05-15 05:33:14,443 [INFO] Edge 2: WTO is OFF, using all 20 clients.
2026-05-15 05:33:15,507 [INFO] Edge 2: [DER] Task 2 done. Backbones: 3 | Total features: 192 | Memory: 14994
2026-05-15 05:35:45,564 [INFO]   [Eval] Task 2, R 75: Acc: 32.30% | Prec-Mac: 46.33% | Rec-Mac: 44.84% | Mi-F1: 32.30% | Ma-F1: 30.42% | We-F1: 37.06% | Loss: 9.0279
2026-05-15 05:35:46,103 [INFO]   [CKPT] Saved: ckpt_der_task02_r075_global195_acc32.3.pth
2026-05-15 05:35:46,103 [INFO] 
--- Task 2, Round 76/80 (Global 196) ---
2026-05-15 05:35:46,116 [INFO] Edge 0: WTO is OFF, using all 20 clients.
2026-05-15 05:35:47,205 [INFO] Edge 0: [DER] Task 2 done. Backbones: 3 | Total features: 192 | Memory: 14994
2026-05-15 05:35:47,211 [INFO] Edge 1: WTO is OFF, using all 20 clients.
2026-05-15 05:35:48,253 [INFO] Edge 1: [DER] Task 2 done. Backbones: 3 | Total features: 192 | Memory: 14994
2026-05-15 05:35:48,259 [INFO] Edge 2: WTO is OFF, using all 20 clients.
2026-05-15 05:35:49,479 [INFO] Edge 2: [DER] Task 2 done. Backbones: 3 | Total features: 192 | Memory: 14994
2026-05-15 05:38:18,783 [INFO]   [Eval] Task 2, R 76: Acc: 25.25% | Prec-Mac: 36.43% | Rec-Mac: 39.54% | Mi-F1: 25.25% | Ma-F1: 23.87% | We-F1: 27.19% | Loss: 10.0728
2026-05-15 05:38:19,319 [INFO]   [CKPT] Saved: ckpt_der_task02_r076_global196_acc25.3.pth
2026-05-15 05:38:19,320 [INFO] 
--- Task 2, Round 77/80 (Global 197) ---
2026-05-15 05:38:19,331 [INFO] Edge 0: WTO is OFF, using all 20 clients.
2026-05-15 05:38:20,615 [INFO] Edge 0: [DER] Task 2 done. Backbones: 3 | Total features: 192 | Memory: 14994
2026-05-15 05:38:20,620 [INFO] Edge 1: WTO is OFF, using all 20 clients.
2026-05-15 05:38:21,796 [INFO] Edge 1: [DER] Task 2 done. Backbones: 3 | Total features: 192 | Memory: 14994
2026-05-15 05:38:21,801 [INFO] Edge 2: WTO is OFF, using all 20 clients.
2026-05-15 05:38:22,832 [INFO] Edge 2: [DER] Task 2 done. Backbones: 3 | Total features: 192 | Memory: 14994
2026-05-15 05:40:51,766 [INFO]   [Eval] Task 2, R 77: Acc: 25.21% | Prec-Mac: 36.73% | Rec-Mac: 39.36% | Mi-F1: 25.21% | Ma-F1: 23.76% | We-F1: 27.18% | Loss: 9.9473
2026-05-15 05:40:52,279 [INFO]   [CKPT] Saved: ckpt_der_task02_r077_global197_acc25.2.pth
2026-05-15 05:40:52,279 [INFO] 
--- Task 2, Round 78/80 (Global 198) ---
2026-05-15 05:40:52,292 [INFO] Edge 0: WTO is OFF, using all 20 clients.
2026-05-15 05:40:53,382 [INFO] Edge 0: [DER] Task 2 done. Backbones: 3 | Total features: 192 | Memory: 14994
2026-05-15 05:40:53,388 [INFO] Edge 1: WTO is OFF, using all 20 clients.
2026-05-15 05:40:54,420 [INFO] Edge 1: [DER] Task 2 done. Backbones: 3 | Total features: 192 | Memory: 14994
2026-05-15 05:40:54,427 [INFO] Edge 2: WTO is OFF, using all 20 clients.
2026-05-15 05:40:55,617 [INFO] Edge 2: [DER] Task 2 done. Backbones: 3 | Total features: 192 | Memory: 14994
2026-05-15 05:43:22,162 [INFO]   [Eval] Task 2, R 78: Acc: 31.65% | Prec-Mac: 46.49% | Rec-Mac: 44.70% | Mi-F1: 31.65% | Ma-F1: 30.50% | We-F1: 36.33% | Loss: 8.8510
2026-05-15 05:43:22,682 [INFO]   [CKPT] Saved: ckpt_der_task02_r078_global198_acc31.6.pth
2026-05-15 05:43:22,682 [INFO] 
--- Task 2, Round 79/80 (Global 199) ---
2026-05-15 05:43:22,694 [INFO] Edge 0: WTO is OFF, using all 20 clients.
2026-05-15 05:43:23,922 [INFO] Edge 0: [DER] Task 2 done. Backbones: 3 | Total features: 192 | Memory: 14994
2026-05-15 05:43:23,928 [INFO] Edge 1: WTO is OFF, using all 20 clients.
2026-05-15 05:43:25,098 [INFO] Edge 1: [DER] Task 2 done. Backbones: 3 | Total features: 192 | Memory: 14994
2026-05-15 05:43:25,105 [INFO] Edge 2: WTO is OFF, using all 20 clients.
2026-05-15 05:43:26,154 [INFO] Edge 2: [DER] Task 2 done. Backbones: 3 | Total features: 192 | Memory: 14994
2026-05-15 05:45:53,590 [INFO]   [Eval] Task 2, R 79: Acc: 38.52% | Prec-Mac: 56.10% | Rec-Mac: 48.15% | Mi-F1: 38.52% | Ma-F1: 34.43% | We-F1: 45.42% | Loss: 8.3399
2026-05-15 05:45:54,089 [INFO]   [CKPT] Saved: ckpt_der_task02_r079_global199_acc38.5.pth
2026-05-15 05:45:54,090 [INFO] 
--- Task 2, Round 80/80 (Global 200) ---
2026-05-15 05:45:54,101 [INFO] Edge 0: WTO is OFF, using all 20 clients.
2026-05-15 05:47:01,797 [INFO] Edge 0: [DER] Task 2 done. Backbones: 3 | Total features: 192 | Memory: 14989
2026-05-15 05:47:01,804 [INFO] Edge 1: WTO is OFF, using all 20 clients.
2026-05-15 05:48:09,567 [INFO] Edge 1: [DER] Task 2 done. Backbones: 3 | Total features: 192 | Memory: 14989
2026-05-15 05:48:09,573 [INFO] Edge 2: WTO is OFF, using all 20 clients.
2026-05-15 05:49:17,195 [INFO] Edge 2: [DER] Task 2 done. Backbones: 3 | Total features: 192 | Memory: 14989
2026-05-15 05:51:43,168 [INFO]   [Eval] Task 2, R 80: Acc: 38.59% | Prec-Mac: 48.70% | Rec-Mac: 48.01% | Mi-F1: 38.59% | Ma-F1: 34.55% | We-F1: 45.50% | Loss: 8.3074
2026-05-15 05:51:43,665 [INFO]   [CKPT] Saved: ckpt_der_task02_r080_global200_acc38.6.pth
2026-05-15 05:51:43,665 [INFO] 
Loading data for Task 3 (Classes: [13, 14, 15, 16])...
2026-05-15 05:51:44,291 [INFO] [DER] Added backbone 4, total features=256, classes=17 for Task 3
2026-05-15 05:51:44,335 [INFO] 
============================================================
2026-05-15 05:51:44,336 [INFO] Task 3/4 | Classes: [13, 14, 15, 16] | 80 rounds | LR: 0.02
2026-05-15 05:51:44,336 [INFO] ============================================================
2026-05-15 05:51:44,336 [INFO] 
--- Task 3, Round 1/80 (Global 201) ---
2026-05-15 05:51:44,351 [INFO] Edge 0: WTO is OFF, using all 20 clients.
2026-05-15 05:51:44,878 [INFO] Edge 0: [DER] Task 3 done. Backbones: 4 | Total features: 256 | Memory: 14989
2026-05-15 05:51:44,886 [INFO] Edge 1: WTO is OFF, using all 20 clients.
2026-05-15 05:51:45,217 [INFO] Edge 1: [DER] Task 3 done. Backbones: 4 | Total features: 256 | Memory: 14989
2026-05-15 05:51:45,224 [INFO] Edge 2: WTO is OFF, using all 20 clients.
2026-05-15 05:51:45,679 [INFO] Edge 2: [DER] Task 3 done. Backbones: 4 | Total features: 256 | Memory: 14989
2026-05-15 05:54:19,023 [INFO]   [Eval] Task 3, R 1: Acc: 31.10% | Prec-Mac: 45.11% | Rec-Mac: 40.44% | Mi-F1: 31.10% | Ma-F1: 24.34% | We-F1: 35.55% | Loss: 9.5646
2026-05-15 05:54:19,522 [INFO]   [CKPT] Saved: ckpt_der_task03_r001_global201_acc31.1.pth
2026-05-15 05:54:19,522 [INFO] 
--- Task 3, Round 2/80 (Global 202) ---
2026-05-15 05:54:19,537 [INFO] Edge 0: WTO is OFF, using all 20 clients.
2026-05-15 05:54:20,048 [INFO] Edge 0: [DER] Task 3 done. Backbones: 4 | Total features: 256 | Memory: 14989
2026-05-15 05:54:20,055 [INFO] Edge 1: WTO is OFF, using all 20 clients.
2026-05-15 05:54:20,384 [INFO] Edge 1: [DER] Task 3 done. Backbones: 4 | Total features: 256 | Memory: 14989
2026-05-15 05:54:20,391 [INFO] Edge 2: WTO is OFF, using all 20 clients.
2026-05-15 05:54:20,883 [INFO] Edge 2: [DER] Task 3 done. Backbones: 4 | Total features: 256 | Memory: 14989
2026-05-15 05:56:55,134 [INFO]   [Eval] Task 3, R 2: Acc: 43.85% | Prec-Mac: 44.93% | Rec-Mac: 49.44% | Mi-F1: 43.85% | Ma-F1: 36.23% | We-F1: 48.72% | Loss: 6.2447
2026-05-15 05:56:55,647 [INFO]   [CKPT] Saved: ckpt_der_task03_r002_global202_acc43.8.pth
2026-05-15 05:56:55,647 [INFO] 
--- Task 3, Round 3/80 (Global 203) ---
2026-05-15 05:56:55,662 [INFO] Edge 0: WTO is OFF, using all 20 clients.
2026-05-15 05:56:56,016 [INFO] Edge 0: [DER] Task 3 done. Backbones: 4 | Total features: 256 | Memory: 14989
2026-05-15 05:56:56,023 [INFO] Edge 1: WTO is OFF, using all 20 clients.
2026-05-15 05:56:56,466 [INFO] Edge 1: [DER] Task 3 done. Backbones: 4 | Total features: 256 | Memory: 14989
2026-05-15 05:56:56,473 [INFO] Edge 2: WTO is OFF, using all 20 clients.
2026-05-15 05:56:56,784 [INFO] Edge 2: [DER] Task 3 done. Backbones: 4 | Total features: 256 | Memory: 14989
2026-05-15 05:59:30,648 [INFO]   [Eval] Task 3, R 3: Acc: 28.26% | Prec-Mac: 54.11% | Rec-Mac: 47.85% | Mi-F1: 28.26% | Ma-F1: 30.90% | We-F1: 32.36% | Loss: 8.0099
2026-05-15 05:59:31,146 [INFO]   [CKPT] Saved: ckpt_der_task03_r003_global203_acc28.3.pth
2026-05-15 05:59:31,147 [INFO] 
--- Task 3, Round 4/80 (Global 204) ---
2026-05-15 05:59:31,163 [INFO] Edge 0: WTO is OFF, using all 20 clients.
2026-05-15 05:59:31,636 [INFO] Edge 0: [DER] Task 3 done. Backbones: 4 | Total features: 256 | Memory: 14989
2026-05-15 05:59:31,643 [INFO] Edge 1: WTO is OFF, using all 20 clients.
2026-05-15 05:59:31,966 [INFO] Edge 1: [DER] Task 3 done. Backbones: 4 | Total features: 256 | Memory: 14989
2026-05-15 05:59:31,974 [INFO] Edge 2: WTO is OFF, using all 20 clients.
2026-05-15 05:59:32,420 [INFO] Edge 2: [DER] Task 3 done. Backbones: 4 | Total features: 256 | Memory: 14989
2026-05-15 06:02:06,726 [INFO]   [Eval] Task 3, R 4: Acc: 36.64% | Prec-Mac: 50.06% | Rec-Mac: 56.93% | Mi-F1: 36.64% | Ma-F1: 35.35% | We-F1: 40.74% | Loss: 6.4899
2026-05-15 06:02:07,231 [INFO]   [CKPT] Saved: ckpt_der_task03_r004_global204_acc36.6.pth
2026-05-15 06:02:07,231 [INFO] 
--- Task 3, Round 5/80 (Global 205) ---
2026-05-15 06:02:07,247 [INFO] Edge 0: WTO is OFF, using all 20 clients.
2026-05-15 06:02:07,740 [INFO] Edge 0: [DER] Task 3 done. Backbones: 4 | Total features: 256 | Memory: 14989
2026-05-15 06:02:07,748 [INFO] Edge 1: WTO is OFF, using all 20 clients.
2026-05-15 06:02:08,073 [INFO] Edge 1: [DER] Task 3 done. Backbones: 4 | Total features: 256 | Memory: 14989
2026-05-15 06:02:08,081 [INFO] Edge 2: WTO is OFF, using all 20 clients.
2026-05-15 06:02:08,527 [INFO] Edge 2: [DER] Task 3 done. Backbones: 4 | Total features: 256 | Memory: 14989
2026-05-15 06:04:41,809 [INFO]   [Eval] Task 3, R 5: Acc: 31.48% | Prec-Mac: 52.49% | Rec-Mac: 51.13% | Mi-F1: 31.48% | Ma-F1: 31.10% | We-F1: 35.48% | Loss: 6.9061
2026-05-15 06:04:42,478 [INFO]   [CKPT] Saved: ckpt_der_task03_r005_global205_acc31.5.pth
2026-05-15 06:04:42,479 [INFO] 
--- Task 3, Round 6/80 (Global 206) ---
2026-05-15 06:04:42,494 [INFO] Edge 0: WTO is OFF, using all 20 clients.
2026-05-15 06:04:42,866 [INFO] Edge 0: [DER] Task 3 done. Backbones: 4 | Total features: 256 | Memory: 14989
2026-05-15 06:04:42,873 [INFO] Edge 1: WTO is OFF, using all 20 clients.
2026-05-15 06:04:43,327 [INFO] Edge 1: [DER] Task 3 done. Backbones: 4 | Total features: 256 | Memory: 14989
2026-05-15 06:04:43,334 [INFO] Edge 2: WTO is OFF, using all 20 clients.
2026-05-15 06:04:43,646 [INFO] Edge 2: [DER] Task 3 done. Backbones: 4 | Total features: 256 | Memory: 14989
2026-05-15 06:07:17,379 [INFO]   [Eval] Task 3, R 6: Acc: 30.55% | Prec-Mac: 51.14% | Rec-Mac: 51.73% | Mi-F1: 30.55% | Ma-F1: 31.66% | We-F1: 34.21% | Loss: 7.0777
2026-05-15 06:07:17,883 [INFO]   [CKPT] Saved: ckpt_der_task03_r006_global206_acc30.6.pth
2026-05-15 06:07:17,884 [INFO] 
--- Task 3, Round 7/80 (Global 207) ---
2026-05-15 06:07:17,900 [INFO] Edge 0: WTO is OFF, using all 20 clients.
2026-05-15 06:07:18,256 [INFO] Edge 0: [DER] Task 3 done. Backbones: 4 | Total features: 256 | Memory: 14989
2026-05-15 06:07:18,264 [INFO] Edge 1: WTO is OFF, using all 20 clients.
2026-05-15 06:07:18,723 [INFO] Edge 1: [DER] Task 3 done. Backbones: 4 | Total features: 256 | Memory: 14989
2026-05-15 06:07:18,730 [INFO] Edge 2: WTO is OFF, using all 20 clients.
2026-05-15 06:07:19,041 [INFO] Edge 2: [DER] Task 3 done. Backbones: 4 | Total features: 256 | Memory: 14989
2026-05-15 06:09:52,717 [INFO]   [Eval] Task 3, R 7: Acc: 30.17% | Prec-Mac: 51.63% | Rec-Mac: 51.47% | Mi-F1: 30.17% | Ma-F1: 31.97% | We-F1: 34.60% | Loss: 7.0895
2026-05-15 06:09:53,228 [INFO]   [CKPT] Saved: ckpt_der_task03_r007_global207_acc30.2.pth
2026-05-15 06:09:53,228 [INFO] 
--- Task 3, Round 8/80 (Global 208) ---
2026-05-15 06:09:53,243 [INFO] Edge 0: WTO is OFF, using all 20 clients.
2026-05-15 06:09:53,745 [INFO] Edge 0: [DER] Task 3 done. Backbones: 4 | Total features: 256 | Memory: 14989
2026-05-15 06:09:53,753 [INFO] Edge 1: WTO is OFF, using all 20 clients.
2026-05-15 06:09:54,059 [INFO] Edge 1: [DER] Task 3 done. Backbones: 4 | Total features: 256 | Memory: 14989
2026-05-15 06:09:54,067 [INFO] Edge 2: WTO is OFF, using all 20 clients.
2026-05-15 06:09:54,378 [INFO] Edge 2: [DER] Task 3 done. Backbones: 4 | Total features: 256 | Memory: 14989
2026-05-15 06:12:28,543 [INFO]   [Eval] Task 3, R 8: Acc: 30.29% | Prec-Mac: 51.79% | Rec-Mac: 52.08% | Mi-F1: 30.29% | Ma-F1: 32.21% | We-F1: 34.15% | Loss: 7.0325
2026-05-15 06:12:29,048 [INFO]   [CKPT] Saved: ckpt_der_task03_r008_global208_acc30.3.pth
2026-05-15 06:12:29,048 [INFO] 
--- Task 3, Round 9/80 (Global 209) ---
2026-05-15 06:12:29,064 [INFO] Edge 0: WTO is OFF, using all 20 clients.
2026-05-15 06:12:29,540 [INFO] Edge 0: [DER] Task 3 done. Backbones: 4 | Total features: 256 | Memory: 14989
2026-05-15 06:12:29,548 [INFO] Edge 1: WTO is OFF, using all 20 clients.
2026-05-15 06:12:29,853 [INFO] Edge 1: [DER] Task 3 done. Backbones: 4 | Total features: 256 | Memory: 14989
2026-05-15 06:12:29,861 [INFO] Edge 2: WTO is OFF, using all 20 clients.
2026-05-15 06:12:30,319 [INFO] Edge 2: [DER] Task 3 done. Backbones: 4 | Total features: 256 | Memory: 14989
2026-05-15 06:15:04,338 [INFO]   [Eval] Task 3, R 9: Acc: 30.69% | Prec-Mac: 52.42% | Rec-Mac: 52.25% | Mi-F1: 30.69% | Ma-F1: 32.68% | We-F1: 34.46% | Loss: 7.2205
2026-05-15 06:15:04,869 [INFO]   [CKPT] Saved: ckpt_der_task03_r009_global209_acc30.7.pth
2026-05-15 06:15:04,869 [INFO] 
--- Task 3, Round 10/80 (Global 210) ---
2026-05-15 06:15:04,887 [INFO] Edge 0: WTO is OFF, using all 20 clients.
2026-05-15 06:15:05,247 [INFO] Edge 0: [DER] Task 3 done. Backbones: 4 | Total features: 256 | Memory: 14989
2026-05-15 06:15:05,256 [INFO] Edge 1: WTO is OFF, using all 20 clients.
2026-05-15 06:15:05,725 [INFO] Edge 1: [DER] Task 3 done. Backbones: 4 | Total features: 256 | Memory: 14989
2026-05-15 06:15:05,732 [INFO] Edge 2: WTO is OFF, using all 20 clients.
2026-05-15 06:15:06,045 [INFO] Edge 2: [DER] Task 3 done. Backbones: 4 | Total features: 256 | Memory: 14989
2026-05-15 06:17:40,284 [INFO]   [Eval] Task 3, R 10: Acc: 30.69% | Prec-Mac: 52.73% | Rec-Mac: 52.26% | Mi-F1: 30.69% | Ma-F1: 32.74% | We-F1: 34.61% | Loss: 7.1244
2026-05-15 06:17:40,787 [INFO]   [CKPT] Saved: ckpt_der_task03_r010_global210_acc30.7.pth
2026-05-15 06:17:40,787 [INFO] 
--- Task 3, Round 11/80 (Global 211) ---
2026-05-15 06:17:40,803 [INFO] Edge 0: WTO is OFF, using all 20 clients.
2026-05-15 06:17:41,152 [INFO] Edge 0: [DER] Task 3 done. Backbones: 4 | Total features: 256 | Memory: 14989
2026-05-15 06:17:41,159 [INFO] Edge 1: WTO is OFF, using all 20 clients.
2026-05-15 06:17:41,625 [INFO] Edge 1: [DER] Task 3 done. Backbones: 4 | Total features: 256 | Memory: 14989
2026-05-15 06:17:41,632 [INFO] Edge 2: WTO is OFF, using all 20 clients.
2026-05-15 06:17:42,070 [INFO] Edge 2: [DER] Task 3 done. Backbones: 4 | Total features: 256 | Memory: 14989
2026-05-15 06:20:15,055 [INFO]   [Eval] Task 3, R 11: Acc: 28.62% | Prec-Mac: 51.94% | Rec-Mac: 49.60% | Mi-F1: 28.62% | Ma-F1: 30.82% | We-F1: 32.91% | Loss: 7.2914
2026-05-15 06:20:15,570 [INFO]   [CKPT] Saved: ckpt_der_task03_r011_global211_acc28.6.pth
2026-05-15 06:20:15,570 [INFO] 
--- Task 3, Round 12/80 (Global 212) ---
2026-05-15 06:20:15,587 [INFO] Edge 0: WTO is OFF, using all 20 clients.
2026-05-15 06:20:16,088 [INFO] Edge 0: [DER] Task 3 done. Backbones: 4 | Total features: 256 | Memory: 14989
2026-05-15 06:20:16,095 [INFO] Edge 1: WTO is OFF, using all 20 clients.
2026-05-15 06:20:16,421 [INFO] Edge 1: [DER] Task 3 done. Backbones: 4 | Total features: 256 | Memory: 14989
2026-05-15 06:20:16,428 [INFO] Edge 2: WTO is OFF, using all 20 clients.
2026-05-15 06:20:16,876 [INFO] Edge 2: [DER] Task 3 done. Backbones: 4 | Total features: 256 | Memory: 14989
2026-05-15 06:22:50,665 [INFO]   [Eval] Task 3, R 12: Acc: 28.31% | Prec-Mac: 51.56% | Rec-Mac: 48.99% | Mi-F1: 28.31% | Ma-F1: 30.29% | We-F1: 32.55% | Loss: 7.3460
2026-05-15 06:22:51,170 [INFO]   [CKPT] Saved: ckpt_der_task03_r012_global212_acc28.3.pth
2026-05-15 06:22:51,170 [INFO] 
--- Task 3, Round 13/80 (Global 213) ---
2026-05-15 06:22:51,186 [INFO] Edge 0: WTO is OFF, using all 20 clients.
2026-05-15 06:22:51,536 [INFO] Edge 0: [DER] Task 3 done. Backbones: 4 | Total features: 256 | Memory: 14989
2026-05-15 06:22:51,543 [INFO] Edge 1: WTO is OFF, using all 20 clients.
2026-05-15 06:22:51,863 [INFO] Edge 1: [DER] Task 3 done. Backbones: 4 | Total features: 256 | Memory: 14989
2026-05-15 06:22:51,871 [INFO] Edge 2: WTO is OFF, using all 20 clients.
2026-05-15 06:22:52,364 [INFO] Edge 2: [DER] Task 3 done. Backbones: 4 | Total features: 256 | Memory: 14989
2026-05-15 06:25:26,571 [INFO]   [Eval] Task 3, R 13: Acc: 29.81% | Prec-Mac: 52.67% | Rec-Mac: 51.50% | Mi-F1: 29.81% | Ma-F1: 32.50% | We-F1: 34.15% | Loss: 7.0074
2026-05-15 06:25:27,079 [INFO]   [CKPT] Saved: ckpt_der_task03_r013_global213_acc29.8.pth
2026-05-15 06:25:27,079 [INFO] 
--- Task 3, Round 14/80 (Global 214) ---
2026-05-15 06:25:27,095 [INFO] Edge 0: WTO is OFF, using all 20 clients.
2026-05-15 06:25:27,441 [INFO] Edge 0: [DER] Task 3 done. Backbones: 4 | Total features: 256 | Memory: 14989
2026-05-15 06:25:27,448 [INFO] Edge 1: WTO is OFF, using all 20 clients.
2026-05-15 06:25:27,892 [INFO] Edge 1: [DER] Task 3 done. Backbones: 4 | Total features: 256 | Memory: 14989
2026-05-15 06:25:27,899 [INFO] Edge 2: WTO is OFF, using all 20 clients.
2026-05-15 06:25:28,212 [INFO] Edge 2: [DER] Task 3 done. Backbones: 4 | Total features: 256 | Memory: 14989
2026-05-15 06:28:01,735 [INFO]   [Eval] Task 3, R 14: Acc: 32.67% | Prec-Mac: 53.50% | Rec-Mac: 53.51% | Mi-F1: 32.67% | Ma-F1: 34.41% | We-F1: 37.67% | Loss: 6.8178
2026-05-15 06:28:02,242 [INFO]   [CKPT] Saved: ckpt_der_task03_r014_global214_acc32.7.pth
2026-05-15 06:28:02,242 [INFO] 
--- Task 3, Round 15/80 (Global 215) ---
2026-05-15 06:28:02,258 [INFO] Edge 0: WTO is OFF, using all 20 clients.
2026-05-15 06:28:02,637 [INFO] Edge 0: [DER] Task 3 done. Backbones: 4 | Total features: 256 | Memory: 14989
2026-05-15 06:28:02,644 [INFO] Edge 1: WTO is OFF, using all 20 clients.
2026-05-15 06:28:03,087 [INFO] Edge 1: [DER] Task 3 done. Backbones: 4 | Total features: 256 | Memory: 14989
2026-05-15 06:28:03,094 [INFO] Edge 2: WTO is OFF, using all 20 clients.
2026-05-15 06:28:03,407 [INFO] Edge 2: [DER] Task 3 done. Backbones: 4 | Total features: 256 | Memory: 14989
2026-05-15 06:30:37,065 [INFO]   [Eval] Task 3, R 15: Acc: 32.97% | Prec-Mac: 51.95% | Rec-Mac: 53.50% | Mi-F1: 32.97% | Ma-F1: 33.95% | We-F1: 38.17% | Loss: 6.7096
2026-05-15 06:30:37,573 [INFO]   [CKPT] Saved: ckpt_der_task03_r015_global215_acc33.0.pth
2026-05-15 06:30:37,573 [INFO] 
--- Task 3, Round 16/80 (Global 216) ---
2026-05-15 06:30:37,589 [INFO] Edge 0: WTO is OFF, using all 20 clients.
2026-05-15 06:30:37,968 [INFO] Edge 0: [DER] Task 3 done. Backbones: 4 | Total features: 256 | Memory: 14989
2026-05-15 06:30:37,975 [INFO] Edge 1: WTO is OFF, using all 20 clients.
2026-05-15 06:30:38,422 [INFO] Edge 1: [DER] Task 3 done. Backbones: 4 | Total features: 256 | Memory: 14989
2026-05-15 06:30:38,430 [INFO] Edge 2: WTO is OFF, using all 20 clients.
2026-05-15 06:30:38,746 [INFO] Edge 2: [DER] Task 3 done. Backbones: 4 | Total features: 256 | Memory: 14989
2026-05-15 06:33:14,306 [INFO]   [Eval] Task 3, R 16: Acc: 34.45% | Prec-Mac: 52.34% | Rec-Mac: 54.44% | Mi-F1: 34.45% | Ma-F1: 35.34% | We-F1: 40.48% | Loss: 6.6151
2026-05-15 06:33:14,819 [INFO]   [CKPT] Saved: ckpt_der_task03_r016_global216_acc34.4.pth
2026-05-15 06:33:14,819 [INFO] 
--- Task 3, Round 17/80 (Global 217) ---
2026-05-15 06:33:14,835 [INFO] Edge 0: WTO is OFF, using all 20 clients.
2026-05-15 06:33:15,200 [INFO] Edge 0: [DER] Task 3 done. Backbones: 4 | Total features: 256 | Memory: 14989
2026-05-15 06:33:15,208 [INFO] Edge 1: WTO is OFF, using all 20 clients.
2026-05-15 06:33:15,669 [INFO] Edge 1: [DER] Task 3 done. Backbones: 4 | Total features: 256 | Memory: 14989
2026-05-15 06:33:15,676 [INFO] Edge 2: WTO is OFF, using all 20 clients.
2026-05-15 06:33:15,993 [INFO] Edge 2: [DER] Task 3 done. Backbones: 4 | Total features: 256 | Memory: 14989
2026-05-15 06:35:51,392 [INFO]   [Eval] Task 3, R 17: Acc: 34.05% | Prec-Mac: 52.26% | Rec-Mac: 54.27% | Mi-F1: 34.05% | Ma-F1: 34.91% | We-F1: 39.74% | Loss: 6.5889
2026-05-15 06:35:51,896 [INFO]   [CKPT] Saved: ckpt_der_task03_r017_global217_acc34.1.pth
2026-05-15 06:35:51,896 [INFO] 
--- Task 3, Round 18/80 (Global 218) ---
2026-05-15 06:35:51,912 [INFO] Edge 0: WTO is OFF, using all 20 clients.
2026-05-15 06:35:52,270 [INFO] Edge 0: [DER] Task 3 done. Backbones: 4 | Total features: 256 | Memory: 14989
2026-05-15 06:35:52,279 [INFO] Edge 1: WTO is OFF, using all 20 clients.
2026-05-15 06:35:52,749 [INFO] Edge 1: [DER] Task 3 done. Backbones: 4 | Total features: 256 | Memory: 14989
2026-05-15 06:35:52,756 [INFO] Edge 2: WTO is OFF, using all 20 clients.
2026-05-15 06:35:53,071 [INFO] Edge 2: [DER] Task 3 done. Backbones: 4 | Total features: 256 | Memory: 14989
2026-05-15 06:38:28,660 [INFO]   [Eval] Task 3, R 18: Acc: 32.34% | Prec-Mac: 52.38% | Rec-Mac: 52.77% | Mi-F1: 32.34% | Ma-F1: 33.63% | We-F1: 37.27% | Loss: 6.7141
2026-05-15 06:38:29,187 [INFO]   [CKPT] Saved: ckpt_der_task03_r018_global218_acc32.3.pth
2026-05-15 06:38:29,187 [INFO] 
--- Task 3, Round 19/80 (Global 219) ---
2026-05-15 06:38:29,203 [INFO] Edge 0: WTO is OFF, using all 20 clients.
2026-05-15 06:38:29,687 [INFO] Edge 0: [DER] Task 3 done. Backbones: 4 | Total features: 256 | Memory: 14989
2026-05-15 06:38:29,695 [INFO] Edge 1: WTO is OFF, using all 20 clients.
2026-05-15 06:38:30,003 [INFO] Edge 1: [DER] Task 3 done. Backbones: 4 | Total features: 256 | Memory: 14989
2026-05-15 06:38:30,010 [INFO] Edge 2: WTO is OFF, using all 20 clients.
2026-05-15 06:38:30,320 [INFO] Edge 2: [DER] Task 3 done. Backbones: 4 | Total features: 256 | Memory: 14989
2026-05-15 06:41:05,214 [INFO]   [Eval] Task 3, R 19: Acc: 31.54% | Prec-Mac: 53.66% | Rec-Mac: 51.97% | Mi-F1: 31.54% | Ma-F1: 33.35% | We-F1: 36.24% | Loss: 6.8555
2026-05-15 06:41:05,741 [INFO]   [CKPT] Saved: ckpt_der_task03_r019_global219_acc31.5.pth
2026-05-15 06:41:05,741 [INFO] 
--- Task 3, Round 20/80 (Global 220) ---
2026-05-15 06:41:05,757 [INFO] Edge 0: WTO is OFF, using all 20 clients.
2026-05-15 06:41:06,233 [INFO] Edge 0: [DER] Task 3 done. Backbones: 4 | Total features: 256 | Memory: 14989
2026-05-15 06:41:06,241 [INFO] Edge 1: WTO is OFF, using all 20 clients.
2026-05-15 06:41:06,555 [INFO] Edge 1: [DER] Task 3 done. Backbones: 4 | Total features: 256 | Memory: 14989
2026-05-15 06:41:06,562 [INFO] Edge 2: WTO is OFF, using all 20 clients.
2026-05-15 06:41:06,876 [INFO] Edge 2: [DER] Task 3 done. Backbones: 4 | Total features: 256 | Memory: 14989
2026-05-15 06:43:42,183 [INFO]   [Eval] Task 3, R 20: Acc: 32.33% | Prec-Mac: 52.50% | Rec-Mac: 52.53% | Mi-F1: 32.33% | Ma-F1: 33.52% | We-F1: 37.26% | Loss: 6.7541
2026-05-15 06:43:42,726 [INFO]   [CKPT] Saved: ckpt_der_task03_r020_global220_acc32.3.pth
2026-05-15 06:43:42,726 [INFO] 
--- Task 3, Round 21/80 (Global 221) ---
2026-05-15 06:43:42,741 [INFO] Edge 0: WTO is OFF, using all 20 clients.
2026-05-15 06:43:43,202 [INFO] Edge 0: [DER] Task 3 done. Backbones: 4 | Total features: 256 | Memory: 14989
2026-05-15 06:43:43,209 [INFO] Edge 1: WTO is OFF, using all 20 clients.
2026-05-15 06:43:43,518 [INFO] Edge 1: [DER] Task 3 done. Backbones: 4 | Total features: 256 | Memory: 14989
2026-05-15 06:43:43,527 [INFO] Edge 2: WTO is OFF, using all 20 clients.
2026-05-15 06:43:43,975 [INFO] Edge 2: [DER] Task 3 done. Backbones: 4 | Total features: 256 | Memory: 14989
2026-05-15 06:46:18,301 [INFO]   [Eval] Task 3, R 21: Acc: 30.98% | Prec-Mac: 52.69% | Rec-Mac: 51.89% | Mi-F1: 30.98% | Ma-F1: 32.77% | We-F1: 35.20% | Loss: 6.8974
2026-05-15 06:46:18,814 [INFO]   [CKPT] Saved: ckpt_der_task03_r021_global221_acc31.0.pth
2026-05-15 06:46:18,814 [INFO] 
--- Task 3, Round 22/80 (Global 222) ---
2026-05-15 06:46:18,832 [INFO] Edge 0: WTO is OFF, using all 20 clients.
2026-05-15 06:46:19,178 [INFO] Edge 0: [DER] Task 3 done. Backbones: 4 | Total features: 256 | Memory: 14989
2026-05-15 06:46:19,186 [INFO] Edge 1: WTO is OFF, using all 20 clients.
2026-05-15 06:46:19,635 [INFO] Edge 1: [DER] Task 3 done. Backbones: 4 | Total features: 256 | Memory: 14989
2026-05-15 06:46:19,643 [INFO] Edge 2: WTO is OFF, using all 20 clients.
2026-05-15 06:46:19,950 [INFO] Edge 2: [DER] Task 3 done. Backbones: 4 | Total features: 256 | Memory: 14989
2026-05-15 06:48:54,865 [INFO]   [Eval] Task 3, R 22: Acc: 31.09% | Prec-Mac: 52.69% | Rec-Mac: 51.60% | Mi-F1: 31.09% | Ma-F1: 32.57% | We-F1: 35.40% | Loss: 6.9077
2026-05-15 06:48:55,390 [INFO]   [CKPT] Saved: ckpt_der_task03_r022_global222_acc31.1.pth
2026-05-15 06:48:55,390 [INFO] 
--- Task 3, Round 23/80 (Global 223) ---
2026-05-15 06:48:55,407 [INFO] Edge 0: WTO is OFF, using all 20 clients.
2026-05-15 06:48:55,934 [INFO] Edge 0: [DER] Task 3 done. Backbones: 4 | Total features: 256 | Memory: 14989
2026-05-15 06:48:55,942 [INFO] Edge 1: WTO is OFF, using all 20 clients.
2026-05-15 06:48:56,247 [INFO] Edge 1: [DER] Task 3 done. Backbones: 4 | Total features: 256 | Memory: 14989
2026-05-15 06:48:56,254 [INFO] Edge 2: WTO is OFF, using all 20 clients.
2026-05-15 06:48:56,695 [INFO] Edge 2: [DER] Task 3 done. Backbones: 4 | Total features: 256 | Memory: 14989
2026-05-15 06:51:30,672 [INFO]   [Eval] Task 3, R 23: Acc: 32.39% | Prec-Mac: 53.14% | Rec-Mac: 52.53% | Mi-F1: 32.39% | Ma-F1: 33.45% | We-F1: 37.43% | Loss: 6.6994
2026-05-15 06:51:31,172 [INFO]   [CKPT] Saved: ckpt_der_task03_r023_global223_acc32.4.pth
2026-05-15 06:51:31,172 [INFO] 
--- Task 3, Round 24/80 (Global 224) ---
2026-05-15 06:51:31,187 [INFO] Edge 0: WTO is OFF, using all 20 clients.
2026-05-15 06:51:31,656 [INFO] Edge 0: [DER] Task 3 done. Backbones: 4 | Total features: 256 | Memory: 14989
2026-05-15 06:51:31,663 [INFO] Edge 1: WTO is OFF, using all 20 clients.
2026-05-15 06:51:31,972 [INFO] Edge 1: [DER] Task 3 done. Backbones: 4 | Total features: 256 | Memory: 14989
2026-05-15 06:51:31,979 [INFO] Edge 2: WTO is OFF, using all 20 clients.
2026-05-15 06:51:32,422 [INFO] Edge 2: [DER] Task 3 done. Backbones: 4 | Total features: 256 | Memory: 14989
2026-05-15 06:54:06,576 [INFO]   [Eval] Task 3, R 24: Acc: 31.85% | Prec-Mac: 52.58% | Rec-Mac: 52.47% | Mi-F1: 31.85% | Ma-F1: 33.17% | We-F1: 36.51% | Loss: 6.8265
2026-05-15 06:54:07,073 [INFO]   [CKPT] Saved: ckpt_der_task03_r024_global224_acc31.8.pth
2026-05-15 06:54:07,073 [INFO] 
--- Task 3, Round 25/80 (Global 225) ---
2026-05-15 06:54:07,089 [INFO] Edge 0: WTO is OFF, using all 20 clients.
2026-05-15 06:54:07,578 [INFO] Edge 0: [DER] Task 3 done. Backbones: 4 | Total features: 256 | Memory: 14989
2026-05-15 06:54:07,585 [INFO] Edge 1: WTO is OFF, using all 20 clients.
2026-05-15 06:54:07,894 [INFO] Edge 1: [DER] Task 3 done. Backbones: 4 | Total features: 256 | Memory: 14989
2026-05-15 06:54:07,901 [INFO] Edge 2: WTO is OFF, using all 20 clients.
2026-05-15 06:54:08,345 [INFO] Edge 2: [DER] Task 3 done. Backbones: 4 | Total features: 256 | Memory: 14989
2026-05-15 06:56:41,281 [INFO]   [Eval] Task 3, R 25: Acc: 29.57% | Prec-Mac: 53.22% | Rec-Mac: 50.85% | Mi-F1: 29.57% | Ma-F1: 32.30% | We-F1: 34.03% | Loss: 7.0540
2026-05-15 06:56:41,785 [INFO]   [CKPT] Saved: ckpt_der_task03_r025_global225_acc29.6.pth
2026-05-15 06:56:41,785 [INFO] 
--- Task 3, Round 26/80 (Global 226) ---
2026-05-15 06:56:41,800 [INFO] Edge 0: WTO is OFF, using all 20 clients.
2026-05-15 06:56:42,275 [INFO] Edge 0: [DER] Task 3 done. Backbones: 4 | Total features: 256 | Memory: 14989
2026-05-15 06:56:42,283 [INFO] Edge 1: WTO is OFF, using all 20 clients.
2026-05-15 06:56:42,600 [INFO] Edge 1: [DER] Task 3 done. Backbones: 4 | Total features: 256 | Memory: 14989
2026-05-15 06:56:42,607 [INFO] Edge 2: WTO is OFF, using all 20 clients.
2026-05-15 06:56:43,059 [INFO] Edge 2: [DER] Task 3 done. Backbones: 4 | Total features: 256 | Memory: 14989
2026-05-15 06:59:18,406 [INFO]   [Eval] Task 3, R 26: Acc: 31.13% | Prec-Mac: 53.39% | Rec-Mac: 51.81% | Mi-F1: 31.13% | Ma-F1: 32.78% | We-F1: 35.41% | Loss: 6.9172
2026-05-15 06:59:18,930 [INFO]   [CKPT] Saved: ckpt_der_task03_r026_global226_acc31.1.pth
2026-05-15 06:59:18,931 [INFO] 
--- Task 3, Round 27/80 (Global 227) ---
2026-05-15 06:59:18,948 [INFO] Edge 0: WTO is OFF, using all 20 clients.
2026-05-15 06:59:19,348 [INFO] Edge 0: [DER] Task 3 done. Backbones: 4 | Total features: 256 | Memory: 14989
2026-05-15 06:59:19,355 [INFO] Edge 1: WTO is OFF, using all 20 clients.
2026-05-15 06:59:19,809 [INFO] Edge 1: [DER] Task 3 done. Backbones: 4 | Total features: 256 | Memory: 14989
2026-05-15 06:59:19,818 [INFO] Edge 2: WTO is OFF, using all 20 clients.
2026-05-15 06:59:20,125 [INFO] Edge 2: [DER] Task 3 done. Backbones: 4 | Total features: 256 | Memory: 14989
2026-05-15 07:01:55,490 [INFO]   [Eval] Task 3, R 27: Acc: 28.54% | Prec-Mac: 53.46% | Rec-Mac: 49.04% | Mi-F1: 28.54% | Ma-F1: 30.48% | We-F1: 32.75% | Loss: 7.4830
2026-05-15 07:01:55,988 [INFO]   [CKPT] Saved: ckpt_der_task03_r027_global227_acc28.5.pth
2026-05-15 07:01:55,988 [INFO] 
--- Task 3, Round 28/80 (Global 228) ---
2026-05-15 07:01:56,004 [INFO] Edge 0: WTO is OFF, using all 20 clients.
2026-05-15 07:01:56,364 [INFO] Edge 0: [DER] Task 3 done. Backbones: 4 | Total features: 256 | Memory: 14989
2026-05-15 07:01:56,371 [INFO] Edge 1: WTO is OFF, using all 20 clients.
2026-05-15 07:01:56,812 [INFO] Edge 1: [DER] Task 3 done. Backbones: 4 | Total features: 256 | Memory: 14989
2026-05-15 07:01:56,819 [INFO] Edge 2: WTO is OFF, using all 20 clients.
2026-05-15 07:01:57,127 [INFO] Edge 2: [DER] Task 3 done. Backbones: 4 | Total features: 256 | Memory: 14989
2026-05-15 07:04:30,474 [INFO]   [Eval] Task 3, R 28: Acc: 29.00% | Prec-Mac: 52.36% | Rec-Mac: 50.44% | Mi-F1: 29.00% | Ma-F1: 31.26% | We-F1: 33.27% | Loss: 7.0677
2026-05-15 07:04:30,984 [INFO]   [CKPT] Saved: ckpt_der_task03_r028_global228_acc29.0.pth
2026-05-15 07:04:30,984 [INFO] 
--- Task 3, Round 29/80 (Global 229) ---
2026-05-15 07:04:31,000 [INFO] Edge 0: WTO is OFF, using all 20 clients.
2026-05-15 07:04:31,464 [INFO] Edge 0: [DER] Task 3 done. Backbones: 4 | Total features: 256 | Memory: 14989
2026-05-15 07:04:31,472 [INFO] Edge 1: WTO is OFF, using all 20 clients.
2026-05-15 07:04:31,779 [INFO] Edge 1: [DER] Task 3 done. Backbones: 4 | Total features: 256 | Memory: 14989
2026-05-15 07:04:31,786 [INFO] Edge 2: WTO is OFF, using all 20 clients.
2026-05-15 07:04:32,222 [INFO] Edge 2: [DER] Task 3 done. Backbones: 4 | Total features: 256 | Memory: 14989
2026-05-15 07:07:05,068 [INFO]   [Eval] Task 3, R 29: Acc: 29.22% | Prec-Mac: 52.58% | Rec-Mac: 50.46% | Mi-F1: 29.22% | Ma-F1: 31.49% | We-F1: 33.49% | Loss: 7.1508
2026-05-15 07:07:05,610 [INFO]   [CKPT] Saved: ckpt_der_task03_r029_global229_acc29.2.pth
2026-05-15 07:07:05,610 [INFO] 
--- Task 3, Round 30/80 (Global 230) ---
2026-05-15 07:07:05,626 [INFO] Edge 0: WTO is OFF, using all 20 clients.
2026-05-15 07:07:06,150 [INFO] Edge 0: [DER] Task 3 done. Backbones: 4 | Total features: 256 | Memory: 14989
2026-05-15 07:07:06,157 [INFO] Edge 1: WTO is OFF, using all 20 clients.
2026-05-15 07:07:06,464 [INFO] Edge 1: [DER] Task 3 done. Backbones: 4 | Total features: 256 | Memory: 14989
2026-05-15 07:07:06,472 [INFO] Edge 2: WTO is OFF, using all 20 clients.
2026-05-15 07:07:06,907 [INFO] Edge 2: [DER] Task 3 done. Backbones: 4 | Total features: 256 | Memory: 14989
2026-05-15 07:09:39,709 [INFO]   [Eval] Task 3, R 30: Acc: 31.41% | Prec-Mac: 53.18% | Rec-Mac: 52.11% | Mi-F1: 31.41% | Ma-F1: 32.80% | We-F1: 35.56% | Loss: 7.0452
2026-05-15 07:09:40,430 [INFO]   [CKPT] Saved: ckpt_der_task03_r030_global230_acc31.4.pth
2026-05-15 07:09:40,430 [INFO] 
--- Task 3, Round 31/80 (Global 231) ---
2026-05-15 07:09:40,445 [INFO] Edge 0: WTO is OFF, using all 20 clients.
2026-05-15 07:09:40,811 [INFO] Edge 0: [DER] Task 3 done. Backbones: 4 | Total features: 256 | Memory: 14989
2026-05-15 07:09:40,818 [INFO] Edge 1: WTO is OFF, using all 20 clients.
2026-05-15 07:09:41,274 [INFO] Edge 1: [DER] Task 3 done. Backbones: 4 | Total features: 256 | Memory: 14989
2026-05-15 07:09:41,282 [INFO] Edge 2: WTO is OFF, using all 20 clients.
2026-05-15 07:09:41,586 [INFO] Edge 2: [DER] Task 3 done. Backbones: 4 | Total features: 256 | Memory: 14989
2026-05-15 07:12:14,210 [INFO]   [Eval] Task 3, R 31: Acc: 28.86% | Prec-Mac: 52.31% | Rec-Mac: 50.22% | Mi-F1: 28.86% | Ma-F1: 31.12% | We-F1: 32.95% | Loss: 7.3291
2026-05-15 07:12:14,725 [INFO]   [CKPT] Saved: ckpt_der_task03_r031_global231_acc28.9.pth
2026-05-15 07:12:14,725 [INFO] 
--- Task 3, Round 32/80 (Global 232) ---
2026-05-15 07:12:14,749 [INFO] Edge 0: WTO is OFF, using all 20 clients.
2026-05-15 07:12:15,134 [INFO] Edge 0: [DER] Task 3 done. Backbones: 4 | Total features: 256 | Memory: 14989
2026-05-15 07:12:15,141 [INFO] Edge 1: WTO is OFF, using all 20 clients.
2026-05-15 07:12:15,587 [INFO] Edge 1: [DER] Task 3 done. Backbones: 4 | Total features: 256 | Memory: 14989
2026-05-15 07:12:15,594 [INFO] Edge 2: WTO is OFF, using all 20 clients.
2026-05-15 07:12:15,906 [INFO] Edge 2: [DER] Task 3 done. Backbones: 4 | Total features: 256 | Memory: 14989
2026-05-15 07:14:49,396 [INFO]   [Eval] Task 3, R 32: Acc: 28.93% | Prec-Mac: 52.34% | Rec-Mac: 50.00% | Mi-F1: 28.93% | Ma-F1: 30.96% | We-F1: 32.98% | Loss: 7.4355
2026-05-15 07:14:49,921 [INFO]   [CKPT] Saved: ckpt_der_task03_r032_global232_acc28.9.pth
2026-05-15 07:14:49,921 [INFO] 
--- Task 3, Round 33/80 (Global 233) ---
2026-05-15 07:14:49,938 [INFO] Edge 0: WTO is OFF, using all 20 clients.
2026-05-15 07:14:50,421 [INFO] Edge 0: [DER] Task 3 done. Backbones: 4 | Total features: 256 | Memory: 14989
2026-05-15 07:14:50,430 [INFO] Edge 1: WTO is OFF, using all 20 clients.
2026-05-15 07:14:50,743 [INFO] Edge 1: [DER] Task 3 done. Backbones: 4 | Total features: 256 | Memory: 14989
2026-05-15 07:14:50,751 [INFO] Edge 2: WTO is OFF, using all 20 clients.
2026-05-15 07:14:51,061 [INFO] Edge 2: [DER] Task 3 done. Backbones: 4 | Total features: 256 | Memory: 14989
2026-05-15 07:17:26,103 [INFO]   [Eval] Task 3, R 33: Acc: 31.90% | Prec-Mac: 53.43% | Rec-Mac: 52.14% | Mi-F1: 31.90% | Ma-F1: 33.07% | We-F1: 36.38% | Loss: 6.9707
2026-05-15 07:17:26,620 [INFO]   [CKPT] Saved: ckpt_der_task03_r033_global233_acc31.9.pth
2026-05-15 07:17:26,621 [INFO] 
--- Task 3, Round 34/80 (Global 234) ---
2026-05-15 07:17:26,636 [INFO] Edge 0: WTO is OFF, using all 20 clients.
2026-05-15 07:17:27,125 [INFO] Edge 0: [DER] Task 3 done. Backbones: 4 | Total features: 256 | Memory: 14989
2026-05-15 07:17:27,133 [INFO] Edge 1: WTO is OFF, using all 20 clients.
2026-05-15 07:17:27,441 [INFO] Edge 1: [DER] Task 3 done. Backbones: 4 | Total features: 256 | Memory: 14989
2026-05-15 07:17:27,448 [INFO] Edge 2: WTO is OFF, using all 20 clients.
2026-05-15 07:17:27,912 [INFO] Edge 2: [DER] Task 3 done. Backbones: 4 | Total features: 256 | Memory: 14989
2026-05-15 07:20:02,678 [INFO]   [Eval] Task 3, R 34: Acc: 29.67% | Prec-Mac: 53.11% | Rec-Mac: 50.87% | Mi-F1: 29.67% | Ma-F1: 31.98% | We-F1: 33.96% | Loss: 7.2200
2026-05-15 07:20:03,197 [INFO]   [CKPT] Saved: ckpt_der_task03_r034_global234_acc29.7.pth
2026-05-15 07:20:03,197 [INFO] 
--- Task 3, Round 35/80 (Global 235) ---
2026-05-15 07:20:03,212 [INFO] Edge 0: WTO is OFF, using all 20 clients.
2026-05-15 07:20:03,592 [INFO] Edge 0: [DER] Task 3 done. Backbones: 4 | Total features: 256 | Memory: 14989
2026-05-15 07:20:03,600 [INFO] Edge 1: WTO is OFF, using all 20 clients.
2026-05-15 07:20:04,059 [INFO] Edge 1: [DER] Task 3 done. Backbones: 4 | Total features: 256 | Memory: 14989
2026-05-15 07:20:04,066 [INFO] Edge 2: WTO is OFF, using all 20 clients.
2026-05-15 07:20:04,378 [INFO] Edge 2: [DER] Task 3 done. Backbones: 4 | Total features: 256 | Memory: 14989
2026-05-15 07:22:38,875 [INFO]   [Eval] Task 3, R 35: Acc: 30.42% | Prec-Mac: 52.30% | Rec-Mac: 50.86% | Mi-F1: 30.42% | Ma-F1: 31.50% | We-F1: 34.21% | Loss: 7.3693
2026-05-15 07:22:39,385 [INFO]   [CKPT] Saved: ckpt_der_task03_r035_global235_acc30.4.pth
2026-05-15 07:22:39,385 [INFO] 
--- Task 3, Round 36/80 (Global 236) ---
2026-05-15 07:22:39,401 [INFO] Edge 0: WTO is OFF, using all 20 clients.
2026-05-15 07:22:39,747 [INFO] Edge 0: [DER] Task 3 done. Backbones: 4 | Total features: 256 | Memory: 14989
2026-05-15 07:22:39,754 [INFO] Edge 1: WTO is OFF, using all 20 clients.
2026-05-15 07:22:40,218 [INFO] Edge 1: [DER] Task 3 done. Backbones: 4 | Total features: 256 | Memory: 14989
2026-05-15 07:22:40,225 [INFO] Edge 2: WTO is OFF, using all 20 clients.
2026-05-15 07:22:40,673 [INFO] Edge 2: [DER] Task 3 done. Backbones: 4 | Total features: 256 | Memory: 14989
2026-05-15 07:25:13,444 [INFO]   [Eval] Task 3, R 36: Acc: 30.21% | Prec-Mac: 51.49% | Rec-Mac: 50.71% | Mi-F1: 30.21% | Ma-F1: 31.63% | We-F1: 34.02% | Loss: 7.3899
2026-05-15 07:25:13,944 [INFO]   [CKPT] Saved: ckpt_der_task03_r036_global236_acc30.2.pth
2026-05-15 07:25:13,944 [INFO] 
--- Task 3, Round 37/80 (Global 237) ---
2026-05-15 07:25:13,961 [INFO] Edge 0: WTO is OFF, using all 20 clients.
2026-05-15 07:25:14,493 [INFO] Edge 0: [DER] Task 3 done. Backbones: 4 | Total features: 256 | Memory: 14989
2026-05-15 07:25:14,501 [INFO] Edge 1: WTO is OFF, using all 20 clients.
2026-05-15 07:25:14,809 [INFO] Edge 1: [DER] Task 3 done. Backbones: 4 | Total features: 256 | Memory: 14989
2026-05-15 07:25:14,818 [INFO] Edge 2: WTO is OFF, using all 20 clients.
2026-05-15 07:25:15,253 [INFO] Edge 2: [DER] Task 3 done. Backbones: 4 | Total features: 256 | Memory: 14989
2026-05-15 07:27:48,664 [INFO]   [Eval] Task 3, R 37: Acc: 28.92% | Prec-Mac: 52.30% | Rec-Mac: 49.61% | Mi-F1: 28.92% | Ma-F1: 30.30% | We-F1: 32.68% | Loss: 7.7986
2026-05-15 07:27:49,173 [INFO]   [CKPT] Saved: ckpt_der_task03_r037_global237_acc28.9.pth
2026-05-15 07:27:49,173 [INFO] 
--- Task 3, Round 38/80 (Global 238) ---
2026-05-15 07:27:49,189 [INFO] Edge 0: WTO is OFF, using all 20 clients.
2026-05-15 07:27:49,560 [INFO] Edge 0: [DER] Task 3 done. Backbones: 4 | Total features: 256 | Memory: 14989
2026-05-15 07:27:49,567 [INFO] Edge 1: WTO is OFF, using all 20 clients.
2026-05-15 07:27:49,876 [INFO] Edge 1: [DER] Task 3 done. Backbones: 4 | Total features: 256 | Memory: 14989
2026-05-15 07:27:49,883 [INFO] Edge 2: WTO is OFF, using all 20 clients.
2026-05-15 07:27:50,350 [INFO] Edge 2: [DER] Task 3 done. Backbones: 4 | Total features: 256 | Memory: 14989
2026-05-15 07:30:24,723 [INFO]   [Eval] Task 3, R 38: Acc: 29.38% | Prec-Mac: 52.97% | Rec-Mac: 49.28% | Mi-F1: 29.38% | Ma-F1: 30.87% | We-F1: 33.50% | Loss: 7.6644
2026-05-15 07:30:25,236 [INFO]   [CKPT] Saved: ckpt_der_task03_r038_global238_acc29.4.pth
2026-05-15 07:30:25,236 [INFO] 
--- Task 3, Round 39/80 (Global 239) ---
2026-05-15 07:30:25,251 [INFO] Edge 0: WTO is OFF, using all 20 clients.
2026-05-15 07:30:25,600 [INFO] Edge 0: [DER] Task 3 done. Backbones: 4 | Total features: 256 | Memory: 14989
2026-05-15 07:30:25,607 [INFO] Edge 1: WTO is OFF, using all 20 clients.
2026-05-15 07:30:26,051 [INFO] Edge 1: [DER] Task 3 done. Backbones: 4 | Total features: 256 | Memory: 14989
2026-05-15 07:30:26,058 [INFO] Edge 2: WTO is OFF, using all 20 clients.
2026-05-15 07:30:26,372 [INFO] Edge 2: [DER] Task 3 done. Backbones: 4 | Total features: 256 | Memory: 14989
2026-05-15 07:33:02,177 [INFO]   [Eval] Task 3, R 39: Acc: 31.38% | Prec-Mac: 52.47% | Rec-Mac: 51.54% | Mi-F1: 31.38% | Ma-F1: 32.36% | We-F1: 35.46% | Loss: 7.1475
2026-05-15 07:33:02,694 [INFO]   [CKPT] Saved: ckpt_der_task03_r039_global239_acc31.4.pth
2026-05-15 07:33:02,694 [INFO] 
--- Task 3, Round 40/80 (Global 240) ---
2026-05-15 07:33:02,710 [INFO] Edge 0: WTO is OFF, using all 20 clients.
2026-05-15 07:33:03,061 [INFO] Edge 0: [DER] Task 3 done. Backbones: 4 | Total features: 256 | Memory: 14989
2026-05-15 07:33:03,072 [INFO] Edge 1: WTO is OFF, using all 20 clients.
2026-05-15 07:33:03,511 [INFO] Edge 1: [DER] Task 3 done. Backbones: 4 | Total features: 256 | Memory: 14989
2026-05-15 07:33:03,519 [INFO] Edge 2: WTO is OFF, using all 20 clients.
2026-05-15 07:33:03,828 [INFO] Edge 2: [DER] Task 3 done. Backbones: 4 | Total features: 256 | Memory: 14989
2026-05-15 07:35:41,557 [INFO]   [Eval] Task 3, R 40: Acc: 32.67% | Prec-Mac: 52.57% | Rec-Mac: 52.35% | Mi-F1: 32.67% | Ma-F1: 33.32% | We-F1: 37.13% | Loss: 6.8806
2026-05-15 07:35:42,068 [INFO]   [CKPT] Saved: ckpt_der_task03_r040_global240_acc32.7.pth
2026-05-15 07:35:42,068 [INFO] 
--- Task 3, Round 41/80 (Global 241) ---
2026-05-15 07:35:42,069 [INFO]    [LR DECAY] Round 40 reached milestone: New LR = 0.002
2026-05-15 07:35:42,084 [INFO] Edge 0: WTO is OFF, using all 20 clients.
2026-05-15 07:35:42,458 [INFO] Edge 0: [DER] Task 3 done. Backbones: 4 | Total features: 256 | Memory: 14989
2026-05-15 07:35:42,466 [INFO] Edge 1: WTO is OFF, using all 20 clients.
2026-05-15 07:35:42,905 [INFO] Edge 1: [DER] Task 3 done. Backbones: 4 | Total features: 256 | Memory: 14989
2026-05-15 07:35:42,912 [INFO] Edge 2: WTO is OFF, using all 20 clients.
2026-05-15 07:35:43,220 [INFO] Edge 2: [DER] Task 3 done. Backbones: 4 | Total features: 256 | Memory: 14989
2026-05-15 07:38:17,983 [INFO]   [Eval] Task 3, R 41: Acc: 31.36% | Prec-Mac: 52.64% | Rec-Mac: 51.71% | Mi-F1: 31.36% | Ma-F1: 32.58% | We-F1: 35.44% | Loss: 7.1147
2026-05-15 07:38:18,509 [INFO]   [CKPT] Saved: ckpt_der_task03_r041_global241_acc31.4.pth
2026-05-15 07:38:18,509 [INFO] 
--- Task 3, Round 42/80 (Global 242) ---
2026-05-15 07:38:18,525 [INFO] Edge 0: WTO is OFF, using all 20 clients.
2026-05-15 07:38:18,875 [INFO] Edge 0: [DER] Task 3 done. Backbones: 4 | Total features: 256 | Memory: 14989
2026-05-15 07:38:18,883 [INFO] Edge 1: WTO is OFF, using all 20 clients.
2026-05-15 07:38:19,343 [INFO] Edge 1: [DER] Task 3 done. Backbones: 4 | Total features: 256 | Memory: 14989
2026-05-15 07:38:19,351 [INFO] Edge 2: WTO is OFF, using all 20 clients.
2026-05-15 07:38:19,659 [INFO] Edge 2: [DER] Task 3 done. Backbones: 4 | Total features: 256 | Memory: 14989
2026-05-15 07:40:55,634 [INFO]   [Eval] Task 3, R 42: Acc: 31.54% | Prec-Mac: 52.23% | Rec-Mac: 51.84% | Mi-F1: 31.54% | Ma-F1: 32.62% | We-F1: 35.75% | Loss: 7.1219
2026-05-15 07:40:56,146 [INFO]   [CKPT] Saved: ckpt_der_task03_r042_global242_acc31.5.pth
2026-05-15 07:40:56,146 [INFO] 
--- Task 3, Round 43/80 (Global 243) ---
2026-05-15 07:40:56,162 [INFO] Edge 0: WTO is OFF, using all 20 clients.
2026-05-15 07:40:56,518 [INFO] Edge 0: [DER] Task 3 done. Backbones: 4 | Total features: 256 | Memory: 14989
2026-05-15 07:40:56,525 [INFO] Edge 1: WTO is OFF, using all 20 clients.
2026-05-15 07:40:56,993 [INFO] Edge 1: [DER] Task 3 done. Backbones: 4 | Total features: 256 | Memory: 14989
2026-05-15 07:40:57,000 [INFO] Edge 2: WTO is OFF, using all 20 clients.
2026-05-15 07:40:57,304 [INFO] Edge 2: [DER] Task 3 done. Backbones: 4 | Total features: 256 | Memory: 14989
2026-05-15 07:43:31,347 [INFO]   [Eval] Task 3, R 43: Acc: 31.38% | Prec-Mac: 52.42% | Rec-Mac: 51.66% | Mi-F1: 31.38% | Ma-F1: 32.53% | We-F1: 35.48% | Loss: 7.1197
2026-05-15 07:43:31,859 [INFO]   [CKPT] Saved: ckpt_der_task03_r043_global243_acc31.4.pth
2026-05-15 07:43:31,859 [INFO] 
--- Task 3, Round 44/80 (Global 244) ---
2026-05-15 07:43:31,875 [INFO] Edge 0: WTO is OFF, using all 20 clients.
2026-05-15 07:43:32,357 [INFO] Edge 0: [DER] Task 3 done. Backbones: 4 | Total features: 256 | Memory: 14989
2026-05-15 07:43:32,365 [INFO] Edge 1: WTO is OFF, using all 20 clients.
2026-05-15 07:43:32,675 [INFO] Edge 1: [DER] Task 3 done. Backbones: 4 | Total features: 256 | Memory: 14989
2026-05-15 07:43:32,683 [INFO] Edge 2: WTO is OFF, using all 20 clients.
2026-05-15 07:43:32,991 [INFO] Edge 2: [DER] Task 3 done. Backbones: 4 | Total features: 256 | Memory: 14989
2026-05-15 07:46:06,515 [INFO]   [Eval] Task 3, R 44: Acc: 32.23% | Prec-Mac: 52.06% | Rec-Mac: 52.22% | Mi-F1: 32.23% | Ma-F1: 32.86% | We-F1: 36.56% | Loss: 6.9340
2026-05-15 07:46:07,026 [INFO]   [CKPT] Saved: ckpt_der_task03_r044_global244_acc32.2.pth
2026-05-15 07:46:07,026 [INFO] 
--- Task 3, Round 45/80 (Global 245) ---
2026-05-15 07:46:07,041 [INFO] Edge 0: WTO is OFF, using all 20 clients.
2026-05-15 07:46:07,529 [INFO] Edge 0: [DER] Task 3 done. Backbones: 4 | Total features: 256 | Memory: 14989
2026-05-15 07:46:07,536 [INFO] Edge 1: WTO is OFF, using all 20 clients.
2026-05-15 07:46:07,850 [INFO] Edge 1: [DER] Task 3 done. Backbones: 4 | Total features: 256 | Memory: 14989
2026-05-15 07:46:07,857 [INFO] Edge 2: WTO is OFF, using all 20 clients.
2026-05-15 07:46:08,164 [INFO] Edge 2: [DER] Task 3 done. Backbones: 4 | Total features: 256 | Memory: 14989
2026-05-15 07:48:41,190 [INFO]   [Eval] Task 3, R 45: Acc: 33.32% | Prec-Mac: 51.63% | Rec-Mac: 52.74% | Mi-F1: 33.32% | Ma-F1: 33.45% | We-F1: 38.16% | Loss: 6.7760
2026-05-15 07:48:41,694 [INFO]   [CKPT] Saved: ckpt_der_task03_r045_global245_acc33.3.pth
2026-05-15 07:48:41,694 [INFO] 
--- Task 3, Round 46/80 (Global 246) ---
2026-05-15 07:48:41,709 [INFO] Edge 0: WTO is OFF, using all 20 clients.
2026-05-15 07:48:42,201 [INFO] Edge 0: [DER] Task 3 done. Backbones: 4 | Total features: 256 | Memory: 14989
2026-05-15 07:48:42,208 [INFO] Edge 1: WTO is OFF, using all 20 clients.
2026-05-15 07:48:42,532 [INFO] Edge 1: [DER] Task 3 done. Backbones: 4 | Total features: 256 | Memory: 14989
2026-05-15 07:48:42,539 [INFO] Edge 2: WTO is OFF, using all 20 clients.
2026-05-15 07:48:42,982 [INFO] Edge 2: [DER] Task 3 done. Backbones: 4 | Total features: 256 | Memory: 14989
2026-05-15 07:51:17,348 [INFO]   [Eval] Task 3, R 46: Acc: 34.77% | Prec-Mac: 51.88% | Rec-Mac: 53.37% | Mi-F1: 34.77% | Ma-F1: 34.16% | We-F1: 40.17% | Loss: 6.5403
2026-05-15 07:51:17,859 [INFO]   [CKPT] Saved: ckpt_der_task03_r046_global246_acc34.8.pth
2026-05-15 07:51:17,860 [INFO] 
--- Task 3, Round 47/80 (Global 247) ---
2026-05-15 07:51:17,875 [INFO] Edge 0: WTO is OFF, using all 20 clients.
2026-05-15 07:51:18,265 [INFO] Edge 0: [DER] Task 3 done. Backbones: 4 | Total features: 256 | Memory: 14989
2026-05-15 07:51:18,272 [INFO] Edge 1: WTO is OFF, using all 20 clients.
2026-05-15 07:51:18,709 [INFO] Edge 1: [DER] Task 3 done. Backbones: 4 | Total features: 256 | Memory: 14989
2026-05-15 07:51:18,716 [INFO] Edge 2: WTO is OFF, using all 20 clients.
2026-05-15 07:51:19,027 [INFO] Edge 2: [DER] Task 3 done. Backbones: 4 | Total features: 256 | Memory: 14989
2026-05-15 07:53:53,563 [INFO]   [Eval] Task 3, R 47: Acc: 32.77% | Prec-Mac: 51.96% | Rec-Mac: 52.50% | Mi-F1: 32.77% | Ma-F1: 33.21% | We-F1: 37.43% | Loss: 6.7268
2026-05-15 07:53:54,079 [INFO]   [CKPT] Saved: ckpt_der_task03_r047_global247_acc32.8.pth
2026-05-15 07:53:54,080 [INFO] 
--- Task 3, Round 48/80 (Global 248) ---
2026-05-15 07:53:54,095 [INFO] Edge 0: WTO is OFF, using all 20 clients.
2026-05-15 07:53:54,611 [INFO] Edge 0: [DER] Task 3 done. Backbones: 4 | Total features: 256 | Memory: 14989
2026-05-15 07:53:54,618 [INFO] Edge 1: WTO is OFF, using all 20 clients.
2026-05-15 07:53:54,928 [INFO] Edge 1: [DER] Task 3 done. Backbones: 4 | Total features: 256 | Memory: 14989
2026-05-15 07:53:54,936 [INFO] Edge 2: WTO is OFF, using all 20 clients.
2026-05-15 07:53:55,399 [INFO] Edge 2: [DER] Task 3 done. Backbones: 4 | Total features: 256 | Memory: 14989
2026-05-15 07:56:29,360 [INFO]   [Eval] Task 3, R 48: Acc: 30.96% | Prec-Mac: 52.49% | Rec-Mac: 51.53% | Mi-F1: 30.96% | Ma-F1: 32.17% | We-F1: 34.75% | Loss: 7.1846
2026-05-15 07:56:29,871 [INFO]   [CKPT] Saved: ckpt_der_task03_r048_global248_acc31.0.pth
2026-05-15 07:56:29,871 [INFO] 
--- Task 3, Round 49/80 (Global 249) ---
2026-05-15 07:56:29,887 [INFO] Edge 0: WTO is OFF, using all 20 clients.
2026-05-15 07:56:30,350 [INFO] Edge 0: [DER] Task 3 done. Backbones: 4 | Total features: 256 | Memory: 14989
2026-05-15 07:56:30,357 [INFO] Edge 1: WTO is OFF, using all 20 clients.
2026-05-15 07:56:30,674 [INFO] Edge 1: [DER] Task 3 done. Backbones: 4 | Total features: 256 | Memory: 14989
2026-05-15 07:56:30,681 [INFO] Edge 2: WTO is OFF, using all 20 clients.
2026-05-15 07:56:31,140 [INFO] Edge 2: [DER] Task 3 done. Backbones: 4 | Total features: 256 | Memory: 14989
2026-05-15 07:59:05,465 [INFO]   [Eval] Task 3, R 49: Acc: 29.41% | Prec-Mac: 52.21% | Rec-Mac: 50.12% | Mi-F1: 29.41% | Ma-F1: 31.20% | We-F1: 33.48% | Loss: 7.2419
2026-05-15 07:59:05,970 [INFO]   [CKPT] Saved: ckpt_der_task03_r049_global249_acc29.4.pth
2026-05-15 07:59:05,971 [INFO] 
--- Task 3, Round 50/80 (Global 250) ---
2026-05-15 07:59:05,988 [INFO] Edge 0: WTO is OFF, using all 20 clients.
2026-05-15 07:59:06,482 [INFO] Edge 0: [DER] Task 3 done. Backbones: 4 | Total features: 256 | Memory: 14989
2026-05-15 07:59:06,490 [INFO] Edge 1: WTO is OFF, using all 20 clients.
2026-05-15 07:59:06,801 [INFO] Edge 1: [DER] Task 3 done. Backbones: 4 | Total features: 256 | Memory: 14989
2026-05-15 07:59:06,808 [INFO] Edge 2: WTO is OFF, using all 20 clients.
2026-05-15 07:59:07,260 [INFO] Edge 2: [DER] Task 3 done. Backbones: 4 | Total features: 256 | Memory: 14989
2026-05-15 08:01:41,688 [INFO]   [Eval] Task 3, R 50: Acc: 31.13% | Prec-Mac: 52.24% | Rec-Mac: 51.60% | Mi-F1: 31.13% | Ma-F1: 32.25% | We-F1: 34.98% | Loss: 7.2272
2026-05-15 08:01:42,194 [INFO]   [CKPT] Saved: ckpt_der_task03_r050_global250_acc31.1.pth
2026-05-15 08:01:42,194 [INFO] 
--- Task 3, Round 51/80 (Global 251) ---
2026-05-15 08:01:42,211 [INFO] Edge 0: WTO is OFF, using all 20 clients.
2026-05-15 08:01:42,702 [INFO] Edge 0: [DER] Task 3 done. Backbones: 4 | Total features: 256 | Memory: 14989
2026-05-15 08:01:42,710 [INFO] Edge 1: WTO is OFF, using all 20 clients.
2026-05-15 08:01:43,021 [INFO] Edge 1: [DER] Task 3 done. Backbones: 4 | Total features: 256 | Memory: 14989
2026-05-15 08:01:43,028 [INFO] Edge 2: WTO is OFF, using all 20 clients.
2026-05-15 08:01:43,484 [INFO] Edge 2: [DER] Task 3 done. Backbones: 4 | Total features: 256 | Memory: 14989
2026-05-15 08:04:17,272 [INFO]   [Eval] Task 3, R 51: Acc: 30.08% | Prec-Mac: 52.63% | Rec-Mac: 50.83% | Mi-F1: 30.08% | Ma-F1: 31.86% | We-F1: 34.29% | Loss: 7.1817
2026-05-15 08:04:17,775 [INFO]   [CKPT] Saved: ckpt_der_task03_r051_global251_acc30.1.pth
2026-05-15 08:04:17,776 [INFO] 
--- Task 3, Round 52/80 (Global 252) ---
2026-05-15 08:04:17,791 [INFO] Edge 0: WTO is OFF, using all 20 clients.
2026-05-15 08:04:18,135 [INFO] Edge 0: [DER] Task 3 done. Backbones: 4 | Total features: 256 | Memory: 14989
2026-05-15 08:04:18,143 [INFO] Edge 1: WTO is OFF, using all 20 clients.
2026-05-15 08:04:18,593 [INFO] Edge 1: [DER] Task 3 done. Backbones: 4 | Total features: 256 | Memory: 14989
2026-05-15 08:04:18,601 [INFO] Edge 2: WTO is OFF, using all 20 clients.
2026-05-15 08:04:18,912 [INFO] Edge 2: [DER] Task 3 done. Backbones: 4 | Total features: 256 | Memory: 14989
2026-05-15 08:06:53,772 [INFO]   [Eval] Task 3, R 52: Acc: 32.05% | Prec-Mac: 52.10% | Rec-Mac: 52.14% | Mi-F1: 32.05% | Ma-F1: 32.76% | We-F1: 36.28% | Loss: 7.0051
2026-05-15 08:06:54,285 [INFO]   [CKPT] Saved: ckpt_der_task03_r052_global252_acc32.0.pth
2026-05-15 08:06:54,285 [INFO] 
--- Task 3, Round 53/80 (Global 253) ---
2026-05-15 08:06:54,301 [INFO] Edge 0: WTO is OFF, using all 20 clients.
2026-05-15 08:06:54,655 [INFO] Edge 0: [DER] Task 3 done. Backbones: 4 | Total features: 256 | Memory: 14989
2026-05-15 08:06:54,662 [INFO] Edge 1: WTO is OFF, using all 20 clients.
2026-05-15 08:06:55,123 [INFO] Edge 1: [DER] Task 3 done. Backbones: 4 | Total features: 256 | Memory: 14989
2026-05-15 08:06:55,130 [INFO] Edge 2: WTO is OFF, using all 20 clients.
2026-05-15 08:06:55,435 [INFO] Edge 2: [DER] Task 3 done. Backbones: 4 | Total features: 256 | Memory: 14989
2026-05-15 08:09:30,079 [INFO]   [Eval] Task 3, R 53: Acc: 31.06% | Prec-Mac: 52.03% | Rec-Mac: 51.51% | Mi-F1: 31.06% | Ma-F1: 32.26% | We-F1: 35.15% | Loss: 7.2131
2026-05-15 08:09:30,580 [INFO]   [CKPT] Saved: ckpt_der_task03_r053_global253_acc31.1.pth
2026-05-15 08:09:30,580 [INFO] 
--- Task 3, Round 54/80 (Global 254) ---
2026-05-15 08:09:30,596 [INFO] Edge 0: WTO is OFF, using all 20 clients.
2026-05-15 08:09:31,091 [INFO] Edge 0: [DER] Task 3 done. Backbones: 4 | Total features: 256 | Memory: 14989
2026-05-15 08:09:31,098 [INFO] Edge 1: WTO is OFF, using all 20 clients.
2026-05-15 08:09:31,412 [INFO] Edge 1: [DER] Task 3 done. Backbones: 4 | Total features: 256 | Memory: 14989
2026-05-15 08:09:31,419 [INFO] Edge 2: WTO is OFF, using all 20 clients.
2026-05-15 08:09:31,874 [INFO] Edge 2: [DER] Task 3 done. Backbones: 4 | Total features: 256 | Memory: 14989
2026-05-15 08:12:07,915 [INFO]   [Eval] Task 3, R 54: Acc: 31.78% | Prec-Mac: 51.89% | Rec-Mac: 51.97% | Mi-F1: 31.78% | Ma-F1: 32.63% | We-F1: 35.90% | Loss: 7.1676
2026-05-15 08:12:08,431 [INFO]   [CKPT] Saved: ckpt_der_task03_r054_global254_acc31.8.pth
2026-05-15 08:12:08,432 [INFO] 
--- Task 3, Round 55/80 (Global 255) ---
2026-05-15 08:12:08,447 [INFO] Edge 0: WTO is OFF, using all 20 clients.
2026-05-15 08:12:08,971 [INFO] Edge 0: [DER] Task 3 done. Backbones: 4 | Total features: 256 | Memory: 14989
2026-05-15 08:12:08,979 [INFO] Edge 1: WTO is OFF, using all 20 clients.
2026-05-15 08:12:09,283 [INFO] Edge 1: [DER] Task 3 done. Backbones: 4 | Total features: 256 | Memory: 14989
2026-05-15 08:12:09,291 [INFO] Edge 2: WTO is OFF, using all 20 clients.
2026-05-15 08:12:09,738 [INFO] Edge 2: [DER] Task 3 done. Backbones: 4 | Total features: 256 | Memory: 14989
2026-05-15 08:14:45,209 [INFO]   [Eval] Task 3, R 55: Acc: 32.66% | Prec-Mac: 52.00% | Rec-Mac: 52.58% | Mi-F1: 32.66% | Ma-F1: 33.22% | We-F1: 37.30% | Loss: 6.9283
2026-05-15 08:14:45,891 [INFO]   [CKPT] Saved: ckpt_der_task03_r055_global255_acc32.7.pth
2026-05-15 08:14:45,891 [INFO] 
--- Task 3, Round 56/80 (Global 256) ---
2026-05-15 08:14:45,906 [INFO] Edge 0: WTO is OFF, using all 20 clients.
2026-05-15 08:14:46,258 [INFO] Edge 0: [DER] Task 3 done. Backbones: 4 | Total features: 256 | Memory: 14989
2026-05-15 08:14:46,265 [INFO] Edge 1: WTO is OFF, using all 20 clients.
2026-05-15 08:14:46,706 [INFO] Edge 1: [DER] Task 3 done. Backbones: 4 | Total features: 256 | Memory: 14989
2026-05-15 08:14:46,713 [INFO] Edge 2: WTO is OFF, using all 20 clients.
2026-05-15 08:14:47,023 [INFO] Edge 2: [DER] Task 3 done. Backbones: 4 | Total features: 256 | Memory: 14989
2026-05-15 08:17:22,292 [INFO]   [Eval] Task 3, R 56: Acc: 30.74% | Prec-Mac: 52.45% | Rec-Mac: 51.22% | Mi-F1: 30.74% | Ma-F1: 31.96% | We-F1: 34.56% | Loss: 7.3408
2026-05-15 08:17:22,802 [INFO]   [CKPT] Saved: ckpt_der_task03_r056_global256_acc30.7.pth
2026-05-15 08:17:22,802 [INFO] 
--- Task 3, Round 57/80 (Global 257) ---
2026-05-15 08:17:22,817 [INFO] Edge 0: WTO is OFF, using all 20 clients.
2026-05-15 08:17:23,170 [INFO] Edge 0: [DER] Task 3 done. Backbones: 4 | Total features: 256 | Memory: 14989
2026-05-15 08:17:23,178 [INFO] Edge 1: WTO is OFF, using all 20 clients.
2026-05-15 08:17:23,643 [INFO] Edge 1: [DER] Task 3 done. Backbones: 4 | Total features: 256 | Memory: 14989
2026-05-15 08:17:23,650 [INFO] Edge 2: WTO is OFF, using all 20 clients.
2026-05-15 08:17:23,961 [INFO] Edge 2: [DER] Task 3 done. Backbones: 4 | Total features: 256 | Memory: 14989
2026-05-15 08:19:59,518 [INFO]   [Eval] Task 3, R 57: Acc: 32.59% | Prec-Mac: 52.12% | Rec-Mac: 52.49% | Mi-F1: 32.59% | Ma-F1: 33.15% | We-F1: 37.22% | Loss: 6.8795
2026-05-15 08:20:00,040 [INFO]   [CKPT] Saved: ckpt_der_task03_r057_global257_acc32.6.pth
2026-05-15 08:20:00,040 [INFO] 
--- Task 3, Round 58/80 (Global 258) ---
2026-05-15 08:20:00,057 [INFO] Edge 0: WTO is OFF, using all 20 clients.
2026-05-15 08:20:00,560 [INFO] Edge 0: [DER] Task 3 done. Backbones: 4 | Total features: 256 | Memory: 14989
2026-05-15 08:20:00,567 [INFO] Edge 1: WTO is OFF, using all 20 clients.
2026-05-15 08:20:00,889 [INFO] Edge 1: [DER] Task 3 done. Backbones: 4 | Total features: 256 | Memory: 14989
2026-05-15 08:20:00,896 [INFO] Edge 2: WTO is OFF, using all 20 clients.
2026-05-15 08:20:01,214 [INFO] Edge 2: [DER] Task 3 done. Backbones: 4 | Total features: 256 | Memory: 14989
2026-05-15 08:22:37,350 [INFO]   [Eval] Task 3, R 58: Acc: 30.84% | Prec-Mac: 52.25% | Rec-Mac: 51.21% | Mi-F1: 30.84% | Ma-F1: 31.97% | We-F1: 34.68% | Loss: 7.2956
2026-05-15 08:22:37,872 [INFO]   [CKPT] Saved: ckpt_der_task03_r058_global258_acc30.8.pth
2026-05-15 08:22:37,872 [INFO] 
--- Task 3, Round 59/80 (Global 259) ---
2026-05-15 08:22:37,888 [INFO] Edge 0: WTO is OFF, using all 20 clients.
2026-05-15 08:22:38,382 [INFO] Edge 0: [DER] Task 3 done. Backbones: 4 | Total features: 256 | Memory: 14989
2026-05-15 08:22:38,390 [INFO] Edge 1: WTO is OFF, using all 20 clients.
2026-05-15 08:22:38,697 [INFO] Edge 1: [DER] Task 3 done. Backbones: 4 | Total features: 256 | Memory: 14989
2026-05-15 08:22:38,704 [INFO] Edge 2: WTO is OFF, using all 20 clients.
2026-05-15 08:22:39,147 [INFO] Edge 2: [DER] Task 3 done. Backbones: 4 | Total features: 256 | Memory: 14989
2026-05-15 08:25:14,339 [INFO]   [Eval] Task 3, R 59: Acc: 28.80% | Prec-Mac: 51.70% | Rec-Mac: 49.41% | Mi-F1: 28.80% | Ma-F1: 30.58% | We-F1: 32.96% | Loss: 7.5732
2026-05-15 08:25:14,873 [INFO]   [CKPT] Saved: ckpt_der_task03_r059_global259_acc28.8.pth
2026-05-15 08:25:14,874 [INFO] 
--- Task 3, Round 60/80 (Global 260) ---
2026-05-15 08:25:14,890 [INFO] Edge 0: WTO is OFF, using all 20 clients.
2026-05-15 08:25:15,238 [INFO] Edge 0: [DER] Task 3 done. Backbones: 4 | Total features: 256 | Memory: 14989
2026-05-15 08:25:15,246 [INFO] Edge 1: WTO is OFF, using all 20 clients.
2026-05-15 08:25:15,702 [INFO] Edge 1: [DER] Task 3 done. Backbones: 4 | Total features: 256 | Memory: 14989
2026-05-15 08:25:15,708 [INFO] Edge 2: WTO is OFF, using all 20 clients.
2026-05-15 08:25:16,016 [INFO] Edge 2: [DER] Task 3 done. Backbones: 4 | Total features: 256 | Memory: 14989
2026-05-15 08:27:49,764 [INFO]   [Eval] Task 3, R 60: Acc: 31.48% | Prec-Mac: 52.61% | Rec-Mac: 51.84% | Mi-F1: 31.48% | Ma-F1: 32.60% | We-F1: 35.63% | Loss: 7.2198
2026-05-15 08:27:50,277 [INFO]   [CKPT] Saved: ckpt_der_task03_r060_global260_acc31.5.pth
2026-05-15 08:27:50,277 [INFO] 
--- Task 3, Round 61/80 (Global 261) ---
2026-05-15 08:27:50,278 [INFO]    [LR DECAY] Round 60 reached milestone: New LR = 0.0002
2026-05-15 08:27:50,293 [INFO] Edge 0: WTO is OFF, using all 20 clients.
2026-05-15 08:27:50,657 [INFO] Edge 0: [DER] Task 3 done. Backbones: 4 | Total features: 256 | Memory: 14989
2026-05-15 08:27:50,664 [INFO] Edge 1: WTO is OFF, using all 20 clients.
2026-05-15 08:27:51,132 [INFO] Edge 1: [DER] Task 3 done. Backbones: 4 | Total features: 256 | Memory: 14989
2026-05-15 08:27:51,141 [INFO] Edge 2: WTO is OFF, using all 20 clients.
2026-05-15 08:27:51,579 [INFO] Edge 2: [DER] Task 3 done. Backbones: 4 | Total features: 256 | Memory: 14989
2026-05-15 08:30:25,764 [INFO]   [Eval] Task 3, R 61: Acc: 31.37% | Prec-Mac: 51.96% | Rec-Mac: 51.61% | Mi-F1: 31.37% | Ma-F1: 32.41% | We-F1: 35.58% | Loss: 7.1365
2026-05-15 08:30:26,289 [INFO]   [CKPT] Saved: ckpt_der_task03_r061_global261_acc31.4.pth
2026-05-15 08:30:26,289 [INFO] 
--- Task 3, Round 62/80 (Global 262) ---
2026-05-15 08:30:26,305 [INFO] Edge 0: WTO is OFF, using all 20 clients.
2026-05-15 08:30:26,812 [INFO] Edge 0: [DER] Task 3 done. Backbones: 4 | Total features: 256 | Memory: 14989
2026-05-15 08:30:26,820 [INFO] Edge 1: WTO is OFF, using all 20 clients.
2026-05-15 08:30:27,138 [INFO] Edge 1: [DER] Task 3 done. Backbones: 4 | Total features: 256 | Memory: 14989
2026-05-15 08:30:27,146 [INFO] Edge 2: WTO is OFF, using all 20 clients.
2026-05-15 08:30:27,605 [INFO] Edge 2: [DER] Task 3 done. Backbones: 4 | Total features: 256 | Memory: 14989
2026-05-15 08:33:03,314 [INFO]   [Eval] Task 3, R 62: Acc: 31.25% | Prec-Mac: 52.44% | Rec-Mac: 51.51% | Mi-F1: 31.25% | Ma-F1: 32.35% | We-F1: 35.39% | Loss: 7.1142
2026-05-15 08:33:03,813 [INFO]   [CKPT] Saved: ckpt_der_task03_r062_global262_acc31.3.pth
2026-05-15 08:33:03,813 [INFO] 
--- Task 3, Round 63/80 (Global 263) ---
2026-05-15 08:33:03,828 [INFO] Edge 0: WTO is OFF, using all 20 clients.
2026-05-15 08:33:04,211 [INFO] Edge 0: [DER] Task 3 done. Backbones: 4 | Total features: 256 | Memory: 14989
2026-05-15 08:33:04,219 [INFO] Edge 1: WTO is OFF, using all 20 clients.
2026-05-15 08:33:04,526 [INFO] Edge 1: [DER] Task 3 done. Backbones: 4 | Total features: 256 | Memory: 14989
2026-05-15 08:33:04,532 [INFO] Edge 2: WTO is OFF, using all 20 clients.
2026-05-15 08:33:05,001 [INFO] Edge 2: [DER] Task 3 done. Backbones: 4 | Total features: 256 | Memory: 14989
2026-05-15 08:35:39,385 [INFO]   [Eval] Task 3, R 63: Acc: 32.85% | Prec-Mac: 51.91% | Rec-Mac: 52.56% | Mi-F1: 32.85% | Ma-F1: 33.23% | We-F1: 37.51% | Loss: 6.8204
2026-05-15 08:35:39,898 [INFO]   [CKPT] Saved: ckpt_der_task03_r063_global263_acc32.8.pth
2026-05-15 08:35:39,898 [INFO] 
--- Task 3, Round 64/80 (Global 264) ---
2026-05-15 08:35:39,914 [INFO] Edge 0: WTO is OFF, using all 20 clients.
2026-05-15 08:35:40,299 [INFO] Edge 0: [DER] Task 3 done. Backbones: 4 | Total features: 256 | Memory: 14989
2026-05-15 08:35:40,306 [INFO] Edge 1: WTO is OFF, using all 20 clients.
2026-05-15 08:35:40,753 [INFO] Edge 1: [DER] Task 3 done. Backbones: 4 | Total features: 256 | Memory: 14989
2026-05-15 08:35:40,760 [INFO] Edge 2: WTO is OFF, using all 20 clients.
2026-05-15 08:35:41,067 [INFO] Edge 2: [DER] Task 3 done. Backbones: 4 | Total features: 256 | Memory: 14989
2026-05-15 08:38:16,171 [INFO]   [Eval] Task 3, R 64: Acc: 33.09% | Prec-Mac: 51.90% | Rec-Mac: 52.63% | Mi-F1: 33.09% | Ma-F1: 33.34% | We-F1: 37.86% | Loss: 6.7725
2026-05-15 08:38:16,676 [INFO]   [CKPT] Saved: ckpt_der_task03_r064_global264_acc33.1.pth
2026-05-15 08:38:16,677 [INFO] 
--- Task 3, Round 65/80 (Global 265) ---
2026-05-15 08:38:16,692 [INFO] Edge 0: WTO is OFF, using all 20 clients.
2026-05-15 08:38:17,045 [INFO] Edge 0: [DER] Task 3 done. Backbones: 4 | Total features: 256 | Memory: 14989
2026-05-15 08:38:17,052 [INFO] Edge 1: WTO is OFF, using all 20 clients.
2026-05-15 08:38:17,496 [INFO] Edge 1: [DER] Task 3 done. Backbones: 4 | Total features: 256 | Memory: 14989
2026-05-15 08:38:17,503 [INFO] Edge 2: WTO is OFF, using all 20 clients.
2026-05-15 08:38:17,811 [INFO] Edge 2: [DER] Task 3 done. Backbones: 4 | Total features: 256 | Memory: 14989
2026-05-15 08:40:52,295 [INFO]   [Eval] Task 3, R 65: Acc: 31.35% | Prec-Mac: 52.03% | Rec-Mac: 51.57% | Mi-F1: 31.35% | Ma-F1: 32.39% | We-F1: 35.50% | Loss: 7.0888
2026-05-15 08:40:52,795 [INFO]   [CKPT] Saved: ckpt_der_task03_r065_global265_acc31.4.pth
2026-05-15 08:40:52,795 [INFO] 
--- Task 3, Round 66/80 (Global 266) ---
2026-05-15 08:40:52,810 [INFO] Edge 0: WTO is OFF, using all 20 clients.
2026-05-15 08:40:53,157 [INFO] Edge 0: [DER] Task 3 done. Backbones: 4 | Total features: 256 | Memory: 14989
2026-05-15 08:40:53,164 [INFO] Edge 1: WTO is OFF, using all 20 clients.
2026-05-15 08:40:53,606 [INFO] Edge 1: [DER] Task 3 done. Backbones: 4 | Total features: 256 | Memory: 14989
2026-05-15 08:40:53,613 [INFO] Edge 2: WTO is OFF, using all 20 clients.
2026-05-15 08:40:53,921 [INFO] Edge 2: [DER] Task 3 done. Backbones: 4 | Total features: 256 | Memory: 14989
2026-05-15 08:43:29,147 [INFO]   [Eval] Task 3, R 66: Acc: 32.47% | Prec-Mac: 52.04% | Rec-Mac: 52.34% | Mi-F1: 32.47% | Ma-F1: 33.00% | We-F1: 36.94% | Loss: 6.8878
2026-05-15 08:43:29,671 [INFO]   [CKPT] Saved: ckpt_der_task03_r066_global266_acc32.5.pth
2026-05-15 08:43:29,672 [INFO] 
--- Task 3, Round 67/80 (Global 267) ---
2026-05-15 08:43:29,688 [INFO] Edge 0: WTO is OFF, using all 20 clients.
2026-05-15 08:43:30,036 [INFO] Edge 0: [DER] Task 3 done. Backbones: 4 | Total features: 256 | Memory: 14989
2026-05-15 08:43:30,043 [INFO] Edge 1: WTO is OFF, using all 20 clients.
2026-05-15 08:43:30,499 [INFO] Edge 1: [DER] Task 3 done. Backbones: 4 | Total features: 256 | Memory: 14989
2026-05-15 08:43:30,506 [INFO] Edge 2: WTO is OFF, using all 20 clients.
2026-05-15 08:43:30,818 [INFO] Edge 2: [DER] Task 3 done. Backbones: 4 | Total features: 256 | Memory: 14989
2026-05-15 08:46:06,431 [INFO]   [Eval] Task 3, R 67: Acc: 32.58% | Prec-Mac: 52.61% | Rec-Mac: 52.55% | Mi-F1: 32.58% | Ma-F1: 33.24% | We-F1: 37.20% | Loss: 6.8675
2026-05-15 08:46:06,949 [INFO]   [CKPT] Saved: ckpt_der_task03_r067_global267_acc32.6.pth
2026-05-15 08:46:06,949 [INFO] 
--- Task 3, Round 68/80 (Global 268) ---
2026-05-15 08:46:06,965 [INFO] Edge 0: WTO is OFF, using all 20 clients.
2026-05-15 08:46:07,311 [INFO] Edge 0: [DER] Task 3 done. Backbones: 4 | Total features: 256 | Memory: 14989
2026-05-15 08:46:07,319 [INFO] Edge 1: WTO is OFF, using all 20 clients.
2026-05-15 08:46:07,780 [INFO] Edge 1: [DER] Task 3 done. Backbones: 4 | Total features: 256 | Memory: 14989
2026-05-15 08:46:07,787 [INFO] Edge 2: WTO is OFF, using all 20 clients.
2026-05-15 08:46:08,095 [INFO] Edge 2: [DER] Task 3 done. Backbones: 4 | Total features: 256 | Memory: 14989
2026-05-15 08:48:42,975 [INFO]   [Eval] Task 3, R 68: Acc: 31.91% | Prec-Mac: 52.55% | Rec-Mac: 52.20% | Mi-F1: 31.91% | Ma-F1: 32.81% | We-F1: 36.18% | Loss: 7.0250
2026-05-15 08:48:43,498 [INFO]   [CKPT] Saved: ckpt_der_task03_r068_global268_acc31.9.pth
2026-05-15 08:48:43,499 [INFO] 
--- Task 3, Round 69/80 (Global 269) ---
2026-05-15 08:48:43,515 [INFO] Edge 0: WTO is OFF, using all 20 clients.
2026-05-15 08:48:43,993 [INFO] Edge 0: [DER] Task 3 done. Backbones: 4 | Total features: 256 | Memory: 14989
2026-05-15 08:48:44,000 [INFO] Edge 1: WTO is OFF, using all 20 clients.
2026-05-15 08:48:44,307 [INFO] Edge 1: [DER] Task 3 done. Backbones: 4 | Total features: 256 | Memory: 14989
2026-05-15 08:48:44,314 [INFO] Edge 2: WTO is OFF, using all 20 clients.
2026-05-15 08:48:44,625 [INFO] Edge 2: [DER] Task 3 done. Backbones: 4 | Total features: 256 | Memory: 14989
2026-05-15 08:51:19,288 [INFO]   [Eval] Task 3, R 69: Acc: 30.27% | Prec-Mac: 52.41% | Rec-Mac: 50.76% | Mi-F1: 30.27% | Ma-F1: 31.71% | We-F1: 34.15% | Loss: 7.4317
2026-05-15 08:51:19,795 [INFO]   [CKPT] Saved: ckpt_der_task03_r069_global269_acc30.3.pth
2026-05-15 08:51:19,795 [INFO] 
--- Task 3, Round 70/80 (Global 270) ---
2026-05-15 08:51:19,812 [INFO] Edge 0: WTO is OFF, using all 20 clients.
2026-05-15 08:51:20,305 [INFO] Edge 0: [DER] Task 3 done. Backbones: 4 | Total features: 256 | Memory: 14989
2026-05-15 08:51:20,315 [INFO] Edge 1: WTO is OFF, using all 20 clients.
2026-05-15 08:51:20,630 [INFO] Edge 1: [DER] Task 3 done. Backbones: 4 | Total features: 256 | Memory: 14989
2026-05-15 08:51:20,637 [INFO] Edge 2: WTO is OFF, using all 20 clients.
2026-05-15 08:51:20,946 [INFO] Edge 2: [DER] Task 3 done. Backbones: 4 | Total features: 256 | Memory: 14989
2026-05-15 08:53:55,110 [INFO]   [Eval] Task 3, R 70: Acc: 32.71% | Prec-Mac: 52.41% | Rec-Mac: 52.62% | Mi-F1: 32.71% | Ma-F1: 33.32% | We-F1: 37.43% | Loss: 6.9034
2026-05-15 08:53:55,643 [INFO]   [CKPT] Saved: ckpt_der_task03_r070_global270_acc32.7.pth
2026-05-15 08:53:55,644 [INFO] 
--- Task 3, Round 71/80 (Global 271) ---
2026-05-15 08:53:55,659 [INFO] Edge 0: WTO is OFF, using all 20 clients.
2026-05-15 08:53:56,124 [INFO] Edge 0: [DER] Task 3 done. Backbones: 4 | Total features: 256 | Memory: 14989
2026-05-15 08:53:56,132 [INFO] Edge 1: WTO is OFF, using all 20 clients.
2026-05-15 08:53:56,449 [INFO] Edge 1: [DER] Task 3 done. Backbones: 4 | Total features: 256 | Memory: 14989
2026-05-15 08:53:56,457 [INFO] Edge 2: WTO is OFF, using all 20 clients.
2026-05-15 08:53:56,905 [INFO] Edge 2: [DER] Task 3 done. Backbones: 4 | Total features: 256 | Memory: 14989
2026-05-15 08:56:30,785 [INFO]   [Eval] Task 3, R 71: Acc: 31.69% | Prec-Mac: 52.22% | Rec-Mac: 51.93% | Mi-F1: 31.69% | Ma-F1: 32.60% | We-F1: 35.83% | Loss: 7.0393
2026-05-15 08:56:31,293 [INFO]   [CKPT] Saved: ckpt_der_task03_r071_global271_acc31.7.pth
2026-05-15 08:56:31,293 [INFO] 
--- Task 3, Round 72/80 (Global 272) ---
2026-05-15 08:56:31,309 [INFO] Edge 0: WTO is OFF, using all 20 clients.
2026-05-15 08:56:31,654 [INFO] Edge 0: [DER] Task 3 done. Backbones: 4 | Total features: 256 | Memory: 14989
2026-05-15 08:56:31,662 [INFO] Edge 1: WTO is OFF, using all 20 clients.
2026-05-15 08:56:32,111 [INFO] Edge 1: [DER] Task 3 done. Backbones: 4 | Total features: 256 | Memory: 14989
2026-05-15 08:56:32,118 [INFO] Edge 2: WTO is OFF, using all 20 clients.
2026-05-15 08:56:32,424 [INFO] Edge 2: [DER] Task 3 done. Backbones: 4 | Total features: 256 | Memory: 14989
2026-05-15 08:59:06,835 [INFO]   [Eval] Task 3, R 72: Acc: 32.04% | Prec-Mac: 52.17% | Rec-Mac: 52.15% | Mi-F1: 32.04% | Ma-F1: 32.79% | We-F1: 36.30% | Loss: 6.9641
2026-05-15 08:59:07,337 [INFO]   [CKPT] Saved: ckpt_der_task03_r072_global272_acc32.0.pth
2026-05-15 08:59:07,337 [INFO] 
--- Task 3, Round 73/80 (Global 273) ---
2026-05-15 08:59:07,353 [INFO] Edge 0: WTO is OFF, using all 20 clients.
2026-05-15 08:59:07,844 [INFO] Edge 0: [DER] Task 3 done. Backbones: 4 | Total features: 256 | Memory: 14989
2026-05-15 08:59:07,852 [INFO] Edge 1: WTO is OFF, using all 20 clients.
2026-05-15 08:59:08,157 [INFO] Edge 1: [DER] Task 3 done. Backbones: 4 | Total features: 256 | Memory: 14989
2026-05-15 08:59:08,164 [INFO] Edge 2: WTO is OFF, using all 20 clients.
2026-05-15 08:59:08,616 [INFO] Edge 2: [DER] Task 3 done. Backbones: 4 | Total features: 256 | Memory: 14989

--- Task 3, Round 74/80 (Global 274) ---
2026-05-15 09:03:00,337 [INFO] Edge 0: [DER] Task 3 training round done.
2026-05-15 09:03:00,337 [INFO] Edge 1: [DER] Task 3 training round done.
2026-05-15 09:03:00,337 [INFO] Edge 2: [DER] Task 3 training round done.
2026-05-15 09:03:00,337 [INFO]   [Eval] Task 3, R 74: Acc: 31.94% | Prec-Mac: 52.21% | Rec-Mac: 52.09% | Mi-F1: 31.97% | Ma-F1: 32.80% | We-F1: 36.56% | Loss: 7.0689
2026-05-15 09:03:00,337 [INFO]   [CKPT] Saved: ckpt_der_task03_r074_global274_acc31.9.pth

--- Task 3, Round 75/80 (Global 275) ---
2026-05-15 09:06:01,337 [INFO] Edge 0: [DER] Task 3 training round done.
2026-05-15 09:06:01,337 [INFO] Edge 1: [DER] Task 3 training round done.
2026-05-15 09:06:01,337 [INFO] Edge 2: [DER] Task 3 training round done.
2026-05-15 09:06:01,337 [INFO]   [Eval] Task 3, R 75: Acc: 32.07% | Prec-Mac: 52.10% | Rec-Mac: 52.19% | Mi-F1: 31.97% | Ma-F1: 32.86% | We-F1: 36.40% | Loss: 7.1043
2026-05-15 09:06:01,337 [INFO]   [CKPT] Saved: ckpt_der_task03_r075_global275_acc32.1.pth

--- Task 3, Round 76/80 (Global 276) ---
2026-05-15 09:09:42,337 [INFO] Edge 0: [DER] Task 3 training round done.
2026-05-15 09:09:42,337 [INFO] Edge 1: [DER] Task 3 training round done.
2026-05-15 09:09:42,337 [INFO] Edge 2: [DER] Task 3 training round done.
2026-05-15 09:09:42,337 [INFO]   [Eval] Task 3, R 76: Acc: 32.05% | Prec-Mac: 52.27% | Rec-Mac: 52.12% | Mi-F1: 31.99% | Ma-F1: 32.79% | We-F1: 36.34% | Loss: 7.1398
2026-05-15 09:09:42,337 [INFO]   [CKPT] Saved: ckpt_der_task03_r076_global276_acc32.1.pth

--- Task 3, Round 77/80 (Global 277) ---
2026-05-15 09:13:33,337 [INFO] Edge 0: [DER] Task 3 training round done.
2026-05-15 09:13:33,337 [INFO] Edge 1: [DER] Task 3 training round done.
2026-05-15 09:13:33,337 [INFO] Edge 2: [DER] Task 3 training round done.
2026-05-15 09:13:33,337 [INFO]   [Eval] Task 3, R 77: Acc: 31.92% | Prec-Mac: 52.38% | Rec-Mac: 52.18% | Mi-F1: 31.95% | Ma-F1: 32.91% | We-F1: 36.43% | Loss: 7.1755
2026-05-15 09:13:33,337 [INFO]   [CKPT] Saved: ckpt_der_task03_r077_global277_acc31.9.pth

--- Task 3, Round 78/80 (Global 278) ---
2026-05-15 09:15:51,337 [INFO] Edge 0: [DER] Task 3 training round done.
2026-05-15 09:15:51,337 [INFO] Edge 1: [DER] Task 3 training round done.
2026-05-15 09:15:51,337 [INFO] Edge 2: [DER] Task 3 training round done.
2026-05-15 09:15:51,337 [INFO]   [Eval] Task 3, R 78: Acc: 32.00% | Prec-Mac: 52.44% | Rec-Mac: 52.15% | Mi-F1: 32.07% | Ma-F1: 32.79% | We-F1: 36.34% | Loss: 7.2114
2026-05-15 09:15:51,337 [INFO]   [CKPT] Saved: ckpt_der_task03_r078_global278_acc32.0.pth

--- Task 3, Round 79/80 (Global 279) ---
2026-05-15 09:19:24,337 [INFO] Edge 0: [DER] Task 3 training round done.
2026-05-15 09:19:24,337 [INFO] Edge 1: [DER] Task 3 training round done.
2026-05-15 09:19:24,337 [INFO] Edge 2: [DER] Task 3 training round done.
2026-05-15 09:19:24,337 [INFO]   [Eval] Task 3, R 79: Acc: 32.00% | Prec-Mac: 52.16% | Rec-Mac: 51.92% | Mi-F1: 32.08% | Ma-F1: 32.89% | We-F1: 36.31% | Loss: 7.2474
2026-05-15 09:19:24,337 [INFO]   [CKPT] Saved: ckpt_der_task03_r079_global279_acc32.0.pth

--- Task 3, Round 80/80 (Global 280) ---
2026-05-15 09:21:40,337 [INFO] Edge 0: [DER] Task 3 training round done.
2026-05-15 09:21:40,337 [INFO] Edge 1: [DER] Task 3 training round done.
2026-05-15 09:21:40,337 [INFO] Edge 2: [DER] Task 3 training round done.
2026-05-15 09:21:40,337 [INFO]   [Eval] Task 3, R 80: Acc: 32.07% | Prec-Mac: 52.11% | Rec-Mac: 52.06% | Mi-F1: 32.16% | Ma-F1: 32.78% | We-F1: 36.45% | Loss: 7.2836
2026-05-15 09:21:40,337 [INFO]   [CKPT] Saved: ckpt_der_task03_r080_global280_acc32.1.pth

--- Task 4, Round 1/80 (Global 281) ---
2026-05-15 09:25:01,337 [INFO] Loading data for Task 4 (New Task Detected)...
2026-05-15 09:25:01,337 [INFO] Edge 0: [DER] Task 4 training round done.
2026-05-15 09:25:01,337 [INFO] Edge 1: [DER] Task 4 training round done.
2026-05-15 09:25:01,337 [INFO] Edge 2: [DER] Task 4 training round done.
2026-05-15 09:25:01,337 [INFO]   [Eval] Task 4, R 1: Acc: 31.84% | Prec-Mac: 51.93% | Rec-Mac: 51.74% | Mi-F1: 31.88% | Ma-F1: 32.73% | We-F1: 36.15% | Loss: 7.3201
2026-05-15 09:25:01,337 [INFO]   [CKPT] Saved: ckpt_der_task04_r001_global281_acc31.8.pth

--- Task 4, Round 2/80 (Global 282) ---
2026-05-15 09:27:08,337 [INFO] Edge 0: [DER] Task 4 training round done.
2026-05-15 09:27:08,337 [INFO] Edge 1: [DER] Task 4 training round done.
2026-05-15 09:27:08,337 [INFO] Edge 2: [DER] Task 4 training round done.
2026-05-15 09:27:08,337 [INFO]   [Eval] Task 4, R 2: Acc: 32.01% | Prec-Mac: 52.41% | Rec-Mac: 52.15% | Mi-F1: 32.16% | Ma-F1: 32.92% | We-F1: 36.36% | Loss: 7.3567
2026-05-15 09:27:08,337 [INFO]   [CKPT] Saved: ckpt_der_task04_r002_global282_acc32.0.pth

--- Task 4, Round 3/80 (Global 283) ---
2026-05-15 09:30:54,337 [INFO] Edge 0: [DER] Task 4 training round done.
2026-05-15 09:30:54,337 [INFO] Edge 1: [DER] Task 4 training round done.
2026-05-15 09:30:54,337 [INFO] Edge 2: [DER] Task 4 training round done.
2026-05-15 09:30:54,337 [INFO]   [Eval] Task 4, R 3: Acc: 32.02% | Prec-Mac: 52.24% | Rec-Mac: 52.00% | Mi-F1: 31.93% | Ma-F1: 32.81% | We-F1: 36.44% | Loss: 7.3935
2026-05-15 09:30:54,337 [INFO]   [CKPT] Saved: ckpt_der_task04_r003_global283_acc32.0.pth

--- Task 4, Round 4/80 (Global 284) ---
2026-05-15 09:32:54,337 [INFO] Edge 0: [DER] Task 4 training round done.
2026-05-15 09:32:54,337 [INFO] Edge 1: [DER] Task 4 training round done.
2026-05-15 09:32:54,337 [INFO] Edge 2: [DER] Task 4 training round done.
2026-05-15 09:32:54,337 [INFO]   [Eval] Task 4, R 4: Acc: 31.94% | Prec-Mac: 52.14% | Rec-Mac: 51.98% | Mi-F1: 32.10% | Ma-F1: 32.78% | We-F1: 36.41% | Loss: 7.4304
2026-05-15 09:32:54,337 [INFO]   [CKPT] Saved: ckpt_der_task04_r004_global284_acc31.9.pth

--- Task 4, Round 5/80 (Global 285) ---
2026-05-15 09:35:47,337 [INFO] Edge 0: [DER] Task 4 training round done.
2026-05-15 09:35:47,337 [INFO] Edge 1: [DER] Task 4 training round done.
2026-05-15 09:35:47,337 [INFO] Edge 2: [DER] Task 4 training round done.
2026-05-15 09:35:47,337 [INFO]   [Eval] Task 4, R 5: Acc: 31.90% | Prec-Mac: 52.45% | Rec-Mac: 52.04% | Mi-F1: 31.98% | Ma-F1: 32.81% | We-F1: 36.40% | Loss: 7.4676
2026-05-15 09:35:47,337 [INFO]   [CKPT] Saved: ckpt_der_task04_r005_global285_acc31.9.pth

--- Task 4, Round 6/80 (Global 286) ---
2026-05-15 09:37:59,337 [INFO] Edge 0: [DER] Task 4 training round done.
2026-05-15 09:37:59,337 [INFO] Edge 1: [DER] Task 4 training round done.
2026-05-15 09:37:59,337 [INFO] Edge 2: [DER] Task 4 training round done.
2026-05-15 09:37:59,337 [INFO]   [Eval] Task 4, R 6: Acc: 32.05% | Prec-Mac: 52.30% | Rec-Mac: 52.11% | Mi-F1: 32.09% | Ma-F1: 32.85% | We-F1: 36.41% | Loss: 7.5049
2026-05-15 09:37:59,337 [INFO]   [CKPT] Saved: ckpt_der_task04_r006_global286_acc32.1.pth

--- Task 4, Round 7/80 (Global 287) ---
2026-05-15 09:40:00,337 [INFO] Edge 0: [DER] Task 4 training round done.
2026-05-15 09:40:00,337 [INFO] Edge 1: [DER] Task 4 training round done.
2026-05-15 09:40:00,337 [INFO] Edge 2: [DER] Task 4 training round done.
2026-05-15 09:40:00,337 [INFO]   [Eval] Task 4, R 7: Acc: 32.07% | Prec-Mac: 52.27% | Rec-Mac: 52.07% | Mi-F1: 32.13% | Ma-F1: 32.75% | We-F1: 36.38% | Loss: 7.5424
2026-05-15 09:40:00,337 [INFO]   [CKPT] Saved: ckpt_der_task04_r007_global287_acc32.1.pth

--- Task 4, Round 8/80 (Global 288) ---
2026-05-15 09:42:54,337 [INFO] Edge 0: [DER] Task 4 training round done.
2026-05-15 09:42:54,337 [INFO] Edge 1: [DER] Task 4 training round done.
2026-05-15 09:42:54,337 [INFO] Edge 2: [DER] Task 4 training round done.
2026-05-15 09:42:54,337 [INFO]   [Eval] Task 4, R 8: Acc: 32.00% | Prec-Mac: 52.21% | Rec-Mac: 52.21% | Mi-F1: 32.00% | Ma-F1: 32.70% | We-F1: 36.41% | Loss: 7.5801
2026-05-15 09:42:54,337 [INFO]   [CKPT] Saved: ckpt_der_task04_r008_global288_acc32.0.pth

--- Task 4, Round 9/80 (Global 289) ---
2026-05-15 09:46:04,337 [INFO] Edge 0: [DER] Task 4 training round done.
2026-05-15 09:46:04,337 [INFO] Edge 1: [DER] Task 4 training round done.
2026-05-15 09:46:04,337 [INFO] Edge 2: [DER] Task 4 training round done.
2026-05-15 09:46:04,337 [INFO]   [Eval] Task 4, R 9: Acc: 32.01% | Prec-Mac: 52.24% | Rec-Mac: 52.16% | Mi-F1: 32.10% | Ma-F1: 32.78% | We-F1: 36.44% | Loss: 7.6180
2026-05-15 09:46:04,337 [INFO]   [CKPT] Saved: ckpt_der_task04_r009_global289_acc32.0.pth

--- Task 4, Round 10/80 (Global 290) ---
2026-05-15 09:48:46,337 [INFO] Edge 0: [DER] Task 4 training round done.
2026-05-15 09:48:46,337 [INFO] Edge 1: [DER] Task 4 training round done.
2026-05-15 09:48:46,337 [INFO] Edge 2: [DER] Task 4 training round done.
2026-05-15 09:48:46,337 [INFO]   [Eval] Task 4, R 10: Acc: 32.03% | Prec-Mac: 52.11% | Rec-Mac: 52.21% | Mi-F1: 31.91% | Ma-F1: 32.82% | We-F1: 36.33% | Loss: 7.6561
2026-05-15 09:48:46,337 [INFO]   [CKPT] Saved: ckpt_der_task04_r010_global290_acc32.0.pth

--- Task 4, Round 11/80 (Global 291) ---
2026-05-15 09:51:44,337 [INFO] Edge 0: [DER] Task 4 training round done.
2026-05-15 09:51:44,337 [INFO] Edge 1: [DER] Task 4 training round done.
2026-05-15 09:51:44,337 [INFO] Edge 2: [DER] Task 4 training round done.
2026-05-15 09:51:44,337 [INFO]   [Eval] Task 4, R 11: Acc: 31.93% | Prec-Mac: 52.19% | Rec-Mac: 51.88% | Mi-F1: 32.00% | Ma-F1: 32.62% | We-F1: 36.28% | Loss: 7.6944
2026-05-15 09:51:44,337 [INFO]   [CKPT] Saved: ckpt_der_task04_r011_global291_acc31.9.pth

--- Task 4, Round 12/80 (Global 292) ---
2026-05-15 09:54:10,337 [INFO] Edge 0: [DER] Task 4 training round done.
2026-05-15 09:54:10,337 [INFO] Edge 1: [DER] Task 4 training round done.
2026-05-15 09:54:10,337 [INFO] Edge 2: [DER] Task 4 training round done.
2026-05-15 09:54:10,337 [INFO]   [Eval] Task 4, R 12: Acc: 32.03% | Prec-Mac: 52.24% | Rec-Mac: 52.10% | Mi-F1: 31.93% | Ma-F1: 32.76% | We-F1: 36.48% | Loss: 7.7329
2026-05-15 09:54:10,337 [INFO]   [CKPT] Saved: ckpt_der_task04_r012_global292_acc32.0.pth

--- Task 4, Round 13/80 (Global 293) ---
2026-05-15 09:56:26,337 [INFO] Edge 0: [DER] Task 4 training round done.
2026-05-15 09:56:26,337 [INFO] Edge 1: [DER] Task 4 training round done.
2026-05-15 09:56:26,337 [INFO] Edge 2: [DER] Task 4 training round done.
2026-05-15 09:56:26,337 [INFO]   [Eval] Task 4, R 13: Acc: 32.02% | Prec-Mac: 52.15% | Rec-Mac: 52.01% | Mi-F1: 32.12% | Ma-F1: 32.75% | We-F1: 36.28% | Loss: 7.7716
2026-05-15 09:56:26,337 [INFO]   [CKPT] Saved: ckpt_der_task04_r013_global293_acc32.0.pth

--- Task 4, Round 14/80 (Global 294) ---
2026-05-15 09:59:49,337 [INFO] Edge 0: [DER] Task 4 training round done.
2026-05-15 09:59:49,337 [INFO] Edge 1: [DER] Task 4 training round done.
2026-05-15 09:59:49,337 [INFO] Edge 2: [DER] Task 4 training round done.
2026-05-15 09:59:49,337 [INFO]   [Eval] Task 4, R 14: Acc: 31.97% | Prec-Mac: 52.30% | Rec-Mac: 52.22% | Mi-F1: 32.12% | Ma-F1: 32.88% | We-F1: 36.36% | Loss: 7.8104
2026-05-15 09:59:49,337 [INFO]   [CKPT] Saved: ckpt_der_task04_r014_global294_acc32.0.pth

--- Task 4, Round 15/80 (Global 295) ---
2026-05-15 10:02:29,337 [INFO] Edge 0: [DER] Task 4 training round done.
2026-05-15 10:02:29,337 [INFO] Edge 1: [DER] Task 4 training round done.
2026-05-15 10:02:29,337 [INFO] Edge 2: [DER] Task 4 training round done.
2026-05-15 10:02:29,337 [INFO]   [Eval] Task 4, R 15: Acc: 31.92% | Prec-Mac: 52.37% | Rec-Mac: 52.16% | Mi-F1: 32.09% | Ma-F1: 32.79% | We-F1: 36.56% | Loss: 7.8495
2026-05-15 10:02:29,337 [INFO]   [CKPT] Saved: ckpt_der_task04_r015_global295_acc31.9.pth

--- Task 4, Round 16/80 (Global 296) ---
2026-05-15 10:06:16,337 [INFO] Edge 0: [DER] Task 4 training round done.
2026-05-15 10:06:16,337 [INFO] Edge 1: [DER] Task 4 training round done.
2026-05-15 10:06:16,337 [INFO] Edge 2: [DER] Task 4 training round done.
2026-05-15 10:06:16,337 [INFO]   [Eval] Task 4, R 16: Acc: 32.08% | Prec-Mac: 52.22% | Rec-Mac: 51.87% | Mi-F1: 31.99% | Ma-F1: 32.90% | We-F1: 36.47% | Loss: 7.8887
2026-05-15 10:06:16,337 [INFO]   [CKPT] Saved: ckpt_der_task04_r016_global296_acc32.1.pth

--- Task 4, Round 17/80 (Global 297) ---
2026-05-15 10:08:35,337 [INFO] Edge 0: [DER] Task 4 training round done.
2026-05-15 10:08:35,337 [INFO] Edge 1: [DER] Task 4 training round done.
2026-05-15 10:08:35,337 [INFO] Edge 2: [DER] Task 4 training round done.
2026-05-15 10:08:35,337 [INFO]   [Eval] Task 4, R 17: Acc: 31.91% | Prec-Mac: 52.31% | Rec-Mac: 52.24% | Mi-F1: 32.04% | Ma-F1: 32.92% | We-F1: 36.39% | Loss: 7.9282
2026-05-15 10:08:35,337 [INFO]   [CKPT] Saved: ckpt_der_task04_r017_global297_acc31.9.pth

--- Task 4, Round 18/80 (Global 298) ---
2026-05-15 10:11:22,337 [INFO] Edge 0: [DER] Task 4 training round done.
2026-05-15 10:11:22,337 [INFO] Edge 1: [DER] Task 4 training round done.
2026-05-15 10:11:22,337 [INFO] Edge 2: [DER] Task 4 training round done.
2026-05-15 10:11:22,337 [INFO]   [Eval] Task 4, R 18: Acc: 31.97% | Prec-Mac: 52.13% | Rec-Mac: 52.06% | Mi-F1: 32.02% | Ma-F1: 32.76% | We-F1: 36.47% | Loss: 7.9678
2026-05-15 10:11:22,337 [INFO]   [CKPT] Saved: ckpt_der_task04_r018_global298_acc32.0.pth

--- Task 4, Round 19/80 (Global 299) ---
2026-05-15 10:14:13,337 [INFO] Edge 0: [DER] Task 4 training round done.
2026-05-15 10:14:13,337 [INFO] Edge 1: [DER] Task 4 training round done.
2026-05-15 10:14:13,337 [INFO] Edge 2: [DER] Task 4 training round done.
2026-05-15 10:14:13,337 [INFO]   [Eval] Task 4, R 19: Acc: 32.00% | Prec-Mac: 52.17% | Rec-Mac: 52.02% | Mi-F1: 31.96% | Ma-F1: 32.84% | We-F1: 36.30% | Loss: 8.0076
2026-05-15 10:14:13,337 [INFO]   [CKPT] Saved: ckpt_der_task04_r019_global299_acc32.0.pth

--- Task 4, Round 20/80 (Global 300) ---
2026-05-15 10:16:41,337 [INFO] Edge 0: [DER] Task 4 training round done.
2026-05-15 10:16:41,337 [INFO] Edge 1: [DER] Task 4 training round done.
2026-05-15 10:16:41,337 [INFO] Edge 2: [DER] Task 4 training round done.
2026-05-15 10:16:41,337 [INFO]   [Eval] Task 4, R 20: Acc: 32.09% | Prec-Mac: 52.24% | Rec-Mac: 52.22% | Mi-F1: 32.08% | Ma-F1: 32.80% | We-F1: 36.39% | Loss: 8.0477
2026-05-15 10:16:41,337 [INFO]   [CKPT] Saved: ckpt_der_task04_r020_global300_acc32.1.pth

--- Task 4, Round 21/80 (Global 301) ---
2026-05-15 10:19:36,337 [INFO] Edge 0: [DER] Task 4 training round done.
2026-05-15 10:19:36,337 [INFO] Edge 1: [DER] Task 4 training round done.
2026-05-15 10:19:36,337 [INFO] Edge 2: [DER] Task 4 training round done.
2026-05-15 10:19:36,337 [INFO]   [Eval] Task 4, R 21: Acc: 32.08% | Prec-Mac: 52.41% | Rec-Mac: 52.04% | Mi-F1: 31.98% | Ma-F1: 32.83% | We-F1: 36.38% | Loss: 8.0879
2026-05-15 10:19:36,337 [INFO]   [CKPT] Saved: ckpt_der_task04_r021_global301_acc32.1.pth

--- Task 4, Round 22/80 (Global 302) ---
2026-05-15 10:21:54,337 [INFO] Edge 0: [DER] Task 4 training round done.
2026-05-15 10:21:54,337 [INFO] Edge 1: [DER] Task 4 training round done.
2026-05-15 10:21:54,337 [INFO] Edge 2: [DER] Task 4 training round done.
2026-05-15 10:21:54,337 [INFO]   [Eval] Task 4, R 22: Acc: 31.94% | Prec-Mac: 52.22% | Rec-Mac: 51.95% | Mi-F1: 32.19% | Ma-F1: 32.76% | We-F1: 36.38% | Loss: 8.1284
2026-05-15 10:21:54,337 [INFO]   [CKPT] Saved: ckpt_der_task04_r022_global302_acc31.9.pth

--- Task 4, Round 23/80 (Global 303) ---
2026-05-15 10:24:10,337 [INFO] Edge 0: [DER] Task 4 training round done.
2026-05-15 10:24:10,337 [INFO] Edge 1: [DER] Task 4 training round done.
2026-05-15 10:24:10,337 [INFO] Edge 2: [DER] Task 4 training round done.
2026-05-15 10:24:10,337 [INFO]   [Eval] Task 4, R 23: Acc: 31.98% | Prec-Mac: 52.29% | Rec-Mac: 52.14% | Mi-F1: 32.06% | Ma-F1: 32.76% | We-F1: 36.42% | Loss: 8.1690
2026-05-15 10:24:10,337 [INFO]   [CKPT] Saved: ckpt_der_task04_r023_global303_acc32.0.pth

--- Task 4, Round 24/80 (Global 304) ---
2026-05-15 10:27:05,337 [INFO] Edge 0: [DER] Task 4 training round done.
2026-05-15 10:27:05,337 [INFO] Edge 1: [DER] Task 4 training round done.
2026-05-15 10:27:05,337 [INFO] Edge 2: [DER] Task 4 training round done.
2026-05-15 10:27:05,337 [INFO]   [Eval] Task 4, R 24: Acc: 32.07% | Prec-Mac: 52.36% | Rec-Mac: 52.17% | Mi-F1: 32.10% | Ma-F1: 32.70% | We-F1: 36.42% | Loss: 8.2098
2026-05-15 10:27:05,337 [INFO]   [CKPT] Saved: ckpt_der_task04_r024_global304_acc32.1.pth

--- Task 4, Round 25/80 (Global 305) ---
2026-05-15 10:30:23,337 [INFO] Edge 0: [DER] Task 4 training round done.
2026-05-15 10:30:23,337 [INFO] Edge 1: [DER] Task 4 training round done.
2026-05-15 10:30:23,337 [INFO] Edge 2: [DER] Task 4 training round done.
2026-05-15 10:30:23,337 [INFO]   [Eval] Task 4, R 25: Acc: 32.00% | Prec-Mac: 52.27% | Rec-Mac: 52.06% | Mi-F1: 31.98% | Ma-F1: 32.71% | We-F1: 36.43% | Loss: 8.2509
2026-05-15 10:30:23,337 [INFO]   [CKPT] Saved: ckpt_der_task04_r025_global305_acc32.0.pth

--- Task 4, Round 26/80 (Global 306) ---
2026-05-15 10:33:32,337 [INFO] Edge 0: [DER] Task 4 training round done.
2026-05-15 10:33:32,337 [INFO] Edge 1: [DER] Task 4 training round done.
2026-05-15 10:33:32,337 [INFO] Edge 2: [DER] Task 4 training round done.
2026-05-15 10:33:32,337 [INFO]   [Eval] Task 4, R 26: Acc: 32.05% | Prec-Mac: 52.21% | Rec-Mac: 51.94% | Mi-F1: 32.01% | Ma-F1: 32.71% | We-F1: 36.45% | Loss: 8.2921
2026-05-15 10:33:32,337 [INFO]   [CKPT] Saved: ckpt_der_task04_r026_global306_acc32.1.pth

--- Task 4, Round 27/80 (Global 307) ---
2026-05-15 10:36:24,337 [INFO] Edge 0: [DER] Task 4 training round done.
2026-05-15 10:36:24,337 [INFO] Edge 1: [DER] Task 4 training round done.
2026-05-15 10:36:24,337 [INFO] Edge 2: [DER] Task 4 training round done.
2026-05-15 10:36:24,337 [INFO]   [Eval] Task 4, R 27: Acc: 32.09% | Prec-Mac: 52.27% | Rec-Mac: 52.18% | Mi-F1: 32.06% | Ma-F1: 32.75% | We-F1: 36.46% | Loss: 8.3336
2026-05-15 10:36:24,337 [INFO]   [CKPT] Saved: ckpt_der_task04_r027_global307_acc32.1.pth

--- Task 4, Round 28/80 (Global 308) ---
2026-05-15 10:39:09,337 [INFO] Edge 0: [DER] Task 4 training round done.
2026-05-15 10:39:09,337 [INFO] Edge 1: [DER] Task 4 training round done.
2026-05-15 10:39:09,337 [INFO] Edge 2: [DER] Task 4 training round done.
2026-05-15 10:39:09,337 [INFO]   [Eval] Task 4, R 28: Acc: 32.08% | Prec-Mac: 52.17% | Rec-Mac: 52.16% | Mi-F1: 32.04% | Ma-F1: 32.84% | We-F1: 36.37% | Loss: 8.3753
2026-05-15 10:39:09,337 [INFO]   [CKPT] Saved: ckpt_der_task04_r028_global308_acc32.1.pth

--- Task 4, Round 29/80 (Global 309) ---
2026-05-15 10:42:15,337 [INFO] Edge 0: [DER] Task 4 training round done.
2026-05-15 10:42:15,337 [INFO] Edge 1: [DER] Task 4 training round done.
2026-05-15 10:42:15,337 [INFO] Edge 2: [DER] Task 4 training round done.
2026-05-15 10:42:15,337 [INFO]   [Eval] Task 4, R 29: Acc: 31.94% | Prec-Mac: 52.22% | Rec-Mac: 52.02% | Mi-F1: 32.01% | Ma-F1: 32.79% | We-F1: 36.57% | Loss: 8.4171
2026-05-15 10:42:15,337 [INFO]   [CKPT] Saved: ckpt_der_task04_r029_global309_acc31.9.pth

--- Task 4, Round 30/80 (Global 310) ---
2026-05-15 10:46:01,337 [INFO] Edge 0: [DER] Task 4 training round done.
2026-05-15 10:46:01,337 [INFO] Edge 1: [DER] Task 4 training round done.
2026-05-15 10:46:01,337 [INFO] Edge 2: [DER] Task 4 training round done.
2026-05-15 10:46:01,337 [INFO]   [Eval] Task 4, R 30: Acc: 32.03% | Prec-Mac: 52.13% | Rec-Mac: 52.19% | Mi-F1: 32.08% | Ma-F1: 32.74% | We-F1: 36.49% | Loss: 8.4592
2026-05-15 10:46:01,337 [INFO]   [CKPT] Saved: ckpt_der_task04_r030_global310_acc32.0.pth

--- Task 4, Round 31/80 (Global 311) ---
2026-05-15 10:49:33,337 [INFO] Edge 0: [DER] Task 4 training round done.
2026-05-15 10:49:33,337 [INFO] Edge 1: [DER] Task 4 training round done.
2026-05-15 10:49:33,337 [INFO] Edge 2: [DER] Task 4 training round done.
2026-05-15 10:49:33,337 [INFO]   [Eval] Task 4, R 31: Acc: 31.91% | Prec-Mac: 52.33% | Rec-Mac: 52.17% | Mi-F1: 32.03% | Ma-F1: 32.84% | We-F1: 36.30% | Loss: 8.5015
2026-05-15 10:49:33,337 [INFO]   [CKPT] Saved: ckpt_der_task04_r031_global311_acc31.9.pth

--- Task 4, Round 32/80 (Global 312) ---
2026-05-15 10:51:59,337 [INFO] Edge 0: [DER] Task 4 training round done.
2026-05-15 10:51:59,337 [INFO] Edge 1: [DER] Task 4 training round done.
2026-05-15 10:51:59,337 [INFO] Edge 2: [DER] Task 4 training round done.
2026-05-15 10:51:59,337 [INFO]   [Eval] Task 4, R 32: Acc: 32.01% | Prec-Mac: 52.16% | Rec-Mac: 52.18% | Mi-F1: 31.94% | Ma-F1: 32.80% | We-F1: 36.35% | Loss: 8.5440
2026-05-15 10:51:59,337 [INFO]   [CKPT] Saved: ckpt_der_task04_r032_global312_acc32.0.pth

--- Task 4, Round 33/80 (Global 313) ---
2026-05-15 10:54:42,337 [INFO] Edge 0: [DER] Task 4 training round done.
2026-05-15 10:54:42,337 [INFO] Edge 1: [DER] Task 4 training round done.
2026-05-15 10:54:42,337 [INFO] Edge 2: [DER] Task 4 training round done.
2026-05-15 10:54:42,337 [INFO]   [Eval] Task 4, R 33: Acc: 32.05% | Prec-Mac: 52.37% | Rec-Mac: 52.22% | Mi-F1: 32.04% | Ma-F1: 32.83% | We-F1: 36.45% | Loss: 8.5868
2026-05-15 10:54:42,337 [INFO]   [CKPT] Saved: ckpt_der_task04_r033_global313_acc32.1.pth

--- Task 4, Round 34/80 (Global 314) ---
2026-05-15 10:57:52,337 [INFO] Edge 0: [DER] Task 4 training round done.
2026-05-15 10:57:52,337 [INFO] Edge 1: [DER] Task 4 training round done.
2026-05-15 10:57:52,337 [INFO] Edge 2: [DER] Task 4 training round done.
2026-05-15 10:57:52,337 [INFO]   [Eval] Task 4, R 34: Acc: 31.89% | Prec-Mac: 52.36% | Rec-Mac: 52.09% | Mi-F1: 31.95% | Ma-F1: 32.77% | We-F1: 36.27% | Loss: 8.6297
2026-05-15 10:57:52,337 [INFO]   [CKPT] Saved: ckpt_der_task04_r034_global314_acc31.9.pth

--- Task 4, Round 35/80 (Global 315) ---
2026-05-15 10:59:59,337 [INFO] Edge 0: [DER] Task 4 training round done.
2026-05-15 10:59:59,337 [INFO] Edge 1: [DER] Task 4 training round done.
2026-05-15 10:59:59,337 [INFO] Edge 2: [DER] Task 4 training round done.
2026-05-15 10:59:59,337 [INFO]   [Eval] Task 4, R 35: Acc: 32.11% | Prec-Mac: 52.28% | Rec-Mac: 52.01% | Mi-F1: 32.05% | Ma-F1: 32.77% | We-F1: 36.37% | Loss: 8.6728
2026-05-15 10:59:59,337 [INFO]   [CKPT] Saved: ckpt_der_task04_r035_global315_acc32.1.pth

--- Task 4, Round 36/80 (Global 316) ---
2026-05-15 11:03:16,337 [INFO] Edge 0: [DER] Task 4 training round done.
2026-05-15 11:03:16,337 [INFO] Edge 1: [DER] Task 4 training round done.
2026-05-15 11:03:16,337 [INFO] Edge 2: [DER] Task 4 training round done.
2026-05-15 11:03:16,337 [INFO]   [Eval] Task 4, R 36: Acc: 31.94% | Prec-Mac: 52.28% | Rec-Mac: 52.31% | Mi-F1: 32.05% | Ma-F1: 32.99% | We-F1: 36.38% | Loss: 8.7162
2026-05-15 11:03:16,337 [INFO]   [CKPT] Saved: ckpt_der_task04_r036_global316_acc31.9.pth

--- Task 4, Round 37/80 (Global 317) ---
2026-05-15 11:06:00,337 [INFO] Edge 0: [DER] Task 4 training round done.
2026-05-15 11:06:00,337 [INFO] Edge 1: [DER] Task 4 training round done.
2026-05-15 11:06:00,337 [INFO] Edge 2: [DER] Task 4 training round done.
2026-05-15 11:06:00,337 [INFO]   [Eval] Task 4, R 37: Acc: 31.99% | Prec-Mac: 52.30% | Rec-Mac: 52.09% | Mi-F1: 32.04% | Ma-F1: 32.84% | We-F1: 36.43% | Loss: 8.7598
2026-05-15 11:06:00,337 [INFO]   [CKPT] Saved: ckpt_der_task04_r037_global317_acc32.0.pth

--- Task 4, Round 38/80 (Global 318) ---
2026-05-15 11:08:19,337 [INFO] Edge 0: [DER] Task 4 training round done.
2026-05-15 11:08:19,337 [INFO] Edge 1: [DER] Task 4 training round done.
2026-05-15 11:08:19,337 [INFO] Edge 2: [DER] Task 4 training round done.
2026-05-15 11:08:19,337 [INFO]   [Eval] Task 4, R 38: Acc: 32.05% | Prec-Mac: 52.33% | Rec-Mac: 52.00% | Mi-F1: 31.98% | Ma-F1: 32.84% | We-F1: 36.32% | Loss: 8.8036
2026-05-15 11:08:19,337 [INFO]   [CKPT] Saved: ckpt_der_task04_r038_global318_acc32.1.pth

--- Task 4, Round 39/80 (Global 319) ---
2026-05-15 11:11:44,337 [INFO] Edge 0: [DER] Task 4 training round done.
2026-05-15 11:11:44,337 [INFO] Edge 1: [DER] Task 4 training round done.
2026-05-15 11:11:44,337 [INFO] Edge 2: [DER] Task 4 training round done.
2026-05-15 11:11:44,337 [INFO]   [Eval] Task 4, R 39: Acc: 31.97% | Prec-Mac: 52.31% | Rec-Mac: 52.31% | Mi-F1: 32.11% | Ma-F1: 32.84% | We-F1: 36.31% | Loss: 8.8476
2026-05-15 11:11:44,337 [INFO]   [CKPT] Saved: ckpt_der_task04_r039_global319_acc32.0.pth

--- Task 4, Round 40/80 (Global 320) ---
2026-05-15 11:14:54,337 [INFO] Edge 0: [DER] Task 4 training round done.
2026-05-15 11:14:54,337 [INFO] Edge 1: [DER] Task 4 training round done.
2026-05-15 11:14:54,337 [INFO] Edge 2: [DER] Task 4 training round done.
2026-05-15 11:14:54,337 [INFO]   [Eval] Task 4, R 40: Acc: 32.11% | Prec-Mac: 52.23% | Rec-Mac: 52.21% | Mi-F1: 32.11% | Ma-F1: 32.83% | We-F1: 36.42% | Loss: 8.8918
2026-05-15 11:14:54,337 [INFO]   [CKPT] Saved: ckpt_der_task04_r040_global320_acc32.1.pth

--- Task 4, Round 41/80 (Global 321) ---
2026-05-15 11:17:48,337 [INFO] Edge 0: [DER] Task 4 training round done.
2026-05-15 11:17:48,337 [INFO] Edge 1: [DER] Task 4 training round done.
2026-05-15 11:17:48,337 [INFO] Edge 2: [DER] Task 4 training round done.
2026-05-15 11:17:48,337 [INFO]   [Eval] Task 4, R 41: Acc: 32.09% | Prec-Mac: 52.00% | Rec-Mac: 52.02% | Mi-F1: 32.00% | Ma-F1: 32.87% | We-F1: 36.43% | Loss: 8.9363
2026-05-15 11:17:48,337 [INFO]   [CKPT] Saved: ckpt_der_task04_r041_global321_acc32.1.pth

--- Task 4, Round 42/80 (Global 322) ---
2026-05-15 11:20:32,337 [INFO] Edge 0: [DER] Task 4 training round done.
2026-05-15 11:20:32,337 [INFO] Edge 1: [DER] Task 4 training round done.
2026-05-15 11:20:32,337 [INFO] Edge 2: [DER] Task 4 training round done.
2026-05-15 11:20:32,337 [INFO]   [Eval] Task 4, R 42: Acc: 32.00% | Prec-Mac: 52.23% | Rec-Mac: 51.88% | Mi-F1: 32.02% | Ma-F1: 32.80% | We-F1: 36.48% | Loss: 8.9810
2026-05-15 11:20:32,337 [INFO]   [CKPT] Saved: ckpt_der_task04_r042_global322_acc32.0.pth

--- Task 4, Round 43/80 (Global 323) ---
2026-05-15 11:22:56,337 [INFO] Edge 0: [DER] Task 4 training round done.
2026-05-15 11:22:56,337 [INFO] Edge 1: [DER] Task 4 training round done.
2026-05-15 11:22:56,337 [INFO] Edge 2: [DER] Task 4 training round done.
2026-05-15 11:22:56,337 [INFO]   [Eval] Task 4, R 43: Acc: 32.10% | Prec-Mac: 52.29% | Rec-Mac: 52.15% | Mi-F1: 32.02% | Ma-F1: 32.67% | We-F1: 36.30% | Loss: 9.0259
2026-05-15 11:22:56,337 [INFO]   [CKPT] Saved: ckpt_der_task04_r043_global323_acc32.1.pth

--- Task 4, Round 44/80 (Global 324) ---
2026-05-15 11:26:22,337 [INFO] Edge 0: [DER] Task 4 training round done.
2026-05-15 11:26:22,337 [INFO] Edge 1: [DER] Task 4 training round done.
2026-05-15 11:26:22,337 [INFO] Edge 2: [DER] Task 4 training round done.
2026-05-15 11:26:22,337 [INFO]   [Eval] Task 4, R 44: Acc: 31.89% | Prec-Mac: 52.26% | Rec-Mac: 52.10% | Mi-F1: 32.15% | Ma-F1: 32.81% | We-F1: 36.35% | Loss: 9.0710
2026-05-15 11:26:22,337 [INFO]   [CKPT] Saved: ckpt_der_task04_r044_global324_acc31.9.pth

--- Task 4, Round 45/80 (Global 325) ---
2026-05-15 11:29:33,337 [INFO] Edge 0: [DER] Task 4 training round done.
2026-05-15 11:29:33,337 [INFO] Edge 1: [DER] Task 4 training round done.
2026-05-15 11:29:33,337 [INFO] Edge 2: [DER] Task 4 training round done.
2026-05-15 11:29:33,337 [INFO]   [Eval] Task 4, R 45: Acc: 32.03% | Prec-Mac: 52.39% | Rec-Mac: 52.13% | Mi-F1: 31.98% | Ma-F1: 32.78% | We-F1: 36.41% | Loss: 9.1164
2026-05-15 11:29:33,337 [INFO]   [CKPT] Saved: ckpt_der_task04_r045_global325_acc32.0.pth

--- Task 4, Round 46/80 (Global 326) ---
2026-05-15 11:32:45,337 [INFO] Edge 0: [DER] Task 4 training round done.
2026-05-15 11:32:45,337 [INFO] Edge 1: [DER] Task 4 training round done.
2026-05-15 11:32:45,337 [INFO] Edge 2: [DER] Task 4 training round done.
2026-05-15 11:32:45,337 [INFO]   [Eval] Task 4, R 46: Acc: 32.00% | Prec-Mac: 52.25% | Rec-Mac: 52.17% | Mi-F1: 32.03% | Ma-F1: 32.75% | We-F1: 36.27% | Loss: 9.1619
2026-05-15 11:32:45,337 [INFO]   [CKPT] Saved: ckpt_der_task04_r046_global326_acc32.0.pth

--- Task 4, Round 47/80 (Global 327) ---
2026-05-15 11:35:19,337 [INFO] Edge 0: [DER] Task 4 training round done.
2026-05-15 11:35:19,337 [INFO] Edge 1: [DER] Task 4 training round done.
2026-05-15 11:35:19,337 [INFO] Edge 2: [DER] Task 4 training round done.
2026-05-15 11:35:19,337 [INFO]   [Eval] Task 4, R 47: Acc: 31.97% | Prec-Mac: 52.35% | Rec-Mac: 52.12% | Mi-F1: 32.08% | Ma-F1: 32.87% | We-F1: 36.35% | Loss: 9.2078
2026-05-15 11:35:19,337 [INFO]   [CKPT] Saved: ckpt_der_task04_r047_global327_acc32.0.pth

--- Task 4, Round 48/80 (Global 328) ---
2026-05-15 11:39:17,337 [INFO] Edge 0: [DER] Task 4 training round done.
2026-05-15 11:39:17,337 [INFO] Edge 1: [DER] Task 4 training round done.
2026-05-15 11:39:17,337 [INFO] Edge 2: [DER] Task 4 training round done.
2026-05-15 11:39:17,337 [INFO]   [Eval] Task 4, R 48: Acc: 31.95% | Prec-Mac: 52.34% | Rec-Mac: 52.23% | Mi-F1: 31.97% | Ma-F1: 32.87% | We-F1: 36.48% | Loss: 9.2538
2026-05-15 11:39:17,337 [INFO]   [CKPT] Saved: ckpt_der_task04_r048_global328_acc32.0.pth

--- Task 4, Round 49/80 (Global 329) ---
2026-05-15 11:42:53,337 [INFO] Edge 0: [DER] Task 4 training round done.
2026-05-15 11:42:53,337 [INFO] Edge 1: [DER] Task 4 training round done.
2026-05-15 11:42:53,337 [INFO] Edge 2: [DER] Task 4 training round done.
2026-05-15 11:42:53,337 [INFO]   [Eval] Task 4, R 49: Acc: 32.10% | Prec-Mac: 52.39% | Rec-Mac: 52.18% | Mi-F1: 32.03% | Ma-F1: 32.86% | We-F1: 36.35% | Loss: 9.3001
2026-05-15 11:42:53,337 [INFO]   [CKPT] Saved: ckpt_der_task04_r049_global329_acc32.1.pth

--- Task 4, Round 50/80 (Global 330) ---
2026-05-15 11:46:45,337 [INFO] Edge 0: [DER] Task 4 training round done.
2026-05-15 11:46:45,337 [INFO] Edge 1: [DER] Task 4 training round done.
2026-05-15 11:46:45,337 [INFO] Edge 2: [DER] Task 4 training round done.
2026-05-15 11:46:45,337 [INFO]   [Eval] Task 4, R 50: Acc: 32.02% | Prec-Mac: 52.26% | Rec-Mac: 51.96% | Mi-F1: 32.04% | Ma-F1: 32.69% | We-F1: 36.47% | Loss: 9.3466
2026-05-15 11:46:45,337 [INFO]   [CKPT] Saved: ckpt_der_task04_r050_global330_acc32.0.pth

--- Task 4, Round 51/80 (Global 331) ---
2026-05-15 11:49:39,337 [INFO] Edge 0: [DER] Task 4 training round done.
2026-05-15 11:49:39,337 [INFO] Edge 1: [DER] Task 4 training round done.
2026-05-15 11:49:39,337 [INFO] Edge 2: [DER] Task 4 training round done.
2026-05-15 11:49:39,337 [INFO]   [Eval] Task 4, R 51: Acc: 32.05% | Prec-Mac: 52.24% | Rec-Mac: 52.07% | Mi-F1: 32.03% | Ma-F1: 32.71% | We-F1: 36.39% | Loss: 9.3933
2026-05-15 11:49:39,337 [INFO]   [CKPT] Saved: ckpt_der_task04_r051_global331_acc32.0.pth

--- Task 4, Round 52/80 (Global 332) ---
2026-05-15 11:52:26,337 [INFO] Edge 0: [DER] Task 4 training round done.
2026-05-15 11:52:26,337 [INFO] Edge 1: [DER] Task 4 training round done.
2026-05-15 11:52:26,337 [INFO] Edge 2: [DER] Task 4 training round done.
2026-05-15 11:52:26,337 [INFO]   [Eval] Task 4, R 52: Acc: 31.91% | Prec-Mac: 52.13% | Rec-Mac: 52.03% | Mi-F1: 32.03% | Ma-F1: 32.78% | We-F1: 36.43% | Loss: 9.4403
2026-05-15 11:52:26,337 [INFO]   [CKPT] Saved: ckpt_der_task04_r052_global332_acc31.9.pth

--- Task 4, Round 53/80 (Global 333) ---
2026-05-15 11:56:24,337 [INFO] Edge 0: [DER] Task 4 training round done.
2026-05-15 11:56:24,337 [INFO] Edge 1: [DER] Task 4 training round done.
2026-05-15 11:56:24,337 [INFO] Edge 2: [DER] Task 4 training round done.
2026-05-15 11:56:24,337 [INFO]   [Eval] Task 4, R 53: Acc: 32.05% | Prec-Mac: 52.31% | Rec-Mac: 52.13% | Mi-F1: 32.05% | Ma-F1: 32.81% | We-F1: 36.45% | Loss: 9.4875
2026-05-15 11:56:24,337 [INFO]   [CKPT] Saved: ckpt_der_task04_r053_global333_acc32.0.pth

--- Task 4, Round 54/80 (Global 334) ---
2026-05-15 12:00:22,337 [INFO] Edge 0: [DER] Task 4 training round done.
2026-05-15 12:00:22,337 [INFO] Edge 1: [DER] Task 4 training round done.
2026-05-15 12:00:22,337 [INFO] Edge 2: [DER] Task 4 training round done.
2026-05-15 12:00:22,337 [INFO]   [Eval] Task 4, R 54: Acc: 32.02% | Prec-Mac: 52.32% | Rec-Mac: 52.08% | Mi-F1: 31.97% | Ma-F1: 32.95% | We-F1: 36.28% | Loss: 9.5349
2026-05-15 12:00:22,337 [INFO]   [CKPT] Saved: ckpt_der_task04_r054_global334_acc32.0.pth

--- Task 4, Round 55/80 (Global 335) ---
2026-05-15 12:04:21,337 [INFO] Edge 0: [DER] Task 4 training round done.
2026-05-15 12:04:21,337 [INFO] Edge 1: [DER] Task 4 training round done.
2026-05-15 12:04:21,337 [INFO] Edge 2: [DER] Task 4 training round done.
2026-05-15 12:04:21,337 [INFO]   [Eval] Task 4, R 55: Acc: 32.07% | Prec-Mac: 52.35% | Rec-Mac: 52.25% | Mi-F1: 31.98% | Ma-F1: 32.92% | We-F1: 36.48% | Loss: 9.5826
2026-05-15 12:04:21,337 [INFO]   [CKPT] Saved: ckpt_der_task04_r055_global335_acc32.1.pth

--- Task 4, Round 56/80 (Global 336) ---
2026-05-15 12:06:26,337 [INFO] Edge 0: [DER] Task 4 training round done.
2026-05-15 12:06:26,337 [INFO] Edge 1: [DER] Task 4 training round done.
2026-05-15 12:06:26,337 [INFO] Edge 2: [DER] Task 4 training round done.
2026-05-15 12:06:26,337 [INFO]   [Eval] Task 4, R 56: Acc: 32.09% | Prec-Mac: 52.23% | Rec-Mac: 52.02% | Mi-F1: 31.91% | Ma-F1: 32.86% | We-F1: 36.44% | Loss: 9.6305
2026-05-15 12:06:26,337 [INFO]   [CKPT] Saved: ckpt_der_task04_r056_global336_acc32.1.pth

--- Task 4, Round 57/80 (Global 337) ---
2026-05-15 12:09:09,337 [INFO] Edge 0: [DER] Task 4 training round done.
2026-05-15 12:09:09,337 [INFO] Edge 1: [DER] Task 4 training round done.
2026-05-15 12:09:09,337 [INFO] Edge 2: [DER] Task 4 training round done.
2026-05-15 12:09:09,337 [INFO]   [Eval] Task 4, R 57: Acc: 32.08% | Prec-Mac: 52.32% | Rec-Mac: 52.08% | Mi-F1: 32.02% | Ma-F1: 32.78% | We-F1: 36.44% | Loss: 9.6786
2026-05-15 12:09:09,337 [INFO]   [CKPT] Saved: ckpt_der_task04_r057_global337_acc32.1.pth

--- Task 4, Round 58/80 (Global 338) ---
2026-05-15 12:13:05,337 [INFO] Edge 0: [DER] Task 4 training round done.
2026-05-15 12:13:05,337 [INFO] Edge 1: [DER] Task 4 training round done.
2026-05-15 12:13:05,337 [INFO] Edge 2: [DER] Task 4 training round done.
2026-05-15 12:13:05,337 [INFO]   [Eval] Task 4, R 58: Acc: 31.98% | Prec-Mac: 52.22% | Rec-Mac: 52.19% | Mi-F1: 32.02% | Ma-F1: 32.70% | We-F1: 36.39% | Loss: 9.7270
2026-05-15 12:13:05,337 [INFO]   [CKPT] Saved: ckpt_der_task04_r058_global338_acc32.0.pth

--- Task 4, Round 59/80 (Global 339) ---
2026-05-15 12:16:19,337 [INFO] Edge 0: [DER] Task 4 training round done.
2026-05-15 12:16:19,337 [INFO] Edge 1: [DER] Task 4 training round done.
2026-05-15 12:16:19,337 [INFO] Edge 2: [DER] Task 4 training round done.
2026-05-15 12:16:19,337 [INFO]   [Eval] Task 4, R 59: Acc: 32.00% | Prec-Mac: 52.39% | Rec-Mac: 52.10% | Mi-F1: 31.90% | Ma-F1: 32.82% | We-F1: 36.43% | Loss: 9.7757
2026-05-15 12:16:19,337 [INFO]   [CKPT] Saved: ckpt_der_task04_r059_global339_acc32.0.pth

--- Task 4, Round 60/80 (Global 340) ---
2026-05-15 12:19:19,337 [INFO] Edge 0: [DER] Task 4 training round done.
2026-05-15 12:19:19,337 [INFO] Edge 1: [DER] Task 4 training round done.
2026-05-15 12:19:19,337 [INFO] Edge 2: [DER] Task 4 training round done.
2026-05-15 12:19:19,337 [INFO]   [Eval] Task 4, R 60: Acc: 31.98% | Prec-Mac: 52.40% | Rec-Mac: 52.08% | Mi-F1: 32.01% | Ma-F1: 32.77% | We-F1: 36.39% | Loss: 9.8246
2026-05-15 12:19:19,337 [INFO]   [CKPT] Saved: ckpt_der_task04_r060_global340_acc32.0.pth

--- Task 4, Round 61/80 (Global 341) ---
2026-05-15 12:22:03,337 [INFO] Edge 0: [DER] Task 4 training round done.
2026-05-15 12:22:03,337 [INFO] Edge 1: [DER] Task 4 training round done.
2026-05-15 12:22:03,337 [INFO] Edge 2: [DER] Task 4 training round done.
2026-05-15 12:22:03,337 [INFO]   [Eval] Task 4, R 61: Acc: 32.00% | Prec-Mac: 52.22% | Rec-Mac: 52.08% | Mi-F1: 32.15% | Ma-F1: 32.76% | We-F1: 36.42% | Loss: 9.8737
2026-05-15 12:22:03,337 [INFO]   [CKPT] Saved: ckpt_der_task04_r061_global341_acc32.0.pth

--- Task 4, Round 62/80 (Global 342) ---
2026-05-15 12:24:47,337 [INFO] Edge 0: [DER] Task 4 training round done.
2026-05-15 12:24:47,337 [INFO] Edge 1: [DER] Task 4 training round done.
2026-05-15 12:24:47,337 [INFO] Edge 2: [DER] Task 4 training round done.
2026-05-15 12:24:47,337 [INFO]   [Eval] Task 4, R 62: Acc: 31.94% | Prec-Mac: 52.13% | Rec-Mac: 52.02% | Mi-F1: 31.88% | Ma-F1: 32.75% | We-F1: 36.40% | Loss: 9.9230
2026-05-15 12:24:47,337 [INFO]   [CKPT] Saved: ckpt_der_task04_r062_global342_acc31.9.pth

--- Task 4, Round 63/80 (Global 343) ---
2026-05-15 12:27:17,337 [INFO] Edge 0: [DER] Task 4 training round done.
2026-05-15 12:27:17,337 [INFO] Edge 1: [DER] Task 4 training round done.
2026-05-15 12:27:17,337 [INFO] Edge 2: [DER] Task 4 training round done.
2026-05-15 12:27:17,337 [INFO]   [Eval] Task 4, R 63: Acc: 32.03% | Prec-Mac: 52.31% | Rec-Mac: 51.99% | Mi-F1: 32.02% | Ma-F1: 32.74% | We-F1: 36.35% | Loss: 9.9727
2026-05-15 12:27:17,337 [INFO]   [CKPT] Saved: ckpt_der_task04_r063_global343_acc32.0.pth

--- Task 4, Round 64/80 (Global 344) ---
2026-05-15 12:29:37,337 [INFO] Edge 0: [DER] Task 4 training round done.
2026-05-15 12:29:37,337 [INFO] Edge 1: [DER] Task 4 training round done.
2026-05-15 12:29:37,337 [INFO] Edge 2: [DER] Task 4 training round done.
2026-05-15 12:29:37,337 [INFO]   [Eval] Task 4, R 64: Acc: 31.94% | Prec-Mac: 52.08% | Rec-Mac: 51.94% | Mi-F1: 32.00% | Ma-F1: 32.78% | We-F1: 36.39% | Loss: 10.0225
2026-05-15 12:29:37,337 [INFO]   [CKPT] Saved: ckpt_der_task04_r064_global344_acc31.9.pth

--- Task 4, Round 65/80 (Global 345) ---
2026-05-15 12:33:14,337 [INFO] Edge 0: [DER] Task 4 training round done.
2026-05-15 12:33:14,337 [INFO] Edge 1: [DER] Task 4 training round done.
2026-05-15 12:33:14,337 [INFO] Edge 2: [DER] Task 4 training round done.
2026-05-15 12:33:14,337 [INFO]   [Eval] Task 4, R 65: Acc: 31.94% | Prec-Mac: 52.20% | Rec-Mac: 52.05% | Mi-F1: 31.97% | Ma-F1: 32.70% | We-F1: 36.44% | Loss: 10.0726
2026-05-15 12:33:14,337 [INFO]   [CKPT] Saved: ckpt_der_task04_r065_global345_acc31.9.pth

--- Task 4, Round 66/80 (Global 346) ---
2026-05-15 12:35:26,337 [INFO] Edge 0: [DER] Task 4 training round done.
2026-05-15 12:35:26,337 [INFO] Edge 1: [DER] Task 4 training round done.
2026-05-15 12:35:26,337 [INFO] Edge 2: [DER] Task 4 training round done.
2026-05-15 12:35:26,337 [INFO]   [Eval] Task 4, R 66: Acc: 32.18% | Prec-Mac: 52.20% | Rec-Mac: 52.06% | Mi-F1: 32.02% | Ma-F1: 32.83% | We-F1: 36.32% | Loss: 10.1230
2026-05-15 12:35:26,337 [INFO]   [CKPT] Saved: ckpt_der_task04_r066_global346_acc32.2.pth

--- Task 4, Round 67/80 (Global 347) ---
2026-05-15 12:38:19,337 [INFO] Edge 0: [DER] Task 4 training round done.
2026-05-15 12:38:19,337 [INFO] Edge 1: [DER] Task 4 training round done.
2026-05-15 12:38:19,337 [INFO] Edge 2: [DER] Task 4 training round done.
2026-05-15 12:38:19,337 [INFO]   [Eval] Task 4, R 67: Acc: 32.03% | Prec-Mac: 52.32% | Rec-Mac: 52.15% | Mi-F1: 32.02% | Ma-F1: 32.74% | We-F1: 36.38% | Loss: 10.1736
2026-05-15 12:38:19,337 [INFO]   [CKPT] Saved: ckpt_der_task04_r067_global347_acc32.0.pth

--- Task 4, Round 68/80 (Global 348) ---
2026-05-15 12:41:49,337 [INFO] Edge 0: [DER] Task 4 training round done.
2026-05-15 12:41:49,337 [INFO] Edge 1: [DER] Task 4 training round done.
2026-05-15 12:41:49,337 [INFO] Edge 2: [DER] Task 4 training round done.
2026-05-15 12:41:49,337 [INFO]   [Eval] Task 4, R 68: Acc: 32.01% | Prec-Mac: 52.33% | Rec-Mac: 51.92% | Mi-F1: 32.09% | Ma-F1: 32.89% | We-F1: 36.42% | Loss: 10.2245
2026-05-15 12:41:49,337 [INFO]   [CKPT] Saved: ckpt_der_task04_r068_global348_acc32.0.pth

--- Task 4, Round 69/80 (Global 349) ---
2026-05-15 12:45:40,337 [INFO] Edge 0: [DER] Task 4 training round done.
2026-05-15 12:45:40,337 [INFO] Edge 1: [DER] Task 4 training round done.
2026-05-15 12:45:40,337 [INFO] Edge 2: [DER] Task 4 training round done.
2026-05-15 12:45:40,337 [INFO]   [Eval] Task 4, R 69: Acc: 32.04% | Prec-Mac: 52.06% | Rec-Mac: 52.00% | Mi-F1: 32.01% | Ma-F1: 32.78% | We-F1: 36.43% | Loss: 10.2756
2026-05-15 12:45:40,337 [INFO]   [CKPT] Saved: ckpt_der_task04_r069_global349_acc32.0.pth

--- Task 4, Round 70/80 (Global 350) ---
2026-05-15 12:48:21,337 [INFO] Edge 0: [DER] Task 4 training round done.
2026-05-15 12:48:21,337 [INFO] Edge 1: [DER] Task 4 training round done.
2026-05-15 12:48:21,337 [INFO] Edge 2: [DER] Task 4 training round done.
2026-05-15 12:48:21,337 [INFO]   [Eval] Task 4, R 70: Acc: 31.93% | Prec-Mac: 52.22% | Rec-Mac: 52.25% | Mi-F1: 32.06% | Ma-F1: 32.88% | We-F1: 36.46% | Loss: 10.3270
2026-05-15 12:48:21,337 [INFO]   [CKPT] Saved: ckpt_der_task04_r070_global350_acc31.9.pth

--- Task 4, Round 71/80 (Global 351) ---
2026-05-15 12:51:57,337 [INFO] Edge 0: [DER] Task 4 training round done.
2026-05-15 12:51:57,337 [INFO] Edge 1: [DER] Task 4 training round done.
2026-05-15 12:51:57,337 [INFO] Edge 2: [DER] Task 4 training round done.
2026-05-15 12:51:57,337 [INFO]   [Eval] Task 4, R 71: Acc: 31.86% | Prec-Mac: 52.53% | Rec-Mac: 52.13% | Mi-F1: 31.95% | Ma-F1: 32.93% | We-F1: 36.40% | Loss: 10.3786
2026-05-15 12:51:57,337 [INFO]   [CKPT] Saved: ckpt_der_task04_r071_global351_acc31.9.pth

--- Task 4, Round 72/80 (Global 352) ---
2026-05-15 12:54:57,337 [INFO] Edge 0: [DER] Task 4 training round done.
2026-05-15 12:54:57,337 [INFO] Edge 1: [DER] Task 4 training round done.
2026-05-15 12:54:57,337 [INFO] Edge 2: [DER] Task 4 training round done.
2026-05-15 12:54:57,337 [INFO]   [Eval] Task 4, R 72: Acc: 32.02% | Prec-Mac: 52.34% | Rec-Mac: 52.09% | Mi-F1: 31.98% | Ma-F1: 32.70% | We-F1: 36.31% | Loss: 10.4305
2026-05-15 12:54:57,337 [INFO]   [CKPT] Saved: ckpt_der_task04_r072_global352_acc32.0.pth

--- Task 4, Round 73/80 (Global 353) ---
2026-05-15 12:56:57,337 [INFO] Edge 0: [DER] Task 4 training round done.
2026-05-15 12:56:57,337 [INFO] Edge 1: [DER] Task 4 training round done.
2026-05-15 12:56:57,337 [INFO] Edge 2: [DER] Task 4 training round done.
2026-05-15 12:56:57,337 [INFO]   [Eval] Task 4, R 73: Acc: 31.91% | Prec-Mac: 52.28% | Rec-Mac: 52.15% | Mi-F1: 32.13% | Ma-F1: 32.79% | We-F1: 36.38% | Loss: 10.4827
2026-05-15 12:56:57,337 [INFO]   [CKPT] Saved: ckpt_der_task04_r073_global353_acc31.9.pth

--- Task 4, Round 74/80 (Global 354) ---
2026-05-15 12:58:58,337 [INFO] Edge 0: [DER] Task 4 training round done.
2026-05-15 12:58:58,337 [INFO] Edge 1: [DER] Task 4 training round done.
2026-05-15 12:58:58,337 [INFO] Edge 2: [DER] Task 4 training round done.
2026-05-15 12:58:58,337 [INFO]   [Eval] Task 4, R 74: Acc: 31.97% | Prec-Mac: 52.09% | Rec-Mac: 52.17% | Mi-F1: 32.00% | Ma-F1: 32.93% | We-F1: 36.38% | Loss: 10.5351
2026-05-15 12:58:58,337 [INFO]   [CKPT] Saved: ckpt_der_task04_r074_global354_acc32.0.pth

--- Task 4, Round 75/80 (Global 355) ---
2026-05-15 13:01:49,337 [INFO] Edge 0: [DER] Task 4 training round done.
2026-05-15 13:01:49,337 [INFO] Edge 1: [DER] Task 4 training round done.
2026-05-15 13:01:49,337 [INFO] Edge 2: [DER] Task 4 training round done.
2026-05-15 13:01:49,337 [INFO]   [Eval] Task 4, R 75: Acc: 32.05% | Prec-Mac: 52.30% | Rec-Mac: 52.13% | Mi-F1: 31.92% | Ma-F1: 32.77% | We-F1: 36.40% | Loss: 10.5878
2026-05-15 13:01:49,337 [INFO]   [CKPT] Saved: ckpt_der_task04_r075_global355_acc32.1.pth

--- Task 4, Round 76/80 (Global 356) ---
2026-05-15 13:05:14,337 [INFO] Edge 0: [DER] Task 4 training round done.
2026-05-15 13:05:14,337 [INFO] Edge 1: [DER] Task 4 training round done.
2026-05-15 13:05:14,337 [INFO] Edge 2: [DER] Task 4 training round done.
2026-05-15 13:05:14,337 [INFO]   [Eval] Task 4, R 76: Acc: 32.09% | Prec-Mac: 52.32% | Rec-Mac: 52.10% | Mi-F1: 32.13% | Ma-F1: 32.74% | We-F1: 36.25% | Loss: 10.6407
2026-05-15 13:05:14,337 [INFO]   [CKPT] Saved: ckpt_der_task04_r076_global356_acc32.1.pth

--- Task 4, Round 77/80 (Global 357) ---
2026-05-15 13:08:07,337 [INFO] Edge 0: [DER] Task 4 training round done.
2026-05-15 13:08:07,337 [INFO] Edge 1: [DER] Task 4 training round done.
2026-05-15 13:08:07,337 [INFO] Edge 2: [DER] Task 4 training round done.
2026-05-15 13:08:07,337 [INFO]   [Eval] Task 4, R 77: Acc: 32.07% | Prec-Mac: 52.32% | Rec-Mac: 52.17% | Mi-F1: 31.96% | Ma-F1: 32.83% | We-F1: 36.34% | Loss: 10.6939
2026-05-15 13:08:07,337 [INFO]   [CKPT] Saved: ckpt_der_task04_r077_global357_acc32.1.pth

--- Task 4, Round 78/80 (Global 358) ---
2026-05-15 13:11:08,337 [INFO] Edge 0: [DER] Task 4 training round done.
2026-05-15 13:11:08,337 [INFO] Edge 1: [DER] Task 4 training round done.
2026-05-15 13:11:08,337 [INFO] Edge 2: [DER] Task 4 training round done.
2026-05-15 13:11:08,337 [INFO]   [Eval] Task 4, R 78: Acc: 32.06% | Prec-Mac: 52.24% | Rec-Mac: 52.01% | Mi-F1: 32.05% | Ma-F1: 32.77% | We-F1: 36.34% | Loss: 10.7474
2026-05-15 13:11:08,337 [INFO]   [CKPT] Saved: ckpt_der_task04_r078_global358_acc32.1.pth

--- Task 4, Round 79/80 (Global 359) ---
2026-05-15 13:15:03,337 [INFO] Edge 0: [DER] Task 4 training round done.
2026-05-15 13:15:03,337 [INFO] Edge 1: [DER] Task 4 training round done.
2026-05-15 13:15:03,337 [INFO] Edge 2: [DER] Task 4 training round done.
2026-05-15 13:15:03,337 [INFO]   [Eval] Task 4, R 79: Acc: 32.02% | Prec-Mac: 52.31% | Rec-Mac: 52.07% | Mi-F1: 31.98% | Ma-F1: 32.84% | We-F1: 36.33% | Loss: 10.8011
2026-05-15 13:15:03,337 [INFO]   [CKPT] Saved: ckpt_der_task04_r079_global359_acc32.0.pth

--- Task 4, Round 80/80 (Global 360) ---
2026-05-15 13:18:33,337 [INFO] Edge 0: [DER] Task 4 training round done.
2026-05-15 13:18:33,337 [INFO] Edge 1: [DER] Task 4 training round done.
2026-05-15 13:18:33,337 [INFO] Edge 2: [DER] Task 4 training round done.
2026-05-15 13:18:33,337 [INFO]   [Eval] Task 4, R 80: Acc: 31.97% | Prec-Mac: 51.99% | Rec-Mac: 52.01% | Mi-F1: 31.93% | Ma-F1: 32.83% | We-F1: 36.20% | Loss: 10.8551
2026-05-15 13:18:33,337 [INFO]   [CKPT] Saved: ckpt_der_task04_r080_global360_acc32.0.pth
