2026-05-13 15:02:53,734 [INFO] ============================================================
2026-05-13 15:02:53,734 [INFO] HFIN - Hierarchical Federated Class-Incremental Learning
2026-05-13 15:02:53,734 [INFO]    Network Intrusion Detection for IIoT
2026-05-13 15:02:53,735 [INFO] ============================================================
2026-05-13 15:02:53,735 [INFO] Device: cuda
2026-05-13 15:02:53,735 [INFO] Dataset: nf_uq_nids
2026-05-13 15:02:53,735 [INFO] Method: WA
2026-05-13 15:02:53,735 [INFO] Mode: TRAIN
2026-05-13 15:02:53,735 [INFO] Clients: 60, Edge Servers: 3
2026-05-13 15:02:53,735 [INFO] Base classes: 2, Task size: 2
2026-05-13 15:02:53,735 [INFO] Total classes: 11
2026-05-13 15:02:53,735 [INFO] 
[1/4] Loading global test data for NF_UQ_NIDS...
2026-05-13 15:02:59,820 [INFO] Features: 39, Global Test: 4861950
2026-05-13 15:02:59,821 [INFO] Total classes: 21 | Clients: 60 | Edges: 3
2026-05-13 15:03:00,367 [INFO] 
[2/4] Mapping 60 FL Clients to 3 Edge Server(s)...
2026-05-13 15:03:00,368 [INFO] 
[2/4] Mapping 60 FL Clients to 3 Edge Servers...
2026-05-13 15:03:00,368 [INFO] Edge-Client mapping: defaultdict(<class 'list'>, {0: [0, 1, 2, 3, 4, 5, 6, 7, 8, 9, 10, 11, 12, 13, 14, 15, 16, 17, 18, 19], 1: [20, 21, 22, 23, 24, 25, 26, 27, 28, 29, 30, 31, 32, 33, 34, 35, 36, 37, 38, 39], 2: [40, 41, 42, 43, 44, 45, 46, 47, 48, 49, 50, 51, 52, 53, 54, 55, 56, 57, 58, 59]})
2026-05-13 15:03:00,368 [INFO] 
[3/4] Initializing models...
2026-05-13 15:03:00,678 [INFO] 
[4/4] Starting training...
2026-05-13 15:03:00,678 [INFO] 
Loading data for Task 0 (Classes: [0, 1, 2, 3, 4])...
2026-05-13 15:04:05,365 [INFO] Expanded global model to 5 classes for Task 0
2026-05-13 15:04:05,376 [INFO] 
============================================================
2026-05-13 15:04:05,377 [INFO] Task 0/4 | Classes: [0, 1, 2, 3, 4] | 40 rounds | LR: 0.01
2026-05-13 15:04:05,377 [INFO] ============================================================
2026-05-13 15:04:05,377 [INFO] 
--- Task 0, Round 1/40 (Global 1) ---
2026-05-13 15:06:53,968 [INFO]   [Eval] Task 0, R 1: Acc: 92.61% | Prec-Mac: 91.22% | Rec-Mac: 90.98% | Mi-F1: 92.61% | Ma-F1: 90.67% | We-F1: 92.69% | Loss: 0.2353
2026-05-13 15:06:53,973 [INFO]   [CKPT] Saved: ckpt_wa_task00_r001_global001_acc92.6.pth
2026-05-13 15:06:53,973 [INFO] 
--- Task 0, Round 2/40 (Global 2) ---
2026-05-13 15:09:37,307 [INFO]   [Eval] Task 0, R 2: Acc: 94.50% | Prec-Mac: 92.17% | Rec-Mac: 94.27% | Mi-F1: 94.50% | Ma-F1: 92.91% | We-F1: 94.67% | Loss: 0.1662
2026-05-13 15:09:37,310 [INFO]   [CKPT] Saved: ckpt_wa_task00_r002_global002_acc94.5.pth
2026-05-13 15:09:37,311 [INFO] 
--- Task 0, Round 3/40 (Global 3) ---
2026-05-13 15:12:20,891 [INFO]   [Eval] Task 0, R 3: Acc: 95.55% | Prec-Mac: 93.09% | Rec-Mac: 95.22% | Mi-F1: 95.55% | Ma-F1: 93.92% | We-F1: 95.69% | Loss: 0.1314
2026-05-13 15:12:20,894 [INFO]   [CKPT] Saved: ckpt_wa_task00_r003_global003_acc95.5.pth
2026-05-13 15:12:20,895 [INFO] 
--- Task 0, Round 4/40 (Global 4) ---
2026-05-13 15:15:05,509 [INFO]   [Eval] Task 0, R 4: Acc: 95.57% | Prec-Mac: 92.90% | Rec-Mac: 95.03% | Mi-F1: 95.57% | Ma-F1: 93.85% | We-F1: 95.65% | Loss: 0.1303
2026-05-13 15:15:05,513 [INFO]   [CKPT] Saved: ckpt_wa_task00_r004_global004_acc95.6.pth
2026-05-13 15:15:05,513 [INFO] 
--- Task 0, Round 5/40 (Global 5) ---
2026-05-13 15:17:49,786 [INFO]   [Eval] Task 0, R 5: Acc: 95.62% | Prec-Mac: 93.15% | Rec-Mac: 95.37% | Mi-F1: 95.62% | Ma-F1: 94.03% | We-F1: 95.76% | Loss: 0.1337
2026-05-13 15:17:49,789 [INFO]   [CKPT] Saved: ckpt_wa_task00_r005_global005_acc95.6.pth
2026-05-13 15:17:49,789 [INFO] 
--- Task 0, Round 6/40 (Global 6) ---
2026-05-13 15:20:33,369 [INFO]   [Eval] Task 0, R 6: Acc: 95.68% | Prec-Mac: 93.21% | Rec-Mac: 95.48% | Mi-F1: 95.68% | Ma-F1: 94.12% | We-F1: 95.81% | Loss: 0.1259
2026-05-13 15:20:33,372 [INFO]   [CKPT] Saved: ckpt_wa_task00_r006_global006_acc95.7.pth
2026-05-13 15:20:33,372 [INFO] 
--- Task 0, Round 7/40 (Global 7) ---
2026-05-13 15:23:17,324 [INFO]   [Eval] Task 0, R 7: Acc: 95.78% | Prec-Mac: 93.35% | Rec-Mac: 95.57% | Mi-F1: 95.78% | Ma-F1: 94.22% | We-F1: 95.92% | Loss: 0.1207
2026-05-13 15:23:17,327 [INFO]   [CKPT] Saved: ckpt_wa_task00_r007_global007_acc95.8.pth
2026-05-13 15:23:17,328 [INFO] 
--- Task 0, Round 8/40 (Global 8) ---
2026-05-13 15:26:01,419 [INFO]   [Eval] Task 0, R 8: Acc: 95.71% | Prec-Mac: 93.24% | Rec-Mac: 95.53% | Mi-F1: 95.71% | Ma-F1: 94.14% | We-F1: 95.85% | Loss: 0.1412
2026-05-13 15:26:01,423 [INFO]   [CKPT] Saved: ckpt_wa_task00_r008_global008_acc95.7.pth
2026-05-13 15:26:01,423 [INFO] 
--- Task 0, Round 9/40 (Global 9) ---
2026-05-13 15:28:45,102 [INFO]   [Eval] Task 0, R 9: Acc: 95.60% | Prec-Mac: 93.09% | Rec-Mac: 95.43% | Mi-F1: 95.60% | Ma-F1: 93.99% | We-F1: 95.75% | Loss: 0.1300
2026-05-13 15:28:45,106 [INFO]   [CKPT] Saved: ckpt_wa_task00_r009_global009_acc95.6.pth
2026-05-13 15:28:45,106 [INFO] 
--- Task 0, Round 10/40 (Global 10) ---
2026-05-13 15:31:29,206 [INFO]   [Eval] Task 0, R 10: Acc: 95.69% | Prec-Mac: 93.02% | Rec-Mac: 95.20% | Mi-F1: 95.69% | Ma-F1: 93.99% | We-F1: 95.77% | Loss: 0.1276
2026-05-13 15:31:29,210 [INFO]   [CKPT] Saved: ckpt_wa_task00_r010_global010_acc95.7.pth
2026-05-13 15:31:29,210 [INFO] 
--- Task 0, Round 11/40 (Global 11) ---
2026-05-13 15:34:12,832 [INFO]   [Eval] Task 0, R 11: Acc: 95.70% | Prec-Mac: 93.06% | Rec-Mac: 95.15% | Mi-F1: 95.70% | Ma-F1: 94.00% | We-F1: 95.78% | Loss: 0.1254
2026-05-13 15:34:12,836 [INFO]   [CKPT] Saved: ckpt_wa_task00_r011_global011_acc95.7.pth
2026-05-13 15:34:12,836 [INFO] 
--- Task 0, Round 12/40 (Global 12) ---
2026-05-13 15:36:56,242 [INFO]   [Eval] Task 0, R 12: Acc: 95.77% | Prec-Mac: 93.33% | Rec-Mac: 95.61% | Mi-F1: 95.77% | Ma-F1: 94.22% | We-F1: 95.91% | Loss: 0.1153
2026-05-13 15:36:56,245 [INFO]   [CKPT] Saved: ckpt_wa_task00_r012_global012_acc95.8.pth
2026-05-13 15:36:56,245 [INFO] 
--- Task 0, Round 13/40 (Global 13) ---
2026-05-13 15:39:39,723 [INFO]   [Eval] Task 0, R 13: Acc: 95.83% | Prec-Mac: 93.40% | Rec-Mac: 95.66% | Mi-F1: 95.83% | Ma-F1: 94.28% | We-F1: 95.97% | Loss: 0.1195
2026-05-13 15:39:39,726 [INFO]   [CKPT] Saved: ckpt_wa_task00_r013_global013_acc95.8.pth
2026-05-13 15:39:39,726 [INFO] 
--- Task 0, Round 14/40 (Global 14) ---
2026-05-13 15:42:23,404 [INFO]   [Eval] Task 0, R 14: Acc: 95.91% | Prec-Mac: 93.54% | Rec-Mac: 95.72% | Mi-F1: 95.91% | Ma-F1: 94.39% | We-F1: 96.05% | Loss: 0.1134
2026-05-13 15:42:23,408 [INFO]   [CKPT] Saved: ckpt_wa_task00_r014_global014_acc95.9.pth
2026-05-13 15:42:23,408 [INFO] 
--- Task 0, Round 15/40 (Global 15) ---
2026-05-13 15:45:06,642 [INFO]   [Eval] Task 0, R 15: Acc: 95.85% | Prec-Mac: 93.47% | Rec-Mac: 95.66% | Mi-F1: 95.85% | Ma-F1: 94.31% | We-F1: 95.99% | Loss: 0.1162
2026-05-13 15:45:06,646 [INFO]   [CKPT] Saved: ckpt_wa_task00_r015_global015_acc95.8.pth
2026-05-13 15:45:06,646 [INFO] 
--- Task 0, Round 16/40 (Global 16) ---
2026-05-13 15:47:56,419 [INFO]   [Eval] Task 0, R 16: Acc: 95.75% | Prec-Mac: 93.36% | Rec-Mac: 95.51% | Mi-F1: 95.75% | Ma-F1: 94.20% | We-F1: 95.89% | Loss: 0.1231
2026-05-13 15:47:56,422 [INFO]   [CKPT] Saved: ckpt_wa_task00_r016_global016_acc95.8.pth
2026-05-13 15:47:56,422 [INFO] 
--- Task 0, Round 17/40 (Global 17) ---
2026-05-13 15:50:49,072 [INFO]   [Eval] Task 0, R 17: Acc: 95.35% | Prec-Mac: 93.10% | Rec-Mac: 94.85% | Mi-F1: 95.35% | Ma-F1: 93.69% | We-F1: 95.49% | Loss: 0.1363
2026-05-13 15:50:49,076 [INFO]   [CKPT] Saved: ckpt_wa_task00_r017_global017_acc95.3.pth
2026-05-13 15:50:49,076 [INFO] 
--- Task 0, Round 18/40 (Global 18) ---
2026-05-13 15:53:34,625 [INFO]   [Eval] Task 0, R 18: Acc: 95.62% | Prec-Mac: 93.15% | Rec-Mac: 95.37% | Mi-F1: 95.62% | Ma-F1: 94.04% | We-F1: 95.75% | Loss: 0.1279
2026-05-13 15:53:34,628 [INFO]   [CKPT] Saved: ckpt_wa_task00_r018_global018_acc95.6.pth
2026-05-13 15:53:34,628 [INFO] 
--- Task 0, Round 19/40 (Global 19) ---
2026-05-13 15:56:22,350 [INFO]   [Eval] Task 0, R 19: Acc: 86.87% | Prec-Mac: 86.59% | Rec-Mac: 82.36% | Mi-F1: 86.87% | Ma-F1: 81.02% | We-F1: 87.18% | Loss: 0.2178
2026-05-13 15:56:22,354 [INFO]   [CKPT] Saved: ckpt_wa_task00_r019_global019_acc86.9.pth
2026-05-13 15:56:22,354 [INFO] 
--- Task 0, Round 20/40 (Global 20) ---
2026-05-13 15:59:08,571 [INFO]   [Eval] Task 0, R 20: Acc: 95.73% | Prec-Mac: 93.12% | Rec-Mac: 95.23% | Mi-F1: 95.73% | Ma-F1: 94.07% | We-F1: 95.81% | Loss: 0.1246
2026-05-13 15:59:08,575 [INFO]   [CKPT] Saved: ckpt_wa_task00_r020_global020_acc95.7.pth
2026-05-13 15:59:08,575 [INFO] 
--- Task 0, Round 21/40 (Global 21) ---
2026-05-13 15:59:08,575 [INFO]    [LR DECAY] Round 20 reached milestone: New LR = 0.001
2026-05-13 16:01:51,095 [INFO]   [Eval] Task 0, R 21: Acc: 95.73% | Prec-Mac: 93.31% | Rec-Mac: 95.49% | Mi-F1: 95.73% | Ma-F1: 94.16% | We-F1: 95.86% | Loss: 0.1193
2026-05-13 16:01:51,099 [INFO]   [CKPT] Saved: ckpt_wa_task00_r021_global021_acc95.7.pth
2026-05-13 16:01:51,099 [INFO] 
--- Task 0, Round 22/40 (Global 22) ---
2026-05-13 16:04:34,051 [INFO]   [Eval] Task 0, R 22: Acc: 95.77% | Prec-Mac: 93.35% | Rec-Mac: 95.55% | Mi-F1: 95.77% | Ma-F1: 94.21% | We-F1: 95.90% | Loss: 0.1170
2026-05-13 16:04:34,054 [INFO]   [CKPT] Saved: ckpt_wa_task00_r022_global022_acc95.8.pth
2026-05-13 16:04:34,054 [INFO] 
--- Task 0, Round 23/40 (Global 23) ---
2026-05-13 16:07:17,155 [INFO]   [Eval] Task 0, R 23: Acc: 95.74% | Prec-Mac: 93.35% | Rec-Mac: 95.48% | Mi-F1: 95.74% | Ma-F1: 94.18% | We-F1: 95.88% | Loss: 0.1201
2026-05-13 16:07:17,158 [INFO]   [CKPT] Saved: ckpt_wa_task00_r023_global023_acc95.7.pth
2026-05-13 16:07:17,158 [INFO] 
--- Task 0, Round 24/40 (Global 24) ---
2026-05-13 16:09:59,178 [INFO]   [Eval] Task 0, R 24: Acc: 95.80% | Prec-Mac: 93.39% | Rec-Mac: 95.58% | Mi-F1: 95.80% | Ma-F1: 94.25% | We-F1: 95.93% | Loss: 0.1172
2026-05-13 16:09:59,181 [INFO]   [CKPT] Saved: ckpt_wa_task00_r024_global024_acc95.8.pth
2026-05-13 16:09:59,181 [INFO] 
--- Task 0, Round 25/40 (Global 25) ---
2026-05-13 16:12:41,008 [INFO]   [Eval] Task 0, R 25: Acc: 95.80% | Prec-Mac: 93.41% | Rec-Mac: 95.57% | Mi-F1: 95.80% | Ma-F1: 94.25% | We-F1: 95.94% | Loss: 0.1166
2026-05-13 16:12:41,011 [INFO]   [CKPT] Saved: ckpt_wa_task00_r025_global025_acc95.8.pth
2026-05-13 16:12:41,011 [INFO] 
--- Task 0, Round 26/40 (Global 26) ---
2026-05-13 16:15:26,031 [INFO]   [Eval] Task 0, R 26: Acc: 95.85% | Prec-Mac: 93.46% | Rec-Mac: 95.63% | Mi-F1: 95.85% | Ma-F1: 94.31% | We-F1: 95.99% | Loss: 0.1140
2026-05-13 16:15:26,034 [INFO]   [CKPT] Saved: ckpt_wa_task00_r026_global026_acc95.9.pth
2026-05-13 16:15:26,034 [INFO] 
--- Task 0, Round 27/40 (Global 27) ---
2026-05-13 16:18:10,412 [INFO]   [Eval] Task 0, R 27: Acc: 95.80% | Prec-Mac: 93.40% | Rec-Mac: 95.57% | Mi-F1: 95.80% | Ma-F1: 94.25% | We-F1: 95.93% | Loss: 0.1180
2026-05-13 16:18:10,415 [INFO]   [CKPT] Saved: ckpt_wa_task00_r027_global027_acc95.8.pth
2026-05-13 16:18:10,415 [INFO] 
--- Task 0, Round 28/40 (Global 28) ---
2026-05-13 16:20:56,408 [INFO]   [Eval] Task 0, R 28: Acc: 95.85% | Prec-Mac: 93.47% | Rec-Mac: 95.62% | Mi-F1: 95.85% | Ma-F1: 94.31% | We-F1: 95.99% | Loss: 0.1144
2026-05-13 16:20:56,411 [INFO]   [CKPT] Saved: ckpt_wa_task00_r028_global028_acc95.9.pth
2026-05-13 16:20:56,411 [INFO] 
--- Task 0, Round 29/40 (Global 29) ---
2026-05-13 16:23:48,774 [INFO]   [Eval] Task 0, R 29: Acc: 95.82% | Prec-Mac: 93.43% | Rec-Mac: 95.60% | Mi-F1: 95.82% | Ma-F1: 94.28% | We-F1: 95.96% | Loss: 0.1169
2026-05-13 16:23:48,778 [INFO]   [CKPT] Saved: ckpt_wa_task00_r029_global029_acc95.8.pth
2026-05-13 16:23:48,778 [INFO] 
--- Task 0, Round 30/40 (Global 30) ---
2026-05-13 16:26:41,895 [INFO]   [Eval] Task 0, R 30: Acc: 95.85% | Prec-Mac: 93.48% | Rec-Mac: 95.62% | Mi-F1: 95.85% | Ma-F1: 94.32% | We-F1: 95.99% | Loss: 0.1148
2026-05-13 16:26:41,899 [INFO]   [CKPT] Saved: ckpt_wa_task00_r030_global030_acc95.9.pth
2026-05-13 16:26:41,899 [INFO] 
--- Task 0, Round 31/40 (Global 31) ---
2026-05-13 16:26:41,899 [INFO]    [LR DECAY] Round 30 reached milestone: New LR = 0.0001
2026-05-13 16:29:33,463 [INFO]   [Eval] Task 0, R 31: Acc: 95.85% | Prec-Mac: 93.47% | Rec-Mac: 95.62% | Mi-F1: 95.85% | Ma-F1: 94.31% | We-F1: 95.99% | Loss: 0.1149
2026-05-13 16:29:33,467 [INFO]   [CKPT] Saved: ckpt_wa_task00_r031_global031_acc95.9.pth
2026-05-13 16:29:33,467 [INFO] 
--- Task 0, Round 32/40 (Global 32) ---
2026-05-13 16:32:23,715 [INFO]   [Eval] Task 0, R 32: Acc: 95.86% | Prec-Mac: 93.48% | Rec-Mac: 95.63% | Mi-F1: 95.86% | Ma-F1: 94.32% | We-F1: 95.99% | Loss: 0.1137
2026-05-13 16:32:23,718 [INFO]   [CKPT] Saved: ckpt_wa_task00_r032_global032_acc95.9.pth
2026-05-13 16:32:23,718 [INFO] 
--- Task 0, Round 33/40 (Global 33) ---
2026-05-13 16:35:09,582 [INFO]   [Eval] Task 0, R 33: Acc: 95.84% | Prec-Mac: 93.48% | Rec-Mac: 95.59% | Mi-F1: 95.84% | Ma-F1: 94.30% | We-F1: 95.97% | Loss: 0.1176
2026-05-13 16:35:09,585 [INFO]   [CKPT] Saved: ckpt_wa_task00_r033_global033_acc95.8.pth
2026-05-13 16:35:09,586 [INFO] 
--- Task 0, Round 34/40 (Global 34) ---
2026-05-13 16:37:55,460 [INFO]   [Eval] Task 0, R 34: Acc: 95.81% | Prec-Mac: 93.44% | Rec-Mac: 95.57% | Mi-F1: 95.81% | Ma-F1: 94.27% | We-F1: 95.95% | Loss: 0.1183
2026-05-13 16:37:55,463 [INFO]   [CKPT] Saved: ckpt_wa_task00_r034_global034_acc95.8.pth
2026-05-13 16:37:55,464 [INFO] 
--- Task 0, Round 35/40 (Global 35) ---
2026-05-13 16:40:41,149 [INFO]   [Eval] Task 0, R 35: Acc: 95.83% | Prec-Mac: 93.48% | Rec-Mac: 95.59% | Mi-F1: 95.83% | Ma-F1: 94.30% | We-F1: 95.97% | Loss: 0.1183
2026-05-13 16:40:41,153 [INFO]   [CKPT] Saved: ckpt_wa_task00_r035_global035_acc95.8.pth
2026-05-13 16:40:41,153 [INFO] 
--- Task 0, Round 36/40 (Global 36) ---
2026-05-13 16:43:26,272 [INFO]   [Eval] Task 0, R 36: Acc: 95.05% | Prec-Mac: 92.64% | Rec-Mac: 94.77% | Mi-F1: 95.05% | Ma-F1: 93.48% | We-F1: 95.17% | Loss: 0.1779
2026-05-13 16:43:26,275 [INFO]   [CKPT] Saved: ckpt_wa_task00_r036_global036_acc95.0.pth
2026-05-13 16:43:26,275 [INFO] 
--- Task 0, Round 37/40 (Global 37) ---
2026-05-13 16:46:11,107 [INFO]   [Eval] Task 0, R 37: Acc: 95.87% | Prec-Mac: 93.48% | Rec-Mac: 95.65% | Mi-F1: 95.87% | Ma-F1: 94.33% | We-F1: 96.00% | Loss: 0.1147
2026-05-13 16:46:11,110 [INFO]   [CKPT] Saved: ckpt_wa_task00_r037_global037_acc95.9.pth
2026-05-13 16:46:11,110 [INFO] 
--- Task 0, Round 38/40 (Global 38) ---
2026-05-13 16:48:59,291 [INFO]   [Eval] Task 0, R 38: Acc: 95.75% | Prec-Mac: 93.36% | Rec-Mac: 95.49% | Mi-F1: 95.75% | Ma-F1: 94.19% | We-F1: 95.88% | Loss: 0.1344
2026-05-13 16:48:59,294 [INFO]   [CKPT] Saved: ckpt_wa_task00_r038_global038_acc95.7.pth
2026-05-13 16:48:59,295 [INFO] 
--- Task 0, Round 39/40 (Global 39) ---
2026-05-13 16:51:59,531 [INFO]   [Eval] Task 0, R 39: Acc: 95.82% | Prec-Mac: 93.46% | Rec-Mac: 95.58% | Mi-F1: 95.82% | Ma-F1: 94.28% | We-F1: 95.96% | Loss: 0.1195
2026-05-13 16:51:59,535 [INFO]   [CKPT] Saved: ckpt_wa_task00_r039_global039_acc95.8.pth
2026-05-13 16:51:59,535 [INFO] 
--- Task 0, Round 40/40 (Global 40) ---
2026-05-13 16:57:22,741 [INFO] Edge 0: Memory updated at end of task. Total stored: 15000 samples across 5 classes.
2026-05-13 17:02:45,995 [INFO] Edge 1: Memory updated at end of task. Total stored: 15000 samples across 5 classes.
2026-05-13 17:08:22,663 [INFO] Edge 2: Memory updated at end of task. Total stored: 15000 samples across 5 classes.
2026-05-13 17:10:00,962 [INFO]   [Eval] Task 0, R 40: Acc: 95.92% | Prec-Mac: 93.54% | Rec-Mac: 95.70% | Mi-F1: 95.92% | Ma-F1: 94.38% | We-F1: 96.05% | Loss: 0.1114
2026-05-13 17:10:01,534 [INFO]   [CKPT] Saved: ckpt_wa_task00_r040_global040_acc95.9.pth
2026-05-13 17:10:01,534 [INFO] 
Loading data for Task 1 (Classes: [5, 6, 7, 8])...
2026-05-13 17:10:11,201 [INFO] Expanded global model to 9 classes for Task 1
2026-05-13 17:10:11,213 [INFO] 
============================================================
2026-05-13 17:10:11,213 [INFO] Task 1/4 | Classes: [5, 6, 7, 8] | 80 rounds | LR: 0.02
2026-05-13 17:10:11,214 [INFO] ============================================================
2026-05-13 17:10:11,214 [INFO] 
--- Task 1, Round 1/80 (Global 41) ---
2026-05-13 17:10:11,273 [INFO] Edge 0: Balanced replay 15000->60000 (4x) for 251481 new samples.
2026-05-13 17:10:17,077 [INFO] Edge 1: Balanced replay 15000->60000 (4x) for 251481 new samples.
2026-05-13 17:10:22,452 [INFO] Edge 2: Balanced replay 15000->60000 (4x) for 251481 new samples.
2026-05-13 17:12:22,181 [INFO]   [Eval] Task 1, R 1: Acc: 61.22% | Prec-Mac: 53.16% | Rec-Mac: 60.14% | Mi-F1: 61.22% | Ma-F1: 50.01% | We-F1: 61.19% | Loss: 1.9242
2026-05-13 17:12:22,752 [INFO]   [CKPT] Saved: ckpt_wa_task01_r001_global041_acc61.2.pth
2026-05-13 17:12:22,752 [INFO] 
--- Task 1, Round 2/80 (Global 42) ---
2026-05-13 17:12:22,809 [INFO] Edge 0: Balanced replay 15000->60000 (4x) for 251480 new samples.
2026-05-13 17:12:28,218 [INFO] Edge 1: Balanced replay 15000->60000 (4x) for 251481 new samples.
2026-05-13 17:12:33,347 [INFO] Edge 2: Balanced replay 15000->60000 (4x) for 251481 new samples.
2026-05-13 17:14:32,773 [INFO]   [Eval] Task 1, R 2: Acc: 67.67% | Prec-Mac: 60.70% | Rec-Mac: 74.09% | Mi-F1: 67.67% | Ma-F1: 61.57% | We-F1: 70.06% | Loss: 2.1569
2026-05-13 17:14:33,528 [INFO]   [CKPT] Saved: ckpt_wa_task01_r002_global042_acc67.7.pth
2026-05-13 17:14:33,528 [INFO] 
--- Task 1, Round 3/80 (Global 43) ---
2026-05-13 17:14:33,586 [INFO] Edge 0: Balanced replay 15000->60000 (4x) for 251482 new samples.
2026-05-13 17:14:38,825 [INFO] Edge 1: Balanced replay 15000->60000 (4x) for 251481 new samples.
2026-05-13 17:14:44,155 [INFO] Edge 2: Balanced replay 15000->60000 (4x) for 251481 new samples.
2026-05-13 17:16:44,637 [INFO]   [Eval] Task 1, R 3: Acc: 65.65% | Prec-Mac: 59.22% | Rec-Mac: 72.29% | Mi-F1: 65.65% | Ma-F1: 59.56% | We-F1: 68.87% | Loss: 1.9442
2026-05-13 17:16:45,198 [INFO]   [CKPT] Saved: ckpt_wa_task01_r003_global043_acc65.7.pth
2026-05-13 17:16:45,198 [INFO] 
--- Task 1, Round 4/80 (Global 44) ---
2026-05-13 17:16:45,253 [INFO] Edge 0: Balanced replay 15000->60000 (4x) for 251483 new samples.
2026-05-13 17:16:50,718 [INFO] Edge 1: Balanced replay 15000->60000 (4x) for 251482 new samples.
2026-05-13 17:16:56,065 [INFO] Edge 2: Balanced replay 15000->60000 (4x) for 251480 new samples.
2026-05-13 17:18:56,094 [INFO]   [Eval] Task 1, R 4: Acc: 65.30% | Prec-Mac: 59.74% | Rec-Mac: 73.37% | Mi-F1: 65.30% | Ma-F1: 59.73% | We-F1: 68.36% | Loss: 2.0966
2026-05-13 17:18:56,658 [INFO]   [CKPT] Saved: ckpt_wa_task01_r004_global044_acc65.3.pth
2026-05-13 17:18:56,658 [INFO] 
--- Task 1, Round 5/80 (Global 45) ---
2026-05-13 17:18:56,718 [INFO] Edge 0: Balanced replay 15000->60000 (4x) for 251482 new samples.
2026-05-13 17:19:02,159 [INFO] Edge 1: Balanced replay 15000->60000 (4x) for 251482 new samples.
2026-05-13 17:19:07,239 [INFO] Edge 2: Balanced replay 15000->60000 (4x) for 251481 new samples.
2026-05-13 17:21:07,361 [INFO]   [Eval] Task 1, R 5: Acc: 63.07% | Prec-Mac: 60.01% | Rec-Mac: 73.40% | Mi-F1: 63.07% | Ma-F1: 58.54% | We-F1: 66.28% | Loss: 2.2905
2026-05-13 17:21:07,957 [INFO]   [CKPT] Saved: ckpt_wa_task01_r005_global045_acc63.1.pth
2026-05-13 17:21:07,957 [INFO] 
--- Task 1, Round 6/80 (Global 46) ---
2026-05-13 17:21:08,015 [INFO] Edge 0: Balanced replay 15000->60000 (4x) for 251482 new samples.
2026-05-13 17:21:13,219 [INFO] Edge 1: Balanced replay 15000->60000 (4x) for 251480 new samples.
2026-05-13 17:21:18,451 [INFO] Edge 2: Balanced replay 15000->60000 (4x) for 251482 new samples.
2026-05-13 17:23:18,335 [INFO]   [Eval] Task 1, R 6: Acc: 64.21% | Prec-Mac: 60.64% | Rec-Mac: 74.42% | Mi-F1: 64.21% | Ma-F1: 59.69% | We-F1: 67.40% | Loss: 2.1823
2026-05-13 17:23:18,902 [INFO]   [CKPT] Saved: ckpt_wa_task01_r006_global046_acc64.2.pth
2026-05-13 17:23:18,902 [INFO] 
--- Task 1, Round 7/80 (Global 47) ---
2026-05-13 17:23:18,958 [INFO] Edge 0: Balanced replay 15000->60000 (4x) for 251481 new samples.
2026-05-13 17:23:24,055 [INFO] Edge 1: Balanced replay 15000->60000 (4x) for 251480 new samples.
2026-05-13 17:23:29,286 [INFO] Edge 2: Balanced replay 15000->60000 (4x) for 251480 new samples.
2026-05-13 17:25:28,843 [INFO]   [Eval] Task 1, R 7: Acc: 63.52% | Prec-Mac: 61.40% | Rec-Mac: 74.19% | Mi-F1: 63.52% | Ma-F1: 59.32% | We-F1: 67.10% | Loss: 2.3007
2026-05-13 17:25:29,407 [INFO]   [CKPT] Saved: ckpt_wa_task01_r007_global047_acc63.5.pth
2026-05-13 17:25:29,407 [INFO] 
--- Task 1, Round 8/80 (Global 48) ---
2026-05-13 17:25:29,464 [INFO] Edge 0: Balanced replay 15000->60000 (4x) for 251482 new samples.
2026-05-13 17:25:34,838 [INFO] Edge 1: Balanced replay 15000->60000 (4x) for 251481 new samples.
2026-05-13 17:25:40,166 [INFO] Edge 2: Balanced replay 15000->60000 (4x) for 251480 new samples.
2026-05-13 17:27:38,522 [INFO]   [Eval] Task 1, R 8: Acc: 63.83% | Prec-Mac: 60.82% | Rec-Mac: 73.52% | Mi-F1: 63.83% | Ma-F1: 59.08% | We-F1: 67.66% | Loss: 2.2688
2026-05-13 17:27:39,070 [INFO]   [CKPT] Saved: ckpt_wa_task01_r008_global048_acc63.8.pth
2026-05-13 17:27:39,071 [INFO] 
--- Task 1, Round 9/80 (Global 49) ---
2026-05-13 17:27:39,127 [INFO] Edge 0: Balanced replay 15000->60000 (4x) for 251483 new samples.
2026-05-13 17:27:44,261 [INFO] Edge 1: Balanced replay 15000->60000 (4x) for 251481 new samples.
2026-05-13 17:27:49,374 [INFO] Edge 2: Balanced replay 15000->60000 (4x) for 251480 new samples.
2026-05-13 17:29:46,888 [INFO]   [Eval] Task 1, R 9: Acc: 62.91% | Prec-Mac: 60.95% | Rec-Mac: 73.63% | Mi-F1: 62.91% | Ma-F1: 58.42% | We-F1: 66.52% | Loss: 2.4530
2026-05-13 17:29:47,462 [INFO]   [CKPT] Saved: ckpt_wa_task01_r009_global049_acc62.9.pth
2026-05-13 17:29:47,462 [INFO] 
--- Task 1, Round 10/80 (Global 50) ---
2026-05-13 17:29:47,515 [INFO] Edge 0: Balanced replay 15000->60000 (4x) for 251481 new samples.
2026-05-13 17:29:52,873 [INFO] Edge 1: Balanced replay 15000->60000 (4x) for 251481 new samples.
2026-05-13 17:29:57,918 [INFO] Edge 2: Balanced replay 15000->60000 (4x) for 251481 new samples.
2026-05-13 17:31:57,112 [INFO]   [Eval] Task 1, R 10: Acc: 63.47% | Prec-Mac: 61.10% | Rec-Mac: 73.97% | Mi-F1: 63.47% | Ma-F1: 58.82% | We-F1: 67.16% | Loss: 2.4253
2026-05-13 17:31:57,667 [INFO]   [CKPT] Saved: ckpt_wa_task01_r010_global050_acc63.5.pth
2026-05-13 17:31:57,667 [INFO] 
--- Task 1, Round 11/80 (Global 51) ---
2026-05-13 17:31:57,725 [INFO] Edge 0: Balanced replay 15000->60000 (4x) for 251482 new samples.
2026-05-13 17:32:02,899 [INFO] Edge 1: Balanced replay 15000->60000 (4x) for 251481 new samples.
2026-05-13 17:32:08,165 [INFO] Edge 2: Balanced replay 15000->60000 (4x) for 251481 new samples.
2026-05-13 17:34:06,664 [INFO]   [Eval] Task 1, R 11: Acc: 63.63% | Prec-Mac: 61.20% | Rec-Mac: 73.98% | Mi-F1: 63.63% | Ma-F1: 59.00% | We-F1: 67.33% | Loss: 2.4138
2026-05-13 17:34:07,230 [INFO]   [CKPT] Saved: ckpt_wa_task01_r011_global051_acc63.6.pth
2026-05-13 17:34:07,231 [INFO] 
--- Task 1, Round 12/80 (Global 52) ---
2026-05-13 17:34:07,287 [INFO] Edge 0: Balanced replay 15000->60000 (4x) for 251482 new samples.
2026-05-13 17:34:12,617 [INFO] Edge 1: Balanced replay 15000->60000 (4x) for 251481 new samples.
2026-05-13 17:34:17,835 [INFO] Edge 2: Balanced replay 15000->60000 (4x) for 251479 new samples.
2026-05-13 17:36:15,448 [INFO]   [Eval] Task 1, R 12: Acc: 64.63% | Prec-Mac: 61.31% | Rec-Mac: 74.72% | Mi-F1: 64.63% | Ma-F1: 59.61% | We-F1: 68.23% | Loss: 2.3790
2026-05-13 17:36:15,993 [INFO]   [CKPT] Saved: ckpt_wa_task01_r012_global052_acc64.6.pth
2026-05-13 17:36:15,993 [INFO] 
--- Task 1, Round 13/80 (Global 53) ---
2026-05-13 17:36:16,047 [INFO] Edge 0: Balanced replay 15000->60000 (4x) for 251482 new samples.
2026-05-13 17:36:21,428 [INFO] Edge 1: Balanced replay 15000->60000 (4x) for 251481 new samples.
2026-05-13 17:36:26,451 [INFO] Edge 2: Balanced replay 15000->60000 (4x) for 251480 new samples.
2026-05-13 17:38:24,391 [INFO]   [Eval] Task 1, R 13: Acc: 64.67% | Prec-Mac: 61.27% | Rec-Mac: 74.49% | Mi-F1: 64.67% | Ma-F1: 59.96% | We-F1: 68.38% | Loss: 2.3721
2026-05-13 17:38:24,955 [INFO]   [CKPT] Saved: ckpt_wa_task01_r013_global053_acc64.7.pth
2026-05-13 17:38:24,955 [INFO] 
--- Task 1, Round 14/80 (Global 54) ---
2026-05-13 17:38:25,008 [INFO] Edge 0: Balanced replay 15000->60000 (4x) for 251482 new samples.
2026-05-13 17:38:30,344 [INFO] Edge 1: Balanced replay 15000->60000 (4x) for 251479 new samples.
2026-05-13 17:38:35,370 [INFO] Edge 2: Balanced replay 15000->60000 (4x) for 251481 new samples.
2026-05-13 17:40:32,741 [INFO]   [Eval] Task 1, R 14: Acc: 64.21% | Prec-Mac: 61.31% | Rec-Mac: 74.74% | Mi-F1: 64.21% | Ma-F1: 59.54% | We-F1: 67.72% | Loss: 2.4283
2026-05-13 17:40:33,296 [INFO]   [CKPT] Saved: ckpt_wa_task01_r014_global054_acc64.2.pth
2026-05-13 17:40:33,296 [INFO] 
--- Task 1, Round 15/80 (Global 55) ---
2026-05-13 17:40:33,351 [INFO] Edge 0: Balanced replay 15000->60000 (4x) for 251482 new samples.
2026-05-13 17:40:38,541 [INFO] Edge 1: Balanced replay 15000->60000 (4x) for 251480 new samples.
2026-05-13 17:40:43,785 [INFO] Edge 2: Balanced replay 15000->60000 (4x) for 251481 new samples.
2026-05-13 17:42:41,779 [INFO]   [Eval] Task 1, R 15: Acc: 63.99% | Prec-Mac: 61.16% | Rec-Mac: 74.38% | Mi-F1: 63.99% | Ma-F1: 59.15% | We-F1: 67.63% | Loss: 2.4330
2026-05-13 17:42:42,340 [INFO]   [CKPT] Saved: ckpt_wa_task01_r015_global055_acc64.0.pth
2026-05-13 17:42:42,340 [INFO] 
--- Task 1, Round 16/80 (Global 56) ---
2026-05-13 17:42:42,399 [INFO] Edge 0: Balanced replay 15000->60000 (4x) for 251483 new samples.
2026-05-13 17:42:47,707 [INFO] Edge 1: Balanced replay 15000->60000 (4x) for 251479 new samples.
2026-05-13 17:42:52,945 [INFO] Edge 2: Balanced replay 15000->60000 (4x) for 251479 new samples.
2026-05-13 17:44:50,699 [INFO]   [Eval] Task 1, R 16: Acc: 65.01% | Prec-Mac: 61.42% | Rec-Mac: 75.37% | Mi-F1: 65.01% | Ma-F1: 60.04% | We-F1: 68.48% | Loss: 2.4224
2026-05-13 17:44:51,268 [INFO]   [CKPT] Saved: ckpt_wa_task01_r016_global056_acc65.0.pth
2026-05-13 17:44:51,269 [INFO] 
--- Task 1, Round 17/80 (Global 57) ---
2026-05-13 17:44:51,322 [INFO] Edge 0: Balanced replay 15000->60000 (4x) for 251481 new samples.
2026-05-13 17:44:56,641 [INFO] Edge 1: Balanced replay 15000->60000 (4x) for 251481 new samples.
2026-05-13 17:45:01,703 [INFO] Edge 2: Balanced replay 15000->60000 (4x) for 251481 new samples.
2026-05-13 17:46:59,244 [INFO]   [Eval] Task 1, R 17: Acc: 65.07% | Prec-Mac: 61.62% | Rec-Mac: 75.34% | Mi-F1: 65.07% | Ma-F1: 60.25% | We-F1: 68.51% | Loss: 2.3977
2026-05-13 17:46:59,798 [INFO]   [CKPT] Saved: ckpt_wa_task01_r017_global057_acc65.1.pth
2026-05-13 17:46:59,798 [INFO] 
--- Task 1, Round 18/80 (Global 58) ---
2026-05-13 17:46:59,854 [INFO] Edge 0: Balanced replay 15000->60000 (4x) for 251481 new samples.
2026-05-13 17:47:05,079 [INFO] Edge 1: Balanced replay 15000->60000 (4x) for 251480 new samples.
2026-05-13 17:47:10,008 [INFO] Edge 2: Balanced replay 15000->60000 (4x) for 251480 new samples.
2026-05-13 17:49:07,138 [INFO]   [Eval] Task 1, R 18: Acc: 64.37% | Prec-Mac: 61.50% | Rec-Mac: 74.65% | Mi-F1: 64.37% | Ma-F1: 59.70% | We-F1: 67.95% | Loss: 2.4167
2026-05-13 17:49:07,705 [INFO]   [CKPT] Saved: ckpt_wa_task01_r018_global058_acc64.4.pth
2026-05-13 17:49:07,706 [INFO] 
--- Task 1, Round 19/80 (Global 59) ---
2026-05-13 17:49:07,763 [INFO] Edge 0: Balanced replay 15000->60000 (4x) for 251483 new samples.
2026-05-13 17:49:12,911 [INFO] Edge 1: Balanced replay 15000->60000 (4x) for 251481 new samples.
2026-05-13 17:49:18,125 [INFO] Edge 2: Balanced replay 15000->60000 (4x) for 251480 new samples.
2026-05-13 17:51:15,722 [INFO]   [Eval] Task 1, R 19: Acc: 63.87% | Prec-Mac: 61.10% | Rec-Mac: 74.32% | Mi-F1: 63.87% | Ma-F1: 59.03% | We-F1: 67.53% | Loss: 2.4244
2026-05-13 17:51:16,284 [INFO]   [CKPT] Saved: ckpt_wa_task01_r019_global059_acc63.9.pth
2026-05-13 17:51:16,284 [INFO] 
--- Task 1, Round 20/80 (Global 60) ---
2026-05-13 17:51:16,338 [INFO] Edge 0: Balanced replay 15000->60000 (4x) for 251481 new samples.
2026-05-13 17:51:21,650 [INFO] Edge 1: Balanced replay 15000->60000 (4x) for 251480 new samples.
2026-05-13 17:51:26,677 [INFO] Edge 2: Balanced replay 15000->60000 (4x) for 251483 new samples.
2026-05-13 17:53:23,041 [INFO]   [Eval] Task 1, R 20: Acc: 64.28% | Prec-Mac: 61.02% | Rec-Mac: 74.57% | Mi-F1: 64.28% | Ma-F1: 59.21% | We-F1: 67.82% | Loss: 2.4367
2026-05-13 17:53:23,571 [INFO]   [CKPT] Saved: ckpt_wa_task01_r020_global060_acc64.3.pth
2026-05-13 17:53:23,571 [INFO] 
--- Task 1, Round 21/80 (Global 61) ---
2026-05-13 17:53:23,625 [INFO] Edge 0: Balanced replay 15000->60000 (4x) for 251482 new samples.
2026-05-13 17:53:28,609 [INFO] Edge 1: Balanced replay 15000->60000 (4x) for 251481 new samples.
2026-05-13 17:53:33,286 [INFO] Edge 2: Balanced replay 15000->60000 (4x) for 251482 new samples.
2026-05-13 17:55:26,888 [INFO]   [Eval] Task 1, R 21: Acc: 64.32% | Prec-Mac: 61.17% | Rec-Mac: 75.03% | Mi-F1: 64.32% | Ma-F1: 59.49% | We-F1: 67.78% | Loss: 2.4529
2026-05-13 17:55:27,398 [INFO]   [CKPT] Saved: ckpt_wa_task01_r021_global061_acc64.3.pth
2026-05-13 17:55:27,398 [INFO] 
--- Task 1, Round 22/80 (Global 62) ---
2026-05-13 17:55:27,450 [INFO] Edge 0: Balanced replay 15000->60000 (4x) for 251482 new samples.
2026-05-13 17:55:32,265 [INFO] Edge 1: Balanced replay 15000->60000 (4x) for 251481 new samples.
2026-05-13 17:55:36,809 [INFO] Edge 2: Balanced replay 15000->60000 (4x) for 251481 new samples.
2026-05-13 17:57:30,275 [INFO]   [Eval] Task 1, R 22: Acc: 65.21% | Prec-Mac: 61.27% | Rec-Mac: 75.39% | Mi-F1: 65.21% | Ma-F1: 60.04% | We-F1: 68.56% | Loss: 2.3750
2026-05-13 17:57:30,810 [INFO]   [CKPT] Saved: ckpt_wa_task01_r022_global062_acc65.2.pth
2026-05-13 17:57:30,810 [INFO] 
--- Task 1, Round 23/80 (Global 63) ---
2026-05-13 17:57:30,865 [INFO] Edge 0: Balanced replay 15000->60000 (4x) for 251481 new samples.
2026-05-13 17:57:35,786 [INFO] Edge 1: Balanced replay 15000->60000 (4x) for 251481 new samples.
2026-05-13 17:57:40,851 [INFO] Edge 2: Balanced replay 15000->60000 (4x) for 251481 new samples.
2026-05-13 17:59:34,658 [INFO]   [Eval] Task 1, R 23: Acc: 64.67% | Prec-Mac: 61.33% | Rec-Mac: 74.79% | Mi-F1: 64.67% | Ma-F1: 59.61% | We-F1: 68.33% | Loss: 2.4217
2026-05-13 17:59:35,185 [INFO]   [CKPT] Saved: ckpt_wa_task01_r023_global063_acc64.7.pth
2026-05-13 17:59:35,185 [INFO] 
--- Task 1, Round 24/80 (Global 64) ---
2026-05-13 17:59:35,237 [INFO] Edge 0: Balanced replay 15000->60000 (4x) for 251481 new samples.
2026-05-13 17:59:40,400 [INFO] Edge 1: Balanced replay 15000->60000 (4x) for 251481 new samples.
2026-05-13 17:59:45,449 [INFO] Edge 2: Balanced replay 15000->60000 (4x) for 251480 new samples.
2026-05-13 18:01:40,527 [INFO]   [Eval] Task 1, R 24: Acc: 63.64% | Prec-Mac: 61.01% | Rec-Mac: 74.35% | Mi-F1: 63.64% | Ma-F1: 58.84% | We-F1: 67.30% | Loss: 2.4837
2026-05-13 18:01:41,076 [INFO]   [CKPT] Saved: ckpt_wa_task01_r024_global064_acc63.6.pth
2026-05-13 18:01:41,077 [INFO] 
--- Task 1, Round 25/80 (Global 65) ---
2026-05-13 18:01:41,131 [INFO] Edge 0: Balanced replay 15000->60000 (4x) for 251481 new samples.
2026-05-13 18:01:46,259 [INFO] Edge 1: Balanced replay 15000->60000 (4x) for 251480 new samples.
2026-05-13 18:01:51,134 [INFO] Edge 2: Balanced replay 15000->60000 (4x) for 251481 new samples.
2026-05-13 18:03:47,532 [INFO]   [Eval] Task 1, R 25: Acc: 64.87% | Prec-Mac: 61.14% | Rec-Mac: 75.34% | Mi-F1: 64.87% | Ma-F1: 59.77% | We-F1: 68.24% | Loss: 2.4411
2026-05-13 18:03:48,099 [INFO]   [CKPT] Saved: ckpt_wa_task01_r025_global065_acc64.9.pth
2026-05-13 18:03:48,100 [INFO] 
--- Task 1, Round 26/80 (Global 66) ---
2026-05-13 18:03:48,160 [INFO] Edge 0: Balanced replay 15000->60000 (4x) for 251482 new samples.
2026-05-13 18:03:53,307 [INFO] Edge 1: Balanced replay 15000->60000 (4x) for 251480 new samples.
2026-05-13 18:03:58,335 [INFO] Edge 2: Balanced replay 15000->60000 (4x) for 251479 new samples.
2026-05-13 18:05:54,167 [INFO]   [Eval] Task 1, R 26: Acc: 64.42% | Prec-Mac: 59.98% | Rec-Mac: 73.64% | Mi-F1: 64.42% | Ma-F1: 59.44% | We-F1: 67.99% | Loss: 2.4489
2026-05-13 18:05:54,709 [INFO]   [CKPT] Saved: ckpt_wa_task01_r026_global066_acc64.4.pth
2026-05-13 18:05:54,709 [INFO] 
--- Task 1, Round 27/80 (Global 67) ---
2026-05-13 18:05:54,765 [INFO] Edge 0: Balanced replay 15000->60000 (4x) for 251481 new samples.
2026-05-13 18:05:59,763 [INFO] Edge 1: Balanced replay 15000->60000 (4x) for 251481 new samples.
2026-05-13 18:06:04,852 [INFO] Edge 2: Balanced replay 15000->60000 (4x) for 251481 new samples.
2026-05-13 18:08:00,217 [INFO]   [Eval] Task 1, R 27: Acc: 64.31% | Prec-Mac: 60.64% | Rec-Mac: 74.72% | Mi-F1: 64.31% | Ma-F1: 59.59% | We-F1: 67.60% | Loss: 2.4699
2026-05-13 18:08:00,738 [INFO]   [CKPT] Saved: ckpt_wa_task01_r027_global067_acc64.3.pth
2026-05-13 18:08:00,739 [INFO] 
--- Task 1, Round 28/80 (Global 68) ---
2026-05-13 18:08:00,791 [INFO] Edge 0: Balanced replay 15000->60000 (4x) for 251482 new samples.
2026-05-13 18:08:05,705 [INFO] Edge 1: Balanced replay 15000->60000 (4x) for 251481 new samples.
2026-05-13 18:08:10,734 [INFO] Edge 2: Balanced replay 15000->60000 (4x) for 251482 new samples.
2026-05-13 18:10:06,998 [INFO]   [Eval] Task 1, R 28: Acc: 64.82% | Prec-Mac: 61.22% | Rec-Mac: 75.31% | Mi-F1: 64.82% | Ma-F1: 59.94% | We-F1: 68.13% | Loss: 2.4763
2026-05-13 18:10:07,548 [INFO]   [CKPT] Saved: ckpt_wa_task01_r028_global068_acc64.8.pth
2026-05-13 18:10:07,548 [INFO] 
--- Task 1, Round 29/80 (Global 69) ---
2026-05-13 18:10:07,601 [INFO] Edge 0: Balanced replay 15000->60000 (4x) for 251481 new samples.
2026-05-13 18:10:12,946 [INFO] Edge 1: Balanced replay 15000->60000 (4x) for 251480 new samples.
2026-05-13 18:10:17,927 [INFO] Edge 2: Balanced replay 15000->60000 (4x) for 251480 new samples.
2026-05-13 18:12:13,187 [INFO]   [Eval] Task 1, R 29: Acc: 64.34% | Prec-Mac: 60.42% | Rec-Mac: 74.44% | Mi-F1: 64.34% | Ma-F1: 59.55% | We-F1: 67.72% | Loss: 2.4429
2026-05-13 18:12:13,708 [INFO]   [CKPT] Saved: ckpt_wa_task01_r029_global069_acc64.3.pth
2026-05-13 18:12:13,708 [INFO] 
--- Task 1, Round 30/80 (Global 70) ---
2026-05-13 18:12:13,764 [INFO] Edge 0: Balanced replay 15000->60000 (4x) for 251482 new samples.
2026-05-13 18:12:18,828 [INFO] Edge 1: Balanced replay 15000->60000 (4x) for 251480 new samples.
2026-05-13 18:12:23,531 [INFO] Edge 2: Balanced replay 15000->60000 (4x) for 251481 new samples.
2026-05-13 18:14:17,377 [INFO]   [Eval] Task 1, R 30: Acc: 64.08% | Prec-Mac: 60.36% | Rec-Mac: 74.58% | Mi-F1: 64.08% | Ma-F1: 59.32% | We-F1: 67.21% | Loss: 2.5378
2026-05-13 18:14:17,895 [INFO]   [CKPT] Saved: ckpt_wa_task01_r030_global070_acc64.1.pth
2026-05-13 18:14:17,895 [INFO] 
--- Task 1, Round 31/80 (Global 71) ---
2026-05-13 18:14:17,948 [INFO] Edge 0: Balanced replay 15000->60000 (4x) for 251481 new samples.
2026-05-13 18:14:22,616 [INFO] Edge 1: Balanced replay 15000->60000 (4x) for 251481 new samples.
2026-05-13 18:14:27,302 [INFO] Edge 2: Balanced replay 15000->60000 (4x) for 251479 new samples.
2026-05-13 18:16:20,907 [INFO]   [Eval] Task 1, R 31: Acc: 64.52% | Prec-Mac: 61.14% | Rec-Mac: 75.16% | Mi-F1: 64.52% | Ma-F1: 59.68% | We-F1: 67.96% | Loss: 2.5267
2026-05-13 18:16:21,420 [INFO]   [CKPT] Saved: ckpt_wa_task01_r031_global071_acc64.5.pth
2026-05-13 18:16:21,420 [INFO] 
--- Task 1, Round 32/80 (Global 72) ---
2026-05-13 18:16:21,474 [INFO] Edge 0: Balanced replay 15000->60000 (4x) for 251482 new samples.
2026-05-13 18:16:26,318 [INFO] Edge 1: Balanced replay 15000->60000 (4x) for 251481 new samples.
2026-05-13 18:16:31,146 [INFO] Edge 2: Balanced replay 15000->60000 (4x) for 251480 new samples.
2026-05-13 18:18:24,636 [INFO]   [Eval] Task 1, R 32: Acc: 64.02% | Prec-Mac: 59.98% | Rec-Mac: 74.56% | Mi-F1: 64.02% | Ma-F1: 59.03% | We-F1: 67.08% | Loss: 2.5614
2026-05-13 18:18:25,146 [INFO]   [CKPT] Saved: ckpt_wa_task01_r032_global072_acc64.0.pth
2026-05-13 18:18:25,146 [INFO] 
--- Task 1, Round 33/80 (Global 73) ---
2026-05-13 18:18:25,197 [INFO] Edge 0: Balanced replay 15000->60000 (4x) for 251481 new samples.
2026-05-13 18:18:29,968 [INFO] Edge 1: Balanced replay 15000->60000 (4x) for 251482 new samples.
2026-05-13 18:18:34,451 [INFO] Edge 2: Balanced replay 15000->60000 (4x) for 251481 new samples.
2026-05-13 18:20:27,311 [INFO]   [Eval] Task 1, R 33: Acc: 64.40% | Prec-Mac: 60.99% | Rec-Mac: 75.01% | Mi-F1: 64.40% | Ma-F1: 59.56% | We-F1: 67.74% | Loss: 2.5210
2026-05-13 18:20:27,852 [INFO]   [CKPT] Saved: ckpt_wa_task01_r033_global073_acc64.4.pth
2026-05-13 18:20:27,853 [INFO] 
--- Task 1, Round 34/80 (Global 74) ---
2026-05-13 18:20:27,908 [INFO] Edge 0: Balanced replay 15000->60000 (4x) for 251482 new samples.
2026-05-13 18:20:32,888 [INFO] Edge 1: Balanced replay 15000->60000 (4x) for 251481 new samples.
2026-05-13 18:20:37,467 [INFO] Edge 2: Balanced replay 15000->60000 (4x) for 251480 new samples.
2026-05-13 18:22:30,667 [INFO]   [Eval] Task 1, R 34: Acc: 64.09% | Prec-Mac: 60.63% | Rec-Mac: 74.57% | Mi-F1: 64.09% | Ma-F1: 59.43% | We-F1: 67.46% | Loss: 2.5024
2026-05-13 18:22:31,193 [INFO]   [CKPT] Saved: ckpt_wa_task01_r034_global074_acc64.1.pth
2026-05-13 18:22:31,193 [INFO] 
--- Task 1, Round 35/80 (Global 75) ---
2026-05-13 18:22:31,247 [INFO] Edge 0: Balanced replay 15000->60000 (4x) for 251481 new samples.
2026-05-13 18:22:35,891 [INFO] Edge 1: Balanced replay 15000->60000 (4x) for 251482 new samples.
2026-05-13 18:22:40,600 [INFO] Edge 2: Balanced replay 15000->60000 (4x) for 251482 new samples.
2026-05-13 18:24:33,334 [INFO]   [Eval] Task 1, R 35: Acc: 63.91% | Prec-Mac: 60.28% | Rec-Mac: 74.58% | Mi-F1: 63.91% | Ma-F1: 59.17% | We-F1: 67.07% | Loss: 2.5865
2026-05-13 18:24:33,857 [INFO]   [CKPT] Saved: ckpt_wa_task01_r035_global075_acc63.9.pth
2026-05-13 18:24:33,857 [INFO] 
--- Task 1, Round 36/80 (Global 76) ---
2026-05-13 18:24:33,913 [INFO] Edge 0: Balanced replay 15000->60000 (4x) for 251481 new samples.
2026-05-13 18:24:38,823 [INFO] Edge 1: Balanced replay 15000->60000 (4x) for 251480 new samples.
2026-05-13 18:24:43,599 [INFO] Edge 2: Balanced replay 15000->60000 (4x) for 251480 new samples.
2026-05-13 18:26:36,971 [INFO]   [Eval] Task 1, R 36: Acc: 64.36% | Prec-Mac: 60.96% | Rec-Mac: 75.15% | Mi-F1: 64.36% | Ma-F1: 59.62% | We-F1: 67.55% | Loss: 2.5145
2026-05-13 18:26:37,488 [INFO]   [CKPT] Saved: ckpt_wa_task01_r036_global076_acc64.4.pth
2026-05-13 18:26:37,489 [INFO] 
--- Task 1, Round 37/80 (Global 77) ---
2026-05-13 18:26:37,543 [INFO] Edge 0: Balanced replay 15000->60000 (4x) for 251481 new samples.
2026-05-13 18:26:42,375 [INFO] Edge 1: Balanced replay 15000->60000 (4x) for 251480 new samples.
2026-05-13 18:26:46,911 [INFO] Edge 2: Balanced replay 15000->60000 (4x) for 251479 new samples.
2026-05-13 18:28:42,912 [INFO]   [Eval] Task 1, R 37: Acc: 64.17% | Prec-Mac: 60.57% | Rec-Mac: 74.71% | Mi-F1: 64.17% | Ma-F1: 59.48% | We-F1: 67.49% | Loss: 2.5310
2026-05-13 18:28:43,442 [INFO]   [CKPT] Saved: ckpt_wa_task01_r037_global077_acc64.2.pth
2026-05-13 18:28:43,442 [INFO] 
--- Task 1, Round 38/80 (Global 78) ---
2026-05-13 18:28:43,495 [INFO] Edge 0: Balanced replay 15000->60000 (4x) for 251482 new samples.
2026-05-13 18:28:48,534 [INFO] Edge 1: Balanced replay 15000->60000 (4x) for 251480 new samples.
2026-05-13 18:28:53,209 [INFO] Edge 2: Balanced replay 15000->60000 (4x) for 251479 new samples.
2026-05-13 18:30:47,265 [INFO]   [Eval] Task 1, R 38: Acc: 63.97% | Prec-Mac: 60.39% | Rec-Mac: 74.57% | Mi-F1: 63.97% | Ma-F1: 59.28% | We-F1: 67.24% | Loss: 2.5477
2026-05-13 18:30:47,771 [INFO]   [CKPT] Saved: ckpt_wa_task01_r038_global078_acc64.0.pth
2026-05-13 18:30:47,771 [INFO] 
--- Task 1, Round 39/80 (Global 79) ---
2026-05-13 18:30:47,831 [INFO] Edge 0: Balanced replay 15000->60000 (4x) for 251481 new samples.
2026-05-13 18:30:52,473 [INFO] Edge 1: Balanced replay 15000->60000 (4x) for 251481 new samples.
2026-05-13 18:30:57,225 [INFO] Edge 2: Balanced replay 15000->60000 (4x) for 251481 new samples.
2026-05-13 18:32:49,743 [INFO]   [Eval] Task 1, R 39: Acc: 63.95% | Prec-Mac: 60.96% | Rec-Mac: 74.61% | Mi-F1: 63.95% | Ma-F1: 59.73% | We-F1: 67.17% | Loss: 2.5721
2026-05-13 18:32:50,250 [INFO]   [CKPT] Saved: ckpt_wa_task01_r039_global079_acc64.0.pth
2026-05-13 18:32:50,250 [INFO] 
--- Task 1, Round 40/80 (Global 80) ---
2026-05-13 18:32:50,301 [INFO] Edge 0: Balanced replay 15000->60000 (4x) for 251481 new samples.
2026-05-13 18:32:55,050 [INFO] Edge 1: Balanced replay 15000->60000 (4x) for 251482 new samples.
2026-05-13 18:32:59,756 [INFO] Edge 2: Balanced replay 15000->60000 (4x) for 251480 new samples.
2026-05-13 18:34:51,290 [INFO]   [Eval] Task 1, R 40: Acc: 63.46% | Prec-Mac: 60.13% | Rec-Mac: 74.28% | Mi-F1: 63.46% | Ma-F1: 58.90% | We-F1: 66.53% | Loss: 2.5913
2026-05-13 18:34:51,796 [INFO]   [CKPT] Saved: ckpt_wa_task01_r040_global080_acc63.5.pth
2026-05-13 18:34:51,797 [INFO] 
--- Task 1, Round 41/80 (Global 81) ---
2026-05-13 18:34:51,797 [INFO]    [LR DECAY] Round 40 reached milestone: New LR = 0.002
2026-05-13 18:34:51,848 [INFO] Edge 0: Balanced replay 15000->60000 (4x) for 251482 new samples.
2026-05-13 18:34:56,661 [INFO] Edge 1: Balanced replay 15000->60000 (4x) for 251480 new samples.
2026-05-13 18:35:01,274 [INFO] Edge 2: Balanced replay 15000->60000 (4x) for 251480 new samples.
2026-05-13 18:36:53,925 [INFO]   [Eval] Task 1, R 41: Acc: 63.68% | Prec-Mac: 60.68% | Rec-Mac: 74.46% | Mi-F1: 63.68% | Ma-F1: 59.36% | We-F1: 67.01% | Loss: 2.5529
2026-05-13 18:36:54,447 [INFO]   [CKPT] Saved: ckpt_wa_task01_r041_global081_acc63.7.pth
2026-05-13 18:36:54,448 [INFO] 
--- Task 1, Round 42/80 (Global 82) ---
2026-05-13 18:36:54,501 [INFO] Edge 0: Balanced replay 15000->60000 (4x) for 251482 new samples.
2026-05-13 18:36:59,417 [INFO] Edge 1: Balanced replay 15000->60000 (4x) for 251482 new samples.
2026-05-13 18:37:04,004 [INFO] Edge 2: Balanced replay 15000->60000 (4x) for 251480 new samples.
2026-05-13 18:38:56,822 [INFO]   [Eval] Task 1, R 42: Acc: 63.76% | Prec-Mac: 60.73% | Rec-Mac: 74.52% | Mi-F1: 63.76% | Ma-F1: 59.44% | We-F1: 67.10% | Loss: 2.5754
2026-05-13 18:38:57,329 [INFO]   [CKPT] Saved: ckpt_wa_task01_r042_global082_acc63.8.pth
2026-05-13 18:38:57,330 [INFO] 
--- Task 1, Round 43/80 (Global 83) ---
2026-05-13 18:38:57,382 [INFO] Edge 0: Balanced replay 15000->60000 (4x) for 251483 new samples.
2026-05-13 18:39:02,073 [INFO] Edge 1: Balanced replay 15000->60000 (4x) for 251481 new samples.
2026-05-13 18:39:06,776 [INFO] Edge 2: Balanced replay 15000->60000 (4x) for 251479 new samples.
2026-05-13 18:40:59,656 [INFO]   [Eval] Task 1, R 43: Acc: 63.49% | Prec-Mac: 60.76% | Rec-Mac: 74.41% | Mi-F1: 63.49% | Ma-F1: 59.34% | We-F1: 66.80% | Loss: 2.5998
2026-05-13 18:41:00,175 [INFO]   [CKPT] Saved: ckpt_wa_task01_r043_global083_acc63.5.pth
2026-05-13 18:41:00,175 [INFO] 
--- Task 1, Round 44/80 (Global 84) ---
2026-05-13 18:41:00,227 [INFO] Edge 0: Balanced replay 15000->60000 (4x) for 251480 new samples.
2026-05-13 18:41:05,057 [INFO] Edge 1: Balanced replay 15000->60000 (4x) for 251480 new samples.
2026-05-13 18:41:09,817 [INFO] Edge 2: Balanced replay 15000->60000 (4x) for 251480 new samples.
2026-05-13 18:43:03,405 [INFO]   [Eval] Task 1, R 44: Acc: 63.38% | Prec-Mac: 60.68% | Rec-Mac: 74.35% | Mi-F1: 63.38% | Ma-F1: 59.24% | We-F1: 66.66% | Loss: 2.5893
2026-05-13 18:43:03,923 [INFO]   [CKPT] Saved: ckpt_wa_task01_r044_global084_acc63.4.pth
2026-05-13 18:43:03,923 [INFO] 
--- Task 1, Round 45/80 (Global 85) ---
2026-05-13 18:43:03,980 [INFO] Edge 0: Balanced replay 15000->60000 (4x) for 251482 new samples.
2026-05-13 18:43:08,793 [INFO] Edge 1: Balanced replay 15000->60000 (4x) for 251481 new samples.
2026-05-13 18:43:13,315 [INFO] Edge 2: Balanced replay 15000->60000 (4x) for 251480 new samples.
2026-05-13 18:45:06,839 [INFO]   [Eval] Task 1, R 45: Acc: 63.50% | Prec-Mac: 60.80% | Rec-Mac: 74.38% | Mi-F1: 63.50% | Ma-F1: 59.36% | We-F1: 66.87% | Loss: 2.5966
2026-05-13 18:45:07,364 [INFO]   [CKPT] Saved: ckpt_wa_task01_r045_global085_acc63.5.pth
2026-05-13 18:45:07,364 [INFO] 
--- Task 1, Round 46/80 (Global 86) ---
2026-05-13 18:45:07,417 [INFO] Edge 0: Balanced replay 15000->60000 (4x) for 251482 new samples.
2026-05-13 18:45:12,186 [INFO] Edge 1: Balanced replay 15000->60000 (4x) for 251480 new samples.
2026-05-13 18:45:16,715 [INFO] Edge 2: Balanced replay 15000->60000 (4x) for 251480 new samples.
2026-05-13 18:47:10,764 [INFO]   [Eval] Task 1, R 46: Acc: 63.33% | Prec-Mac: 60.50% | Rec-Mac: 74.31% | Mi-F1: 63.33% | Ma-F1: 59.08% | We-F1: 66.60% | Loss: 2.5872
2026-05-13 18:47:11,280 [INFO]   [CKPT] Saved: ckpt_wa_task01_r046_global086_acc63.3.pth
2026-05-13 18:47:11,280 [INFO] 
--- Task 1, Round 47/80 (Global 87) ---
2026-05-13 18:47:11,335 [INFO] Edge 0: Balanced replay 15000->60000 (4x) for 251482 new samples.
2026-05-13 18:47:16,010 [INFO] Edge 1: Balanced replay 15000->60000 (4x) for 251480 new samples.
2026-05-13 18:47:20,784 [INFO] Edge 2: Balanced replay 15000->60000 (4x) for 251480 new samples.
2026-05-13 18:49:14,498 [INFO]   [Eval] Task 1, R 47: Acc: 63.15% | Prec-Mac: 60.55% | Rec-Mac: 74.27% | Mi-F1: 63.15% | Ma-F1: 59.05% | We-F1: 66.37% | Loss: 2.6230
2026-05-13 18:49:15,023 [INFO]   [CKPT] Saved: ckpt_wa_task01_r047_global087_acc63.1.pth
2026-05-13 18:49:15,024 [INFO] 
--- Task 1, Round 48/80 (Global 88) ---
2026-05-13 18:49:15,081 [INFO] Edge 0: Balanced replay 15000->60000 (4x) for 251482 new samples.
2026-05-13 18:49:19,866 [INFO] Edge 1: Balanced replay 15000->60000 (4x) for 251480 new samples.
2026-05-13 18:49:24,592 [INFO] Edge 2: Balanced replay 15000->60000 (4x) for 251482 new samples.
2026-05-13 18:51:17,245 [INFO]   [Eval] Task 1, R 48: Acc: 62.99% | Prec-Mac: 60.42% | Rec-Mac: 74.15% | Mi-F1: 62.99% | Ma-F1: 58.88% | We-F1: 66.17% | Loss: 2.6128
2026-05-13 18:51:17,752 [INFO]   [CKPT] Saved: ckpt_wa_task01_r048_global088_acc63.0.pth
2026-05-13 18:51:17,752 [INFO] 
--- Task 1, Round 49/80 (Global 89) ---
2026-05-13 18:51:17,811 [INFO] Edge 0: Balanced replay 15000->60000 (4x) for 251481 new samples.
2026-05-13 18:51:22,557 [INFO] Edge 1: Balanced replay 15000->60000 (4x) for 251481 new samples.
2026-05-13 18:51:27,102 [INFO] Edge 2: Balanced replay 15000->60000 (4x) for 251481 new samples.
2026-05-13 18:53:19,786 [INFO]   [Eval] Task 1, R 49: Acc: 63.06% | Prec-Mac: 60.60% | Rec-Mac: 74.21% | Mi-F1: 63.06% | Ma-F1: 59.04% | We-F1: 66.29% | Loss: 2.6310
2026-05-13 18:53:20,295 [INFO]   [CKPT] Saved: ckpt_wa_task01_r049_global089_acc63.1.pth
2026-05-13 18:53:20,295 [INFO] 
--- Task 1, Round 50/80 (Global 90) ---
2026-05-13 18:53:20,347 [INFO] Edge 0: Balanced replay 15000->60000 (4x) for 251482 new samples.
2026-05-13 18:53:25,133 [INFO] Edge 1: Balanced replay 15000->60000 (4x) for 251481 new samples.
2026-05-13 18:53:29,737 [INFO] Edge 2: Balanced replay 15000->60000 (4x) for 251481 new samples.
2026-05-13 18:55:23,503 [INFO]   [Eval] Task 1, R 50: Acc: 62.78% | Prec-Mac: 60.32% | Rec-Mac: 74.07% | Mi-F1: 62.78% | Ma-F1: 58.72% | We-F1: 65.91% | Loss: 2.6181
2026-05-13 18:55:24,030 [INFO]   [CKPT] Saved: ckpt_wa_task01_r050_global090_acc62.8.pth
2026-05-13 18:55:24,030 [INFO] 
--- Task 1, Round 51/80 (Global 91) ---
2026-05-13 18:55:24,085 [INFO] Edge 0: Balanced replay 15000->60000 (4x) for 251482 new samples.
2026-05-13 18:55:28,784 [INFO] Edge 1: Balanced replay 15000->60000 (4x) for 251480 new samples.
2026-05-13 18:55:33,521 [INFO] Edge 2: Balanced replay 15000->60000 (4x) for 251482 new samples.
2026-05-13 18:57:26,980 [INFO]   [Eval] Task 1, R 51: Acc: 63.05% | Prec-Mac: 60.47% | Rec-Mac: 74.19% | Mi-F1: 63.05% | Ma-F1: 58.95% | We-F1: 66.24% | Loss: 2.6184
2026-05-13 18:57:27,491 [INFO]   [CKPT] Saved: ckpt_wa_task01_r051_global091_acc63.0.pth
2026-05-13 18:57:27,491 [INFO] 
--- Task 1, Round 52/80 (Global 92) ---
2026-05-13 18:57:27,547 [INFO] Edge 0: Balanced replay 15000->60000 (4x) for 251482 new samples.
2026-05-13 18:57:32,340 [INFO] Edge 1: Balanced replay 15000->60000 (4x) for 251480 new samples.
2026-05-13 18:57:37,024 [INFO] Edge 2: Balanced replay 15000->60000 (4x) for 251480 new samples.
2026-05-13 18:59:29,212 [INFO]   [Eval] Task 1, R 52: Acc: 62.60% | Prec-Mac: 60.30% | Rec-Mac: 74.01% | Mi-F1: 62.60% | Ma-F1: 58.64% | We-F1: 65.69% | Loss: 2.6250
2026-05-13 18:59:29,722 [INFO]   [CKPT] Saved: ckpt_wa_task01_r052_global092_acc62.6.pth
2026-05-13 18:59:29,722 [INFO] 
--- Task 1, Round 53/80 (Global 93) ---
2026-05-13 18:59:29,777 [INFO] Edge 0: Balanced replay 15000->60000 (4x) for 251482 new samples.
2026-05-13 18:59:34,484 [INFO] Edge 1: Balanced replay 15000->60000 (4x) for 251481 new samples.
2026-05-13 18:59:38,993 [INFO] Edge 2: Balanced replay 15000->60000 (4x) for 251480 new samples.
2026-05-13 19:01:32,962 [INFO]   [Eval] Task 1, R 53: Acc: 62.57% | Prec-Mac: 60.33% | Rec-Mac: 73.98% | Mi-F1: 62.57% | Ma-F1: 58.63% | We-F1: 65.69% | Loss: 2.6318
2026-05-13 19:01:33,502 [INFO]   [CKPT] Saved: ckpt_wa_task01_r053_global093_acc62.6.pth
2026-05-13 19:01:33,502 [INFO] 
--- Task 1, Round 54/80 (Global 94) ---
2026-05-13 19:01:33,556 [INFO] Edge 0: Balanced replay 15000->60000 (4x) for 251482 new samples.
2026-05-13 19:01:38,727 [INFO] Edge 1: Balanced replay 15000->60000 (4x) for 251479 new samples.
2026-05-13 19:01:43,593 [INFO] Edge 2: Balanced replay 15000->60000 (4x) for 251482 new samples.
2026-05-13 19:03:38,083 [INFO]   [Eval] Task 1, R 54: Acc: 62.56% | Prec-Mac: 60.31% | Rec-Mac: 73.96% | Mi-F1: 62.56% | Ma-F1: 58.62% | We-F1: 65.64% | Loss: 2.6191
2026-05-13 19:03:38,635 [INFO]   [CKPT] Saved: ckpt_wa_task01_r054_global094_acc62.6.pth
2026-05-13 19:03:38,635 [INFO] 
--- Task 1, Round 55/80 (Global 95) ---
2026-05-13 19:03:38,695 [INFO] Edge 0: Balanced replay 15000->60000 (4x) for 251481 new samples.
2026-05-13 19:03:43,767 [INFO] Edge 1: Balanced replay 15000->60000 (4x) for 251482 new samples.
2026-05-13 19:03:48,897 [INFO] Edge 2: Balanced replay 15000->60000 (4x) for 251480 new samples.
2026-05-13 19:05:44,840 [INFO]   [Eval] Task 1, R 55: Acc: 62.69% | Prec-Mac: 60.24% | Rec-Mac: 74.00% | Mi-F1: 62.69% | Ma-F1: 58.61% | We-F1: 65.82% | Loss: 2.6191
2026-05-13 19:05:45,408 [INFO]   [CKPT] Saved: ckpt_wa_task01_r055_global095_acc62.7.pth
2026-05-13 19:05:45,408 [INFO] 
--- Task 1, Round 56/80 (Global 96) ---
2026-05-13 19:05:45,461 [INFO] Edge 0: Balanced replay 15000->60000 (4x) for 251480 new samples.
2026-05-13 19:05:50,594 [INFO] Edge 1: Balanced replay 15000->60000 (4x) for 251480 new samples.
2026-05-13 19:05:55,798 [INFO] Edge 2: Balanced replay 15000->60000 (4x) for 251482 new samples.
2026-05-13 19:07:50,960 [INFO]   [Eval] Task 1, R 56: Acc: 62.44% | Prec-Mac: 60.14% | Rec-Mac: 73.95% | Mi-F1: 62.44% | Ma-F1: 58.44% | We-F1: 65.50% | Loss: 2.6533
2026-05-13 19:07:51,514 [INFO]   [CKPT] Saved: ckpt_wa_task01_r056_global096_acc62.4.pth
2026-05-13 19:07:51,514 [INFO] 
--- Task 1, Round 57/80 (Global 97) ---
2026-05-13 19:07:51,567 [INFO] Edge 0: Balanced replay 15000->60000 (4x) for 251480 new samples.
2026-05-13 19:07:56,809 [INFO] Edge 1: Balanced replay 15000->60000 (4x) for 251482 new samples.
2026-05-13 19:08:01,807 [INFO] Edge 2: Balanced replay 15000->60000 (4x) for 251480 new samples.
2026-05-13 19:09:58,045 [INFO]   [Eval] Task 1, R 57: Acc: 62.37% | Prec-Mac: 60.23% | Rec-Mac: 73.92% | Mi-F1: 62.37% | Ma-F1: 58.47% | We-F1: 65.43% | Loss: 2.6561
2026-05-13 19:09:58,619 [INFO]   [CKPT] Saved: ckpt_wa_task01_r057_global097_acc62.4.pth
2026-05-13 19:09:58,619 [INFO] 
--- Task 1, Round 58/80 (Global 98) ---
2026-05-13 19:09:58,672 [INFO] Edge 0: Balanced replay 15000->60000 (4x) for 251482 new samples.
2026-05-13 19:10:03,931 [INFO] Edge 1: Balanced replay 15000->60000 (4x) for 251480 new samples.
2026-05-13 19:10:09,030 [INFO] Edge 2: Balanced replay 15000->60000 (4x) for 251479 new samples.
2026-05-13 19:12:06,887 [INFO]   [Eval] Task 1, R 58: Acc: 62.36% | Prec-Mac: 60.20% | Rec-Mac: 73.91% | Mi-F1: 62.36% | Ma-F1: 58.46% | We-F1: 65.39% | Loss: 2.6508
2026-05-13 19:12:07,445 [INFO]   [CKPT] Saved: ckpt_wa_task01_r058_global098_acc62.4.pth
2026-05-13 19:12:07,445 [INFO] 
--- Task 1, Round 59/80 (Global 99) ---
2026-05-13 19:12:07,499 [INFO] Edge 0: Balanced replay 15000->60000 (4x) for 251483 new samples.
2026-05-13 19:12:12,606 [INFO] Edge 1: Balanced replay 15000->60000 (4x) for 251482 new samples.
2026-05-13 19:12:17,782 [INFO] Edge 2: Balanced replay 15000->60000 (4x) for 251480 new samples.
2026-05-13 19:14:14,553 [INFO]   [Eval] Task 1, R 59: Acc: 62.49% | Prec-Mac: 60.13% | Rec-Mac: 73.99% | Mi-F1: 62.49% | Ma-F1: 58.46% | We-F1: 65.53% | Loss: 2.6468
2026-05-13 19:14:15,112 [INFO]   [CKPT] Saved: ckpt_wa_task01_r059_global099_acc62.5.pth
2026-05-13 19:14:15,112 [INFO] 
--- Task 1, Round 60/80 (Global 100) ---
2026-05-13 19:14:15,173 [INFO] Edge 0: Balanced replay 15000->60000 (4x) for 251481 new samples.
2026-05-13 19:14:20,507 [INFO] Edge 1: Balanced replay 15000->60000 (4x) for 251480 new samples.
2026-05-13 19:14:25,683 [INFO] Edge 2: Balanced replay 15000->60000 (4x) for 251481 new samples.
2026-05-13 19:16:19,836 [INFO]   [Eval] Task 1, R 60: Acc: 62.45% | Prec-Mac: 60.22% | Rec-Mac: 73.92% | Mi-F1: 62.45% | Ma-F1: 58.50% | We-F1: 65.52% | Loss: 2.6458
2026-05-13 19:16:20,385 [INFO]   [CKPT] Saved: ckpt_wa_task01_r060_global100_acc62.4.pth
2026-05-13 19:16:20,385 [INFO] 
--- Task 1, Round 61/80 (Global 101) ---
2026-05-13 19:16:20,386 [INFO]    [LR DECAY] Round 60 reached milestone: New LR = 0.0002
2026-05-13 19:16:20,440 [INFO] Edge 0: Balanced replay 15000->60000 (4x) for 251483 new samples.
2026-05-13 19:16:25,751 [INFO] Edge 1: Balanced replay 15000->60000 (4x) for 251480 new samples.
2026-05-13 19:16:30,812 [INFO] Edge 2: Balanced replay 15000->60000 (4x) for 251482 new samples.
2026-05-13 19:18:26,005 [INFO]   [Eval] Task 1, R 61: Acc: 62.38% | Prec-Mac: 60.24% | Rec-Mac: 73.90% | Mi-F1: 62.38% | Ma-F1: 58.48% | We-F1: 65.45% | Loss: 2.6541
2026-05-13 19:18:26,535 [INFO]   [CKPT] Saved: ckpt_wa_task01_r061_global101_acc62.4.pth
2026-05-13 19:18:26,535 [INFO] 
--- Task 1, Round 62/80 (Global 102) ---
2026-05-13 19:18:26,595 [INFO] Edge 0: Balanced replay 15000->60000 (4x) for 251483 new samples.
2026-05-13 19:18:31,414 [INFO] Edge 1: Balanced replay 15000->60000 (4x) for 251481 new samples.
2026-05-13 19:18:36,026 [INFO] Edge 2: Balanced replay 15000->60000 (4x) for 251481 new samples.
2026-05-13 19:20:30,806 [INFO]   [Eval] Task 1, R 62: Acc: 62.29% | Prec-Mac: 60.25% | Rec-Mac: 73.89% | Mi-F1: 62.29% | Ma-F1: 58.44% | We-F1: 65.36% | Loss: 2.6687
2026-05-13 19:20:31,338 [INFO]   [CKPT] Saved: ckpt_wa_task01_r062_global102_acc62.3.pth
2026-05-13 19:20:31,338 [INFO] 
--- Task 1, Round 63/80 (Global 103) ---
2026-05-13 19:20:31,392 [INFO] Edge 0: Balanced replay 15000->60000 (4x) for 251481 new samples.
2026-05-13 19:20:36,093 [INFO] Edge 1: Balanced replay 15000->60000 (4x) for 251480 new samples.
2026-05-13 19:20:40,898 [INFO] Edge 2: Balanced replay 15000->60000 (4x) for 251482 new samples.
2026-05-13 19:22:36,729 [INFO]   [Eval] Task 1, R 63: Acc: 62.37% | Prec-Mac: 60.28% | Rec-Mac: 73.91% | Mi-F1: 62.37% | Ma-F1: 58.50% | We-F1: 65.45% | Loss: 2.6651
2026-05-13 19:22:37,280 [INFO]   [CKPT] Saved: ckpt_wa_task01_r063_global103_acc62.4.pth
2026-05-13 19:22:37,280 [INFO] 
--- Task 1, Round 64/80 (Global 104) ---
2026-05-13 19:22:37,334 [INFO] Edge 0: Balanced replay 15000->60000 (4x) for 251483 new samples.
2026-05-13 19:22:42,739 [INFO] Edge 1: Balanced replay 15000->60000 (4x) for 251481 new samples.
2026-05-13 19:22:47,983 [INFO] Edge 2: Balanced replay 15000->60000 (4x) for 251481 new samples.
2026-05-13 19:24:44,077 [INFO]   [Eval] Task 1, R 64: Acc: 62.45% | Prec-Mac: 60.16% | Rec-Mac: 73.95% | Mi-F1: 62.45% | Ma-F1: 58.45% | We-F1: 65.52% | Loss: 2.6546
2026-05-13 19:24:44,627 [INFO]   [CKPT] Saved: ckpt_wa_task01_r064_global104_acc62.4.pth
2026-05-13 19:24:44,628 [INFO] 
--- Task 1, Round 65/80 (Global 105) ---
2026-05-13 19:24:44,681 [INFO] Edge 0: Balanced replay 15000->60000 (4x) for 251480 new samples.
2026-05-13 19:24:49,804 [INFO] Edge 1: Balanced replay 15000->60000 (4x) for 251481 new samples.
2026-05-13 19:24:54,561 [INFO] Edge 2: Balanced replay 15000->60000 (4x) for 251482 new samples.
2026-05-13 19:26:50,326 [INFO]   [Eval] Task 1, R 65: Acc: 62.35% | Prec-Mac: 60.20% | Rec-Mac: 73.91% | Mi-F1: 62.35% | Ma-F1: 58.44% | We-F1: 65.42% | Loss: 2.6633
2026-05-13 19:26:50,859 [INFO]   [CKPT] Saved: ckpt_wa_task01_r065_global105_acc62.3.pth
2026-05-13 19:26:50,859 [INFO] 
--- Task 1, Round 66/80 (Global 106) ---
2026-05-13 19:26:50,918 [INFO] Edge 0: Balanced replay 15000->60000 (4x) for 251481 new samples.
2026-05-13 19:26:55,953 [INFO] Edge 1: Balanced replay 15000->60000 (4x) for 251482 new samples.
2026-05-13 19:27:00,730 [INFO] Edge 2: Balanced replay 15000->60000 (4x) for 251479 new samples.
2026-05-13 19:28:55,155 [INFO]   [Eval] Task 1, R 66: Acc: 62.42% | Prec-Mac: 60.17% | Rec-Mac: 73.96% | Mi-F1: 62.42% | Ma-F1: 58.45% | We-F1: 65.48% | Loss: 2.6635
2026-05-13 19:28:55,695 [INFO]   [CKPT] Saved: ckpt_wa_task01_r066_global106_acc62.4.pth
2026-05-13 19:28:55,695 [INFO] 
--- Task 1, Round 67/80 (Global 107) ---
2026-05-13 19:28:55,751 [INFO] Edge 0: Balanced replay 15000->60000 (4x) for 251480 new samples.
2026-05-13 19:29:00,549 [INFO] Edge 1: Balanced replay 15000->60000 (4x) for 251480 new samples.
2026-05-13 19:29:05,343 [INFO] Edge 2: Balanced replay 15000->60000 (4x) for 251481 new samples.
2026-05-13 19:30:59,801 [INFO]   [Eval] Task 1, R 67: Acc: 62.44% | Prec-Mac: 60.16% | Rec-Mac: 73.95% | Mi-F1: 62.44% | Ma-F1: 58.45% | We-F1: 65.52% | Loss: 2.6572
2026-05-13 19:31:00,310 [INFO]   [CKPT] Saved: ckpt_wa_task01_r067_global107_acc62.4.pth
2026-05-13 19:31:00,310 [INFO] 
--- Task 1, Round 68/80 (Global 108) ---
2026-05-13 19:31:00,364 [INFO] Edge 0: Balanced replay 15000->60000 (4x) for 251483 new samples.
2026-05-13 19:31:05,201 [INFO] Edge 1: Balanced replay 15000->60000 (4x) for 251481 new samples.
2026-05-13 19:31:10,021 [INFO] Edge 2: Balanced replay 15000->60000 (4x) for 251480 new samples.
2026-05-13 19:33:03,820 [INFO]   [Eval] Task 1, R 68: Acc: 62.43% | Prec-Mac: 60.16% | Rec-Mac: 73.95% | Mi-F1: 62.43% | Ma-F1: 58.45% | We-F1: 65.48% | Loss: 2.6598
2026-05-13 19:33:04,353 [INFO]   [CKPT] Saved: ckpt_wa_task01_r068_global108_acc62.4.pth
2026-05-13 19:33:04,353 [INFO] 
--- Task 1, Round 69/80 (Global 109) ---
2026-05-13 19:33:04,409 [INFO] Edge 0: Balanced replay 15000->60000 (4x) for 251480 new samples.
2026-05-13 19:33:09,292 [INFO] Edge 1: Balanced replay 15000->60000 (4x) for 251481 new samples.
2026-05-13 19:33:13,848 [INFO] Edge 2: Balanced replay 15000->60000 (4x) for 251479 new samples.
2026-05-13 19:35:07,088 [INFO]   [Eval] Task 1, R 69: Acc: 62.41% | Prec-Mac: 60.13% | Rec-Mac: 73.94% | Mi-F1: 62.41% | Ma-F1: 58.41% | We-F1: 65.47% | Loss: 2.6560
2026-05-13 19:35:07,605 [INFO]   [CKPT] Saved: ckpt_wa_task01_r069_global109_acc62.4.pth
2026-05-13 19:35:07,605 [INFO] 
--- Task 1, Round 70/80 (Global 110) ---
2026-05-13 19:35:07,665 [INFO] Edge 0: Balanced replay 15000->60000 (4x) for 251482 new samples.
2026-05-13 19:35:12,483 [INFO] Edge 1: Balanced replay 15000->60000 (4x) for 251482 new samples.
2026-05-13 19:35:17,029 [INFO] Edge 2: Balanced replay 15000->60000 (4x) for 251480 new samples.
2026-05-13 19:37:11,217 [INFO]   [Eval] Task 1, R 70: Acc: 62.38% | Prec-Mac: 60.22% | Rec-Mac: 73.92% | Mi-F1: 62.38% | Ma-F1: 58.47% | We-F1: 65.45% | Loss: 2.6710
2026-05-13 19:37:11,735 [INFO]   [CKPT] Saved: ckpt_wa_task01_r070_global110_acc62.4.pth
2026-05-13 19:37:11,735 [INFO] 
--- Task 1, Round 71/80 (Global 111) ---
2026-05-13 19:37:11,789 [INFO] Edge 0: Balanced replay 15000->60000 (4x) for 251482 new samples.
2026-05-13 19:37:16,473 [INFO] Edge 1: Balanced replay 15000->60000 (4x) for 251480 new samples.
2026-05-13 19:37:21,269 [INFO] Edge 2: Balanced replay 15000->60000 (4x) for 251480 new samples.
2026-05-13 19:39:15,033 [INFO]   [Eval] Task 1, R 71: Acc: 62.41% | Prec-Mac: 60.29% | Rec-Mac: 73.94% | Mi-F1: 62.41% | Ma-F1: 58.53% | We-F1: 65.51% | Loss: 2.6655
2026-05-13 19:39:15,558 [INFO]   [CKPT] Saved: ckpt_wa_task01_r071_global111_acc62.4.pth
2026-05-13 19:39:15,558 [INFO] 
--- Task 1, Round 72/80 (Global 112) ---
2026-05-13 19:39:15,610 [INFO] Edge 0: Balanced replay 15000->60000 (4x) for 251482 new samples.
2026-05-13 19:39:20,487 [INFO] Edge 1: Balanced replay 15000->60000 (4x) for 251479 new samples.
2026-05-13 19:39:25,239 [INFO] Edge 2: Balanced replay 15000->60000 (4x) for 251480 new samples.
2026-05-13 19:41:20,198 [INFO]   [Eval] Task 1, R 72: Acc: 62.39% | Prec-Mac: 60.14% | Rec-Mac: 73.93% | Mi-F1: 62.39% | Ma-F1: 58.42% | We-F1: 65.43% | Loss: 2.6640
2026-05-13 19:41:20,715 [INFO]   [CKPT] Saved: ckpt_wa_task01_r072_global112_acc62.4.pth
2026-05-13 19:41:20,715 [INFO] 
--- Task 1, Round 73/80 (Global 113) ---
2026-05-13 19:41:20,769 [INFO] Edge 0: Balanced replay 15000->60000 (4x) for 251482 new samples.
2026-05-13 19:41:25,593 [INFO] Edge 1: Balanced replay 15000->60000 (4x) for 251480 new samples.
2026-05-13 19:41:30,243 [INFO] Edge 2: Balanced replay 15000->60000 (4x) for 251480 new samples.
2026-05-13 19:43:24,303 [INFO]   [Eval] Task 1, R 73: Acc: 62.40% | Prec-Mac: 60.13% | Rec-Mac: 73.94% | Mi-F1: 62.40% | Ma-F1: 58.41% | We-F1: 65.46% | Loss: 2.6612
2026-05-13 19:43:24,823 [INFO]   [CKPT] Saved: ckpt_wa_task01_r073_global113_acc62.4.pth
2026-05-13 19:43:24,824 [INFO] 
--- Task 1, Round 74/80 (Global 114) ---
2026-05-13 19:43:24,877 [INFO] Edge 0: Balanced replay 15000->60000 (4x) for 251482 new samples.
2026-05-13 19:43:29,768 [INFO] Edge 1: Balanced replay 15000->60000 (4x) for 251480 new samples.
2026-05-13 19:43:34,394 [INFO] Edge 2: Balanced replay 15000->60000 (4x) for 251481 new samples.
2026-05-13 19:45:27,948 [INFO]   [Eval] Task 1, R 74: Acc: 62.49% | Prec-Mac: 60.17% | Rec-Mac: 73.95% | Mi-F1: 62.49% | Ma-F1: 58.49% | We-F1: 65.56% | Loss: 2.6444
2026-05-13 19:45:28,500 [INFO]   [CKPT] Saved: ckpt_wa_task01_r074_global114_acc62.5.pth
2026-05-13 19:45:28,500 [INFO] 
--- Task 1, Round 75/80 (Global 115) ---
2026-05-13 19:45:28,553 [INFO] Edge 0: Balanced replay 15000->60000 (4x) for 251483 new samples.
2026-05-13 19:45:33,246 [INFO] Edge 1: Balanced replay 15000->60000 (4x) for 251481 new samples.
2026-05-13 19:45:37,957 [INFO] Edge 2: Balanced replay 15000->60000 (4x) for 251482 new samples.
2026-05-13 19:47:31,313 [INFO]   [Eval] Task 1, R 75: Acc: 62.38% | Prec-Mac: 60.19% | Rec-Mac: 73.93% | Mi-F1: 62.38% | Ma-F1: 58.45% | We-F1: 65.43% | Loss: 2.6657
2026-05-13 19:47:31,829 [INFO]   [CKPT] Saved: ckpt_wa_task01_r075_global115_acc62.4.pth
2026-05-13 19:47:31,829 [INFO] 
--- Task 1, Round 76/80 (Global 116) ---
2026-05-13 19:47:31,884 [INFO] Edge 0: Balanced replay 15000->60000 (4x) for 251484 new samples.
2026-05-13 19:47:36,679 [INFO] Edge 1: Balanced replay 15000->60000 (4x) for 251481 new samples.
2026-05-13 19:47:41,481 [INFO] Edge 2: Balanced replay 15000->60000 (4x) for 251481 new samples.
2026-05-13 19:49:35,130 [INFO]   [Eval] Task 1, R 76: Acc: 62.49% | Prec-Mac: 60.16% | Rec-Mac: 73.97% | Mi-F1: 62.49% | Ma-F1: 58.47% | We-F1: 65.56% | Loss: 2.6574
2026-05-13 19:49:35,666 [INFO]   [CKPT] Saved: ckpt_wa_task01_r076_global116_acc62.5.pth
2026-05-13 19:49:35,666 [INFO] 
--- Task 1, Round 77/80 (Global 117) ---
2026-05-13 19:49:35,720 [INFO] Edge 0: Balanced replay 15000->60000 (4x) for 251482 new samples.
2026-05-13 19:49:40,615 [INFO] Edge 1: Balanced replay 15000->60000 (4x) for 251482 new samples.
2026-05-13 19:49:45,207 [INFO] Edge 2: Balanced replay 15000->60000 (4x) for 251481 new samples.
2026-05-13 19:51:39,144 [INFO]   [Eval] Task 1, R 77: Acc: 62.39% | Prec-Mac: 60.21% | Rec-Mac: 73.93% | Mi-F1: 62.39% | Ma-F1: 58.46% | We-F1: 65.45% | Loss: 2.6671
2026-05-13 19:51:39,659 [INFO]   [CKPT] Saved: ckpt_wa_task01_r077_global117_acc62.4.pth
2026-05-13 19:51:39,660 [INFO] 
--- Task 1, Round 78/80 (Global 118) ---
2026-05-13 19:51:39,714 [INFO] Edge 0: Balanced replay 15000->60000 (4x) for 251482 new samples.
2026-05-13 19:51:44,457 [INFO] Edge 1: Balanced replay 15000->60000 (4x) for 251480 new samples.
2026-05-13 19:51:49,016 [INFO] Edge 2: Balanced replay 15000->60000 (4x) for 251482 new samples.
2026-05-13 19:53:41,986 [INFO]   [Eval] Task 1, R 78: Acc: 62.46% | Prec-Mac: 60.13% | Rec-Mac: 73.96% | Mi-F1: 62.46% | Ma-F1: 58.44% | We-F1: 65.52% | Loss: 2.6535
2026-05-13 19:53:42,513 [INFO]   [CKPT] Saved: ckpt_wa_task01_r078_global118_acc62.5.pth
2026-05-13 19:53:42,513 [INFO] 
--- Task 1, Round 79/80 (Global 119) ---
2026-05-13 19:53:42,568 [INFO] Edge 0: Balanced replay 15000->60000 (4x) for 251481 new samples.
2026-05-13 19:53:47,203 [INFO] Edge 1: Balanced replay 15000->60000 (4x) for 251480 new samples.
2026-05-13 19:53:51,920 [INFO] Edge 2: Balanced replay 15000->60000 (4x) for 251481 new samples.
2026-05-13 19:55:46,681 [INFO]   [Eval] Task 1, R 79: Acc: 62.41% | Prec-Mac: 60.13% | Rec-Mac: 73.93% | Mi-F1: 62.41% | Ma-F1: 58.41% | We-F1: 65.48% | Loss: 2.6651
2026-05-13 19:55:47,232 [INFO]   [CKPT] Saved: ckpt_wa_task01_r079_global119_acc62.4.pth
2026-05-13 19:55:47,232 [INFO] 
--- Task 1, Round 80/80 (Global 120) ---
2026-05-13 19:55:47,297 [INFO] Edge 0: Balanced replay 15000->60000 (4x) for 251482 new samples.
2026-05-13 19:55:52,108 [INFO] Edge 0: [WA] Weight Align applied (9 -> 9).
2026-05-13 19:57:23,697 [INFO] Edge 0: Memory updated at end of task. Total stored: 14994 samples across 9 classes.
2026-05-13 19:57:23,764 [INFO] Edge 1: Balanced replay 15000->60000 (4x) for 251480 new samples.
2026-05-13 19:57:28,667 [INFO] Edge 1: [WA] Weight Align applied (9 -> 9).
2026-05-13 19:58:59,724 [INFO] Edge 1: Memory updated at end of task. Total stored: 14994 samples across 9 classes.
2026-05-13 19:58:59,785 [INFO] Edge 2: Balanced replay 15000->60000 (4x) for 251480 new samples.
2026-05-13 19:59:04,354 [INFO] Edge 2: [WA] Weight Align applied (9 -> 9).
2026-05-13 20:00:33,837 [INFO] Edge 2: Memory updated at end of task. Total stored: 14994 samples across 9 classes.
2026-05-13 20:02:22,208 [INFO]   [Eval] Task 1, R 80: Acc: 62.34% | Prec-Mac: 60.14% | Rec-Mac: 73.89% | Mi-F1: 62.34% | Ma-F1: 58.39% | We-F1: 65.40% | Loss: 2.6712
2026-05-13 20:02:22,733 [INFO]   [CKPT] Saved: ckpt_wa_task01_r080_global120_acc62.3.pth
2026-05-13 20:02:22,765 [INFO]   [WA-Pre] Avg Norm: Old Classes = 1.6571, New Classes = 1.9919
2026-05-13 20:02:22,766 [INFO]   [WA] Applying Weight Aligning for Task 1...
2026-05-13 20:02:22,769 [INFO]   [WA-Post] Avg Norm: Old Classes = 1.6571, New Classes = 1.6571
2026-05-13 20:06:03,923 [INFO] 
============================================================
  ĐÁNH GIÁ - Task 1
============================================================
  Accuracy:           64.69%
  Precision (micro):  64.69%
  Precision (macro):  61.33%
  Precision (weight): 81.36%
  Recall (micro):     64.69%
  Recall (macro):     75.01%
  Recall (weight):    64.69%
  F1 (micro):         64.69%
  F1 (macro):         60.38%
  F1 (weight):        67.92%
  Loss:               2.3333

  Per-class F1:
    Class 0             : 57.05%
    Class 1             : 88.80%
    Class 2             : 75.39%
    Class 3             : 66.31%
    Class 4             : 48.00%
    Class 5             : 68.04%
    Class 6             : 38.28%
    Class 7             : 25.45%
    Class 8             : 76.13%
============================================================

2026-05-13 20:06:03,923 [INFO] 
Loading data for Task 2 (Classes: [9, 10, 11, 12])...
2026-05-13 20:06:06,111 [INFO] Expanded global model to 13 classes for Task 2
2026-05-13 20:06:06,125 [INFO] 
============================================================
2026-05-13 20:06:06,125 [INFO] Task 2/4 | Classes: [9, 10, 11, 12] | 80 rounds | LR: 0.02
2026-05-13 20:06:06,125 [INFO] ============================================================
2026-05-13 20:06:06,125 [INFO] 
--- Task 2, Round 1/80 (Global 121) ---
2026-05-13 20:08:01,440 [INFO]   [Eval] Task 2, R 1: Acc: 57.48% | Prec-Mac: 42.20% | Rec-Mac: 55.66% | Mi-F1: 57.48% | Ma-F1: 40.92% | We-F1: 60.63% | Loss: 2.5438
2026-05-13 20:08:01,978 [INFO]   [CKPT] Saved: ckpt_wa_task02_r001_global121_acc57.5.pth
2026-05-13 20:08:01,978 [INFO] 
--- Task 2, Round 2/80 (Global 122) ---
2026-05-13 20:09:52,399 [INFO]   [Eval] Task 2, R 2: Acc: 56.89% | Prec-Mac: 43.73% | Rec-Mac: 62.29% | Mi-F1: 56.89% | Ma-F1: 42.36% | We-F1: 59.19% | Loss: 2.1881
2026-05-13 20:09:52,887 [INFO]   [CKPT] Saved: ckpt_wa_task02_r002_global122_acc56.9.pth
2026-05-13 20:09:52,887 [INFO] 
--- Task 2, Round 3/80 (Global 123) ---
2026-05-13 20:11:42,658 [INFO]   [Eval] Task 2, R 3: Acc: 58.30% | Prec-Mac: 44.38% | Rec-Mac: 62.03% | Mi-F1: 58.30% | Ma-F1: 43.19% | We-F1: 62.35% | Loss: 2.1528
2026-05-13 20:11:43,156 [INFO]   [CKPT] Saved: ckpt_wa_task02_r003_global123_acc58.3.pth
2026-05-13 20:11:43,156 [INFO] 
--- Task 2, Round 4/80 (Global 124) ---
2026-05-13 20:13:32,777 [INFO]   [Eval] Task 2, R 4: Acc: 57.94% | Prec-Mac: 44.08% | Rec-Mac: 63.88% | Mi-F1: 57.94% | Ma-F1: 43.56% | We-F1: 60.83% | Loss: 2.0494
2026-05-13 20:13:33,263 [INFO]   [CKPT] Saved: ckpt_wa_task02_r004_global124_acc57.9.pth
2026-05-13 20:13:33,263 [INFO] 
--- Task 2, Round 5/80 (Global 125) ---
2026-05-13 20:15:23,415 [INFO]   [Eval] Task 2, R 5: Acc: 56.40% | Prec-Mac: 45.01% | Rec-Mac: 62.84% | Mi-F1: 56.40% | Ma-F1: 43.05% | We-F1: 60.38% | Loss: 2.0856
2026-05-13 20:15:23,911 [INFO]   [CKPT] Saved: ckpt_wa_task02_r005_global125_acc56.4.pth
2026-05-13 20:15:23,911 [INFO] 
--- Task 2, Round 6/80 (Global 126) ---
2026-05-13 20:17:16,398 [INFO]   [Eval] Task 2, R 6: Acc: 57.34% | Prec-Mac: 43.78% | Rec-Mac: 61.92% | Mi-F1: 57.34% | Ma-F1: 42.45% | We-F1: 61.77% | Loss: 2.0808
2026-05-13 20:17:16,890 [INFO]   [CKPT] Saved: ckpt_wa_task02_r006_global126_acc57.3.pth
2026-05-13 20:17:16,890 [INFO] 
--- Task 2, Round 7/80 (Global 127) ---
2026-05-13 20:19:07,098 [INFO]   [Eval] Task 2, R 7: Acc: 55.19% | Prec-Mac: 45.75% | Rec-Mac: 62.37% | Mi-F1: 55.19% | Ma-F1: 42.65% | We-F1: 59.55% | Loss: 2.1927
2026-05-13 20:19:07,758 [INFO]   [CKPT] Saved: ckpt_wa_task02_r007_global127_acc55.2.pth
2026-05-13 20:19:07,758 [INFO] 
--- Task 2, Round 8/80 (Global 128) ---
2026-05-13 20:20:57,520 [INFO]   [Eval] Task 2, R 8: Acc: 55.47% | Prec-Mac: 45.69% | Rec-Mac: 62.36% | Mi-F1: 55.47% | Ma-F1: 42.78% | We-F1: 59.94% | Loss: 2.2247
2026-05-13 20:20:58,018 [INFO]   [CKPT] Saved: ckpt_wa_task02_r008_global128_acc55.5.pth
2026-05-13 20:20:58,018 [INFO] 
--- Task 2, Round 9/80 (Global 129) ---
2026-05-13 20:22:48,492 [INFO]   [Eval] Task 2, R 9: Acc: 55.23% | Prec-Mac: 46.42% | Rec-Mac: 62.59% | Mi-F1: 55.23% | Ma-F1: 43.40% | We-F1: 59.65% | Loss: 2.2925
2026-05-13 20:22:48,990 [INFO]   [CKPT] Saved: ckpt_wa_task02_r009_global129_acc55.2.pth
2026-05-13 20:22:48,990 [INFO] 
--- Task 2, Round 10/80 (Global 130) ---
2026-05-13 20:24:39,344 [INFO]   [Eval] Task 2, R 10: Acc: 55.39% | Prec-Mac: 46.30% | Rec-Mac: 62.26% | Mi-F1: 55.39% | Ma-F1: 43.56% | We-F1: 59.94% | Loss: 2.2260
2026-05-13 20:24:39,852 [INFO]   [CKPT] Saved: ckpt_wa_task02_r010_global130_acc55.4.pth
2026-05-13 20:24:39,852 [INFO] 
--- Task 2, Round 11/80 (Global 131) ---
2026-05-13 20:26:30,065 [INFO]   [Eval] Task 2, R 11: Acc: 55.14% | Prec-Mac: 46.15% | Rec-Mac: 62.60% | Mi-F1: 55.14% | Ma-F1: 43.14% | We-F1: 59.49% | Loss: 2.2343
2026-05-13 20:26:30,556 [INFO]   [CKPT] Saved: ckpt_wa_task02_r011_global131_acc55.1.pth
2026-05-13 20:26:30,556 [INFO] 
--- Task 2, Round 12/80 (Global 132) ---
2026-05-13 20:28:20,472 [INFO]   [Eval] Task 2, R 12: Acc: 55.57% | Prec-Mac: 47.28% | Rec-Mac: 64.13% | Mi-F1: 55.57% | Ma-F1: 45.06% | We-F1: 59.82% | Loss: 2.3923
2026-05-13 20:28:20,965 [INFO]   [CKPT] Saved: ckpt_wa_task02_r012_global132_acc55.6.pth
2026-05-13 20:28:20,965 [INFO] 
--- Task 2, Round 13/80 (Global 133) ---
2026-05-13 20:30:13,702 [INFO]   [Eval] Task 2, R 13: Acc: 55.68% | Prec-Mac: 46.20% | Rec-Mac: 62.77% | Mi-F1: 55.68% | Ma-F1: 43.97% | We-F1: 60.16% | Loss: 2.2565
2026-05-13 20:30:14,209 [INFO]   [CKPT] Saved: ckpt_wa_task02_r013_global133_acc55.7.pth
2026-05-13 20:30:14,210 [INFO] 
--- Task 2, Round 14/80 (Global 134) ---
2026-05-13 20:32:07,760 [INFO]   [Eval] Task 2, R 14: Acc: 55.46% | Prec-Mac: 47.13% | Rec-Mac: 63.81% | Mi-F1: 55.46% | Ma-F1: 44.38% | We-F1: 59.95% | Loss: 2.3637
2026-05-13 20:32:08,326 [INFO]   [CKPT] Saved: ckpt_wa_task02_r014_global134_acc55.5.pth
2026-05-13 20:32:08,326 [INFO] 
--- Task 2, Round 15/80 (Global 135) ---
2026-05-13 20:34:02,321 [INFO]   [Eval] Task 2, R 15: Acc: 54.22% | Prec-Mac: 47.84% | Rec-Mac: 63.49% | Mi-F1: 54.22% | Ma-F1: 44.91% | We-F1: 58.10% | Loss: 2.3988
2026-05-13 20:34:02,823 [INFO]   [CKPT] Saved: ckpt_wa_task02_r015_global135_acc54.2.pth
2026-05-13 20:34:02,823 [INFO] 
--- Task 2, Round 16/80 (Global 136) ---
2026-05-13 20:35:55,105 [INFO]   [Eval] Task 2, R 16: Acc: 54.62% | Prec-Mac: 47.33% | Rec-Mac: 63.89% | Mi-F1: 54.62% | Ma-F1: 44.04% | We-F1: 58.73% | Loss: 2.3822
2026-05-13 20:35:55,599 [INFO]   [CKPT] Saved: ckpt_wa_task02_r016_global136_acc54.6.pth
2026-05-13 20:35:55,600 [INFO] 
--- Task 2, Round 17/80 (Global 137) ---
2026-05-13 20:37:47,149 [INFO]   [Eval] Task 2, R 17: Acc: 55.80% | Prec-Mac: 46.51% | Rec-Mac: 64.00% | Mi-F1: 55.80% | Ma-F1: 44.38% | We-F1: 60.18% | Loss: 2.4680
2026-05-13 20:37:47,663 [INFO]   [CKPT] Saved: ckpt_wa_task02_r017_global137_acc55.8.pth
2026-05-13 20:37:47,663 [INFO] 
--- Task 2, Round 18/80 (Global 138) ---
2026-05-13 20:39:38,404 [INFO]   [Eval] Task 2, R 18: Acc: 54.64% | Prec-Mac: 48.74% | Rec-Mac: 65.06% | Mi-F1: 54.64% | Ma-F1: 45.66% | We-F1: 58.39% | Loss: 2.5419
2026-05-13 20:39:38,924 [INFO]   [CKPT] Saved: ckpt_wa_task02_r018_global138_acc54.6.pth
2026-05-13 20:39:38,924 [INFO] 
--- Task 2, Round 19/80 (Global 139) ---
2026-05-13 20:41:29,398 [INFO]   [Eval] Task 2, R 19: Acc: 53.86% | Prec-Mac: 49.40% | Rec-Mac: 64.14% | Mi-F1: 53.86% | Ma-F1: 45.22% | We-F1: 57.95% | Loss: 2.5428
2026-05-13 20:41:29,892 [INFO]   [CKPT] Saved: ckpt_wa_task02_r019_global139_acc53.9.pth
2026-05-13 20:41:29,893 [INFO] 
--- Task 2, Round 20/80 (Global 140) ---
2026-05-13 20:43:20,620 [INFO]   [Eval] Task 2, R 20: Acc: 55.52% | Prec-Mac: 46.52% | Rec-Mac: 64.12% | Mi-F1: 55.52% | Ma-F1: 44.55% | We-F1: 59.68% | Loss: 2.4998
2026-05-13 20:43:21,119 [INFO]   [CKPT] Saved: ckpt_wa_task02_r020_global140_acc55.5.pth
2026-05-13 20:43:21,119 [INFO] 
--- Task 2, Round 21/80 (Global 141) ---
2026-05-13 20:45:11,289 [INFO]   [Eval] Task 2, R 21: Acc: 52.86% | Prec-Mac: 52.42% | Rec-Mac: 64.31% | Mi-F1: 52.86% | Ma-F1: 46.89% | We-F1: 56.62% | Loss: 2.7012
2026-05-13 20:45:11,777 [INFO]   [CKPT] Saved: ckpt_wa_task02_r021_global141_acc52.9.pth
2026-05-13 20:45:11,777 [INFO] 
--- Task 2, Round 22/80 (Global 142) ---
2026-05-13 20:47:01,804 [INFO]   [Eval] Task 2, R 22: Acc: 57.30% | Prec-Mac: 49.30% | Rec-Mac: 65.09% | Mi-F1: 57.30% | Ma-F1: 47.79% | We-F1: 61.85% | Loss: 2.4736
2026-05-13 20:47:02,294 [INFO]   [CKPT] Saved: ckpt_wa_task02_r022_global142_acc57.3.pth
2026-05-13 20:47:02,294 [INFO] 
--- Task 2, Round 23/80 (Global 143) ---
2026-05-13 20:48:52,597 [INFO]   [Eval] Task 2, R 23: Acc: 53.48% | Prec-Mac: 49.04% | Rec-Mac: 64.72% | Mi-F1: 53.48% | Ma-F1: 44.85% | We-F1: 57.04% | Loss: 2.6975
2026-05-13 20:48:53,084 [INFO]   [CKPT] Saved: ckpt_wa_task02_r023_global143_acc53.5.pth
2026-05-13 20:48:53,085 [INFO] 
--- Task 2, Round 24/80 (Global 144) ---
2026-05-13 20:50:43,408 [INFO]   [Eval] Task 2, R 24: Acc: 57.24% | Prec-Mac: 49.26% | Rec-Mac: 66.11% | Mi-F1: 57.24% | Ma-F1: 47.83% | We-F1: 61.63% | Loss: 2.4557
2026-05-13 20:50:43,896 [INFO]   [CKPT] Saved: ckpt_wa_task02_r024_global144_acc57.2.pth
2026-05-13 20:50:43,896 [INFO] 
--- Task 2, Round 25/80 (Global 145) ---
2026-05-13 20:52:34,013 [INFO]   [Eval] Task 2, R 25: Acc: 57.89% | Prec-Mac: 48.56% | Rec-Mac: 65.15% | Mi-F1: 57.89% | Ma-F1: 47.40% | We-F1: 62.67% | Loss: 2.4391
2026-05-13 20:52:34,509 [INFO]   [CKPT] Saved: ckpt_wa_task02_r025_global145_acc57.9.pth
2026-05-13 20:52:34,509 [INFO] 
--- Task 2, Round 26/80 (Global 146) ---
2026-05-13 20:54:24,872 [INFO]   [Eval] Task 2, R 26: Acc: 55.27% | Prec-Mac: 50.68% | Rec-Mac: 66.27% | Mi-F1: 55.27% | Ma-F1: 47.42% | We-F1: 59.05% | Loss: 2.7114
2026-05-13 20:54:25,362 [INFO]   [CKPT] Saved: ckpt_wa_task02_r026_global146_acc55.3.pth
2026-05-13 20:54:25,362 [INFO] 
--- Task 2, Round 27/80 (Global 147) ---
2026-05-13 20:56:15,259 [INFO]   [Eval] Task 2, R 27: Acc: 56.24% | Prec-Mac: 49.56% | Rec-Mac: 66.16% | Mi-F1: 56.24% | Ma-F1: 47.81% | We-F1: 60.25% | Loss: 2.5431
2026-05-13 20:56:15,752 [INFO]   [CKPT] Saved: ckpt_wa_task02_r027_global147_acc56.2.pth
2026-05-13 20:56:15,753 [INFO] 
--- Task 2, Round 28/80 (Global 148) ---
2026-05-13 20:58:06,116 [INFO]   [Eval] Task 2, R 28: Acc: 55.04% | Prec-Mac: 52.31% | Rec-Mac: 66.22% | Mi-F1: 55.04% | Ma-F1: 48.02% | We-F1: 58.86% | Loss: 2.7004
2026-05-13 20:58:06,616 [INFO]   [CKPT] Saved: ckpt_wa_task02_r028_global148_acc55.0.pth
2026-05-13 20:58:06,616 [INFO] 
--- Task 2, Round 29/80 (Global 149) ---
2026-05-13 20:59:56,703 [INFO]   [Eval] Task 2, R 29: Acc: 55.87% | Prec-Mac: 51.02% | Rec-Mac: 66.03% | Mi-F1: 55.87% | Ma-F1: 48.27% | We-F1: 60.18% | Loss: 2.7134
2026-05-13 20:59:57,191 [INFO]   [CKPT] Saved: ckpt_wa_task02_r029_global149_acc55.9.pth
2026-05-13 20:59:57,191 [INFO] 
--- Task 2, Round 30/80 (Global 150) ---
2026-05-13 21:01:47,014 [INFO]   [Eval] Task 2, R 30: Acc: 55.72% | Prec-Mac: 52.48% | Rec-Mac: 66.66% | Mi-F1: 55.72% | Ma-F1: 49.10% | We-F1: 59.76% | Loss: 2.6771
2026-05-13 21:01:47,503 [INFO]   [CKPT] Saved: ckpt_wa_task02_r030_global150_acc55.7.pth
2026-05-13 21:01:47,503 [INFO] 
--- Task 2, Round 31/80 (Global 151) ---
2026-05-13 21:03:37,486 [INFO]   [Eval] Task 2, R 31: Acc: 56.26% | Prec-Mac: 51.50% | Rec-Mac: 65.66% | Mi-F1: 56.26% | Ma-F1: 48.72% | We-F1: 60.71% | Loss: 2.6477
2026-05-13 21:03:38,004 [INFO]   [CKPT] Saved: ckpt_wa_task02_r031_global151_acc56.3.pth
2026-05-13 21:03:38,005 [INFO] 
--- Task 2, Round 32/80 (Global 152) ---
2026-05-13 21:05:27,968 [INFO]   [Eval] Task 2, R 32: Acc: 55.30% | Prec-Mac: 52.90% | Rec-Mac: 66.25% | Mi-F1: 55.30% | Ma-F1: 48.69% | We-F1: 59.46% | Loss: 2.7472
2026-05-13 21:05:28,493 [INFO]   [CKPT] Saved: ckpt_wa_task02_r032_global152_acc55.3.pth
2026-05-13 21:05:28,493 [INFO] 
--- Task 2, Round 33/80 (Global 153) ---
2026-05-13 21:07:19,075 [INFO]   [Eval] Task 2, R 33: Acc: 56.79% | Prec-Mac: 51.09% | Rec-Mac: 65.13% | Mi-F1: 56.79% | Ma-F1: 49.04% | We-F1: 61.32% | Loss: 2.5969
2026-05-13 21:07:19,578 [INFO]   [CKPT] Saved: ckpt_wa_task02_r033_global153_acc56.8.pth
2026-05-13 21:07:19,579 [INFO] 
--- Task 2, Round 34/80 (Global 154) ---
2026-05-13 21:09:10,503 [INFO]   [Eval] Task 2, R 34: Acc: 52.33% | Prec-Mac: 53.40% | Rec-Mac: 64.45% | Mi-F1: 52.33% | Ma-F1: 46.54% | We-F1: 56.45% | Loss: 3.0394
2026-05-13 21:09:11,003 [INFO]   [CKPT] Saved: ckpt_wa_task02_r034_global154_acc52.3.pth
2026-05-13 21:09:11,004 [INFO] 
--- Task 2, Round 35/80 (Global 155) ---
2026-05-13 21:11:02,253 [INFO]   [Eval] Task 2, R 35: Acc: 55.36% | Prec-Mac: 52.63% | Rec-Mac: 66.29% | Mi-F1: 55.36% | Ma-F1: 49.05% | We-F1: 59.47% | Loss: 2.7766
2026-05-13 21:11:02,755 [INFO]   [CKPT] Saved: ckpt_wa_task02_r035_global155_acc55.4.pth
2026-05-13 21:11:02,755 [INFO] 
--- Task 2, Round 36/80 (Global 156) ---
2026-05-13 21:12:53,712 [INFO]   [Eval] Task 2, R 36: Acc: 53.72% | Prec-Mac: 52.76% | Rec-Mac: 64.54% | Mi-F1: 53.72% | Ma-F1: 47.44% | We-F1: 58.26% | Loss: 2.8170
2026-05-13 21:12:54,206 [INFO]   [CKPT] Saved: ckpt_wa_task02_r036_global156_acc53.7.pth
2026-05-13 21:12:54,206 [INFO] 
--- Task 2, Round 37/80 (Global 157) ---
2026-05-13 21:14:45,224 [INFO]   [Eval] Task 2, R 37: Acc: 56.25% | Prec-Mac: 51.97% | Rec-Mac: 65.38% | Mi-F1: 56.25% | Ma-F1: 49.52% | We-F1: 60.76% | Loss: 2.7483
2026-05-13 21:14:45,721 [INFO]   [CKPT] Saved: ckpt_wa_task02_r037_global157_acc56.2.pth
2026-05-13 21:14:45,722 [INFO] 
--- Task 2, Round 38/80 (Global 158) ---
2026-05-13 21:16:35,857 [INFO]   [Eval] Task 2, R 38: Acc: 51.41% | Prec-Mac: 53.22% | Rec-Mac: 63.51% | Mi-F1: 51.41% | Ma-F1: 45.51% | We-F1: 55.30% | Loss: 3.0175
2026-05-13 21:16:36,350 [INFO]   [CKPT] Saved: ckpt_wa_task02_r038_global158_acc51.4.pth
2026-05-13 21:16:36,350 [INFO] 
--- Task 2, Round 39/80 (Global 159) ---
2026-05-13 21:18:28,912 [INFO]   [Eval] Task 2, R 39: Acc: 51.60% | Prec-Mac: 53.46% | Rec-Mac: 64.00% | Mi-F1: 51.60% | Ma-F1: 46.40% | We-F1: 55.67% | Loss: 3.1116
2026-05-13 21:18:29,406 [INFO]   [CKPT] Saved: ckpt_wa_task02_r039_global159_acc51.6.pth
2026-05-13 21:18:29,406 [INFO] 
--- Task 2, Round 40/80 (Global 160) ---
2026-05-13 21:20:20,202 [INFO]   [Eval] Task 2, R 40: Acc: 54.26% | Prec-Mac: 53.23% | Rec-Mac: 66.07% | Mi-F1: 54.26% | Ma-F1: 48.68% | We-F1: 58.51% | Loss: 2.8844
2026-05-13 21:20:20,705 [INFO]   [CKPT] Saved: ckpt_wa_task02_r040_global160_acc54.3.pth
2026-05-13 21:20:20,705 [INFO] 
--- Task 2, Round 41/80 (Global 161) ---
2026-05-13 21:20:20,705 [INFO]    [LR DECAY] Round 40 reached milestone: New LR = 0.002
2026-05-13 21:22:10,120 [INFO]   [Eval] Task 2, R 41: Acc: 52.31% | Prec-Mac: 52.90% | Rec-Mac: 64.09% | Mi-F1: 52.31% | Ma-F1: 46.68% | We-F1: 56.57% | Loss: 2.9027
2026-05-13 21:22:10,607 [INFO]   [CKPT] Saved: ckpt_wa_task02_r041_global161_acc52.3.pth
2026-05-13 21:22:10,607 [INFO] 
--- Task 2, Round 42/80 (Global 162) ---
2026-05-13 21:24:00,111 [INFO]   [Eval] Task 2, R 42: Acc: 52.90% | Prec-Mac: 53.08% | Rec-Mac: 64.51% | Mi-F1: 52.90% | Ma-F1: 47.24% | We-F1: 57.18% | Loss: 2.8811
2026-05-13 21:24:00,609 [INFO]   [CKPT] Saved: ckpt_wa_task02_r042_global162_acc52.9.pth
2026-05-13 21:24:00,609 [INFO] 
--- Task 2, Round 43/80 (Global 163) ---
2026-05-13 21:25:50,134 [INFO]   [Eval] Task 2, R 43: Acc: 52.23% | Prec-Mac: 53.08% | Rec-Mac: 64.43% | Mi-F1: 52.23% | Ma-F1: 46.92% | We-F1: 56.65% | Loss: 2.9639
2026-05-13 21:25:50,628 [INFO]   [CKPT] Saved: ckpt_wa_task02_r043_global163_acc52.2.pth
2026-05-13 21:25:50,628 [INFO] 
--- Task 2, Round 44/80 (Global 164) ---
2026-05-13 21:27:40,891 [INFO]   [Eval] Task 2, R 44: Acc: 53.44% | Prec-Mac: 53.10% | Rec-Mac: 64.85% | Mi-F1: 53.44% | Ma-F1: 47.66% | We-F1: 57.78% | Loss: 2.8747
2026-05-13 21:27:41,384 [INFO]   [CKPT] Saved: ckpt_wa_task02_r044_global164_acc53.4.pth
2026-05-13 21:27:41,384 [INFO] 
--- Task 2, Round 45/80 (Global 165) ---
2026-05-13 21:29:31,247 [INFO]   [Eval] Task 2, R 45: Acc: 53.09% | Prec-Mac: 53.16% | Rec-Mac: 64.79% | Mi-F1: 53.09% | Ma-F1: 47.52% | We-F1: 57.50% | Loss: 2.9004
2026-05-13 21:29:31,737 [INFO]   [CKPT] Saved: ckpt_wa_task02_r045_global165_acc53.1.pth
2026-05-13 21:29:31,737 [INFO] 
--- Task 2, Round 46/80 (Global 166) ---
2026-05-13 21:31:21,268 [INFO]   [Eval] Task 2, R 46: Acc: 53.21% | Prec-Mac: 53.08% | Rec-Mac: 65.12% | Mi-F1: 53.21% | Ma-F1: 47.81% | We-F1: 57.60% | Loss: 2.9361
2026-05-13 21:31:21,759 [INFO]   [CKPT] Saved: ckpt_wa_task02_r046_global166_acc53.2.pth
2026-05-13 21:31:21,760 [INFO] 
--- Task 2, Round 47/80 (Global 167) ---
2026-05-13 21:33:11,316 [INFO]   [Eval] Task 2, R 47: Acc: 53.05% | Prec-Mac: 53.13% | Rec-Mac: 64.95% | Mi-F1: 53.05% | Ma-F1: 47.71% | We-F1: 57.54% | Loss: 2.9444
2026-05-13 21:33:11,808 [INFO]   [CKPT] Saved: ckpt_wa_task02_r047_global167_acc53.1.pth
2026-05-13 21:33:11,808 [INFO] 
--- Task 2, Round 48/80 (Global 168) ---
2026-05-13 21:35:01,200 [INFO]   [Eval] Task 2, R 48: Acc: 52.37% | Prec-Mac: 53.31% | Rec-Mac: 64.52% | Mi-F1: 52.37% | Ma-F1: 47.27% | We-F1: 56.85% | Loss: 3.0209
2026-05-13 21:35:01,687 [INFO]   [CKPT] Saved: ckpt_wa_task02_r048_global168_acc52.4.pth
2026-05-13 21:35:01,688 [INFO] 
--- Task 2, Round 49/80 (Global 169) ---
2026-05-13 21:36:51,329 [INFO]   [Eval] Task 2, R 49: Acc: 53.59% | Prec-Mac: 53.22% | Rec-Mac: 65.20% | Mi-F1: 53.59% | Ma-F1: 47.97% | We-F1: 57.98% | Loss: 2.9002
2026-05-13 21:36:51,823 [INFO]   [CKPT] Saved: ckpt_wa_task02_r049_global169_acc53.6.pth
2026-05-13 21:36:51,823 [INFO] 
--- Task 2, Round 50/80 (Global 170) ---
2026-05-13 21:38:41,322 [INFO]   [Eval] Task 2, R 50: Acc: 52.98% | Prec-Mac: 53.29% | Rec-Mac: 64.81% | Mi-F1: 52.98% | Ma-F1: 47.69% | We-F1: 57.46% | Loss: 2.9477
2026-05-13 21:38:41,816 [INFO]   [CKPT] Saved: ckpt_wa_task02_r050_global170_acc53.0.pth
2026-05-13 21:38:41,816 [INFO] 
--- Task 2, Round 51/80 (Global 171) ---
2026-05-13 21:40:31,404 [INFO]   [Eval] Task 2, R 51: Acc: 53.52% | Prec-Mac: 53.34% | Rec-Mac: 65.52% | Mi-F1: 53.52% | Ma-F1: 48.36% | We-F1: 57.94% | Loss: 2.9666
2026-05-13 21:40:31,894 [INFO]   [CKPT] Saved: ckpt_wa_task02_r051_global171_acc53.5.pth
2026-05-13 21:40:31,894 [INFO] 
--- Task 2, Round 52/80 (Global 172) ---
2026-05-13 21:42:21,577 [INFO]   [Eval] Task 2, R 52: Acc: 52.89% | Prec-Mac: 53.16% | Rec-Mac: 64.91% | Mi-F1: 52.89% | Ma-F1: 47.67% | We-F1: 57.43% | Loss: 2.9699
2026-05-13 21:42:22,065 [INFO]   [CKPT] Saved: ckpt_wa_task02_r052_global172_acc52.9.pth
2026-05-13 21:42:22,065 [INFO] 
--- Task 2, Round 53/80 (Global 173) ---
2026-05-13 21:44:11,817 [INFO]   [Eval] Task 2, R 53: Acc: 52.73% | Prec-Mac: 52.97% | Rec-Mac: 64.76% | Mi-F1: 52.73% | Ma-F1: 47.55% | We-F1: 57.16% | Loss: 3.0648
2026-05-13 21:44:12,305 [INFO]   [CKPT] Saved: ckpt_wa_task02_r053_global173_acc52.7.pth
2026-05-13 21:44:12,306 [INFO] 
--- Task 2, Round 54/80 (Global 174) ---
2026-05-13 21:46:01,938 [INFO]   [Eval] Task 2, R 54: Acc: 52.75% | Prec-Mac: 53.44% | Rec-Mac: 64.94% | Mi-F1: 52.75% | Ma-F1: 47.82% | We-F1: 57.26% | Loss: 3.0248
2026-05-13 21:46:02,432 [INFO]   [CKPT] Saved: ckpt_wa_task02_r054_global174_acc52.7.pth
2026-05-13 21:46:02,432 [INFO] 
--- Task 2, Round 55/80 (Global 175) ---
2026-05-13 21:47:52,212 [INFO]   [Eval] Task 2, R 55: Acc: 52.48% | Prec-Mac: 53.29% | Rec-Mac: 64.68% | Mi-F1: 52.48% | Ma-F1: 47.33% | We-F1: 56.87% | Loss: 3.0781
2026-05-13 21:47:52,718 [INFO]   [CKPT] Saved: ckpt_wa_task02_r055_global175_acc52.5.pth
2026-05-13 21:47:52,718 [INFO] 
--- Task 2, Round 56/80 (Global 176) ---
2026-05-13 21:49:42,770 [INFO]   [Eval] Task 2, R 56: Acc: 52.83% | Prec-Mac: 53.36% | Rec-Mac: 64.85% | Mi-F1: 52.83% | Ma-F1: 47.83% | We-F1: 57.38% | Loss: 2.9974
2026-05-13 21:49:43,257 [INFO]   [CKPT] Saved: ckpt_wa_task02_r056_global176_acc52.8.pth
2026-05-13 21:49:43,257 [INFO] 
--- Task 2, Round 57/80 (Global 177) ---
2026-05-13 21:51:33,776 [INFO]   [Eval] Task 2, R 57: Acc: 53.26% | Prec-Mac: 52.35% | Rec-Mac: 63.71% | Mi-F1: 53.26% | Ma-F1: 46.72% | We-F1: 57.71% | Loss: 2.8151
2026-05-13 21:51:34,265 [INFO]   [CKPT] Saved: ckpt_wa_task02_r057_global177_acc53.3.pth
2026-05-13 21:51:34,266 [INFO] 
--- Task 2, Round 58/80 (Global 178) ---
2026-05-13 21:53:24,525 [INFO]   [Eval] Task 2, R 58: Acc: 53.26% | Prec-Mac: 53.17% | Rec-Mac: 64.73% | Mi-F1: 53.26% | Ma-F1: 47.72% | We-F1: 57.77% | Loss: 2.8985
2026-05-13 21:53:25,037 [INFO]   [CKPT] Saved: ckpt_wa_task02_r058_global178_acc53.3.pth
2026-05-13 21:53:25,038 [INFO] 
--- Task 2, Round 59/80 (Global 179) ---
2026-05-13 21:55:16,855 [INFO]   [Eval] Task 2, R 59: Acc: 53.07% | Prec-Mac: 53.46% | Rec-Mac: 64.80% | Mi-F1: 53.07% | Ma-F1: 47.89% | We-F1: 57.55% | Loss: 2.9422
2026-05-13 21:55:17,358 [INFO]   [CKPT] Saved: ckpt_wa_task02_r059_global179_acc53.1.pth
2026-05-13 21:55:17,358 [INFO] 
--- Task 2, Round 60/80 (Global 180) ---
2026-05-13 21:57:07,492 [INFO]   [Eval] Task 2, R 60: Acc: 53.02% | Prec-Mac: 53.42% | Rec-Mac: 65.10% | Mi-F1: 53.02% | Ma-F1: 48.10% | We-F1: 57.56% | Loss: 3.0276
2026-05-13 21:57:07,989 [INFO]   [CKPT] Saved: ckpt_wa_task02_r060_global180_acc53.0.pth
2026-05-13 21:57:07,989 [INFO] 
--- Task 2, Round 61/80 (Global 181) ---
2026-05-13 21:57:07,989 [INFO]    [LR DECAY] Round 60 reached milestone: New LR = 0.0002
2026-05-13 21:58:57,834 [INFO]   [Eval] Task 2, R 61: Acc: 53.64% | Prec-Mac: 53.59% | Rec-Mac: 65.37% | Mi-F1: 53.64% | Ma-F1: 48.49% | We-F1: 58.11% | Loss: 2.9477
2026-05-13 21:58:58,379 [INFO]   [CKPT] Saved: ckpt_wa_task02_r061_global181_acc53.6.pth
2026-05-13 21:58:58,379 [INFO] 
--- Task 2, Round 62/80 (Global 182) ---
2026-05-13 22:00:48,532 [INFO]   [Eval] Task 2, R 62: Acc: 52.89% | Prec-Mac: 53.46% | Rec-Mac: 65.09% | Mi-F1: 52.89% | Ma-F1: 48.05% | We-F1: 57.38% | Loss: 3.0312
2026-05-13 22:00:49,023 [INFO]   [CKPT] Saved: ckpt_wa_task02_r062_global182_acc52.9.pth
2026-05-13 22:00:49,023 [INFO] 
--- Task 2, Round 63/80 (Global 183) ---
2026-05-13 22:02:39,951 [INFO]   [Eval] Task 2, R 63: Acc: 52.99% | Prec-Mac: 53.47% | Rec-Mac: 65.06% | Mi-F1: 52.99% | Ma-F1: 48.10% | We-F1: 57.51% | Loss: 3.0071
2026-05-13 22:02:40,443 [INFO]   [CKPT] Saved: ckpt_wa_task02_r063_global183_acc53.0.pth
2026-05-13 22:02:40,443 [INFO] 
--- Task 2, Round 64/80 (Global 184) ---
2026-05-13 22:04:30,917 [INFO]   [Eval] Task 2, R 64: Acc: 53.87% | Prec-Mac: 53.39% | Rec-Mac: 64.62% | Mi-F1: 53.87% | Ma-F1: 48.02% | We-F1: 58.38% | Loss: 2.8739
2026-05-13 22:04:31,414 [INFO]   [CKPT] Saved: ckpt_wa_task02_r064_global184_acc53.9.pth
2026-05-13 22:04:31,414 [INFO] 
--- Task 2, Round 65/80 (Global 185) ---
2026-05-13 22:06:21,907 [INFO]   [Eval] Task 2, R 65: Acc: 52.64% | Prec-Mac: 53.46% | Rec-Mac: 64.83% | Mi-F1: 52.64% | Ma-F1: 47.67% | We-F1: 57.06% | Loss: 3.1081
2026-05-13 22:06:22,398 [INFO]   [CKPT] Saved: ckpt_wa_task02_r065_global185_acc52.6.pth
2026-05-13 22:06:22,399 [INFO] 
--- Task 2, Round 66/80 (Global 186) ---
2026-05-13 22:08:12,776 [INFO]   [Eval] Task 2, R 66: Acc: 52.94% | Prec-Mac: 53.42% | Rec-Mac: 65.06% | Mi-F1: 52.94% | Ma-F1: 48.03% | We-F1: 57.46% | Loss: 3.0146
2026-05-13 22:08:13,266 [INFO]   [CKPT] Saved: ckpt_wa_task02_r066_global186_acc52.9.pth
2026-05-13 22:08:13,267 [INFO] 
--- Task 2, Round 67/80 (Global 187) ---
2026-05-13 22:10:03,435 [INFO]   [Eval] Task 2, R 67: Acc: 52.70% | Prec-Mac: 53.52% | Rec-Mac: 65.01% | Mi-F1: 52.70% | Ma-F1: 47.90% | We-F1: 57.17% | Loss: 3.0589
2026-05-13 22:10:03,926 [INFO]   [CKPT] Saved: ckpt_wa_task02_r067_global187_acc52.7.pth
2026-05-13 22:10:03,926 [INFO] 
--- Task 2, Round 68/80 (Global 188) ---
2026-05-13 22:11:54,049 [INFO]   [Eval] Task 2, R 68: Acc: 53.82% | Prec-Mac: 53.61% | Rec-Mac: 65.34% | Mi-F1: 53.82% | Ma-F1: 48.53% | We-F1: 58.30% | Loss: 2.9149
2026-05-13 22:11:54,539 [INFO]   [CKPT] Saved: ckpt_wa_task02_r068_global188_acc53.8.pth
2026-05-13 22:11:54,539 [INFO] 
--- Task 2, Round 69/80 (Global 189) ---
2026-05-13 22:13:45,167 [INFO]   [Eval] Task 2, R 69: Acc: 53.66% | Prec-Mac: 53.62% | Rec-Mac: 65.34% | Mi-F1: 53.66% | Ma-F1: 48.49% | We-F1: 58.15% | Loss: 2.9373
2026-05-13 22:13:45,662 [INFO]   [CKPT] Saved: ckpt_wa_task02_r069_global189_acc53.7.pth
2026-05-13 22:13:45,662 [INFO] 
--- Task 2, Round 70/80 (Global 190) ---
2026-05-13 22:15:35,413 [INFO]   [Eval] Task 2, R 70: Acc: 53.71% | Prec-Mac: 53.52% | Rec-Mac: 65.65% | Mi-F1: 53.71% | Ma-F1: 48.64% | We-F1: 58.13% | Loss: 2.9748
2026-05-13 22:15:35,909 [INFO]   [CKPT] Saved: ckpt_wa_task02_r070_global190_acc53.7.pth
2026-05-13 22:15:35,909 [INFO] 
--- Task 2, Round 71/80 (Global 191) ---
2026-05-13 22:17:25,918 [INFO]   [Eval] Task 2, R 71: Acc: 53.63% | Prec-Mac: 53.65% | Rec-Mac: 65.36% | Mi-F1: 53.63% | Ma-F1: 48.50% | We-F1: 58.10% | Loss: 2.9409
2026-05-13 22:17:26,412 [INFO]   [CKPT] Saved: ckpt_wa_task02_r071_global191_acc53.6.pth
2026-05-13 22:17:26,412 [INFO] 
--- Task 2, Round 72/80 (Global 192) ---
2026-05-13 22:19:16,416 [INFO]   [Eval] Task 2, R 72: Acc: 53.77% | Prec-Mac: 53.61% | Rec-Mac: 65.36% | Mi-F1: 53.77% | Ma-F1: 48.51% | We-F1: 58.25% | Loss: 2.9195
2026-05-13 22:19:16,910 [INFO]   [CKPT] Saved: ckpt_wa_task02_r072_global192_acc53.8.pth
2026-05-13 22:19:16,910 [INFO] 
--- Task 2, Round 73/80 (Global 193) ---
2026-05-13 22:21:07,107 [INFO]   [Eval] Task 2, R 73: Acc: 53.67% | Prec-Mac: 53.42% | Rec-Mac: 64.49% | Mi-F1: 53.67% | Ma-F1: 47.98% | We-F1: 58.18% | Loss: 2.8895
2026-05-13 22:21:07,591 [INFO]   [CKPT] Saved: ckpt_wa_task02_r073_global193_acc53.7.pth
2026-05-13 22:21:07,591 [INFO] 
--- Task 2, Round 74/80 (Global 194) ---
2026-05-13 22:22:57,967 [INFO]   [Eval] Task 2, R 74: Acc: 52.75% | Prec-Mac: 53.47% | Rec-Mac: 65.01% | Mi-F1: 52.75% | Ma-F1: 47.91% | We-F1: 57.24% | Loss: 3.0458
2026-05-13 22:22:58,495 [INFO]   [CKPT] Saved: ckpt_wa_task02_r074_global194_acc52.8.pth
2026-05-13 22:22:58,495 [INFO] 
--- Task 2, Round 75/80 (Global 195) ---
2026-05-13 22:24:48,395 [INFO]   [Eval] Task 2, R 75: Acc: 53.99% | Prec-Mac: 53.29% | Rec-Mac: 65.41% | Mi-F1: 53.99% | Ma-F1: 48.32% | We-F1: 58.31% | Loss: 2.9023
2026-05-13 22:24:48,882 [INFO]   [CKPT] Saved: ckpt_wa_task02_r075_global195_acc54.0.pth
2026-05-13 22:24:48,883 [INFO] 
--- Task 2, Round 76/80 (Global 196) ---
2026-05-13 22:26:38,921 [INFO]   [Eval] Task 2, R 76: Acc: 53.71% | Prec-Mac: 53.53% | Rec-Mac: 65.65% | Mi-F1: 53.71% | Ma-F1: 48.62% | We-F1: 58.13% | Loss: 2.9715
2026-05-13 22:26:39,413 [INFO]   [CKPT] Saved: ckpt_wa_task02_r076_global196_acc53.7.pth
2026-05-13 22:26:39,413 [INFO] 
--- Task 2, Round 77/80 (Global 197) ---
2026-05-13 22:28:29,380 [INFO]   [Eval] Task 2, R 77: Acc: 52.91% | Prec-Mac: 53.46% | Rec-Mac: 65.14% | Mi-F1: 52.91% | Ma-F1: 48.05% | We-F1: 57.39% | Loss: 3.0380
2026-05-13 22:28:29,876 [INFO]   [CKPT] Saved: ckpt_wa_task02_r077_global197_acc52.9.pth
2026-05-13 22:28:29,877 [INFO] 
--- Task 2, Round 78/80 (Global 198) ---
2026-05-13 22:30:19,689 [INFO]   [Eval] Task 2, R 78: Acc: 53.18% | Prec-Mac: 53.48% | Rec-Mac: 65.30% | Mi-F1: 53.18% | Ma-F1: 48.29% | We-F1: 57.67% | Loss: 3.0101
2026-05-13 22:30:20,183 [INFO]   [CKPT] Saved: ckpt_wa_task02_r078_global198_acc53.2.pth
2026-05-13 22:30:20,184 [INFO] 
--- Task 2, Round 79/80 (Global 199) ---
2026-05-13 22:32:10,020 [INFO]   [Eval] Task 2, R 79: Acc: 53.44% | Prec-Mac: 53.66% | Rec-Mac: 65.51% | Mi-F1: 53.44% | Ma-F1: 48.57% | We-F1: 57.93% | Loss: 2.9843
2026-05-13 22:32:10,507 [INFO]   [CKPT] Saved: ckpt_wa_task02_r079_global199_acc53.4.pth
2026-05-13 22:32:10,507 [INFO] 
--- Task 2, Round 80/80 (Global 200) ---
2026-05-13 22:32:11,528 [INFO] Edge 0: [WA] Weight Align applied (13 -> 13).
2026-05-13 22:32:26,788 [INFO] Edge 0: Memory updated at end of task. Total stored: 14989 samples across 13 classes.
2026-05-13 22:32:27,814 [INFO] Edge 1: [WA] Weight Align applied (13 -> 13).
2026-05-13 22:32:43,162 [INFO] Edge 1: Memory updated at end of task. Total stored: 14989 samples across 13 classes.
2026-05-13 22:32:44,015 [INFO] Edge 2: [WA] Weight Align applied (13 -> 13).
2026-05-13 22:33:00,060 [INFO] Edge 2: Memory updated at end of task. Total stored: 14989 samples across 13 classes.
2026-05-13 22:34:46,063 [INFO]   [Eval] Task 2, R 80: Acc: 53.74% | Prec-Mac: 53.12% | Rec-Mac: 65.08% | Mi-F1: 53.74% | Ma-F1: 47.93% | We-F1: 58.06% | Loss: 2.8875
2026-05-13 22:34:46,560 [INFO]   [CKPT] Saved: ckpt_wa_task02_r080_global200_acc53.7.pth
2026-05-13 22:34:46,560 [INFO]   [WA-Pre] Avg Norm: Old Classes = 1.7423, New Classes = 1.4830
2026-05-13 22:34:46,560 [INFO]   [WA] Applying Weight Aligning for Task 2...
2026-05-13 22:34:46,561 [INFO]   [WA-Post] Avg Norm: Old Classes = 1.7423, New Classes = 1.7423
2026-05-13 22:38:19,070 [INFO] 
============================================================
  ĐÁNH GIÁ - Task 2
============================================================
  Accuracy:           51.80%
  Precision (micro):  51.80%
  Precision (macro):  53.16%
  Precision (weight): 81.91%
  Recall (micro):     51.80%
  Recall (macro):     63.12%
  Recall (weight):    51.80%
  F1 (micro):         51.80%
  F1 (macro):         45.82%
  F1 (weight):        56.16%
  Loss:               3.2508

  Per-class F1:
    Class 0             : 17.41%
    Class 1             : 88.97%
    Class 2             : 82.38%
    Class 3             : 66.09%
    Class 4             : 48.91%
    Class 5             : 40.40%
    Class 6             : 31.71%
    Class 7             : 41.26%
    Class 8             : 95.12%
    Class 9             : 18.12%
    Class 10            : 5.62%
    Class 11            : 14.89%
    Class 12            : 44.85%
============================================================

2026-05-13 22:38:19,071 [INFO] 
Loading data for Task 3 (Classes: [13, 14, 15, 16])...
2026-05-13 22:38:19,711 [INFO] Expanded global model to 17 classes for Task 3
2026-05-13 22:38:19,722 [INFO] 
============================================================
2026-05-13 22:38:19,722 [INFO] Task 3/4 | Classes: [13, 14, 15, 16] | 80 rounds | LR: 0.02
2026-05-13 22:38:19,723 [INFO] ============================================================
2026-05-13 22:38:19,723 [INFO] 
--- Task 3, Round 1/80 (Global 201) ---
2026-05-13 22:40:08,169 [INFO]   [Eval] Task 3, R 1: Acc: 56.06% | Prec-Mac: 42.23% | Rec-Mac: 45.86% | Mi-F1: 56.06% | Ma-F1: 37.94% | We-F1: 61.19% | Loss: 2.8291
2026-05-13 22:40:08,669 [INFO]   [CKPT] Saved: ckpt_wa_task03_r001_global201_acc56.1.pth
2026-05-13 22:40:08,669 [INFO] 
--- Task 3, Round 2/80 (Global 202) ---
2026-05-13 22:41:56,822 [INFO]   [Eval] Task 3, R 2: Acc: 52.94% | Prec-Mac: 41.90% | Rec-Mac: 51.87% | Mi-F1: 52.94% | Ma-F1: 41.14% | We-F1: 57.78% | Loss: 2.7102
2026-05-13 22:41:57,310 [INFO]   [CKPT] Saved: ckpt_wa_task03_r002_global202_acc52.9.pth
2026-05-13 22:41:57,310 [INFO] 
--- Task 3, Round 3/80 (Global 203) ---
2026-05-13 22:43:46,016 [INFO]   [Eval] Task 3, R 3: Acc: 52.55% | Prec-Mac: 44.62% | Rec-Mac: 55.38% | Mi-F1: 52.55% | Ma-F1: 40.28% | We-F1: 56.34% | Loss: 2.9404
2026-05-13 22:43:46,513 [INFO]   [CKPT] Saved: ckpt_wa_task03_r003_global203_acc52.5.pth
2026-05-13 22:43:46,513 [INFO] 
--- Task 3, Round 4/80 (Global 204) ---
2026-05-13 22:45:36,045 [INFO]   [Eval] Task 3, R 4: Acc: 51.65% | Prec-Mac: 44.57% | Rec-Mac: 49.70% | Mi-F1: 51.65% | Ma-F1: 40.04% | We-F1: 56.52% | Loss: 2.8109
2026-05-13 22:45:36,538 [INFO]   [CKPT] Saved: ckpt_wa_task03_r004_global204_acc51.7.pth
2026-05-13 22:45:36,538 [INFO] 
--- Task 3, Round 5/80 (Global 205) ---
2026-05-13 22:47:25,405 [INFO]   [Eval] Task 3, R 5: Acc: 51.73% | Prec-Mac: 48.28% | Rec-Mac: 55.90% | Mi-F1: 51.73% | Ma-F1: 40.41% | We-F1: 55.11% | Loss: 3.0334
2026-05-13 22:47:25,897 [INFO]   [CKPT] Saved: ckpt_wa_task03_r005_global205_acc51.7.pth
2026-05-13 22:47:25,897 [INFO] 
--- Task 3, Round 6/80 (Global 206) ---
2026-05-13 22:49:15,159 [INFO]   [Eval] Task 3, R 6: Acc: 49.20% | Prec-Mac: 47.22% | Rec-Mac: 55.10% | Mi-F1: 49.20% | Ma-F1: 40.02% | We-F1: 53.68% | Loss: 2.9797
2026-05-13 22:49:15,665 [INFO]   [CKPT] Saved: ckpt_wa_task03_r006_global206_acc49.2.pth
2026-05-13 22:49:15,665 [INFO] 
--- Task 3, Round 7/80 (Global 207) ---
2026-05-13 22:51:04,863 [INFO]   [Eval] Task 3, R 7: Acc: 47.19% | Prec-Mac: 43.87% | Rec-Mac: 55.49% | Mi-F1: 47.19% | Ma-F1: 38.26% | We-F1: 49.91% | Loss: 2.8759
2026-05-13 22:51:05,365 [INFO]   [CKPT] Saved: ckpt_wa_task03_r007_global207_acc47.2.pth
2026-05-13 22:51:05,365 [INFO] 
--- Task 3, Round 8/80 (Global 208) ---
2026-05-13 22:52:54,247 [INFO]   [Eval] Task 3, R 8: Acc: 50.68% | Prec-Mac: 47.65% | Rec-Mac: 58.61% | Mi-F1: 50.68% | Ma-F1: 41.63% | We-F1: 55.65% | Loss: 2.8695
2026-05-13 22:52:54,737 [INFO]   [CKPT] Saved: ckpt_wa_task03_r008_global208_acc50.7.pth
2026-05-13 22:52:54,737 [INFO] 
--- Task 3, Round 9/80 (Global 209) ---
2026-05-13 22:54:43,763 [INFO]   [Eval] Task 3, R 9: Acc: 46.77% | Prec-Mac: 41.43% | Rec-Mac: 55.44% | Mi-F1: 46.77% | Ma-F1: 36.35% | We-F1: 48.96% | Loss: 2.8402
2026-05-13 22:54:44,255 [INFO]   [CKPT] Saved: ckpt_wa_task03_r009_global209_acc46.8.pth
2026-05-13 22:54:44,255 [INFO] 
--- Task 3, Round 10/80 (Global 210) ---
2026-05-13 22:56:33,115 [INFO]   [Eval] Task 3, R 10: Acc: 51.03% | Prec-Mac: 48.57% | Rec-Mac: 58.78% | Mi-F1: 51.03% | Ma-F1: 42.14% | We-F1: 55.44% | Loss: 2.9008
2026-05-13 22:56:33,602 [INFO]   [CKPT] Saved: ckpt_wa_task03_r010_global210_acc51.0.pth
2026-05-13 22:56:33,602 [INFO] 
--- Task 3, Round 11/80 (Global 211) ---
2026-05-13 22:58:24,022 [INFO]   [Eval] Task 3, R 11: Acc: 49.66% | Prec-Mac: 41.87% | Rec-Mac: 58.20% | Mi-F1: 49.66% | Ma-F1: 38.11% | We-F1: 51.68% | Loss: 2.7399
2026-05-13 22:58:24,516 [INFO]   [CKPT] Saved: ckpt_wa_task03_r011_global211_acc49.7.pth
2026-05-13 22:58:24,516 [INFO] 
--- Task 3, Round 12/80 (Global 212) ---
2026-05-13 23:00:13,891 [INFO]   [Eval] Task 3, R 12: Acc: 52.74% | Prec-Mac: 48.24% | Rec-Mac: 60.51% | Mi-F1: 52.74% | Ma-F1: 42.17% | We-F1: 56.82% | Loss: 2.8403
2026-05-13 23:00:14,377 [INFO]   [CKPT] Saved: ckpt_wa_task03_r012_global212_acc52.7.pth
2026-05-13 23:00:14,378 [INFO] 
--- Task 3, Round 13/80 (Global 213) ---
2026-05-13 23:02:02,967 [INFO]   [Eval] Task 3, R 13: Acc: 52.79% | Prec-Mac: 46.61% | Rec-Mac: 60.95% | Mi-F1: 52.79% | Ma-F1: 41.26% | We-F1: 56.78% | Loss: 2.7690
2026-05-13 23:02:03,457 [INFO]   [CKPT] Saved: ckpt_wa_task03_r013_global213_acc52.8.pth
2026-05-13 23:02:03,457 [INFO] 
--- Task 3, Round 14/80 (Global 214) ---
2026-05-13 23:03:53,856 [INFO]   [Eval] Task 3, R 14: Acc: 52.77% | Prec-Mac: 46.59% | Rec-Mac: 61.09% | Mi-F1: 52.77% | Ma-F1: 41.38% | We-F1: 56.93% | Loss: 2.7872
2026-05-13 23:03:54,387 [INFO]   [CKPT] Saved: ckpt_wa_task03_r014_global214_acc52.8.pth
2026-05-13 23:03:54,387 [INFO] 
--- Task 3, Round 15/80 (Global 215) ---
2026-05-13 23:05:59,277 [INFO]   [Eval] Task 3, R 15: Acc: 52.74% | Prec-Mac: 45.91% | Rec-Mac: 61.20% | Mi-F1: 52.74% | Ma-F1: 41.01% | We-F1: 56.83% | Loss: 2.7449
2026-05-13 23:05:59,917 [INFO]   [CKPT] Saved: ckpt_wa_task03_r015_global215_acc52.7.pth
2026-05-13 23:05:59,917 [INFO] 
--- Task 3, Round 16/80 (Global 216) ---
2026-05-13 23:08:03,912 [INFO]   [Eval] Task 3, R 16: Acc: 52.62% | Prec-Mac: 46.61% | Rec-Mac: 60.71% | Mi-F1: 52.62% | Ma-F1: 41.19% | We-F1: 56.33% | Loss: 2.7785
2026-05-13 23:08:04,481 [INFO]   [CKPT] Saved: ckpt_wa_task03_r016_global216_acc52.6.pth
2026-05-13 23:08:04,481 [INFO] 
--- Task 3, Round 17/80 (Global 217) ---
2026-05-13 23:10:02,587 [INFO]   [Eval] Task 3, R 17: Acc: 53.84% | Prec-Mac: 45.82% | Rec-Mac: 60.99% | Mi-F1: 53.84% | Ma-F1: 41.04% | We-F1: 58.22% | Loss: 2.6896
2026-05-13 23:10:03,119 [INFO]   [CKPT] Saved: ckpt_wa_task03_r017_global217_acc53.8.pth
2026-05-13 23:10:03,119 [INFO] 
--- Task 3, Round 18/80 (Global 218) ---
2026-05-13 23:11:55,724 [INFO]   [Eval] Task 3, R 18: Acc: 54.14% | Prec-Mac: 46.60% | Rec-Mac: 61.91% | Mi-F1: 54.14% | Ma-F1: 41.91% | We-F1: 58.55% | Loss: 2.6880
2026-05-13 23:11:56,237 [INFO]   [CKPT] Saved: ckpt_wa_task03_r018_global218_acc54.1.pth
2026-05-13 23:11:56,238 [INFO] 
--- Task 3, Round 19/80 (Global 219) ---
2026-05-13 23:13:49,825 [INFO]   [Eval] Task 3, R 19: Acc: 52.23% | Prec-Mac: 46.36% | Rec-Mac: 61.49% | Mi-F1: 52.23% | Ma-F1: 40.60% | We-F1: 55.78% | Loss: 2.8259
2026-05-13 23:13:50,347 [INFO]   [CKPT] Saved: ckpt_wa_task03_r019_global219_acc52.2.pth
2026-05-13 23:13:50,347 [INFO] 
--- Task 3, Round 20/80 (Global 220) ---
2026-05-13 23:15:46,949 [INFO]   [Eval] Task 3, R 20: Acc: 51.03% | Prec-Mac: 45.94% | Rec-Mac: 60.99% | Mi-F1: 51.03% | Ma-F1: 40.12% | We-F1: 54.79% | Loss: 2.8744
2026-05-13 23:15:47,473 [INFO]   [CKPT] Saved: ckpt_wa_task03_r020_global220_acc51.0.pth
2026-05-13 23:15:47,473 [INFO] 
--- Task 3, Round 21/80 (Global 221) ---
2026-05-13 23:17:44,284 [INFO]   [Eval] Task 3, R 21: Acc: 52.07% | Prec-Mac: 47.61% | Rec-Mac: 61.77% | Mi-F1: 52.07% | Ma-F1: 41.54% | We-F1: 56.75% | Loss: 2.8225
2026-05-13 23:17:44,843 [INFO]   [CKPT] Saved: ckpt_wa_task03_r021_global221_acc52.1.pth
2026-05-13 23:17:44,844 [INFO] 
--- Task 3, Round 22/80 (Global 222) ---
2026-05-13 23:19:44,136 [INFO]   [Eval] Task 3, R 22: Acc: 52.17% | Prec-Mac: 45.63% | Rec-Mac: 61.40% | Mi-F1: 52.17% | Ma-F1: 40.61% | We-F1: 55.71% | Loss: 2.8079
2026-05-13 23:19:44,683 [INFO]   [CKPT] Saved: ckpt_wa_task03_r022_global222_acc52.2.pth
2026-05-13 23:19:44,683 [INFO] 
--- Task 3, Round 23/80 (Global 223) ---
2026-05-13 23:21:41,851 [INFO]   [Eval] Task 3, R 23: Acc: 52.77% | Prec-Mac: 46.91% | Rec-Mac: 61.76% | Mi-F1: 52.77% | Ma-F1: 40.77% | We-F1: 56.55% | Loss: 2.7625
2026-05-13 23:21:42,383 [INFO]   [CKPT] Saved: ckpt_wa_task03_r023_global223_acc52.8.pth
2026-05-13 23:21:42,383 [INFO] 
--- Task 3, Round 24/80 (Global 224) ---
2026-05-13 23:23:40,029 [INFO]   [Eval] Task 3, R 24: Acc: 52.26% | Prec-Mac: 45.86% | Rec-Mac: 62.26% | Mi-F1: 52.26% | Ma-F1: 40.32% | We-F1: 56.18% | Loss: 2.7470
2026-05-13 23:23:40,581 [INFO]   [CKPT] Saved: ckpt_wa_task03_r024_global224_acc52.3.pth
2026-05-13 23:23:40,581 [INFO] 
--- Task 3, Round 25/80 (Global 225) ---
2026-05-13 23:25:36,467 [INFO]   [Eval] Task 3, R 25: Acc: 52.41% | Prec-Mac: 45.96% | Rec-Mac: 62.18% | Mi-F1: 52.41% | Ma-F1: 40.29% | We-F1: 55.97% | Loss: 2.7718
2026-05-13 23:25:36,991 [INFO]   [CKPT] Saved: ckpt_wa_task03_r025_global225_acc52.4.pth
2026-05-13 23:25:36,991 [INFO] 
--- Task 3, Round 26/80 (Global 226) ---
2026-05-13 23:27:33,055 [INFO]   [Eval] Task 3, R 26: Acc: 50.75% | Prec-Mac: 45.03% | Rec-Mac: 61.31% | Mi-F1: 50.75% | Ma-F1: 39.20% | We-F1: 55.16% | Loss: 2.7021
2026-05-13 23:27:33,578 [INFO]   [CKPT] Saved: ckpt_wa_task03_r026_global226_acc50.8.pth
2026-05-13 23:27:33,579 [INFO] 
--- Task 3, Round 27/80 (Global 227) ---
2026-05-13 23:29:27,264 [INFO]   [Eval] Task 3, R 27: Acc: 50.98% | Prec-Mac: 46.96% | Rec-Mac: 59.94% | Mi-F1: 50.98% | Ma-F1: 39.95% | We-F1: 56.76% | Loss: 2.7680
2026-05-13 23:29:27,784 [INFO]   [CKPT] Saved: ckpt_wa_task03_r027_global227_acc51.0.pth
2026-05-13 23:29:27,785 [INFO] 
--- Task 3, Round 28/80 (Global 228) ---
2026-05-13 23:31:20,850 [INFO]   [Eval] Task 3, R 28: Acc: 53.55% | Prec-Mac: 46.71% | Rec-Mac: 62.71% | Mi-F1: 53.55% | Ma-F1: 42.20% | We-F1: 57.08% | Loss: 2.9261
2026-05-13 23:31:21,357 [INFO]   [CKPT] Saved: ckpt_wa_task03_r028_global228_acc53.6.pth
2026-05-13 23:31:21,358 [INFO] 
--- Task 3, Round 29/80 (Global 229) ---
2026-05-13 23:33:16,560 [INFO]   [Eval] Task 3, R 29: Acc: 51.98% | Prec-Mac: 46.63% | Rec-Mac: 62.09% | Mi-F1: 51.98% | Ma-F1: 41.31% | We-F1: 55.67% | Loss: 2.9794
2026-05-13 23:33:17,066 [INFO]   [CKPT] Saved: ckpt_wa_task03_r029_global229_acc52.0.pth
2026-05-13 23:33:17,066 [INFO] 
--- Task 3, Round 30/80 (Global 230) ---
2026-05-13 23:35:10,335 [INFO]   [Eval] Task 3, R 30: Acc: 52.44% | Prec-Mac: 45.45% | Rec-Mac: 62.88% | Mi-F1: 52.44% | Ma-F1: 40.92% | We-F1: 55.96% | Loss: 2.8933
2026-05-13 23:35:10,848 [INFO]   [CKPT] Saved: ckpt_wa_task03_r030_global230_acc52.4.pth
2026-05-13 23:35:10,848 [INFO] 
--- Task 3, Round 31/80 (Global 231) ---
2026-05-13 23:37:07,872 [INFO]   [Eval] Task 3, R 31: Acc: 51.88% | Prec-Mac: 46.66% | Rec-Mac: 60.90% | Mi-F1: 51.88% | Ma-F1: 40.36% | We-F1: 54.99% | Loss: 2.8191
2026-05-13 23:37:08,458 [INFO]   [CKPT] Saved: ckpt_wa_task03_r031_global231_acc51.9.pth
2026-05-13 23:37:08,458 [INFO] 
--- Task 3, Round 32/80 (Global 232) ---
2026-05-13 23:39:14,654 [INFO]   [Eval] Task 3, R 32: Acc: 51.86% | Prec-Mac: 46.34% | Rec-Mac: 62.17% | Mi-F1: 51.86% | Ma-F1: 40.19% | We-F1: 55.04% | Loss: 2.8059
2026-05-13 23:39:15,234 [INFO]   [CKPT] Saved: ckpt_wa_task03_r032_global232_acc51.9.pth
2026-05-13 23:39:15,234 [INFO] 
--- Task 3, Round 33/80 (Global 233) ---
2026-05-13 23:41:21,061 [INFO]   [Eval] Task 3, R 33: Acc: 51.94% | Prec-Mac: 46.10% | Rec-Mac: 62.39% | Mi-F1: 51.94% | Ma-F1: 39.91% | We-F1: 55.29% | Loss: 2.7906
2026-05-13 23:41:21,650 [INFO]   [CKPT] Saved: ckpt_wa_task03_r033_global233_acc51.9.pth
2026-05-13 23:41:21,650 [INFO] 
--- Task 3, Round 34/80 (Global 234) ---
2026-05-13 23:43:32,217 [INFO]   [Eval] Task 3, R 34: Acc: 51.95% | Prec-Mac: 45.70% | Rec-Mac: 62.53% | Mi-F1: 51.95% | Ma-F1: 39.69% | We-F1: 55.45% | Loss: 2.7762
2026-05-13 23:43:32,810 [INFO]   [CKPT] Saved: ckpt_wa_task03_r034_global234_acc52.0.pth
2026-05-13 23:43:32,810 [INFO] 
--- Task 3, Round 35/80 (Global 235) ---
2026-05-13 23:45:44,101 [INFO]   [Eval] Task 3, R 35: Acc: 51.81% | Prec-Mac: 46.28% | Rec-Mac: 62.68% | Mi-F1: 51.81% | Ma-F1: 40.04% | We-F1: 55.82% | Loss: 2.7777
2026-05-13 23:45:44,712 [INFO]   [CKPT] Saved: ckpt_wa_task03_r035_global235_acc51.8.pth
2026-05-13 23:45:44,712 [INFO] 
--- Task 3, Round 36/80 (Global 236) ---
2026-05-13 23:47:53,155 [INFO]   [Eval] Task 3, R 36: Acc: 51.46% | Prec-Mac: 46.51% | Rec-Mac: 61.70% | Mi-F1: 51.46% | Ma-F1: 39.46% | We-F1: 55.68% | Loss: 2.8107
2026-05-13 23:47:53,763 [INFO]   [CKPT] Saved: ckpt_wa_task03_r036_global236_acc51.5.pth
2026-05-13 23:47:53,763 [INFO] 
--- Task 3, Round 37/80 (Global 237) ---
2026-05-13 23:50:01,734 [INFO]   [Eval] Task 3, R 37: Acc: 52.01% | Prec-Mac: 46.19% | Rec-Mac: 62.49% | Mi-F1: 52.01% | Ma-F1: 40.32% | We-F1: 56.42% | Loss: 2.7605
2026-05-13 23:50:02,326 [INFO]   [CKPT] Saved: ckpt_wa_task03_r037_global237_acc52.0.pth
2026-05-13 23:50:02,326 [INFO] 
--- Task 3, Round 38/80 (Global 238) ---
2026-05-13 23:52:09,390 [INFO]   [Eval] Task 3, R 38: Acc: 51.57% | Prec-Mac: 46.69% | Rec-Mac: 62.52% | Mi-F1: 51.57% | Ma-F1: 40.23% | We-F1: 55.81% | Loss: 2.8004
2026-05-13 23:52:09,976 [INFO]   [CKPT] Saved: ckpt_wa_task03_r038_global238_acc51.6.pth
2026-05-13 23:52:09,976 [INFO] 
--- Task 3, Round 39/80 (Global 239) ---
2026-05-13 23:54:20,823 [INFO]   [Eval] Task 3, R 39: Acc: 51.64% | Prec-Mac: 45.83% | Rec-Mac: 62.15% | Mi-F1: 51.64% | Ma-F1: 39.89% | We-F1: 55.60% | Loss: 2.7606
2026-05-13 23:54:21,417 [INFO]   [CKPT] Saved: ckpt_wa_task03_r039_global239_acc51.6.pth
2026-05-13 23:54:21,417 [INFO] 
--- Task 3, Round 40/80 (Global 240) ---
2026-05-13 23:56:29,699 [INFO]   [Eval] Task 3, R 40: Acc: 51.96% | Prec-Mac: 47.02% | Rec-Mac: 62.06% | Mi-F1: 51.96% | Ma-F1: 40.50% | We-F1: 55.82% | Loss: 2.8461
2026-05-13 23:56:30,290 [INFO]   [CKPT] Saved: ckpt_wa_task03_r040_global240_acc52.0.pth
2026-05-13 23:56:30,290 [INFO] 
--- Task 3, Round 41/80 (Global 241) ---
2026-05-13 23:56:30,290 [INFO]    [LR DECAY] Round 40 reached milestone: New LR = 0.002
2026-05-13 23:58:38,274 [INFO]   [Eval] Task 3, R 41: Acc: 51.91% | Prec-Mac: 46.40% | Rec-Mac: 62.03% | Mi-F1: 51.91% | Ma-F1: 40.30% | We-F1: 55.74% | Loss: 2.8297
2026-05-13 23:58:38,874 [INFO]   [CKPT] Saved: ckpt_wa_task03_r041_global241_acc51.9.pth
2026-05-13 23:58:38,874 [INFO] 
--- Task 3, Round 42/80 (Global 242) ---
2026-05-14 00:00:47,519 [INFO]   [Eval] Task 3, R 42: Acc: 51.92% | Prec-Mac: 46.32% | Rec-Mac: 61.95% | Mi-F1: 51.92% | Ma-F1: 40.19% | We-F1: 55.68% | Loss: 2.8171
2026-05-14 00:00:48,119 [INFO]   [CKPT] Saved: ckpt_wa_task03_r042_global242_acc51.9.pth
2026-05-14 00:00:48,119 [INFO] 
--- Task 3, Round 43/80 (Global 243) ---
2026-05-14 00:02:50,524 [INFO]   [Eval] Task 3, R 43: Acc: 51.84% | Prec-Mac: 46.07% | Rec-Mac: 62.12% | Mi-F1: 51.84% | Ma-F1: 40.06% | We-F1: 55.83% | Loss: 2.8110
2026-05-14 00:02:51,077 [INFO]   [CKPT] Saved: ckpt_wa_task03_r043_global243_acc51.8.pth
2026-05-14 00:02:51,078 [INFO] 
--- Task 3, Round 44/80 (Global 244) ---
2026-05-14 00:04:48,601 [INFO]   [Eval] Task 3, R 44: Acc: 51.94% | Prec-Mac: 45.82% | Rec-Mac: 62.08% | Mi-F1: 51.94% | Ma-F1: 39.96% | We-F1: 55.87% | Loss: 2.7988
2026-05-14 00:04:49,129 [INFO]   [CKPT] Saved: ckpt_wa_task03_r044_global244_acc51.9.pth
2026-05-14 00:04:49,129 [INFO] 
--- Task 3, Round 45/80 (Global 245) ---
2026-05-14 00:06:44,582 [INFO]   [Eval] Task 3, R 45: Acc: 52.23% | Prec-Mac: 45.76% | Rec-Mac: 62.31% | Mi-F1: 52.23% | Ma-F1: 40.09% | We-F1: 56.37% | Loss: 2.7719
2026-05-14 00:06:45,113 [INFO]   [CKPT] Saved: ckpt_wa_task03_r045_global245_acc52.2.pth
2026-05-14 00:06:45,114 [INFO] 
--- Task 3, Round 46/80 (Global 246) ---
2026-05-14 00:08:39,545 [INFO]   [Eval] Task 3, R 46: Acc: 51.66% | Prec-Mac: 46.03% | Rec-Mac: 62.19% | Mi-F1: 51.66% | Ma-F1: 39.89% | We-F1: 55.52% | Loss: 2.8057
2026-05-14 00:08:40,074 [INFO]   [CKPT] Saved: ckpt_wa_task03_r046_global246_acc51.7.pth
2026-05-14 00:08:40,074 [INFO] 
--- Task 3, Round 47/80 (Global 247) ---
2026-05-14 00:10:32,394 [INFO]   [Eval] Task 3, R 47: Acc: 51.34% | Prec-Mac: 45.96% | Rec-Mac: 61.92% | Mi-F1: 51.34% | Ma-F1: 39.45% | We-F1: 55.12% | Loss: 2.8086
2026-05-14 00:10:32,927 [INFO]   [CKPT] Saved: ckpt_wa_task03_r047_global247_acc51.3.pth
2026-05-14 00:10:32,927 [INFO] 
--- Task 3, Round 48/80 (Global 248) ---
2026-05-14 00:12:23,045 [INFO]   [Eval] Task 3, R 48: Acc: 51.28% | Prec-Mac: 46.05% | Rec-Mac: 61.86% | Mi-F1: 51.28% | Ma-F1: 39.51% | We-F1: 54.97% | Loss: 2.8107
2026-05-14 00:12:23,542 [INFO]   [CKPT] Saved: ckpt_wa_task03_r048_global248_acc51.3.pth
2026-05-14 00:12:23,543 [INFO] 
--- Task 3, Round 49/80 (Global 249) ---
2026-05-14 00:14:13,966 [INFO]   [Eval] Task 3, R 49: Acc: 51.55% | Prec-Mac: 45.85% | Rec-Mac: 62.00% | Mi-F1: 51.55% | Ma-F1: 39.62% | We-F1: 55.30% | Loss: 2.7905
2026-05-14 00:14:14,503 [INFO]   [CKPT] Saved: ckpt_wa_task03_r049_global249_acc51.5.pth
2026-05-14 00:14:14,503 [INFO] 
--- Task 3, Round 50/80 (Global 250) ---
2026-05-14 00:16:05,486 [INFO]   [Eval] Task 3, R 50: Acc: 51.90% | Prec-Mac: 45.72% | Rec-Mac: 61.99% | Mi-F1: 51.90% | Ma-F1: 39.76% | We-F1: 55.79% | Loss: 2.7806
2026-05-14 00:16:05,998 [INFO]   [CKPT] Saved: ckpt_wa_task03_r050_global250_acc51.9.pth
2026-05-14 00:16:05,998 [INFO] 
--- Task 3, Round 51/80 (Global 251) ---
2026-05-14 00:17:56,629 [INFO]   [Eval] Task 3, R 51: Acc: 48.11% | Prec-Mac: 42.75% | Rec-Mac: 58.59% | Mi-F1: 48.11% | Ma-F1: 35.77% | We-F1: 49.50% | Loss: 2.7883
2026-05-14 00:17:57,140 [INFO]   [CKPT] Saved: ckpt_wa_task03_r051_global251_acc48.1.pth
2026-05-14 00:17:57,140 [INFO] 
--- Task 3, Round 52/80 (Global 252) ---
2026-05-14 00:19:48,262 [INFO]   [Eval] Task 3, R 52: Acc: 51.77% | Prec-Mac: 46.14% | Rec-Mac: 61.83% | Mi-F1: 51.77% | Ma-F1: 39.48% | We-F1: 55.26% | Loss: 2.7552
2026-05-14 00:19:48,757 [INFO]   [CKPT] Saved: ckpt_wa_task03_r052_global252_acc51.8.pth
2026-05-14 00:19:48,757 [INFO] 
--- Task 3, Round 53/80 (Global 253) ---
2026-05-14 00:21:40,373 [INFO]   [Eval] Task 3, R 53: Acc: 51.78% | Prec-Mac: 45.80% | Rec-Mac: 62.08% | Mi-F1: 51.78% | Ma-F1: 39.62% | We-F1: 55.50% | Loss: 2.7763
2026-05-14 00:21:40,907 [INFO]   [CKPT] Saved: ckpt_wa_task03_r053_global253_acc51.8.pth
2026-05-14 00:21:40,908 [INFO] 
--- Task 3, Round 54/80 (Global 254) ---
2026-05-14 00:23:34,295 [INFO]   [Eval] Task 3, R 54: Acc: 52.52% | Prec-Mac: 45.76% | Rec-Mac: 62.40% | Mi-F1: 52.52% | Ma-F1: 40.11% | We-F1: 56.50% | Loss: 2.7474
2026-05-14 00:23:34,807 [INFO]   [CKPT] Saved: ckpt_wa_task03_r054_global254_acc52.5.pth
2026-05-14 00:23:34,808 [INFO] 
--- Task 3, Round 55/80 (Global 255) ---
2026-05-14 00:25:27,012 [INFO]   [Eval] Task 3, R 55: Acc: 51.77% | Prec-Mac: 45.63% | Rec-Mac: 62.14% | Mi-F1: 51.77% | Ma-F1: 39.63% | We-F1: 55.58% | Loss: 2.7835
2026-05-14 00:25:27,522 [INFO]   [CKPT] Saved: ckpt_wa_task03_r055_global255_acc51.8.pth
2026-05-14 00:25:27,522 [INFO] 
--- Task 3, Round 56/80 (Global 256) ---
2026-05-14 00:27:18,499 [INFO]   [Eval] Task 3, R 56: Acc: 51.20% | Prec-Mac: 45.53% | Rec-Mac: 61.71% | Mi-F1: 51.20% | Ma-F1: 39.04% | We-F1: 54.80% | Loss: 2.7876
2026-05-14 00:27:18,996 [INFO]   [CKPT] Saved: ckpt_wa_task03_r056_global256_acc51.2.pth
2026-05-14 00:27:18,996 [INFO] 
--- Task 3, Round 57/80 (Global 257) ---
2026-05-14 00:29:09,702 [INFO]   [Eval] Task 3, R 57: Acc: 51.70% | Prec-Mac: 46.16% | Rec-Mac: 61.76% | Mi-F1: 51.70% | Ma-F1: 39.41% | We-F1: 55.16% | Loss: 2.7710
2026-05-14 00:29:10,224 [INFO]   [CKPT] Saved: ckpt_wa_task03_r057_global257_acc51.7.pth
2026-05-14 00:29:10,225 [INFO] 
--- Task 3, Round 58/80 (Global 258) ---
2026-05-14 00:31:00,872 [INFO]   [Eval] Task 3, R 58: Acc: 51.44% | Prec-Mac: 45.92% | Rec-Mac: 61.78% | Mi-F1: 51.44% | Ma-F1: 39.28% | We-F1: 54.96% | Loss: 2.7780
2026-05-14 00:31:01,370 [INFO]   [CKPT] Saved: ckpt_wa_task03_r058_global258_acc51.4.pth
2026-05-14 00:31:01,370 [INFO] 
--- Task 3, Round 59/80 (Global 259) ---
2026-05-14 00:32:51,648 [INFO]   [Eval] Task 3, R 59: Acc: 51.32% | Prec-Mac: 45.98% | Rec-Mac: 61.77% | Mi-F1: 51.32% | Ma-F1: 39.22% | We-F1: 54.79% | Loss: 2.7930
2026-05-14 00:32:52,173 [INFO]   [CKPT] Saved: ckpt_wa_task03_r059_global259_acc51.3.pth
2026-05-14 00:32:52,174 [INFO] 
--- Task 3, Round 60/80 (Global 260) ---
2026-05-14 00:34:42,633 [INFO]   [Eval] Task 3, R 60: Acc: 51.64% | Prec-Mac: 45.64% | Rec-Mac: 61.97% | Mi-F1: 51.64% | Ma-F1: 39.51% | We-F1: 55.44% | Loss: 2.7801
2026-05-14 00:34:43,140 [INFO]   [CKPT] Saved: ckpt_wa_task03_r060_global260_acc51.6.pth
2026-05-14 00:34:43,140 [INFO] 
--- Task 3, Round 61/80 (Global 261) ---
2026-05-14 00:34:43,140 [INFO]    [LR DECAY] Round 60 reached milestone: New LR = 0.0002
2026-05-14 00:36:36,774 [INFO]   [Eval] Task 3, R 61: Acc: 51.71% | Prec-Mac: 45.64% | Rec-Mac: 61.77% | Mi-F1: 51.71% | Ma-F1: 39.49% | We-F1: 55.51% | Loss: 2.7769
2026-05-14 00:36:37,278 [INFO]   [CKPT] Saved: ckpt_wa_task03_r061_global261_acc51.7.pth
2026-05-14 00:36:37,278 [INFO] 
--- Task 3, Round 62/80 (Global 262) ---
2026-05-14 00:38:27,598 [INFO]   [Eval] Task 3, R 62: Acc: 51.58% | Prec-Mac: 45.79% | Rec-Mac: 61.82% | Mi-F1: 51.58% | Ma-F1: 39.23% | We-F1: 55.08% | Loss: 2.7718
2026-05-14 00:38:28,130 [INFO]   [CKPT] Saved: ckpt_wa_task03_r062_global262_acc51.6.pth
2026-05-14 00:38:28,130 [INFO] 
--- Task 3, Round 63/80 (Global 263) ---
2026-05-14 00:40:18,625 [INFO]   [Eval] Task 3, R 63: Acc: 51.80% | Prec-Mac: 45.73% | Rec-Mac: 61.95% | Mi-F1: 51.80% | Ma-F1: 39.67% | We-F1: 55.73% | Loss: 2.7763
2026-05-14 00:40:19,166 [INFO]   [CKPT] Saved: ckpt_wa_task03_r063_global263_acc51.8.pth
2026-05-14 00:40:19,167 [INFO] 
--- Task 3, Round 64/80 (Global 264) ---
2026-05-14 00:42:09,238 [INFO]   [Eval] Task 3, R 64: Acc: 52.02% | Prec-Mac: 45.76% | Rec-Mac: 62.08% | Mi-F1: 52.02% | Ma-F1: 39.85% | We-F1: 55.96% | Loss: 2.7717
2026-05-14 00:42:09,736 [INFO]   [CKPT] Saved: ckpt_wa_task03_r064_global264_acc52.0.pth
2026-05-14 00:42:09,736 [INFO] 
--- Task 3, Round 65/80 (Global 265) ---
2026-05-14 00:43:59,518 [INFO]   [Eval] Task 3, R 65: Acc: 51.51% | Prec-Mac: 45.76% | Rec-Mac: 62.12% | Mi-F1: 51.51% | Ma-F1: 39.57% | We-F1: 55.41% | Loss: 2.7916
2026-05-14 00:44:00,023 [INFO]   [CKPT] Saved: ckpt_wa_task03_r065_global265_acc51.5.pth
2026-05-14 00:44:00,023 [INFO] 
--- Task 3, Round 66/80 (Global 266) ---
2026-05-14 00:45:50,383 [INFO]   [Eval] Task 3, R 66: Acc: 51.71% | Prec-Mac: 45.89% | Rec-Mac: 62.38% | Mi-F1: 51.71% | Ma-F1: 39.76% | We-F1: 55.74% | Loss: 2.7977
2026-05-14 00:45:50,900 [INFO]   [CKPT] Saved: ckpt_wa_task03_r066_global266_acc51.7.pth
2026-05-14 00:45:50,901 [INFO] 
--- Task 3, Round 67/80 (Global 267) ---
2026-05-14 00:47:41,134 [INFO]   [Eval] Task 3, R 67: Acc: 51.46% | Prec-Mac: 45.84% | Rec-Mac: 62.12% | Mi-F1: 51.46% | Ma-F1: 39.49% | We-F1: 55.34% | Loss: 2.8009
2026-05-14 00:47:41,631 [INFO]   [CKPT] Saved: ckpt_wa_task03_r067_global267_acc51.5.pth
2026-05-14 00:47:41,631 [INFO] 
--- Task 3, Round 68/80 (Global 268) ---
2026-05-14 00:49:31,498 [INFO]   [Eval] Task 3, R 68: Acc: 47.77% | Prec-Mac: 42.49% | Rec-Mac: 58.96% | Mi-F1: 47.77% | Ma-F1: 35.46% | We-F1: 49.39% | Loss: 2.8035
2026-05-14 00:49:32,005 [INFO]   [CKPT] Saved: ckpt_wa_task03_r068_global268_acc47.8.pth
2026-05-14 00:49:32,005 [INFO] 
--- Task 3, Round 69/80 (Global 269) ---
2026-05-14 00:51:22,495 [INFO]   [Eval] Task 3, R 69: Acc: 51.14% | Prec-Mac: 45.64% | Rec-Mac: 61.70% | Mi-F1: 51.14% | Ma-F1: 39.04% | We-F1: 54.71% | Loss: 2.7930
2026-05-14 00:51:22,997 [INFO]   [CKPT] Saved: ckpt_wa_task03_r069_global269_acc51.1.pth
2026-05-14 00:51:22,997 [INFO] 
--- Task 3, Round 70/80 (Global 270) ---
2026-05-14 00:53:13,437 [INFO]   [Eval] Task 3, R 70: Acc: 50.86% | Prec-Mac: 45.93% | Rec-Mac: 61.44% | Mi-F1: 50.86% | Ma-F1: 38.98% | We-F1: 54.41% | Loss: 2.8125
2026-05-14 00:53:13,942 [INFO]   [CKPT] Saved: ckpt_wa_task03_r070_global270_acc50.9.pth
2026-05-14 00:53:13,943 [INFO] 
--- Task 3, Round 71/80 (Global 271) ---
2026-05-14 00:55:05,378 [INFO]   [Eval] Task 3, R 71: Acc: 51.15% | Prec-Mac: 45.75% | Rec-Mac: 61.83% | Mi-F1: 51.15% | Ma-F1: 39.18% | We-F1: 54.86% | Loss: 2.8075
2026-05-14 00:55:05,874 [INFO]   [CKPT] Saved: ckpt_wa_task03_r071_global271_acc51.1.pth
2026-05-14 00:55:05,875 [INFO] 
--- Task 3, Round 72/80 (Global 272) ---
2026-05-14 00:56:57,375 [INFO]   [Eval] Task 3, R 72: Acc: 47.90% | Prec-Mac: 42.71% | Rec-Mac: 58.49% | Mi-F1: 47.90% | Ma-F1: 35.40% | We-F1: 49.34% | Loss: 2.8028
2026-05-14 00:56:57,886 [INFO]   [CKPT] Saved: ckpt_wa_task03_r072_global272_acc47.9.pth
2026-05-14 00:56:57,886 [INFO] 
--- Task 3, Round 73/80 (Global 273) ---
2026-05-14 00:58:48,964 [INFO]   [Eval] Task 3, R 73: Acc: 51.87% | Prec-Mac: 45.78% | Rec-Mac: 61.89% | Mi-F1: 51.87% | Ma-F1: 39.67% | We-F1: 55.75% | Loss: 2.7691
2026-05-14 00:58:49,473 [INFO]   [CKPT] Saved: ckpt_wa_task03_r073_global273_acc51.9.pth
2026-05-14 00:58:49,473 [INFO] 
--- Task 3, Round 74/80 (Global 274) ---
2026-05-14 01:00:40,796 [INFO]   [Eval] Task 3, R 74: Acc: 52.10% | Prec-Mac: 45.69% | Rec-Mac: 62.40% | Mi-F1: 52.10% | Ma-F1: 39.99% | We-F1: 56.24% | Loss: 2.7720
2026-05-14 01:00:41,298 [INFO]   [CKPT] Saved: ckpt_wa_task03_r074_global274_acc52.1.pth
2026-05-14 01:00:41,298 [INFO] 
--- Task 3, Round 75/80 (Global 275) ---
2026-05-14 01:02:32,836 [INFO]   [Eval] Task 3, R 75: Acc: 51.79% | Prec-Mac: 45.68% | Rec-Mac: 62.18% | Mi-F1: 51.79% | Ma-F1: 39.68% | We-F1: 55.92% | Loss: 2.7897
2026-05-14 01:02:33,333 [INFO]   [CKPT] Saved: ckpt_wa_task03_r075_global275_acc51.8.pth
2026-05-14 01:02:33,333 [INFO] 
--- Task 3, Round 76/80 (Global 276) ---
2026-05-14 01:04:24,731 [INFO]   [Eval] Task 3, R 76: Acc: 52.01% | Prec-Mac: 45.76% | Rec-Mac: 62.53% | Mi-F1: 52.01% | Ma-F1: 39.90% | We-F1: 56.24% | Loss: 2.7825
2026-05-14 01:04:25,235 [INFO]   [CKPT] Saved: ckpt_wa_task03_r076_global276_acc52.0.pth
2026-05-14 01:04:25,235 [INFO] 
--- Task 3, Round 77/80 (Global 277) ---
2026-05-14 01:06:16,952 [INFO]   [Eval] Task 3, R 77: Acc: 52.07% | Prec-Mac: 45.76% | Rec-Mac: 62.68% | Mi-F1: 52.07% | Ma-F1: 39.90% | We-F1: 56.39% | Loss: 2.7860
2026-05-14 01:06:17,456 [INFO]   [CKPT] Saved: ckpt_wa_task03_r077_global277_acc52.1.pth
2026-05-14 01:06:17,457 [INFO] 
--- Task 3, Round 78/80 (Global 278) ---
2026-05-14 01:08:09,410 [INFO]   [Eval] Task 3, R 78: Acc: 51.45% | Prec-Mac: 45.79% | Rec-Mac: 61.76% | Mi-F1: 51.45% | Ma-F1: 39.19% | We-F1: 54.98% | Loss: 2.7745
2026-05-14 01:08:09,917 [INFO]   [CKPT] Saved: ckpt_wa_task03_r078_global278_acc51.4.pth
2026-05-14 01:08:09,918 [INFO] 
--- Task 3, Round 79/80 (Global 279) ---
2026-05-14 01:10:01,594 [INFO]   [Eval] Task 3, R 79: Acc: 51.38% | Prec-Mac: 45.89% | Rec-Mac: 61.80% | Mi-F1: 51.38% | Ma-F1: 39.21% | We-F1: 54.91% | Loss: 2.7772
2026-05-14 01:10:02,101 [INFO]   [CKPT] Saved: ckpt_wa_task03_r079_global279_acc51.4.pth
2026-05-14 01:10:02,101 [INFO] 
--- Task 3, Round 80/80 (Global 280) ---
2026-05-14 01:10:02,555 [INFO] Edge 0: [WA] Weight Align applied (17 -> 17).
2026-05-14 01:10:04,576 [INFO] Edge 0: Memory updated at end of task. Total stored: 14681 samples across 17 classes.
2026-05-14 01:10:04,863 [INFO] Edge 1: [WA] Weight Align applied (17 -> 17).
2026-05-14 01:10:06,867 [INFO] Edge 1: Memory updated at end of task. Total stored: 14663 samples across 17 classes.
2026-05-14 01:10:07,326 [INFO] Edge 2: [WA] Weight Align applied (17 -> 17).
2026-05-14 01:10:09,405 [INFO] Edge 2: Memory updated at end of task. Total stored: 14630 samples across 17 classes.
2026-05-14 01:11:59,336 [INFO]   [Eval] Task 3, R 80: Acc: 51.87% | Prec-Mac: 45.78% | Rec-Mac: 62.13% | Mi-F1: 51.87% | Ma-F1: 39.85% | We-F1: 55.97% | Loss: 2.7745
2026-05-14 01:11:59,830 [INFO]   [CKPT] Saved: ckpt_wa_task03_r080_global280_acc51.9.pth
2026-05-14 01:11:59,830 [INFO]   [WA-Pre] Avg Norm: Old Classes = 1.7040, New Classes = 0.8559

--- Task 4, Round 1/80 (Global 281) ---
2026-05-14 01:13:18,101 [INFO] Edge 0: [DER] Task 4 training round done.
2026-05-14 01:13:18,101 [INFO] Edge 1: [DER] Task 4 training round done.
2026-05-14 01:13:18,101 [INFO] Edge 2: [DER] Task 4 training round done.
2026-05-14 01:13:18,101 [INFO]   [Eval] Task 4, R 1: Acc: 51.02% | Prec-Mac: 45.39% | Rec-Mac: 61.48% | Mi-F1: 51.13% | Ma-F1: 39.03% | We-F1: 55.05% | Loss: 2.7884
2026-05-14 01:13:18,101 [INFO]   [CKPT] Saved: ckpt_wa_task04_r001_global281_acc51.0.pth

--- Task 4, Round 2/80 (Global 282) ---
2026-05-14 01:16:18,101 [INFO] Edge 0: [DER] Task 4 training round done.
2026-05-14 01:16:18,101 [INFO] Edge 1: [DER] Task 4 training round done.
2026-05-14 01:16:18,101 [INFO] Edge 2: [DER] Task 4 training round done.
2026-05-14 01:16:18,101 [INFO]   [Eval] Task 4, R 2: Acc: 51.42% | Prec-Mac: 45.55% | Rec-Mac: 61.82% | Mi-F1: 51.46% | Ma-F1: 39.16% | We-F1: 55.11% | Loss: 2.8023
2026-05-14 01:16:18,101 [INFO]   [CKPT] Saved: ckpt_wa_task04_r002_global282_acc51.4.pth

--- Task 4, Round 3/80 (Global 283) ---
2026-05-14 01:19:46,101 [INFO] Edge 0: [DER] Task 4 training round done.
2026-05-14 01:19:46,101 [INFO] Edge 1: [DER] Task 4 training round done.
2026-05-14 01:19:46,101 [INFO] Edge 2: [DER] Task 4 training round done.
2026-05-14 01:19:46,101 [INFO]   [Eval] Task 4, R 3: Acc: 51.59% | Prec-Mac: 45.51% | Rec-Mac: 61.70% | Mi-F1: 51.22% | Ma-F1: 39.24% | We-F1: 55.13% | Loss: 2.8163
2026-05-14 01:19:46,101 [INFO]   [CKPT] Saved: ckpt_wa_task04_r003_global283_acc51.6.pth

--- Task 4, Round 4/80 (Global 284) ---
2026-05-14 01:22:47,101 [INFO] Edge 0: [DER] Task 4 training round done.
2026-05-14 01:22:47,101 [INFO] Edge 1: [DER] Task 4 training round done.
2026-05-14 01:22:47,101 [INFO] Edge 2: [DER] Task 4 training round done.
2026-05-14 01:22:47,101 [INFO]   [Eval] Task 4, R 4: Acc: 51.41% | Prec-Mac: 45.54% | Rec-Mac: 61.87% | Mi-F1: 51.50% | Ma-F1: 39.32% | We-F1: 55.24% | Loss: 2.8304
2026-05-14 01:22:47,101 [INFO]   [CKPT] Saved: ckpt_wa_task04_r004_global284_acc51.4.pth

--- Task 4, Round 5/80 (Global 285) ---
2026-05-14 01:26:34,101 [INFO] Edge 0: [DER] Task 4 training round done.
2026-05-14 01:26:34,101 [INFO] Edge 1: [DER] Task 4 training round done.
2026-05-14 01:26:34,101 [INFO] Edge 2: [DER] Task 4 training round done.
2026-05-14 01:26:34,101 [INFO]   [Eval] Task 4, R 5: Acc: 51.53% | Prec-Mac: 45.56% | Rec-Mac: 61.69% | Mi-F1: 51.43% | Ma-F1: 39.17% | We-F1: 55.17% | Loss: 2.8446
2026-05-14 01:26:34,101 [INFO]   [CKPT] Saved: ckpt_wa_task04_r005_global285_acc51.5.pth

--- Task 4, Round 6/80 (Global 286) ---
2026-05-14 01:29:20,101 [INFO] Edge 0: [DER] Task 4 training round done.
2026-05-14 01:29:20,101 [INFO] Edge 1: [DER] Task 4 training round done.
2026-05-14 01:29:20,101 [INFO] Edge 2: [DER] Task 4 training round done.
2026-05-14 01:29:20,101 [INFO]   [Eval] Task 4, R 6: Acc: 51.33% | Prec-Mac: 45.48% | Rec-Mac: 61.76% | Mi-F1: 51.20% | Ma-F1: 39.11% | We-F1: 54.95% | Loss: 2.8588
2026-05-14 01:29:20,101 [INFO]   [CKPT] Saved: ckpt_wa_task04_r006_global286_acc51.3.pth

--- Task 4, Round 7/80 (Global 287) ---
2026-05-14 01:31:38,101 [INFO] Edge 0: [DER] Task 4 training round done.
2026-05-14 01:31:38,101 [INFO] Edge 1: [DER] Task 4 training round done.
2026-05-14 01:31:38,101 [INFO] Edge 2: [DER] Task 4 training round done.
2026-05-14 01:31:38,101 [INFO]   [Eval] Task 4, R 7: Acc: 51.34% | Prec-Mac: 45.40% | Rec-Mac: 61.78% | Mi-F1: 51.32% | Ma-F1: 39.16% | We-F1: 55.10% | Loss: 2.8731
2026-05-14 01:31:38,101 [INFO]   [CKPT] Saved: ckpt_wa_task04_r007_global287_acc51.3.pth

--- Task 4, Round 8/80 (Global 288) ---
2026-05-14 01:34:10,101 [INFO] Edge 0: [DER] Task 4 training round done.
2026-05-14 01:34:10,101 [INFO] Edge 1: [DER] Task 4 training round done.
2026-05-14 01:34:10,101 [INFO] Edge 2: [DER] Task 4 training round done.
2026-05-14 01:34:10,101 [INFO]   [Eval] Task 4, R 8: Acc: 51.41% | Prec-Mac: 45.22% | Rec-Mac: 61.61% | Mi-F1: 51.57% | Ma-F1: 39.17% | We-F1: 55.21% | Loss: 2.8875
2026-05-14 01:34:10,101 [INFO]   [CKPT] Saved: ckpt_wa_task04_r008_global288_acc51.4.pth

--- Task 4, Round 9/80 (Global 289) ---
2026-05-14 01:37:26,101 [INFO] Edge 0: [DER] Task 4 training round done.
2026-05-14 01:37:26,101 [INFO] Edge 1: [DER] Task 4 training round done.
2026-05-14 01:37:26,101 [INFO] Edge 2: [DER] Task 4 training round done.
2026-05-14 01:37:26,101 [INFO]   [Eval] Task 4, R 9: Acc: 51.34% | Prec-Mac: 45.42% | Rec-Mac: 61.79% | Mi-F1: 51.16% | Ma-F1: 39.22% | We-F1: 54.97% | Loss: 2.9019
2026-05-14 01:37:26,101 [INFO]   [CKPT] Saved: ckpt_wa_task04_r009_global289_acc51.3.pth

--- Task 4, Round 10/80 (Global 290) ---
2026-05-14 01:40:58,101 [INFO] Edge 0: [DER] Task 4 training round done.
2026-05-14 01:40:58,101 [INFO] Edge 1: [DER] Task 4 training round done.
2026-05-14 01:40:58,101 [INFO] Edge 2: [DER] Task 4 training round done.
2026-05-14 01:40:58,101 [INFO]   [Eval] Task 4, R 10: Acc: 51.54% | Prec-Mac: 45.55% | Rec-Mac: 61.67% | Mi-F1: 51.49% | Ma-F1: 39.15% | We-F1: 55.05% | Loss: 2.9164
2026-05-14 01:40:58,101 [INFO]   [CKPT] Saved: ckpt_wa_task04_r010_global290_acc51.5.pth

--- Task 4, Round 11/80 (Global 291) ---
2026-05-14 01:44:47,101 [INFO] Edge 0: [DER] Task 4 training round done.
2026-05-14 01:44:47,101 [INFO] Edge 1: [DER] Task 4 training round done.
2026-05-14 01:44:47,101 [INFO] Edge 2: [DER] Task 4 training round done.
2026-05-14 01:44:47,101 [INFO]   [Eval] Task 4, R 11: Acc: 51.29% | Prec-Mac: 45.59% | Rec-Mac: 61.74% | Mi-F1: 51.31% | Ma-F1: 39.30% | We-F1: 55.03% | Loss: 2.9310
2026-05-14 01:44:47,101 [INFO]   [CKPT] Saved: ckpt_wa_task04_r011_global291_acc51.3.pth

--- Task 4, Round 12/80 (Global 292) ---
2026-05-14 01:47:27,101 [INFO] Edge 0: [DER] Task 4 training round done.
2026-05-14 01:47:27,101 [INFO] Edge 1: [DER] Task 4 training round done.
2026-05-14 01:47:27,101 [INFO] Edge 2: [DER] Task 4 training round done.
2026-05-14 01:47:27,101 [INFO]   [Eval] Task 4, R 12: Acc: 51.42% | Prec-Mac: 45.43% | Rec-Mac: 61.81% | Mi-F1: 51.45% | Ma-F1: 39.16% | We-F1: 55.13% | Loss: 2.9456
2026-05-14 01:47:27,101 [INFO]   [CKPT] Saved: ckpt_wa_task04_r012_global292_acc51.4.pth

--- Task 4, Round 13/80 (Global 293) ---
2026-05-14 01:51:23,101 [INFO] Edge 0: [DER] Task 4 training round done.
2026-05-14 01:51:23,101 [INFO] Edge 1: [DER] Task 4 training round done.
2026-05-14 01:51:23,101 [INFO] Edge 2: [DER] Task 4 training round done.
2026-05-14 01:51:23,101 [INFO]   [Eval] Task 4, R 13: Acc: 51.31% | Prec-Mac: 45.34% | Rec-Mac: 61.75% | Mi-F1: 51.10% | Ma-F1: 39.35% | We-F1: 54.89% | Loss: 2.9604
2026-05-14 01:51:23,101 [INFO]   [CKPT] Saved: ckpt_wa_task04_r013_global293_acc51.3.pth

--- Task 4, Round 14/80 (Global 294) ---
2026-05-14 01:54:21,101 [INFO] Edge 0: [DER] Task 4 training round done.
2026-05-14 01:54:21,101 [INFO] Edge 1: [DER] Task 4 training round done.
2026-05-14 01:54:21,101 [INFO] Edge 2: [DER] Task 4 training round done.
2026-05-14 01:54:21,101 [INFO]   [Eval] Task 4, R 14: Acc: 51.23% | Prec-Mac: 45.39% | Rec-Mac: 61.70% | Mi-F1: 51.46% | Ma-F1: 39.23% | We-F1: 55.19% | Loss: 2.9752
2026-05-14 01:54:21,101 [INFO]   [CKPT] Saved: ckpt_wa_task04_r014_global294_acc51.2.pth

--- Task 4, Round 15/80 (Global 295) ---
2026-05-14 01:57:00,101 [INFO] Edge 0: [DER] Task 4 training round done.
2026-05-14 01:57:00,101 [INFO] Edge 1: [DER] Task 4 training round done.
2026-05-14 01:57:00,101 [INFO] Edge 2: [DER] Task 4 training round done.
2026-05-14 01:57:00,101 [INFO]   [Eval] Task 4, R 15: Acc: 51.47% | Prec-Mac: 45.57% | Rec-Mac: 61.79% | Mi-F1: 51.49% | Ma-F1: 39.14% | We-F1: 54.99% | Loss: 2.9900
2026-05-14 01:57:00,101 [INFO]   [CKPT] Saved: ckpt_wa_task04_r015_global295_acc51.5.pth

--- Task 4, Round 16/80 (Global 296) ---
2026-05-14 02:00:03,101 [INFO] Edge 0: [DER] Task 4 training round done.
2026-05-14 02:00:03,101 [INFO] Edge 1: [DER] Task 4 training round done.
2026-05-14 02:00:03,101 [INFO] Edge 2: [DER] Task 4 training round done.
2026-05-14 02:00:03,101 [INFO]   [Eval] Task 4, R 16: Acc: 51.33% | Prec-Mac: 45.38% | Rec-Mac: 61.41% | Mi-F1: 51.44% | Ma-F1: 39.21% | We-F1: 54.83% | Loss: 3.0050
2026-05-14 02:00:03,101 [INFO]   [CKPT] Saved: ckpt_wa_task04_r016_global296_acc51.3.pth

--- Task 4, Round 17/80 (Global 297) ---
2026-05-14 02:04:00,101 [INFO] Edge 0: [DER] Task 4 training round done.
2026-05-14 02:04:00,101 [INFO] Edge 1: [DER] Task 4 training round done.
2026-05-14 02:04:00,101 [INFO] Edge 2: [DER] Task 4 training round done.
2026-05-14 02:04:00,101 [INFO]   [Eval] Task 4, R 17: Acc: 51.24% | Prec-Mac: 45.40% | Rec-Mac: 61.91% | Mi-F1: 51.33% | Ma-F1: 39.09% | We-F1: 55.07% | Loss: 3.0200
2026-05-14 02:04:00,101 [INFO]   [CKPT] Saved: ckpt_wa_task04_r017_global297_acc51.2.pth

--- Task 4, Round 18/80 (Global 298) ---
2026-05-14 02:06:14,101 [INFO] Edge 0: [DER] Task 4 training round done.
2026-05-14 02:06:14,101 [INFO] Edge 1: [DER] Task 4 training round done.
2026-05-14 02:06:14,101 [INFO] Edge 2: [DER] Task 4 training round done.
2026-05-14 02:06:14,101 [INFO]   [Eval] Task 4, R 18: Acc: 51.16% | Prec-Mac: 45.47% | Rec-Mac: 61.68% | Mi-F1: 51.39% | Ma-F1: 39.17% | We-F1: 55.06% | Loss: 3.0351
2026-05-14 02:06:14,101 [INFO]   [CKPT] Saved: ckpt_wa_task04_r018_global298_acc51.2.pth

--- Task 4, Round 19/80 (Global 299) ---
2026-05-14 02:09:09,101 [INFO] Edge 0: [DER] Task 4 training round done.
2026-05-14 02:09:09,101 [INFO] Edge 1: [DER] Task 4 training round done.
2026-05-14 02:09:09,101 [INFO] Edge 2: [DER] Task 4 training round done.
2026-05-14 02:09:09,101 [INFO]   [Eval] Task 4, R 19: Acc: 51.28% | Prec-Mac: 45.36% | Rec-Mac: 61.96% | Mi-F1: 51.37% | Ma-F1: 39.25% | We-F1: 55.27% | Loss: 3.0503
2026-05-14 02:09:09,101 [INFO]   [CKPT] Saved: ckpt_wa_task04_r019_global299_acc51.3.pth

--- Task 4, Round 20/80 (Global 300) ---
2026-05-14 02:12:50,101 [INFO] Edge 0: [DER] Task 4 training round done.
2026-05-14 02:12:50,101 [INFO] Edge 1: [DER] Task 4 training round done.
2026-05-14 02:12:50,101 [INFO] Edge 2: [DER] Task 4 training round done.
2026-05-14 02:12:50,101 [INFO]   [Eval] Task 4, R 20: Acc: 51.47% | Prec-Mac: 45.40% | Rec-Mac: 61.59% | Mi-F1: 51.41% | Ma-F1: 39.23% | We-F1: 55.00% | Loss: 3.0655
2026-05-14 02:12:50,101 [INFO]   [CKPT] Saved: ckpt_wa_task04_r020_global300_acc51.5.pth

--- Task 4, Round 21/80 (Global 301) ---
2026-05-14 02:15:02,101 [INFO] Edge 0: [DER] Task 4 training round done.
2026-05-14 02:15:02,101 [INFO] Edge 1: [DER] Task 4 training round done.
2026-05-14 02:15:02,101 [INFO] Edge 2: [DER] Task 4 training round done.
2026-05-14 02:15:02,101 [INFO]   [Eval] Task 4, R 21: Acc: 51.40% | Prec-Mac: 45.33% | Rec-Mac: 61.77% | Mi-F1: 51.26% | Ma-F1: 39.17% | We-F1: 55.18% | Loss: 3.0809
2026-05-14 02:15:02,101 [INFO]   [CKPT] Saved: ckpt_wa_task04_r021_global301_acc51.4.pth

--- Task 4, Round 22/80 (Global 302) ---
2026-05-14 02:17:26,101 [INFO] Edge 0: [DER] Task 4 training round done.
2026-05-14 02:17:26,101 [INFO] Edge 1: [DER] Task 4 training round done.
2026-05-14 02:17:26,101 [INFO] Edge 2: [DER] Task 4 training round done.
2026-05-14 02:17:26,101 [INFO]   [Eval] Task 4, R 22: Acc: 51.27% | Prec-Mac: 45.30% | Rec-Mac: 61.77% | Mi-F1: 51.47% | Ma-F1: 39.22% | We-F1: 55.14% | Loss: 3.0963
2026-05-14 02:17:26,101 [INFO]   [CKPT] Saved: ckpt_wa_task04_r022_global302_acc51.3.pth

--- Task 4, Round 23/80 (Global 303) ---
2026-05-14 02:20:51,101 [INFO] Edge 0: [DER] Task 4 training round done.
2026-05-14 02:20:51,101 [INFO] Edge 1: [DER] Task 4 training round done.
2026-05-14 02:20:51,101 [INFO] Edge 2: [DER] Task 4 training round done.
2026-05-14 02:20:51,101 [INFO]   [Eval] Task 4, R 23: Acc: 51.57% | Prec-Mac: 45.49% | Rec-Mac: 61.81% | Mi-F1: 51.35% | Ma-F1: 39.27% | We-F1: 55.13% | Loss: 3.1118
2026-05-14 02:20:51,101 [INFO]   [CKPT] Saved: ckpt_wa_task04_r023_global303_acc51.6.pth

--- Task 4, Round 24/80 (Global 304) ---
2026-05-14 02:23:29,101 [INFO] Edge 0: [DER] Task 4 training round done.
2026-05-14 02:23:29,101 [INFO] Edge 1: [DER] Task 4 training round done.
2026-05-14 02:23:29,101 [INFO] Edge 2: [DER] Task 4 training round done.
2026-05-14 02:23:29,101 [INFO]   [Eval] Task 4, R 24: Acc: 51.40% | Prec-Mac: 45.62% | Rec-Mac: 61.75% | Mi-F1: 51.40% | Ma-F1: 39.17% | We-F1: 55.03% | Loss: 3.1273
2026-05-14 02:23:29,101 [INFO]   [CKPT] Saved: ckpt_wa_task04_r024_global304_acc51.4.pth

--- Task 4, Round 25/80 (Global 305) ---
2026-05-14 02:26:55,101 [INFO] Edge 0: [DER] Task 4 training round done.
2026-05-14 02:26:55,101 [INFO] Edge 1: [DER] Task 4 training round done.
2026-05-14 02:26:55,101 [INFO] Edge 2: [DER] Task 4 training round done.
2026-05-14 02:26:55,101 [INFO]   [Eval] Task 4, R 25: Acc: 51.43% | Prec-Mac: 45.38% | Rec-Mac: 61.72% | Mi-F1: 51.49% | Ma-F1: 39.26% | We-F1: 55.08% | Loss: 3.1430
2026-05-14 02:26:55,101 [INFO]   [CKPT] Saved: ckpt_wa_task04_r025_global305_acc51.4.pth

--- Task 4, Round 26/80 (Global 306) ---
2026-05-14 02:30:35,101 [INFO] Edge 0: [DER] Task 4 training round done.
2026-05-14 02:30:35,101 [INFO] Edge 1: [DER] Task 4 training round done.
2026-05-14 02:30:35,101 [INFO] Edge 2: [DER] Task 4 training round done.
2026-05-14 02:30:35,101 [INFO]   [Eval] Task 4, R 26: Acc: 51.39% | Prec-Mac: 45.39% | Rec-Mac: 61.89% | Mi-F1: 51.31% | Ma-F1: 39.11% | We-F1: 55.14% | Loss: 3.1587
2026-05-14 02:30:35,101 [INFO]   [CKPT] Saved: ckpt_wa_task04_r026_global306_acc51.4.pth

--- Task 4, Round 27/80 (Global 307) ---
2026-05-14 02:33:55,101 [INFO] Edge 0: [DER] Task 4 training round done.
2026-05-14 02:33:55,101 [INFO] Edge 1: [DER] Task 4 training round done.
2026-05-14 02:33:55,101 [INFO] Edge 2: [DER] Task 4 training round done.
2026-05-14 02:33:55,101 [INFO]   [Eval] Task 4, R 27: Acc: 51.30% | Prec-Mac: 45.50% | Rec-Mac: 61.91% | Mi-F1: 51.20% | Ma-F1: 39.19% | We-F1: 55.09% | Loss: 3.1745
2026-05-14 02:33:55,101 [INFO]   [CKPT] Saved: ckpt_wa_task04_r027_global307_acc51.3.pth

--- Task 4, Round 28/80 (Global 308) ---
2026-05-14 02:37:26,101 [INFO] Edge 0: [DER] Task 4 training round done.
2026-05-14 02:37:26,101 [INFO] Edge 1: [DER] Task 4 training round done.
2026-05-14 02:37:26,101 [INFO] Edge 2: [DER] Task 4 training round done.
2026-05-14 02:37:26,101 [INFO]   [Eval] Task 4, R 28: Acc: 51.50% | Prec-Mac: 45.51% | Rec-Mac: 61.72% | Mi-F1: 51.43% | Ma-F1: 39.05% | We-F1: 55.19% | Loss: 3.1903
2026-05-14 02:37:26,101 [INFO]   [CKPT] Saved: ckpt_wa_task04_r028_global308_acc51.5.pth

--- Task 4, Round 29/80 (Global 309) ---
2026-05-14 02:40:05,101 [INFO] Edge 0: [DER] Task 4 training round done.
2026-05-14 02:40:05,101 [INFO] Edge 1: [DER] Task 4 training round done.
2026-05-14 02:40:05,101 [INFO] Edge 2: [DER] Task 4 training round done.
2026-05-14 02:40:05,101 [INFO]   [Eval] Task 4, R 29: Acc: 51.23% | Prec-Mac: 45.32% | Rec-Mac: 61.78% | Mi-F1: 51.48% | Ma-F1: 39.14% | We-F1: 54.93% | Loss: 3.2063
2026-05-14 02:40:05,101 [INFO]   [CKPT] Saved: ckpt_wa_task04_r029_global309_acc51.2.pth

--- Task 4, Round 30/80 (Global 310) ---
2026-05-14 02:42:58,101 [INFO] Edge 0: [DER] Task 4 training round done.
2026-05-14 02:42:58,101 [INFO] Edge 1: [DER] Task 4 training round done.
2026-05-14 02:42:58,101 [INFO] Edge 2: [DER] Task 4 training round done.
2026-05-14 02:42:58,101 [INFO]   [Eval] Task 4, R 30: Acc: 51.17% | Prec-Mac: 45.33% | Rec-Mac: 61.51% | Mi-F1: 51.56% | Ma-F1: 39.29% | We-F1: 54.96% | Loss: 3.2223
2026-05-14 02:42:58,101 [INFO]   [CKPT] Saved: ckpt_wa_task04_r030_global310_acc51.2.pth

--- Task 4, Round 31/80 (Global 311) ---
2026-05-14 02:46:41,101 [INFO] Edge 0: [DER] Task 4 training round done.
2026-05-14 02:46:41,101 [INFO] Edge 1: [DER] Task 4 training round done.
2026-05-14 02:46:41,101 [INFO] Edge 2: [DER] Task 4 training round done.
2026-05-14 02:46:41,101 [INFO]   [Eval] Task 4, R 31: Acc: 51.36% | Prec-Mac: 45.47% | Rec-Mac: 62.01% | Mi-F1: 51.39% | Ma-F1: 39.12% | We-F1: 55.00% | Loss: 3.2384
2026-05-14 02:46:41,101 [INFO]   [CKPT] Saved: ckpt_wa_task04_r031_global311_acc51.4.pth

--- Task 4, Round 32/80 (Global 312) ---
2026-05-14 02:49:47,101 [INFO] Edge 0: [DER] Task 4 training round done.
2026-05-14 02:49:47,101 [INFO] Edge 1: [DER] Task 4 training round done.
2026-05-14 02:49:47,101 [INFO] Edge 2: [DER] Task 4 training round done.
2026-05-14 02:49:47,101 [INFO]   [Eval] Task 4, R 32: Acc: 51.51% | Prec-Mac: 45.59% | Rec-Mac: 61.77% | Mi-F1: 51.44% | Ma-F1: 39.09% | We-F1: 55.11% | Loss: 3.2546
2026-05-14 02:49:47,101 [INFO]   [CKPT] Saved: ckpt_wa_task04_r032_global312_acc51.5.pth

--- Task 4, Round 33/80 (Global 313) ---
2026-05-14 02:52:50,101 [INFO] Edge 0: [DER] Task 4 training round done.
2026-05-14 02:52:50,101 [INFO] Edge 1: [DER] Task 4 training round done.
2026-05-14 02:52:50,101 [INFO] Edge 2: [DER] Task 4 training round done.
2026-05-14 02:52:50,101 [INFO]   [Eval] Task 4, R 33: Acc: 51.31% | Prec-Mac: 45.48% | Rec-Mac: 61.64% | Mi-F1: 51.37% | Ma-F1: 39.17% | We-F1: 54.92% | Loss: 3.2709
2026-05-14 02:52:50,101 [INFO]   [CKPT] Saved: ckpt_wa_task04_r033_global313_acc51.3.pth

--- Task 4, Round 34/80 (Global 314) ---
2026-05-14 02:56:39,101 [INFO] Edge 0: [DER] Task 4 training round done.
2026-05-14 02:56:39,101 [INFO] Edge 1: [DER] Task 4 training round done.
2026-05-14 02:56:39,101 [INFO] Edge 2: [DER] Task 4 training round done.
2026-05-14 02:56:39,101 [INFO]   [Eval] Task 4, R 34: Acc: 51.29% | Prec-Mac: 45.43% | Rec-Mac: 61.62% | Mi-F1: 51.38% | Ma-F1: 39.25% | We-F1: 55.10% | Loss: 3.2872
2026-05-14 02:56:39,101 [INFO]   [CKPT] Saved: ckpt_wa_task04_r034_global314_acc51.3.pth

--- Task 4, Round 35/80 (Global 315) ---
2026-05-14 03:00:21,101 [INFO] Edge 0: [DER] Task 4 training round done.
2026-05-14 03:00:21,101 [INFO] Edge 1: [DER] Task 4 training round done.
2026-05-14 03:00:21,101 [INFO] Edge 2: [DER] Task 4 training round done.
2026-05-14 03:00:21,101 [INFO]   [Eval] Task 4, R 35: Acc: 51.41% | Prec-Mac: 45.42% | Rec-Mac: 61.55% | Mi-F1: 51.06% | Ma-F1: 39.12% | We-F1: 54.84% | Loss: 3.3037
2026-05-14 03:00:21,101 [INFO]   [CKPT] Saved: ckpt_wa_task04_r035_global315_acc51.4.pth

--- Task 4, Round 36/80 (Global 316) ---
2026-05-14 03:02:37,101 [INFO] Edge 0: [DER] Task 4 training round done.
2026-05-14 03:02:37,101 [INFO] Edge 1: [DER] Task 4 training round done.
2026-05-14 03:02:37,101 [INFO] Edge 2: [DER] Task 4 training round done.
2026-05-14 03:02:37,101 [INFO]   [Eval] Task 4, R 36: Acc: 51.44% | Prec-Mac: 45.45% | Rec-Mac: 61.87% | Mi-F1: 51.43% | Ma-F1: 39.02% | We-F1: 54.90% | Loss: 3.3202
2026-05-14 03:02:37,101 [INFO]   [CKPT] Saved: ckpt_wa_task04_r036_global316_acc51.4.pth

--- Task 4, Round 37/80 (Global 317) ---
2026-05-14 03:05:30,101 [INFO] Edge 0: [DER] Task 4 training round done.
2026-05-14 03:05:30,101 [INFO] Edge 1: [DER] Task 4 training round done.
2026-05-14 03:05:30,101 [INFO] Edge 2: [DER] Task 4 training round done.
2026-05-14 03:05:30,101 [INFO]   [Eval] Task 4, R 37: Acc: 51.34% | Prec-Mac: 45.42% | Rec-Mac: 61.83% | Mi-F1: 51.28% | Ma-F1: 39.13% | We-F1: 54.95% | Loss: 3.3368
2026-05-14 03:05:30,101 [INFO]   [CKPT] Saved: ckpt_wa_task04_r037_global317_acc51.3.pth

--- Task 4, Round 38/80 (Global 318) ---
2026-05-14 03:08:59,101 [INFO] Edge 0: [DER] Task 4 training round done.
2026-05-14 03:08:59,101 [INFO] Edge 1: [DER] Task 4 training round done.
2026-05-14 03:08:59,101 [INFO] Edge 2: [DER] Task 4 training round done.
2026-05-14 03:08:59,101 [INFO]   [Eval] Task 4, R 38: Acc: 51.45% | Prec-Mac: 45.51% | Rec-Mac: 61.76% | Mi-F1: 51.52% | Ma-F1: 39.17% | We-F1: 54.97% | Loss: 3.3535
2026-05-14 03:08:59,101 [INFO]   [CKPT] Saved: ckpt_wa_task04_r038_global318_acc51.4.pth

--- Task 4, Round 39/80 (Global 319) ---
2026-05-14 03:11:53,101 [INFO] Edge 0: [DER] Task 4 training round done.
2026-05-14 03:11:53,101 [INFO] Edge 1: [DER] Task 4 training round done.
2026-05-14 03:11:53,101 [INFO] Edge 2: [DER] Task 4 training round done.
2026-05-14 03:11:53,101 [INFO]   [Eval] Task 4, R 39: Acc: 51.30% | Prec-Mac: 45.50% | Rec-Mac: 61.83% | Mi-F1: 51.39% | Ma-F1: 39.28% | We-F1: 55.03% | Loss: 3.3703
2026-05-14 03:11:53,101 [INFO]   [CKPT] Saved: ckpt_wa_task04_r039_global319_acc51.3.pth

--- Task 4, Round 40/80 (Global 320) ---
2026-05-14 03:15:41,101 [INFO] Edge 0: [DER] Task 4 training round done.
2026-05-14 03:15:41,101 [INFO] Edge 1: [DER] Task 4 training round done.
2026-05-14 03:15:41,101 [INFO] Edge 2: [DER] Task 4 training round done.
2026-05-14 03:15:41,101 [INFO]   [Eval] Task 4, R 40: Acc: 51.48% | Prec-Mac: 45.55% | Rec-Mac: 61.98% | Mi-F1: 51.25% | Ma-F1: 39.31% | We-F1: 54.92% | Loss: 3.3871
2026-05-14 03:15:41,101 [INFO]   [CKPT] Saved: ckpt_wa_task04_r040_global320_acc51.5.pth

--- Task 4, Round 41/80 (Global 321) ---
2026-05-14 03:19:15,101 [INFO] Edge 0: [DER] Task 4 training round done.
2026-05-14 03:19:15,101 [INFO] Edge 1: [DER] Task 4 training round done.
2026-05-14 03:19:15,101 [INFO] Edge 2: [DER] Task 4 training round done.
2026-05-14 03:19:15,101 [INFO]   [Eval] Task 4, R 41: Acc: 51.36% | Prec-Mac: 45.48% | Rec-Mac: 61.84% | Mi-F1: 51.28% | Ma-F1: 39.23% | We-F1: 55.12% | Loss: 3.4040
2026-05-14 03:19:15,101 [INFO]   [CKPT] Saved: ckpt_wa_task04_r041_global321_acc51.4.pth

--- Task 4, Round 42/80 (Global 322) ---
2026-05-14 03:22:55,101 [INFO] Edge 0: [DER] Task 4 training round done.
2026-05-14 03:22:55,101 [INFO] Edge 1: [DER] Task 4 training round done.
2026-05-14 03:22:55,101 [INFO] Edge 2: [DER] Task 4 training round done.
2026-05-14 03:22:55,101 [INFO]   [Eval] Task 4, R 42: Acc: 51.25% | Prec-Mac: 45.61% | Rec-Mac: 61.72% | Mi-F1: 51.57% | Ma-F1: 39.23% | We-F1: 55.19% | Loss: 3.4211
2026-05-14 03:22:55,101 [INFO]   [CKPT] Saved: ckpt_wa_task04_r042_global322_acc51.2.pth

--- Task 4, Round 43/80 (Global 323) ---
2026-05-14 03:25:45,101 [INFO] Edge 0: [DER] Task 4 training round done.
2026-05-14 03:25:45,101 [INFO] Edge 1: [DER] Task 4 training round done.
2026-05-14 03:25:45,101 [INFO] Edge 2: [DER] Task 4 training round done.
2026-05-14 03:25:45,101 [INFO]   [Eval] Task 4, R 43: Acc: 51.39% | Prec-Mac: 45.47% | Rec-Mac: 61.80% | Mi-F1: 51.32% | Ma-F1: 39.30% | We-F1: 55.27% | Loss: 3.4382
2026-05-14 03:25:45,101 [INFO]   [CKPT] Saved: ckpt_wa_task04_r043_global323_acc51.4.pth

--- Task 4, Round 44/80 (Global 324) ---
2026-05-14 03:28:34,101 [INFO] Edge 0: [DER] Task 4 training round done.
2026-05-14 03:28:34,101 [INFO] Edge 1: [DER] Task 4 training round done.
2026-05-14 03:28:34,101 [INFO] Edge 2: [DER] Task 4 training round done.
2026-05-14 03:28:34,101 [INFO]   [Eval] Task 4, R 44: Acc: 51.41% | Prec-Mac: 45.47% | Rec-Mac: 61.95% | Mi-F1: 51.35% | Ma-F1: 39.19% | We-F1: 55.02% | Loss: 3.4554
2026-05-14 03:28:34,101 [INFO]   [CKPT] Saved: ckpt_wa_task04_r044_global324_acc51.4.pth

--- Task 4, Round 45/80 (Global 325) ---
2026-05-14 03:31:35,101 [INFO] Edge 0: [DER] Task 4 training round done.
2026-05-14 03:31:35,101 [INFO] Edge 1: [DER] Task 4 training round done.
2026-05-14 03:31:35,101 [INFO] Edge 2: [DER] Task 4 training round done.
2026-05-14 03:31:35,101 [INFO]   [Eval] Task 4, R 45: Acc: 51.42% | Prec-Mac: 45.52% | Rec-Mac: 61.72% | Mi-F1: 51.62% | Ma-F1: 39.19% | We-F1: 55.23% | Loss: 3.4726
2026-05-14 03:31:35,101 [INFO]   [CKPT] Saved: ckpt_wa_task04_r045_global325_acc51.4.pth

--- Task 4, Round 46/80 (Global 326) ---
2026-05-14 03:35:20,101 [INFO] Edge 0: [DER] Task 4 training round done.
2026-05-14 03:35:20,101 [INFO] Edge 1: [DER] Task 4 training round done.
2026-05-14 03:35:20,101 [INFO] Edge 2: [DER] Task 4 training round done.
2026-05-14 03:35:20,101 [INFO]   [Eval] Task 4, R 46: Acc: 51.42% | Prec-Mac: 45.38% | Rec-Mac: 61.87% | Mi-F1: 51.38% | Ma-F1: 39.14% | We-F1: 55.12% | Loss: 3.4900
2026-05-14 03:35:20,101 [INFO]   [CKPT] Saved: ckpt_wa_task04_r046_global326_acc51.4.pth

--- Task 4, Round 47/80 (Global 327) ---
2026-05-14 03:37:37,101 [INFO] Edge 0: [DER] Task 4 training round done.
2026-05-14 03:37:37,101 [INFO] Edge 1: [DER] Task 4 training round done.
2026-05-14 03:37:37,101 [INFO] Edge 2: [DER] Task 4 training round done.
2026-05-14 03:37:37,101 [INFO]   [Eval] Task 4, R 47: Acc: 51.21% | Prec-Mac: 45.41% | Rec-Mac: 61.71% | Mi-F1: 51.51% | Ma-F1: 39.18% | We-F1: 54.99% | Loss: 3.5074
2026-05-14 03:37:37,101 [INFO]   [CKPT] Saved: ckpt_wa_task04_r047_global327_acc51.2.pth

--- Task 4, Round 48/80 (Global 328) ---
2026-05-14 03:41:26,101 [INFO] Edge 0: [DER] Task 4 training round done.
2026-05-14 03:41:26,101 [INFO] Edge 1: [DER] Task 4 training round done.
2026-05-14 03:41:26,101 [INFO] Edge 2: [DER] Task 4 training round done.
2026-05-14 03:41:26,101 [INFO]   [Eval] Task 4, R 48: Acc: 51.46% | Prec-Mac: 45.43% | Rec-Mac: 61.79% | Mi-F1: 51.28% | Ma-F1: 39.27% | We-F1: 54.92% | Loss: 3.5250
2026-05-14 03:41:26,101 [INFO]   [CKPT] Saved: ckpt_wa_task04_r048_global328_acc51.5.pth

--- Task 4, Round 49/80 (Global 329) ---
2026-05-14 03:44:19,101 [INFO] Edge 0: [DER] Task 4 training round done.
2026-05-14 03:44:19,101 [INFO] Edge 1: [DER] Task 4 training round done.
2026-05-14 03:44:19,101 [INFO] Edge 2: [DER] Task 4 training round done.
2026-05-14 03:44:19,101 [INFO]   [Eval] Task 4, R 49: Acc: 51.40% | Prec-Mac: 45.38% | Rec-Mac: 61.80% | Mi-F1: 51.42% | Ma-F1: 39.20% | We-F1: 55.15% | Loss: 3.5426
2026-05-14 03:44:19,101 [INFO]   [CKPT] Saved: ckpt_wa_task04_r049_global329_acc51.4.pth

--- Task 4, Round 50/80 (Global 330) ---
2026-05-14 03:47:46,101 [INFO] Edge 0: [DER] Task 4 training round done.
2026-05-14 03:47:46,101 [INFO] Edge 1: [DER] Task 4 training round done.
2026-05-14 03:47:46,101 [INFO] Edge 2: [DER] Task 4 training round done.
2026-05-14 03:47:46,101 [INFO]   [Eval] Task 4, R 50: Acc: 51.51% | Prec-Mac: 45.41% | Rec-Mac: 61.59% | Mi-F1: 51.31% | Ma-F1: 39.16% | We-F1: 54.98% | Loss: 3.5603
2026-05-14 03:47:46,101 [INFO]   [CKPT] Saved: ckpt_wa_task04_r050_global330_acc51.5.pth

--- Task 4, Round 51/80 (Global 331) ---
2026-05-14 03:51:21,101 [INFO] Edge 0: [DER] Task 4 training round done.
2026-05-14 03:51:21,101 [INFO] Edge 1: [DER] Task 4 training round done.
2026-05-14 03:51:21,101 [INFO] Edge 2: [DER] Task 4 training round done.
2026-05-14 03:51:21,101 [INFO]   [Eval] Task 4, R 51: Acc: 51.37% | Prec-Mac: 45.48% | Rec-Mac: 61.76% | Mi-F1: 51.24% | Ma-F1: 39.32% | We-F1: 54.97% | Loss: 3.5781
2026-05-14 03:51:21,101 [INFO]   [CKPT] Saved: ckpt_wa_task04_r051_global331_acc51.4.pth

--- Task 4, Round 52/80 (Global 332) ---
2026-05-14 03:54:19,101 [INFO] Edge 0: [DER] Task 4 training round done.
2026-05-14 03:54:19,101 [INFO] Edge 1: [DER] Task 4 training round done.
2026-05-14 03:54:19,101 [INFO] Edge 2: [DER] Task 4 training round done.
2026-05-14 03:54:19,101 [INFO]   [Eval] Task 4, R 52: Acc: 51.37% | Prec-Mac: 45.45% | Rec-Mac: 61.92% | Mi-F1: 51.51% | Ma-F1: 39.07% | We-F1: 55.25% | Loss: 3.5960
2026-05-14 03:54:19,101 [INFO]   [CKPT] Saved: ckpt_wa_task04_r052_global332_acc51.4.pth

--- Task 4, Round 53/80 (Global 333) ---
2026-05-14 03:58:00,101 [INFO] Edge 0: [DER] Task 4 training round done.
2026-05-14 03:58:00,101 [INFO] Edge 1: [DER] Task 4 training round done.
2026-05-14 03:58:00,101 [INFO] Edge 2: [DER] Task 4 training round done.
2026-05-14 03:58:00,101 [INFO]   [Eval] Task 4, R 53: Acc: 51.42% | Prec-Mac: 45.58% | Rec-Mac: 61.85% | Mi-F1: 51.31% | Ma-F1: 39.07% | We-F1: 55.08% | Loss: 3.6140
2026-05-14 03:58:00,101 [INFO]   [CKPT] Saved: ckpt_wa_task04_r053_global333_acc51.4.pth

--- Task 4, Round 54/80 (Global 334) ---
2026-05-14 04:00:43,101 [INFO] Edge 0: [DER] Task 4 training round done.
2026-05-14 04:00:43,101 [INFO] Edge 1: [DER] Task 4 training round done.
2026-05-14 04:00:43,101 [INFO] Edge 2: [DER] Task 4 training round done.
2026-05-14 04:00:43,101 [INFO]   [Eval] Task 4, R 54: Acc: 51.33% | Prec-Mac: 45.56% | Rec-Mac: 61.79% | Mi-F1: 51.29% | Ma-F1: 39.25% | We-F1: 55.15% | Loss: 3.6321
2026-05-14 04:00:43,101 [INFO]   [CKPT] Saved: ckpt_wa_task04_r054_global334_acc51.3.pth

--- Task 4, Round 55/80 (Global 335) ---
2026-05-14 04:04:14,101 [INFO] Edge 0: [DER] Task 4 training round done.
2026-05-14 04:04:14,101 [INFO] Edge 1: [DER] Task 4 training round done.
2026-05-14 04:04:14,101 [INFO] Edge 2: [DER] Task 4 training round done.
2026-05-14 04:04:14,101 [INFO]   [Eval] Task 4, R 55: Acc: 51.35% | Prec-Mac: 45.43% | Rec-Mac: 61.79% | Mi-F1: 51.35% | Ma-F1: 39.15% | We-F1: 54.97% | Loss: 3.6502
2026-05-14 04:04:14,101 [INFO]   [CKPT] Saved: ckpt_wa_task04_r055_global335_acc51.3.pth

--- Task 4, Round 56/80 (Global 336) ---
2026-05-14 04:06:56,101 [INFO] Edge 0: [DER] Task 4 training round done.
2026-05-14 04:06:56,101 [INFO] Edge 1: [DER] Task 4 training round done.
2026-05-14 04:06:56,101 [INFO] Edge 2: [DER] Task 4 training round done.
2026-05-14 04:06:56,101 [INFO]   [Eval] Task 4, R 56: Acc: 51.34% | Prec-Mac: 45.54% | Rec-Mac: 61.78% | Mi-F1: 51.47% | Ma-F1: 39.14% | We-F1: 55.13% | Loss: 3.6685
2026-05-14 04:06:56,101 [INFO]   [CKPT] Saved: ckpt_wa_task04_r056_global336_acc51.3.pth

--- Task 4, Round 57/80 (Global 337) ---
2026-05-14 04:10:12,101 [INFO] Edge 0: [DER] Task 4 training round done.
2026-05-14 04:10:12,101 [INFO] Edge 1: [DER] Task 4 training round done.
2026-05-14 04:10:12,101 [INFO] Edge 2: [DER] Task 4 training round done.
2026-05-14 04:10:12,101 [INFO]   [Eval] Task 4, R 57: Acc: 51.34% | Prec-Mac: 45.51% | Rec-Mac: 61.99% | Mi-F1: 51.16% | Ma-F1: 39.26% | We-F1: 55.32% | Loss: 3.6868
2026-05-14 04:10:12,101 [INFO]   [CKPT] Saved: ckpt_wa_task04_r057_global337_acc51.3.pth

--- Task 4, Round 58/80 (Global 338) ---
2026-05-14 04:13:15,101 [INFO] Edge 0: [DER] Task 4 training round done.
2026-05-14 04:13:15,101 [INFO] Edge 1: [DER] Task 4 training round done.
2026-05-14 04:13:15,101 [INFO] Edge 2: [DER] Task 4 training round done.
2026-05-14 04:13:15,101 [INFO]   [Eval] Task 4, R 58: Acc: 51.14% | Prec-Mac: 45.39% | Rec-Mac: 61.59% | Mi-F1: 51.44% | Ma-F1: 39.26% | We-F1: 55.11% | Loss: 3.7053
2026-05-14 04:13:15,101 [INFO]   [CKPT] Saved: ckpt_wa_task04_r058_global338_acc51.1.pth

--- Task 4, Round 59/80 (Global 339) ---
2026-05-14 04:15:43,101 [INFO] Edge 0: [DER] Task 4 training round done.
2026-05-14 04:15:43,101 [INFO] Edge 1: [DER] Task 4 training round done.
2026-05-14 04:15:43,101 [INFO] Edge 2: [DER] Task 4 training round done.
2026-05-14 04:15:43,101 [INFO]   [Eval] Task 4, R 59: Acc: 51.23% | Prec-Mac: 45.57% | Rec-Mac: 61.67% | Mi-F1: 51.26% | Ma-F1: 39.20% | We-F1: 55.14% | Loss: 3.7238
2026-05-14 04:15:43,101 [INFO]   [CKPT] Saved: ckpt_wa_task04_r059_global339_acc51.2.pth

--- Task 4, Round 60/80 (Global 340) ---
2026-05-14 04:19:00,101 [INFO] Edge 0: [DER] Task 4 training round done.
2026-05-14 04:19:00,101 [INFO] Edge 1: [DER] Task 4 training round done.
2026-05-14 04:19:00,101 [INFO] Edge 2: [DER] Task 4 training round done.
2026-05-14 04:19:00,101 [INFO]   [Eval] Task 4, R 60: Acc: 51.20% | Prec-Mac: 45.42% | Rec-Mac: 61.60% | Mi-F1: 51.38% | Ma-F1: 39.30% | We-F1: 54.96% | Loss: 3.7424
2026-05-14 04:19:00,101 [INFO]   [CKPT] Saved: ckpt_wa_task04_r060_global340_acc51.2.pth

--- Task 4, Round 61/80 (Global 341) ---
2026-05-14 04:22:10,101 [INFO] Edge 0: [DER] Task 4 training round done.
2026-05-14 04:22:10,101 [INFO] Edge 1: [DER] Task 4 training round done.
2026-05-14 04:22:10,101 [INFO] Edge 2: [DER] Task 4 training round done.
2026-05-14 04:22:10,101 [INFO]   [Eval] Task 4, R 61: Acc: 51.33% | Prec-Mac: 45.31% | Rec-Mac: 61.67% | Mi-F1: 51.36% | Ma-F1: 39.27% | We-F1: 55.29% | Loss: 3.7611
2026-05-14 04:22:10,101 [INFO]   [CKPT] Saved: ckpt_wa_task04_r061_global341_acc51.3.pth

--- Task 4, Round 62/80 (Global 342) ---
2026-05-14 04:25:26,101 [INFO] Edge 0: [DER] Task 4 training round done.
2026-05-14 04:25:26,101 [INFO] Edge 1: [DER] Task 4 training round done.
2026-05-14 04:25:26,101 [INFO] Edge 2: [DER] Task 4 training round done.
2026-05-14 04:25:26,101 [INFO]   [Eval] Task 4, R 62: Acc: 51.43% | Prec-Mac: 45.42% | Rec-Mac: 61.74% | Mi-F1: 51.49% | Ma-F1: 39.33% | We-F1: 54.95% | Loss: 3.7799
2026-05-14 04:25:26,101 [INFO]   [CKPT] Saved: ckpt_wa_task04_r062_global342_acc51.4.pth

--- Task 4, Round 63/80 (Global 343) ---
2026-05-14 04:28:44,101 [INFO] Edge 0: [DER] Task 4 training round done.
2026-05-14 04:28:44,101 [INFO] Edge 1: [DER] Task 4 training round done.
2026-05-14 04:28:44,101 [INFO] Edge 2: [DER] Task 4 training round done.
2026-05-14 04:28:44,101 [INFO]   [Eval] Task 4, R 63: Acc: 51.42% | Prec-Mac: 45.39% | Rec-Mac: 61.76% | Mi-F1: 51.29% | Ma-F1: 39.30% | We-F1: 55.12% | Loss: 3.7988
2026-05-14 04:28:44,101 [INFO]   [CKPT] Saved: ckpt_wa_task04_r063_global343_acc51.4.pth

--- Task 4, Round 64/80 (Global 344) ---
2026-05-14 04:31:40,101 [INFO] Edge 0: [DER] Task 4 training round done.
2026-05-14 04:31:40,101 [INFO] Edge 1: [DER] Task 4 training round done.
2026-05-14 04:31:40,101 [INFO] Edge 2: [DER] Task 4 training round done.
2026-05-14 04:31:40,101 [INFO]   [Eval] Task 4, R 64: Acc: 51.26% | Prec-Mac: 45.39% | Rec-Mac: 61.68% | Mi-F1: 51.20% | Ma-F1: 39.17% | We-F1: 54.96% | Loss: 3.8178
2026-05-14 04:31:40,101 [INFO]   [CKPT] Saved: ckpt_wa_task04_r064_global344_acc51.3.pth

--- Task 4, Round 65/80 (Global 345) ---
2026-05-14 04:33:59,101 [INFO] Edge 0: [DER] Task 4 training round done.
2026-05-14 04:33:59,101 [INFO] Edge 1: [DER] Task 4 training round done.
2026-05-14 04:33:59,101 [INFO] Edge 2: [DER] Task 4 training round done.
2026-05-14 04:33:59,101 [INFO]   [Eval] Task 4, R 65: Acc: 51.18% | Prec-Mac: 45.48% | Rec-Mac: 61.83% | Mi-F1: 51.46% | Ma-F1: 39.21% | We-F1: 54.97% | Loss: 3.8369
2026-05-14 04:33:59,101 [INFO]   [CKPT] Saved: ckpt_wa_task04_r065_global345_acc51.2.pth

--- Task 4, Round 66/80 (Global 346) ---
2026-05-14 04:37:44,101 [INFO] Edge 0: [DER] Task 4 training round done.
2026-05-14 04:37:44,101 [INFO] Edge 1: [DER] Task 4 training round done.
2026-05-14 04:37:44,101 [INFO] Edge 2: [DER] Task 4 training round done.
2026-05-14 04:37:44,101 [INFO]   [Eval] Task 4, R 66: Acc: 51.31% | Prec-Mac: 45.47% | Rec-Mac: 61.72% | Mi-F1: 51.47% | Ma-F1: 39.28% | We-F1: 55.02% | Loss: 3.8561
2026-05-14 04:37:44,101 [INFO]   [CKPT] Saved: ckpt_wa_task04_r066_global346_acc51.3.pth

--- Task 4, Round 67/80 (Global 347) ---
2026-05-14 04:41:11,101 [INFO] Edge 0: [DER] Task 4 training round done.
2026-05-14 04:41:11,101 [INFO] Edge 1: [DER] Task 4 training round done.
2026-05-14 04:41:11,101 [INFO] Edge 2: [DER] Task 4 training round done.
2026-05-14 04:41:11,101 [INFO]   [Eval] Task 4, R 67: Acc: 51.43% | Prec-Mac: 45.57% | Rec-Mac: 61.67% | Mi-F1: 51.24% | Ma-F1: 39.15% | We-F1: 55.12% | Loss: 3.8754
2026-05-14 04:41:11,101 [INFO]   [CKPT] Saved: ckpt_wa_task04_r067_global347_acc51.4.pth

--- Task 4, Round 68/80 (Global 348) ---
2026-05-14 04:43:38,101 [INFO] Edge 0: [DER] Task 4 training round done.
2026-05-14 04:43:38,101 [INFO] Edge 1: [DER] Task 4 training round done.
2026-05-14 04:43:38,101 [INFO] Edge 2: [DER] Task 4 training round done.
2026-05-14 04:43:38,101 [INFO]   [Eval] Task 4, R 68: Acc: 51.24% | Prec-Mac: 45.37% | Rec-Mac: 61.86% | Mi-F1: 51.28% | Ma-F1: 39.23% | We-F1: 55.14% | Loss: 3.8947
2026-05-14 04:43:38,101 [INFO]   [CKPT] Saved: ckpt_wa_task04_r068_global348_acc51.2.pth

--- Task 4, Round 69/80 (Global 349) ---
2026-05-14 04:45:38,101 [INFO] Edge 0: [DER] Task 4 training round done.
2026-05-14 04:45:38,101 [INFO] Edge 1: [DER] Task 4 training round done.
2026-05-14 04:45:38,101 [INFO] Edge 2: [DER] Task 4 training round done.
2026-05-14 04:45:38,101 [INFO]   [Eval] Task 4, R 69: Acc: 51.38% | Prec-Mac: 45.42% | Rec-Mac: 61.88% | Mi-F1: 51.29% | Ma-F1: 39.29% | We-F1: 55.13% | Loss: 3.9142
2026-05-14 04:45:38,101 [INFO]   [CKPT] Saved: ckpt_wa_task04_r069_global349_acc51.4.pth

--- Task 4, Round 70/80 (Global 350) ---
2026-05-14 04:48:45,101 [INFO] Edge 0: [DER] Task 4 training round done.
2026-05-14 04:48:45,101 [INFO] Edge 1: [DER] Task 4 training round done.
2026-05-14 04:48:45,101 [INFO] Edge 2: [DER] Task 4 training round done.
2026-05-14 04:48:45,101 [INFO]   [Eval] Task 4, R 70: Acc: 51.13% | Prec-Mac: 45.44% | Rec-Mac: 61.78% | Mi-F1: 51.39% | Ma-F1: 39.06% | We-F1: 54.95% | Loss: 3.9338
2026-05-14 04:48:45,101 [INFO]   [CKPT] Saved: ckpt_wa_task04_r070_global350_acc51.1.pth

--- Task 4, Round 71/80 (Global 351) ---
2026-05-14 04:52:08,101 [INFO] Edge 0: [DER] Task 4 training round done.
2026-05-14 04:52:08,101 [INFO] Edge 1: [DER] Task 4 training round done.
2026-05-14 04:52:08,101 [INFO] Edge 2: [DER] Task 4 training round done.
2026-05-14 04:52:08,101 [INFO]   [Eval] Task 4, R 71: Acc: 51.38% | Prec-Mac: 45.41% | Rec-Mac: 61.72% | Mi-F1: 51.17% | Ma-F1: 39.23% | We-F1: 54.94% | Loss: 3.9535
2026-05-14 04:52:08,101 [INFO]   [CKPT] Saved: ckpt_wa_task04_r071_global351_acc51.4.pth

--- Task 4, Round 72/80 (Global 352) ---
2026-05-14 04:55:25,101 [INFO] Edge 0: [DER] Task 4 training round done.
2026-05-14 04:55:25,101 [INFO] Edge 1: [DER] Task 4 training round done.
2026-05-14 04:55:25,101 [INFO] Edge 2: [DER] Task 4 training round done.
2026-05-14 04:55:25,101 [INFO]   [Eval] Task 4, R 72: Acc: 51.41% | Prec-Mac: 45.39% | Rec-Mac: 61.63% | Mi-F1: 51.18% | Ma-F1: 39.24% | We-F1: 55.25% | Loss: 3.9732
2026-05-14 04:55:25,101 [INFO]   [CKPT] Saved: ckpt_wa_task04_r072_global352_acc51.4.pth

--- Task 4, Round 73/80 (Global 353) ---
2026-05-14 04:58:00,101 [INFO] Edge 0: [DER] Task 4 training round done.
2026-05-14 04:58:00,101 [INFO] Edge 1: [DER] Task 4 training round done.
2026-05-14 04:58:00,101 [INFO] Edge 2: [DER] Task 4 training round done.
2026-05-14 04:58:00,101 [INFO]   [Eval] Task 4, R 73: Acc: 51.41% | Prec-Mac: 45.57% | Rec-Mac: 61.82% | Mi-F1: 51.57% | Ma-F1: 39.25% | We-F1: 55.05% | Loss: 3.9931
2026-05-14 04:58:00,101 [INFO]   [CKPT] Saved: ckpt_wa_task04_r073_global353_acc51.4.pth

--- Task 4, Round 74/80 (Global 354) ---
2026-05-14 05:00:23,101 [INFO] Edge 0: [DER] Task 4 training round done.
2026-05-14 05:00:23,101 [INFO] Edge 1: [DER] Task 4 training round done.
2026-05-14 05:00:23,101 [INFO] Edge 2: [DER] Task 4 training round done.
2026-05-14 05:00:23,101 [INFO]   [Eval] Task 4, R 74: Acc: 51.31% | Prec-Mac: 45.55% | Rec-Mac: 61.89% | Mi-F1: 51.11% | Ma-F1: 39.27% | We-F1: 55.18% | Loss: 4.0131
2026-05-14 05:00:23,101 [INFO]   [CKPT] Saved: ckpt_wa_task04_r074_global354_acc51.3.pth

--- Task 4, Round 75/80 (Global 355) ---
2026-05-14 05:02:53,101 [INFO] Edge 0: [DER] Task 4 training round done.
2026-05-14 05:02:53,101 [INFO] Edge 1: [DER] Task 4 training round done.
2026-05-14 05:02:53,101 [INFO] Edge 2: [DER] Task 4 training round done.
2026-05-14 05:02:53,101 [INFO]   [Eval] Task 4, R 75: Acc: 51.35% | Prec-Mac: 45.32% | Rec-Mac: 61.74% | Mi-F1: 51.48% | Ma-F1: 39.18% | We-F1: 55.01% | Loss: 4.0331
2026-05-14 05:02:53,101 [INFO]   [CKPT] Saved: ckpt_wa_task04_r075_global355_acc51.3.pth

--- Task 4, Round 76/80 (Global 356) ---
2026-05-14 05:05:58,101 [INFO] Edge 0: [DER] Task 4 training round done.
2026-05-14 05:05:58,101 [INFO] Edge 1: [DER] Task 4 training round done.
2026-05-14 05:05:58,101 [INFO] Edge 2: [DER] Task 4 training round done.
2026-05-14 05:05:58,101 [INFO]   [Eval] Task 4, R 76: Acc: 51.52% | Prec-Mac: 45.47% | Rec-Mac: 61.77% | Mi-F1: 51.30% | Ma-F1: 39.13% | We-F1: 55.04% | Loss: 4.0533
2026-05-14 05:05:58,101 [INFO]   [CKPT] Saved: ckpt_wa_task04_r076_global356_acc51.5.pth

--- Task 4, Round 77/80 (Global 357) ---
2026-05-14 05:09:02,101 [INFO] Edge 0: [DER] Task 4 training round done.
2026-05-14 05:09:02,101 [INFO] Edge 1: [DER] Task 4 training round done.
2026-05-14 05:09:02,101 [INFO] Edge 2: [DER] Task 4 training round done.
2026-05-14 05:09:02,101 [INFO]   [Eval] Task 4, R 77: Acc: 51.52% | Prec-Mac: 45.51% | Rec-Mac: 61.87% | Mi-F1: 51.21% | Ma-F1: 39.11% | We-F1: 54.90% | Loss: 4.0735
2026-05-14 05:09:02,101 [INFO]   [CKPT] Saved: ckpt_wa_task04_r077_global357_acc51.5.pth

--- Task 4, Round 78/80 (Global 358) ---
2026-05-14 05:11:42,101 [INFO] Edge 0: [DER] Task 4 training round done.
2026-05-14 05:11:42,101 [INFO] Edge 1: [DER] Task 4 training round done.
2026-05-14 05:11:42,101 [INFO] Edge 2: [DER] Task 4 training round done.
2026-05-14 05:11:42,101 [INFO]   [Eval] Task 4, R 78: Acc: 51.37% | Prec-Mac: 45.46% | Rec-Mac: 61.84% | Mi-F1: 51.27% | Ma-F1: 39.18% | We-F1: 55.02% | Loss: 4.0939
2026-05-14 05:11:42,101 [INFO]   [CKPT] Saved: ckpt_wa_task04_r078_global358_acc51.4.pth

--- Task 4, Round 79/80 (Global 359) ---
2026-05-14 05:15:32,101 [INFO] Edge 0: [DER] Task 4 training round done.
2026-05-14 05:15:32,101 [INFO] Edge 1: [DER] Task 4 training round done.
2026-05-14 05:15:32,101 [INFO] Edge 2: [DER] Task 4 training round done.
2026-05-14 05:15:32,101 [INFO]   [Eval] Task 4, R 79: Acc: 51.40% | Prec-Mac: 45.38% | Rec-Mac: 61.88% | Mi-F1: 51.36% | Ma-F1: 39.17% | We-F1: 55.09% | Loss: 4.1144
2026-05-14 05:15:32,101 [INFO]   [CKPT] Saved: ckpt_wa_task04_r079_global359_acc51.4.pth

--- Task 4, Round 80/80 (Global 360) ---
2026-05-14 05:17:43,101 [INFO] Edge 0: [DER] Task 4 training round done.
2026-05-14 05:17:43,101 [INFO] Edge 1: [DER] Task 4 training round done.
2026-05-14 05:17:43,101 [INFO] Edge 2: [DER] Task 4 training round done.
2026-05-14 05:17:43,101 [INFO]   [Eval] Task 4, R 80: Acc: 51.28% | Prec-Mac: 45.27% | Rec-Mac: 61.77% | Mi-F1: 51.29% | Ma-F1: 39.28% | We-F1: 55.13% | Loss: 4.1350
2026-05-14 05:17:43,101 [INFO]   [CKPT] Saved: ckpt_wa_task04_r080_global360_acc51.3.pth
