2026-05-13 17:40:01,998 [INFO] ============================================================
2026-05-13 17:40:01,999 [INFO] HFIN - Hierarchical Federated Class-Incremental Learning
2026-05-13 17:40:01,999 [INFO]    Network Intrusion Detection for IIoT
2026-05-13 17:40:01,999 [INFO] ============================================================
2026-05-13 17:40:01,999 [INFO] Device: cuda
2026-05-13 17:40:01,999 [INFO] Dataset: nf_uq_nids
2026-05-13 17:40:01,999 [INFO] Method: ICARL
2026-05-13 17:40:01,999 [INFO] Mode: TRAIN
2026-05-13 17:40:01,999 [INFO] Clients: 60, Edge Servers: 3
2026-05-13 17:40:01,999 [INFO] Base classes: 2, Task size: 2
2026-05-13 17:40:01,999 [INFO] Total classes: 11
2026-05-13 17:40:01,999 [INFO] 
[1/4] Loading global test data for NF_UQ_NIDS...
2026-05-13 17:40:06,372 [INFO] Features: 39, Global Test: 4861950
2026-05-13 17:40:06,373 [INFO] Total classes: 21 | Clients: 60 | Edges: 3
2026-05-13 17:40:06,934 [INFO] 
[2/4] Mapping 60 FL Clients to 3 Edge Server(s)...
2026-05-13 17:40:06,934 [INFO] 
[2/4] Mapping 60 FL Clients to 3 Edge Servers...
2026-05-13 17:40:06,934 [INFO] Edge-Client mapping: defaultdict(<class 'list'>, {0: [0, 1, 2, 3, 4, 5, 6, 7, 8, 9, 10, 11, 12, 13, 14, 15, 16, 17, 18, 19], 1: [20, 21, 22, 23, 24, 25, 26, 27, 28, 29, 30, 31, 32, 33, 34, 35, 36, 37, 38, 39], 2: [40, 41, 42, 43, 44, 45, 46, 47, 48, 49, 50, 51, 52, 53, 54, 55, 56, 57, 58, 59]})
2026-05-13 17:40:06,934 [INFO] 
[3/4] Initializing models...
2026-05-13 17:40:07,264 [INFO] 
[4/4] Starting training...
2026-05-13 17:40:07,264 [INFO] 
Loading data for Task 0 (Classes: [0, 1, 2, 3, 4])...
2026-05-13 17:41:12,987 [INFO] Expanded global model to 5 classes for Task 0
2026-05-13 17:41:12,999 [INFO] 
============================================================
2026-05-13 17:41:12,999 [INFO] Task 0/4 | Classes: [0, 1, 2, 3, 4] | 40 rounds | LR: 0.01
2026-05-13 17:41:12,999 [INFO] ============================================================
2026-05-13 17:41:12,999 [INFO] 
--- Task 0, Round 1/40 (Global 1) ---
2026-05-13 17:41:13,004 [INFO] Edge 0: WTO is OFF, using all 20 clients.
2026-05-13 17:41:51,088 [INFO] Edge 1: WTO is OFF, using all 20 clients.
2026-05-13 17:42:22,222 [INFO] Edge 2: WTO is OFF, using all 20 clients.
2026-05-13 17:44:25,153 [INFO]   [Eval] Task 0, R 1: Acc: 92.50% | Prec-Mac: 90.41% | Rec-Mac: 90.48% | Mi-F1: 92.50% | Ma-F1: 90.43% | We-F1: 92.53% | Loss: 0.2760
2026-05-13 17:44:25,158 [INFO]   [CKPT] Saved: ckpt_icarl_task00_r001_global001_acc92.5.pth
2026-05-13 17:44:25,158 [INFO] 
--- Task 0, Round 2/40 (Global 2) ---
2026-05-13 17:44:25,163 [INFO] Edge 0: WTO is OFF, using all 20 clients.
2026-05-13 17:44:56,664 [INFO] Edge 1: WTO is OFF, using all 20 clients.
2026-05-13 17:45:28,312 [INFO] Edge 2: WTO is OFF, using all 20 clients.
2026-05-13 17:47:33,508 [INFO]   [Eval] Task 0, R 2: Acc: 95.29% | Prec-Mac: 92.73% | Rec-Mac: 95.05% | Mi-F1: 95.29% | Ma-F1: 93.64% | We-F1: 95.44% | Loss: 0.1498
2026-05-13 17:47:33,512 [INFO]   [CKPT] Saved: ckpt_icarl_task00_r002_global002_acc95.3.pth
2026-05-13 17:47:33,512 [INFO] 
--- Task 0, Round 3/40 (Global 3) ---
2026-05-13 17:47:33,516 [INFO] Edge 0: WTO is OFF, using all 20 clients.
2026-05-13 17:48:04,678 [INFO] Edge 1: WTO is OFF, using all 20 clients.
2026-05-13 17:48:35,895 [INFO] Edge 2: WTO is OFF, using all 20 clients.
2026-05-13 17:50:39,241 [INFO]   [Eval] Task 0, R 3: Acc: 95.44% | Prec-Mac: 92.96% | Rec-Mac: 95.14% | Mi-F1: 95.44% | Ma-F1: 93.81% | We-F1: 95.59% | Loss: 0.1349
2026-05-13 17:50:39,245 [INFO]   [CKPT] Saved: ckpt_icarl_task00_r003_global003_acc95.4.pth
2026-05-13 17:50:39,245 [INFO] 
--- Task 0, Round 4/40 (Global 4) ---
2026-05-13 17:50:39,249 [INFO] Edge 0: WTO is OFF, using all 20 clients.
2026-05-13 17:51:10,700 [INFO] Edge 1: WTO is OFF, using all 20 clients.
2026-05-13 17:51:42,154 [INFO] Edge 2: WTO is OFF, using all 20 clients.
2026-05-13 17:53:45,984 [INFO]   [Eval] Task 0, R 4: Acc: 95.28% | Prec-Mac: 92.59% | Rec-Mac: 94.72% | Mi-F1: 95.28% | Ma-F1: 93.54% | We-F1: 95.36% | Loss: 0.1721
2026-05-13 17:53:45,987 [INFO]   [CKPT] Saved: ckpt_icarl_task00_r004_global004_acc95.3.pth
2026-05-13 17:53:45,987 [INFO] 
--- Task 0, Round 5/40 (Global 5) ---
2026-05-13 17:53:45,992 [INFO] Edge 0: WTO is OFF, using all 20 clients.
2026-05-13 17:54:17,761 [INFO] Edge 1: WTO is OFF, using all 20 clients.
2026-05-13 17:54:49,402 [INFO] Edge 2: WTO is OFF, using all 20 clients.
2026-05-13 17:56:52,986 [INFO]   [Eval] Task 0, R 5: Acc: 95.52% | Prec-Mac: 93.01% | Rec-Mac: 95.30% | Mi-F1: 95.52% | Ma-F1: 93.93% | We-F1: 95.65% | Loss: 0.1343
2026-05-13 17:56:52,989 [INFO]   [CKPT] Saved: ckpt_icarl_task00_r005_global005_acc95.5.pth
2026-05-13 17:56:52,990 [INFO] 
--- Task 0, Round 6/40 (Global 6) ---
2026-05-13 17:56:52,994 [INFO] Edge 0: WTO is OFF, using all 20 clients.
2026-05-13 17:57:24,655 [INFO] Edge 1: WTO is OFF, using all 20 clients.
2026-05-13 17:57:55,741 [INFO] Edge 2: WTO is OFF, using all 20 clients.
2026-05-13 17:59:59,096 [INFO]   [Eval] Task 0, R 6: Acc: 95.68% | Prec-Mac: 93.23% | Rec-Mac: 95.46% | Mi-F1: 95.68% | Ma-F1: 94.11% | We-F1: 95.81% | Loss: 0.1259
2026-05-13 17:59:59,100 [INFO]   [CKPT] Saved: ckpt_icarl_task00_r006_global006_acc95.7.pth
2026-05-13 17:59:59,100 [INFO] 
--- Task 0, Round 7/40 (Global 7) ---
2026-05-13 17:59:59,105 [INFO] Edge 0: WTO is OFF, using all 20 clients.
2026-05-13 18:00:30,716 [INFO] Edge 1: WTO is OFF, using all 20 clients.
2026-05-13 18:01:01,659 [INFO] Edge 2: WTO is OFF, using all 20 clients.
2026-05-13 18:03:04,995 [INFO]   [Eval] Task 0, R 7: Acc: 95.78% | Prec-Mac: 93.36% | Rec-Mac: 95.55% | Mi-F1: 95.78% | Ma-F1: 94.22% | We-F1: 95.91% | Loss: 0.1147
2026-05-13 18:03:04,999 [INFO]   [CKPT] Saved: ckpt_icarl_task00_r007_global007_acc95.8.pth
2026-05-13 18:03:04,999 [INFO] 
--- Task 0, Round 8/40 (Global 8) ---
2026-05-13 18:03:05,003 [INFO] Edge 0: WTO is OFF, using all 20 clients.
2026-05-13 18:03:36,486 [INFO] Edge 1: WTO is OFF, using all 20 clients.
2026-05-13 18:04:07,785 [INFO] Edge 2: WTO is OFF, using all 20 clients.
2026-05-13 18:06:10,814 [INFO]   [Eval] Task 0, R 8: Acc: 95.51% | Prec-Mac: 93.06% | Rec-Mac: 95.25% | Mi-F1: 95.51% | Ma-F1: 93.93% | We-F1: 95.64% | Loss: 0.1300
2026-05-13 18:06:10,818 [INFO]   [CKPT] Saved: ckpt_icarl_task00_r008_global008_acc95.5.pth
2026-05-13 18:06:10,818 [INFO] 
--- Task 0, Round 9/40 (Global 9) ---
2026-05-13 18:06:10,823 [INFO] Edge 0: WTO is OFF, using all 20 clients.
2026-05-13 18:06:42,258 [INFO] Edge 1: WTO is OFF, using all 20 clients.
2026-05-13 18:07:13,771 [INFO] Edge 2: WTO is OFF, using all 20 clients.
2026-05-13 18:09:17,341 [INFO]   [Eval] Task 0, R 9: Acc: 95.61% | Prec-Mac: 93.18% | Rec-Mac: 95.32% | Mi-F1: 95.61% | Ma-F1: 94.03% | We-F1: 95.75% | Loss: 0.1327
2026-05-13 18:09:17,344 [INFO]   [CKPT] Saved: ckpt_icarl_task00_r009_global009_acc95.6.pth
2026-05-13 18:09:17,345 [INFO] 
--- Task 0, Round 10/40 (Global 10) ---
2026-05-13 18:09:17,349 [INFO] Edge 0: WTO is OFF, using all 20 clients.
2026-05-13 18:09:48,777 [INFO] Edge 1: WTO is OFF, using all 20 clients.
2026-05-13 18:10:20,054 [INFO] Edge 2: WTO is OFF, using all 20 clients.
2026-05-13 18:12:23,267 [INFO]   [Eval] Task 0, R 10: Acc: 95.66% | Prec-Mac: 93.34% | Rec-Mac: 95.32% | Mi-F1: 95.66% | Ma-F1: 94.09% | We-F1: 95.81% | Loss: 0.1269
2026-05-13 18:12:23,271 [INFO]   [CKPT] Saved: ckpt_icarl_task00_r010_global010_acc95.7.pth
2026-05-13 18:12:23,271 [INFO] 
--- Task 0, Round 11/40 (Global 11) ---
2026-05-13 18:12:23,276 [INFO] Edge 0: WTO is OFF, using all 20 clients.
2026-05-13 18:12:54,259 [INFO] Edge 1: WTO is OFF, using all 20 clients.
2026-05-13 18:13:25,257 [INFO] Edge 2: WTO is OFF, using all 20 clients.
2026-05-13 18:15:28,297 [INFO]   [Eval] Task 0, R 11: Acc: 95.22% | Prec-Mac: 92.99% | Rec-Mac: 94.98% | Mi-F1: 95.22% | Ma-F1: 93.72% | We-F1: 95.38% | Loss: 0.1475
2026-05-13 18:15:28,301 [INFO]   [CKPT] Saved: ckpt_icarl_task00_r011_global011_acc95.2.pth
2026-05-13 18:15:28,301 [INFO] 
--- Task 0, Round 12/40 (Global 12) ---
2026-05-13 18:15:28,305 [INFO] Edge 0: WTO is OFF, using all 20 clients.
2026-05-13 18:15:59,797 [INFO] Edge 1: WTO is OFF, using all 20 clients.
2026-05-13 18:16:31,133 [INFO] Edge 2: WTO is OFF, using all 20 clients.
2026-05-13 18:18:34,577 [INFO]   [Eval] Task 0, R 12: Acc: 95.80% | Prec-Mac: 93.40% | Rec-Mac: 95.57% | Mi-F1: 95.80% | Ma-F1: 94.26% | We-F1: 95.94% | Loss: 0.1200
2026-05-13 18:18:34,580 [INFO]   [CKPT] Saved: ckpt_icarl_task00_r012_global012_acc95.8.pth
2026-05-13 18:18:34,580 [INFO] 
--- Task 0, Round 13/40 (Global 13) ---
2026-05-13 18:18:34,584 [INFO] Edge 0: WTO is OFF, using all 20 clients.
2026-05-13 18:19:06,050 [INFO] Edge 1: WTO is OFF, using all 20 clients.
2026-05-13 18:19:37,157 [INFO] Edge 2: WTO is OFF, using all 20 clients.
2026-05-13 18:21:39,714 [INFO]   [Eval] Task 0, R 13: Acc: 95.71% | Prec-Mac: 93.30% | Rec-Mac: 95.48% | Mi-F1: 95.71% | Ma-F1: 94.15% | We-F1: 95.84% | Loss: 0.1256
2026-05-13 18:21:39,717 [INFO]   [CKPT] Saved: ckpt_icarl_task00_r013_global013_acc95.7.pth
2026-05-13 18:21:39,717 [INFO] 
--- Task 0, Round 14/40 (Global 14) ---
2026-05-13 18:21:39,721 [INFO] Edge 0: WTO is OFF, using all 20 clients.
2026-05-13 18:22:11,527 [INFO] Edge 1: WTO is OFF, using all 20 clients.
2026-05-13 18:22:42,804 [INFO] Edge 2: WTO is OFF, using all 20 clients.
2026-05-13 18:24:45,885 [INFO]   [Eval] Task 0, R 14: Acc: 95.83% | Prec-Mac: 93.43% | Rec-Mac: 95.66% | Mi-F1: 95.83% | Ma-F1: 94.30% | We-F1: 95.97% | Loss: 0.1239
2026-05-13 18:24:45,889 [INFO]   [CKPT] Saved: ckpt_icarl_task00_r014_global014_acc95.8.pth
2026-05-13 18:24:45,889 [INFO] 
--- Task 0, Round 15/40 (Global 15) ---
2026-05-13 18:24:45,893 [INFO] Edge 0: WTO is OFF, using all 20 clients.
2026-05-13 18:25:16,893 [INFO] Edge 1: WTO is OFF, using all 20 clients.
2026-05-13 18:25:47,750 [INFO] Edge 2: WTO is OFF, using all 20 clients.
2026-05-13 18:27:50,528 [INFO]   [Eval] Task 0, R 15: Acc: 95.79% | Prec-Mac: 93.39% | Rec-Mac: 95.53% | Mi-F1: 95.79% | Ma-F1: 94.23% | We-F1: 95.92% | Loss: 0.1225
2026-05-13 18:27:50,531 [INFO]   [CKPT] Saved: ckpt_icarl_task00_r015_global015_acc95.8.pth
2026-05-13 18:27:50,531 [INFO] 
--- Task 0, Round 16/40 (Global 16) ---
2026-05-13 18:27:50,536 [INFO] Edge 0: WTO is OFF, using all 20 clients.
2026-05-13 18:28:22,301 [INFO] Edge 1: WTO is OFF, using all 20 clients.
2026-05-13 18:28:53,667 [INFO] Edge 2: WTO is OFF, using all 20 clients.
2026-05-13 18:30:57,030 [INFO]   [Eval] Task 0, R 16: Acc: 95.88% | Prec-Mac: 93.47% | Rec-Mac: 95.67% | Mi-F1: 95.88% | Ma-F1: 94.34% | We-F1: 96.02% | Loss: 0.1117
2026-05-13 18:30:57,034 [INFO]   [CKPT] Saved: ckpt_icarl_task00_r016_global016_acc95.9.pth
2026-05-13 18:30:57,034 [INFO] 
--- Task 0, Round 17/40 (Global 17) ---
2026-05-13 18:30:57,039 [INFO] Edge 0: WTO is OFF, using all 20 clients.
2026-05-13 18:31:28,399 [INFO] Edge 1: WTO is OFF, using all 20 clients.
2026-05-13 18:32:00,029 [INFO] Edge 2: WTO is OFF, using all 20 clients.
2026-05-13 18:34:04,829 [INFO]   [Eval] Task 0, R 17: Acc: 95.90% | Prec-Mac: 93.35% | Rec-Mac: 95.36% | Mi-F1: 95.90% | Ma-F1: 94.26% | We-F1: 95.97% | Loss: 0.1137
2026-05-13 18:34:04,832 [INFO]   [CKPT] Saved: ckpt_icarl_task00_r017_global017_acc95.9.pth
2026-05-13 18:34:04,832 [INFO] 
--- Task 0, Round 18/40 (Global 18) ---
2026-05-13 18:34:04,837 [INFO] Edge 0: WTO is OFF, using all 20 clients.
2026-05-13 18:34:36,716 [INFO] Edge 1: WTO is OFF, using all 20 clients.
2026-05-13 18:35:08,522 [INFO] Edge 2: WTO is OFF, using all 20 clients.
2026-05-13 18:37:13,165 [INFO]   [Eval] Task 0, R 18: Acc: 92.09% | Prec-Mac: 90.85% | Rec-Mac: 90.88% | Mi-F1: 92.09% | Ma-F1: 90.41% | We-F1: 92.21% | Loss: 0.2091
2026-05-13 18:37:13,168 [INFO]   [CKPT] Saved: ckpt_icarl_task00_r018_global018_acc92.1.pth
2026-05-13 18:37:13,168 [INFO] 
--- Task 0, Round 19/40 (Global 19) ---
2026-05-13 18:37:13,172 [INFO] Edge 0: WTO is OFF, using all 20 clients.
2026-05-13 18:37:44,305 [INFO] Edge 1: WTO is OFF, using all 20 clients.
2026-05-13 18:38:15,774 [INFO] Edge 2: WTO is OFF, using all 20 clients.
2026-05-13 18:40:19,891 [INFO]   [Eval] Task 0, R 19: Acc: 95.58% | Prec-Mac: 92.94% | Rec-Mac: 95.01% | Mi-F1: 95.58% | Ma-F1: 93.86% | We-F1: 95.67% | Loss: 0.1313
2026-05-13 18:40:19,895 [INFO]   [CKPT] Saved: ckpt_icarl_task00_r019_global019_acc95.6.pth
2026-05-13 18:40:19,895 [INFO] 
--- Task 0, Round 20/40 (Global 20) ---
2026-05-13 18:40:19,903 [INFO] Edge 0: WTO is OFF, using all 20 clients.
2026-05-13 18:40:51,574 [INFO] Edge 1: WTO is OFF, using all 20 clients.
2026-05-13 18:41:23,037 [INFO] Edge 2: WTO is OFF, using all 20 clients.
2026-05-13 18:43:26,520 [INFO]   [Eval] Task 0, R 20: Acc: 95.72% | Prec-Mac: 93.11% | Rec-Mac: 95.18% | Mi-F1: 95.72% | Ma-F1: 94.03% | We-F1: 95.80% | Loss: 0.1214
2026-05-13 18:43:26,523 [INFO]   [CKPT] Saved: ckpt_icarl_task00_r020_global020_acc95.7.pth
2026-05-13 18:43:26,523 [INFO] 
--- Task 0, Round 21/40 (Global 21) ---
2026-05-13 18:43:26,523 [INFO]    [LR DECAY] Round 20 reached milestone: New LR = 0.001
2026-05-13 18:43:26,528 [INFO] Edge 0: WTO is OFF, using all 20 clients.
2026-05-13 18:43:58,323 [INFO] Edge 1: WTO is OFF, using all 20 clients.
2026-05-13 18:44:29,782 [INFO] Edge 2: WTO is OFF, using all 20 clients.
2026-05-13 18:46:32,962 [INFO]   [Eval] Task 0, R 21: Acc: 95.80% | Prec-Mac: 93.40% | Rec-Mac: 95.57% | Mi-F1: 95.80% | Ma-F1: 94.25% | We-F1: 95.93% | Loss: 0.1150
2026-05-13 18:46:32,965 [INFO]   [CKPT] Saved: ckpt_icarl_task00_r021_global021_acc95.8.pth
2026-05-13 18:46:32,966 [INFO] 
--- Task 0, Round 22/40 (Global 22) ---
2026-05-13 18:46:32,970 [INFO] Edge 0: WTO is OFF, using all 20 clients.
2026-05-13 18:47:04,652 [INFO] Edge 1: WTO is OFF, using all 20 clients.
2026-05-13 18:47:35,955 [INFO] Edge 2: WTO is OFF, using all 20 clients.
2026-05-13 18:49:38,500 [INFO]   [Eval] Task 0, R 22: Acc: 95.75% | Prec-Mac: 93.32% | Rec-Mac: 95.51% | Mi-F1: 95.75% | Ma-F1: 94.19% | We-F1: 95.88% | Loss: 0.1161
2026-05-13 18:49:38,503 [INFO]   [CKPT] Saved: ckpt_icarl_task00_r022_global022_acc95.7.pth
2026-05-13 18:49:38,503 [INFO] 
--- Task 0, Round 23/40 (Global 23) ---
2026-05-13 18:49:38,507 [INFO] Edge 0: WTO is OFF, using all 20 clients.
2026-05-13 18:50:09,718 [INFO] Edge 1: WTO is OFF, using all 20 clients.
2026-05-13 18:50:40,678 [INFO] Edge 2: WTO is OFF, using all 20 clients.
2026-05-13 18:52:43,179 [INFO]   [Eval] Task 0, R 23: Acc: 95.76% | Prec-Mac: 93.32% | Rec-Mac: 95.52% | Mi-F1: 95.76% | Ma-F1: 94.20% | We-F1: 95.89% | Loss: 0.1167
2026-05-13 18:52:43,182 [INFO]   [CKPT] Saved: ckpt_icarl_task00_r023_global023_acc95.8.pth
2026-05-13 18:52:43,183 [INFO] 
--- Task 0, Round 24/40 (Global 24) ---
2026-05-13 18:52:43,187 [INFO] Edge 0: WTO is OFF, using all 20 clients.
2026-05-13 18:53:15,025 [INFO] Edge 1: WTO is OFF, using all 20 clients.
2026-05-13 18:53:46,508 [INFO] Edge 2: WTO is OFF, using all 20 clients.
2026-05-13 18:55:50,560 [INFO]   [Eval] Task 0, R 24: Acc: 95.81% | Prec-Mac: 93.41% | Rec-Mac: 95.58% | Mi-F1: 95.81% | Ma-F1: 94.26% | We-F1: 95.95% | Loss: 0.1128
2026-05-13 18:55:50,564 [INFO]   [CKPT] Saved: ckpt_icarl_task00_r024_global024_acc95.8.pth
2026-05-13 18:55:50,564 [INFO] 
--- Task 0, Round 25/40 (Global 25) ---
2026-05-13 18:55:50,568 [INFO] Edge 0: WTO is OFF, using all 20 clients.
2026-05-13 18:56:21,965 [INFO] Edge 1: WTO is OFF, using all 20 clients.
2026-05-13 18:56:53,211 [INFO] Edge 2: WTO is OFF, using all 20 clients.
2026-05-13 18:58:56,366 [INFO]   [Eval] Task 0, R 25: Acc: 95.82% | Prec-Mac: 93.41% | Rec-Mac: 95.59% | Mi-F1: 95.82% | Ma-F1: 94.27% | We-F1: 95.95% | Loss: 0.1154
2026-05-13 18:58:56,370 [INFO]   [CKPT] Saved: ckpt_icarl_task00_r025_global025_acc95.8.pth
2026-05-13 18:58:56,370 [INFO] 
--- Task 0, Round 26/40 (Global 26) ---
2026-05-13 18:58:56,375 [INFO] Edge 0: WTO is OFF, using all 20 clients.
2026-05-13 18:59:28,041 [INFO] Edge 1: WTO is OFF, using all 20 clients.
2026-05-13 18:59:59,426 [INFO] Edge 2: WTO is OFF, using all 20 clients.
2026-05-13 19:02:02,754 [INFO]   [Eval] Task 0, R 26: Acc: 95.83% | Prec-Mac: 93.44% | Rec-Mac: 95.61% | Mi-F1: 95.83% | Ma-F1: 94.29% | We-F1: 95.97% | Loss: 0.1122
2026-05-13 19:02:02,757 [INFO]   [CKPT] Saved: ckpt_icarl_task00_r026_global026_acc95.8.pth
2026-05-13 19:02:02,758 [INFO] 
--- Task 0, Round 27/40 (Global 27) ---
2026-05-13 19:02:02,762 [INFO] Edge 0: WTO is OFF, using all 20 clients.
2026-05-13 19:02:33,866 [INFO] Edge 1: WTO is OFF, using all 20 clients.
2026-05-13 19:03:04,717 [INFO] Edge 2: WTO is OFF, using all 20 clients.
2026-05-13 19:05:07,738 [INFO]   [Eval] Task 0, R 27: Acc: 95.84% | Prec-Mac: 93.47% | Rec-Mac: 95.61% | Mi-F1: 95.84% | Ma-F1: 94.30% | We-F1: 95.98% | Loss: 0.1113
2026-05-13 19:05:07,742 [INFO]   [CKPT] Saved: ckpt_icarl_task00_r027_global027_acc95.8.pth
2026-05-13 19:05:07,742 [INFO] 
--- Task 0, Round 28/40 (Global 28) ---
2026-05-13 19:05:07,746 [INFO] Edge 0: WTO is OFF, using all 20 clients.
2026-05-13 19:05:39,251 [INFO] Edge 1: WTO is OFF, using all 20 clients.
2026-05-13 19:06:10,583 [INFO] Edge 2: WTO is OFF, using all 20 clients.
2026-05-13 19:08:13,029 [INFO]   [Eval] Task 0, R 28: Acc: 95.86% | Prec-Mac: 93.48% | Rec-Mac: 95.64% | Mi-F1: 95.86% | Ma-F1: 94.33% | We-F1: 96.00% | Loss: 0.1107
2026-05-13 19:08:13,032 [INFO]   [CKPT] Saved: ckpt_icarl_task00_r028_global028_acc95.9.pth
2026-05-13 19:08:13,032 [INFO] 
--- Task 0, Round 29/40 (Global 29) ---
2026-05-13 19:08:13,037 [INFO] Edge 0: WTO is OFF, using all 20 clients.
2026-05-13 19:08:44,558 [INFO] Edge 1: WTO is OFF, using all 20 clients.
2026-05-13 19:09:15,669 [INFO] Edge 2: WTO is OFF, using all 20 clients.
2026-05-13 19:11:18,392 [INFO]   [Eval] Task 0, R 29: Acc: 95.86% | Prec-Mac: 93.48% | Rec-Mac: 95.64% | Mi-F1: 95.86% | Ma-F1: 94.33% | We-F1: 96.00% | Loss: 0.1110
2026-05-13 19:11:18,395 [INFO]   [CKPT] Saved: ckpt_icarl_task00_r029_global029_acc95.9.pth
2026-05-13 19:11:18,395 [INFO] 
--- Task 0, Round 30/40 (Global 30) ---
2026-05-13 19:11:18,401 [INFO] Edge 0: WTO is OFF, using all 20 clients.
2026-05-13 19:11:49,970 [INFO] Edge 1: WTO is OFF, using all 20 clients.
2026-05-13 19:12:21,080 [INFO] Edge 2: WTO is OFF, using all 20 clients.
2026-05-13 19:14:23,965 [INFO]   [Eval] Task 0, R 30: Acc: 95.85% | Prec-Mac: 93.47% | Rec-Mac: 95.61% | Mi-F1: 95.85% | Ma-F1: 94.31% | We-F1: 95.98% | Loss: 0.1154
2026-05-13 19:14:23,969 [INFO]   [CKPT] Saved: ckpt_icarl_task00_r030_global030_acc95.8.pth
2026-05-13 19:14:23,969 [INFO] 
--- Task 0, Round 31/40 (Global 31) ---
2026-05-13 19:14:23,969 [INFO]    [LR DECAY] Round 30 reached milestone: New LR = 0.0001
2026-05-13 19:14:23,974 [INFO] Edge 0: WTO is OFF, using all 20 clients.
2026-05-13 19:14:55,486 [INFO] Edge 1: WTO is OFF, using all 20 clients.
2026-05-13 19:15:26,654 [INFO] Edge 2: WTO is OFF, using all 20 clients.
2026-05-13 19:17:29,188 [INFO]   [Eval] Task 0, R 31: Acc: 95.89% | Prec-Mac: 93.52% | Rec-Mac: 95.67% | Mi-F1: 95.89% | Ma-F1: 94.36% | We-F1: 96.03% | Loss: 0.1109
2026-05-13 19:17:29,192 [INFO]   [CKPT] Saved: ckpt_icarl_task00_r031_global031_acc95.9.pth
2026-05-13 19:17:29,192 [INFO] 
--- Task 0, Round 32/40 (Global 32) ---
2026-05-13 19:17:29,196 [INFO] Edge 0: WTO is OFF, using all 20 clients.
2026-05-13 19:18:00,697 [INFO] Edge 1: WTO is OFF, using all 20 clients.
2026-05-13 19:18:31,997 [INFO] Edge 2: WTO is OFF, using all 20 clients.
2026-05-13 19:20:34,830 [INFO]   [Eval] Task 0, R 32: Acc: 95.84% | Prec-Mac: 93.45% | Rec-Mac: 95.58% | Mi-F1: 95.84% | Ma-F1: 94.29% | We-F1: 95.97% | Loss: 0.1152
2026-05-13 19:20:34,833 [INFO]   [CKPT] Saved: ckpt_icarl_task00_r032_global032_acc95.8.pth
2026-05-13 19:20:34,833 [INFO] 
--- Task 0, Round 33/40 (Global 33) ---
2026-05-13 19:20:34,846 [INFO] Edge 0: WTO is OFF, using all 20 clients.
2026-05-13 19:21:06,268 [INFO] Edge 1: WTO is OFF, using all 20 clients.
2026-05-13 19:21:37,582 [INFO] Edge 2: WTO is OFF, using all 20 clients.
2026-05-13 19:23:40,602 [INFO]   [Eval] Task 0, R 33: Acc: 95.84% | Prec-Mac: 93.46% | Rec-Mac: 95.57% | Mi-F1: 95.84% | Ma-F1: 94.29% | We-F1: 95.97% | Loss: 0.1175
2026-05-13 19:23:40,606 [INFO]   [CKPT] Saved: ckpt_icarl_task00_r033_global033_acc95.8.pth
2026-05-13 19:23:40,606 [INFO] 
--- Task 0, Round 34/40 (Global 34) ---
2026-05-13 19:23:40,610 [INFO] Edge 0: WTO is OFF, using all 20 clients.
2026-05-13 19:24:11,981 [INFO] Edge 1: WTO is OFF, using all 20 clients.
2026-05-13 19:24:43,119 [INFO] Edge 2: WTO is OFF, using all 20 clients.
2026-05-13 19:26:46,686 [INFO]   [Eval] Task 0, R 34: Acc: 95.87% | Prec-Mac: 93.49% | Rec-Mac: 95.65% | Mi-F1: 95.87% | Ma-F1: 94.33% | We-F1: 96.00% | Loss: 0.1110
2026-05-13 19:26:46,689 [INFO]   [CKPT] Saved: ckpt_icarl_task00_r034_global034_acc95.9.pth
2026-05-13 19:26:46,689 [INFO] 
--- Task 0, Round 35/40 (Global 35) ---
2026-05-13 19:26:46,694 [INFO] Edge 0: WTO is OFF, using all 20 clients.
2026-05-13 19:27:17,899 [INFO] Edge 1: WTO is OFF, using all 20 clients.
2026-05-13 19:27:49,075 [INFO] Edge 2: WTO is OFF, using all 20 clients.
2026-05-13 19:29:51,828 [INFO]   [Eval] Task 0, R 35: Acc: 93.20% | Prec-Mac: 92.21% | Rec-Mac: 86.59% | Mi-F1: 93.20% | Ma-F1: 88.22% | We-F1: 92.53% | Loss: 0.1383
2026-05-13 19:29:51,832 [INFO]   [CKPT] Saved: ckpt_icarl_task00_r035_global035_acc93.2.pth
2026-05-13 19:29:51,832 [INFO] 
--- Task 0, Round 36/40 (Global 36) ---
2026-05-13 19:29:51,837 [INFO] Edge 0: WTO is OFF, using all 20 clients.
2026-05-13 19:30:23,181 [INFO] Edge 1: WTO is OFF, using all 20 clients.
2026-05-13 19:30:54,647 [INFO] Edge 2: WTO is OFF, using all 20 clients.
2026-05-13 19:32:57,613 [INFO]   [Eval] Task 0, R 36: Acc: 95.84% | Prec-Mac: 93.46% | Rec-Mac: 95.59% | Mi-F1: 95.84% | Ma-F1: 94.30% | We-F1: 95.98% | Loss: 0.1153
2026-05-13 19:32:57,617 [INFO]   [CKPT] Saved: ckpt_icarl_task00_r036_global036_acc95.8.pth
2026-05-13 19:32:57,617 [INFO] 
--- Task 0, Round 37/40 (Global 37) ---
2026-05-13 19:32:57,621 [INFO] Edge 0: WTO is OFF, using all 20 clients.
2026-05-13 19:33:29,216 [INFO] Edge 1: WTO is OFF, using all 20 clients.
2026-05-13 19:34:00,499 [INFO] Edge 2: WTO is OFF, using all 20 clients.
2026-05-13 19:36:03,038 [INFO]   [Eval] Task 0, R 37: Acc: 95.89% | Prec-Mac: 93.53% | Rec-Mac: 95.67% | Mi-F1: 95.89% | Ma-F1: 94.36% | We-F1: 96.03% | Loss: 0.1104
2026-05-13 19:36:03,042 [INFO]   [CKPT] Saved: ckpt_icarl_task00_r037_global037_acc95.9.pth
2026-05-13 19:36:03,042 [INFO] 
--- Task 0, Round 38/40 (Global 38) ---
2026-05-13 19:36:03,046 [INFO] Edge 0: WTO is OFF, using all 20 clients.
2026-05-13 19:36:34,679 [INFO] Edge 1: WTO is OFF, using all 20 clients.
2026-05-13 19:37:05,780 [INFO] Edge 2: WTO is OFF, using all 20 clients.
2026-05-13 19:39:08,491 [INFO]   [Eval] Task 0, R 38: Acc: 95.89% | Prec-Mac: 93.52% | Rec-Mac: 95.66% | Mi-F1: 95.89% | Ma-F1: 94.35% | We-F1: 96.02% | Loss: 0.1107
2026-05-13 19:39:08,494 [INFO]   [CKPT] Saved: ckpt_icarl_task00_r038_global038_acc95.9.pth
2026-05-13 19:39:08,495 [INFO] 
--- Task 0, Round 39/40 (Global 39) ---
2026-05-13 19:39:08,501 [INFO] Edge 0: WTO is OFF, using all 20 clients.
2026-05-13 19:39:39,569 [INFO] Edge 1: WTO is OFF, using all 20 clients.
2026-05-13 19:40:10,352 [INFO] Edge 2: WTO is OFF, using all 20 clients.
2026-05-13 19:42:14,707 [INFO]   [Eval] Task 0, R 39: Acc: 95.87% | Prec-Mac: 93.49% | Rec-Mac: 95.63% | Mi-F1: 95.87% | Ma-F1: 94.33% | We-F1: 96.00% | Loss: 0.1142
2026-05-13 19:42:14,710 [INFO]   [CKPT] Saved: ckpt_icarl_task00_r039_global039_acc95.9.pth
2026-05-13 19:42:14,710 [INFO] 
--- Task 0, Round 40/40 (Global 40) ---
2026-05-13 19:42:14,714 [INFO] Edge 0: WTO is OFF, using all 20 clients.
2026-05-13 19:47:16,195 [INFO] Edge 0: Memory updated at end of task. Total stored: 15000 samples across 5 classes.
2026-05-13 19:47:16,252 [INFO] Edge 1: WTO is OFF, using all 20 clients.
2026-05-13 19:52:16,852 [INFO] Edge 1: Memory updated at end of task. Total stored: 15000 samples across 5 classes.
2026-05-13 19:52:16,923 [INFO] Edge 2: WTO is OFF, using all 20 clients.
2026-05-13 19:57:18,955 [INFO] Edge 2: Memory updated at end of task. Total stored: 15000 samples across 5 classes.
2026-05-13 19:58:51,415 [INFO]   [Eval] Task 0, R 40: Acc: 95.87% | Prec-Mac: 93.49% | Rec-Mac: 95.65% | Mi-F1: 95.87% | Ma-F1: 94.33% | We-F1: 96.01% | Loss: 0.1116
2026-05-13 19:58:51,912 [INFO]   [CKPT] Saved: ckpt_icarl_task00_r040_global040_acc95.9.pth
2026-05-13 19:58:51,913 [INFO] 
Loading data for Task 1 (Classes: [5, 6, 7, 8])...
2026-05-13 19:59:01,261 [INFO] Expanded global model to 9 classes for Task 1
2026-05-13 19:59:01,274 [INFO] 
============================================================
2026-05-13 19:59:01,274 [INFO] Task 1/4 | Classes: [5, 6, 7, 8] | 80 rounds | LR: 0.02
2026-05-13 19:59:01,274 [INFO] ============================================================
2026-05-13 19:59:01,274 [INFO] 
--- Task 1, Round 1/80 (Global 41) ---
2026-05-13 19:59:01,278 [INFO] Edge 0: WTO is OFF, using all 20 clients.
2026-05-13 19:59:01,351 [INFO] Edge 0: Balanced replay 15000->75000 (5x) for 314352 new samples.
2026-05-13 19:59:07,607 [INFO] Edge 1: WTO is OFF, using all 20 clients.
2026-05-13 19:59:07,667 [INFO] Edge 1: Balanced replay 15000->75000 (5x) for 314351 new samples.
2026-05-13 19:59:13,366 [INFO] Edge 2: WTO is OFF, using all 20 clients.
2026-05-13 19:59:13,437 [INFO] Edge 2: Balanced replay 15000->75000 (5x) for 314351 new samples.
2026-05-13 20:01:06,644 [INFO]   [Eval] Task 1, R 1: Acc: 63.81% | Prec-Mac: 57.75% | Rec-Mac: 68.80% | Mi-F1: 63.81% | Ma-F1: 55.16% | We-F1: 67.84% | Loss: 1.5604
2026-05-13 20:01:07,166 [INFO]   [CKPT] Saved: ckpt_icarl_task01_r001_global041_acc63.8.pth
2026-05-13 20:01:07,167 [INFO] 
--- Task 1, Round 2/80 (Global 42) ---
2026-05-13 20:01:07,171 [INFO] Edge 0: WTO is OFF, using all 20 clients.
2026-05-13 20:01:07,230 [INFO] Edge 0: Balanced replay 15000->75000 (5x) for 314352 new samples.
2026-05-13 20:01:13,186 [INFO] Edge 1: WTO is OFF, using all 20 clients.
2026-05-13 20:01:13,242 [INFO] Edge 1: Balanced replay 15000->75000 (5x) for 314351 new samples.
2026-05-13 20:01:18,995 [INFO] Edge 2: WTO is OFF, using all 20 clients.
2026-05-13 20:01:19,050 [INFO] Edge 2: Balanced replay 15000->75000 (5x) for 314351 new samples.
2026-05-13 20:03:12,256 [INFO]   [Eval] Task 1, R 2: Acc: 65.70% | Prec-Mac: 57.27% | Rec-Mac: 71.92% | Mi-F1: 65.70% | Ma-F1: 56.89% | We-F1: 69.09% | Loss: 1.9627
2026-05-13 20:03:12,775 [INFO]   [CKPT] Saved: ckpt_icarl_task01_r002_global042_acc65.7.pth
2026-05-13 20:03:12,776 [INFO] 
--- Task 1, Round 3/80 (Global 43) ---
2026-05-13 20:03:12,780 [INFO] Edge 0: WTO is OFF, using all 20 clients.
2026-05-13 20:03:12,835 [INFO] Edge 0: Balanced replay 15000->75000 (5x) for 314352 new samples.
2026-05-13 20:03:18,606 [INFO] Edge 1: WTO is OFF, using all 20 clients.
2026-05-13 20:03:18,667 [INFO] Edge 1: Balanced replay 15000->75000 (5x) for 314351 new samples.
2026-05-13 20:03:24,426 [INFO] Edge 2: WTO is OFF, using all 20 clients.
2026-05-13 20:03:24,490 [INFO] Edge 2: Balanced replay 15000->75000 (5x) for 314351 new samples.
2026-05-13 20:05:17,511 [INFO]   [Eval] Task 1, R 3: Acc: 66.55% | Prec-Mac: 59.93% | Rec-Mac: 74.42% | Mi-F1: 66.55% | Ma-F1: 59.93% | We-F1: 69.50% | Loss: 2.6457
2026-05-13 20:05:18,026 [INFO]   [CKPT] Saved: ckpt_icarl_task01_r003_global043_acc66.6.pth
2026-05-13 20:05:18,026 [INFO] 
--- Task 1, Round 4/80 (Global 44) ---
2026-05-13 20:05:18,031 [INFO] Edge 0: WTO is OFF, using all 20 clients.
2026-05-13 20:05:18,096 [INFO] Edge 0: Balanced replay 15000->75000 (5x) for 314352 new samples.
2026-05-13 20:05:23,861 [INFO] Edge 1: WTO is OFF, using all 20 clients.
2026-05-13 20:05:23,918 [INFO] Edge 1: Balanced replay 15000->75000 (5x) for 314351 new samples.
2026-05-13 20:05:29,667 [INFO] Edge 2: WTO is OFF, using all 20 clients.
2026-05-13 20:05:29,724 [INFO] Edge 2: Balanced replay 15000->75000 (5x) for 314351 new samples.
2026-05-13 20:07:22,791 [INFO]   [Eval] Task 1, R 4: Acc: 67.91% | Prec-Mac: 61.38% | Rec-Mac: 76.25% | Mi-F1: 67.91% | Ma-F1: 62.04% | We-F1: 70.54% | Loss: 2.4575
2026-05-13 20:07:23,331 [INFO]   [CKPT] Saved: ckpt_icarl_task01_r004_global044_acc67.9.pth
2026-05-13 20:07:23,331 [INFO] 
--- Task 1, Round 5/80 (Global 45) ---
2026-05-13 20:07:23,336 [INFO] Edge 0: WTO is OFF, using all 20 clients.
2026-05-13 20:07:23,393 [INFO] Edge 0: Balanced replay 15000->75000 (5x) for 314352 new samples.
2026-05-13 20:07:28,999 [INFO] Edge 1: WTO is OFF, using all 20 clients.
2026-05-13 20:07:29,056 [INFO] Edge 1: Balanced replay 15000->75000 (5x) for 314351 new samples.
2026-05-13 20:07:34,810 [INFO] Edge 2: WTO is OFF, using all 20 clients.
2026-05-13 20:07:34,872 [INFO] Edge 2: Balanced replay 15000->75000 (5x) for 314351 new samples.
2026-05-13 20:09:28,178 [INFO]   [Eval] Task 1, R 5: Acc: 68.52% | Prec-Mac: 62.20% | Rec-Mac: 76.36% | Mi-F1: 68.52% | Ma-F1: 63.12% | We-F1: 71.06% | Loss: 2.4804
2026-05-13 20:09:28,683 [INFO]   [CKPT] Saved: ckpt_icarl_task01_r005_global045_acc68.5.pth
2026-05-13 20:09:28,683 [INFO] 
--- Task 1, Round 6/80 (Global 46) ---
2026-05-13 20:09:28,688 [INFO] Edge 0: WTO is OFF, using all 20 clients.
2026-05-13 20:09:28,743 [INFO] Edge 0: Balanced replay 15000->75000 (5x) for 314352 new samples.
2026-05-13 20:09:34,516 [INFO] Edge 1: WTO is OFF, using all 20 clients.
2026-05-13 20:09:34,570 [INFO] Edge 1: Balanced replay 15000->75000 (5x) for 314351 new samples.
2026-05-13 20:09:40,284 [INFO] Edge 2: WTO is OFF, using all 20 clients.
2026-05-13 20:09:40,341 [INFO] Edge 2: Balanced replay 15000->75000 (5x) for 314351 new samples.
2026-05-13 20:11:33,336 [INFO]   [Eval] Task 1, R 6: Acc: 68.33% | Prec-Mac: 62.49% | Rec-Mac: 76.91% | Mi-F1: 68.33% | Ma-F1: 62.86% | We-F1: 71.09% | Loss: 2.5488
2026-05-13 20:11:33,870 [INFO]   [CKPT] Saved: ckpt_icarl_task01_r006_global046_acc68.3.pth
2026-05-13 20:11:33,871 [INFO] 
--- Task 1, Round 7/80 (Global 47) ---
2026-05-13 20:11:33,875 [INFO] Edge 0: WTO is OFF, using all 20 clients.
2026-05-13 20:11:33,937 [INFO] Edge 0: Balanced replay 15000->75000 (5x) for 314352 new samples.
2026-05-13 20:11:39,718 [INFO] Edge 1: WTO is OFF, using all 20 clients.
2026-05-13 20:11:39,772 [INFO] Edge 1: Balanced replay 15000->75000 (5x) for 314351 new samples.
2026-05-13 20:11:45,439 [INFO] Edge 2: WTO is OFF, using all 20 clients.
2026-05-13 20:11:45,492 [INFO] Edge 2: Balanced replay 15000->75000 (5x) for 314351 new samples.
2026-05-13 20:13:38,304 [INFO]   [Eval] Task 1, R 7: Acc: 67.60% | Prec-Mac: 62.53% | Rec-Mac: 76.43% | Mi-F1: 67.60% | Ma-F1: 62.49% | We-F1: 70.73% | Loss: 2.5475
2026-05-13 20:13:38,821 [INFO]   [CKPT] Saved: ckpt_icarl_task01_r007_global047_acc67.6.pth
2026-05-13 20:13:38,822 [INFO] 
--- Task 1, Round 8/80 (Global 48) ---
2026-05-13 20:13:38,827 [INFO] Edge 0: WTO is OFF, using all 20 clients.
2026-05-13 20:13:38,884 [INFO] Edge 0: Balanced replay 15000->75000 (5x) for 314352 new samples.
2026-05-13 20:13:44,644 [INFO] Edge 1: WTO is OFF, using all 20 clients.
2026-05-13 20:13:44,699 [INFO] Edge 1: Balanced replay 15000->75000 (5x) for 314351 new samples.
2026-05-13 20:13:50,445 [INFO] Edge 2: WTO is OFF, using all 20 clients.
2026-05-13 20:13:50,502 [INFO] Edge 2: Balanced replay 15000->75000 (5x) for 314351 new samples.
2026-05-13 20:15:43,810 [INFO]   [Eval] Task 1, R 8: Acc: 67.84% | Prec-Mac: 62.57% | Rec-Mac: 76.56% | Mi-F1: 67.84% | Ma-F1: 62.65% | We-F1: 70.92% | Loss: 2.5255
2026-05-13 20:15:44,310 [INFO]   [CKPT] Saved: ckpt_icarl_task01_r008_global048_acc67.8.pth
2026-05-13 20:15:44,310 [INFO] 
--- Task 1, Round 9/80 (Global 49) ---
2026-05-13 20:15:44,315 [INFO] Edge 0: WTO is OFF, using all 20 clients.
2026-05-13 20:15:44,369 [INFO] Edge 0: Balanced replay 15000->75000 (5x) for 314352 new samples.
2026-05-13 20:15:50,177 [INFO] Edge 1: WTO is OFF, using all 20 clients.
2026-05-13 20:15:50,238 [INFO] Edge 1: Balanced replay 15000->75000 (5x) for 314351 new samples.
2026-05-13 20:15:55,943 [INFO] Edge 2: WTO is OFF, using all 20 clients.
2026-05-13 20:15:56,003 [INFO] Edge 2: Balanced replay 15000->75000 (5x) for 314351 new samples.
2026-05-13 20:17:49,524 [INFO]   [Eval] Task 1, R 9: Acc: 67.60% | Prec-Mac: 62.45% | Rec-Mac: 75.78% | Mi-F1: 67.60% | Ma-F1: 62.05% | We-F1: 71.10% | Loss: 2.4555
2026-05-13 20:17:50,031 [INFO]   [CKPT] Saved: ckpt_icarl_task01_r009_global049_acc67.6.pth
2026-05-13 20:17:50,031 [INFO] 
--- Task 1, Round 10/80 (Global 50) ---
2026-05-13 20:17:50,036 [INFO] Edge 0: WTO is OFF, using all 20 clients.
2026-05-13 20:17:50,095 [INFO] Edge 0: Balanced replay 15000->75000 (5x) for 314352 new samples.
2026-05-13 20:17:55,704 [INFO] Edge 1: WTO is OFF, using all 20 clients.
2026-05-13 20:17:55,757 [INFO] Edge 1: Balanced replay 15000->75000 (5x) for 314351 new samples.
2026-05-13 20:18:01,521 [INFO] Edge 2: WTO is OFF, using all 20 clients.
2026-05-13 20:18:01,577 [INFO] Edge 2: Balanced replay 15000->75000 (5x) for 314351 new samples.
2026-05-13 20:19:54,467 [INFO]   [Eval] Task 1, R 10: Acc: 67.42% | Prec-Mac: 62.49% | Rec-Mac: 75.99% | Mi-F1: 67.42% | Ma-F1: 61.98% | We-F1: 70.90% | Loss: 2.4588
2026-05-13 20:19:54,969 [INFO]   [CKPT] Saved: ckpt_icarl_task01_r010_global050_acc67.4.pth
2026-05-13 20:19:54,970 [INFO] 
--- Task 1, Round 11/80 (Global 51) ---
2026-05-13 20:19:54,974 [INFO] Edge 0: WTO is OFF, using all 20 clients.
2026-05-13 20:19:55,028 [INFO] Edge 0: Balanced replay 15000->75000 (5x) for 314352 new samples.
2026-05-13 20:20:00,858 [INFO] Edge 1: WTO is OFF, using all 20 clients.
2026-05-13 20:20:00,912 [INFO] Edge 1: Balanced replay 15000->75000 (5x) for 314351 new samples.
2026-05-13 20:20:06,579 [INFO] Edge 2: WTO is OFF, using all 20 clients.
2026-05-13 20:20:06,633 [INFO] Edge 2: Balanced replay 15000->75000 (5x) for 314351 new samples.
2026-05-13 20:21:59,803 [INFO]   [Eval] Task 1, R 11: Acc: 67.84% | Prec-Mac: 62.99% | Rec-Mac: 76.17% | Mi-F1: 67.84% | Ma-F1: 62.46% | We-F1: 71.37% | Loss: 2.4688
2026-05-13 20:22:00,325 [INFO]   [CKPT] Saved: ckpt_icarl_task01_r011_global051_acc67.8.pth
2026-05-13 20:22:00,325 [INFO] 
--- Task 1, Round 12/80 (Global 52) ---
2026-05-13 20:22:00,330 [INFO] Edge 0: WTO is OFF, using all 20 clients.
2026-05-13 20:22:00,386 [INFO] Edge 0: Balanced replay 15000->75000 (5x) for 314352 new samples.
2026-05-13 20:22:06,229 [INFO] Edge 1: WTO is OFF, using all 20 clients.
2026-05-13 20:22:06,282 [INFO] Edge 1: Balanced replay 15000->75000 (5x) for 314351 new samples.
2026-05-13 20:22:11,951 [INFO] Edge 2: WTO is OFF, using all 20 clients.
2026-05-13 20:22:12,006 [INFO] Edge 2: Balanced replay 15000->75000 (5x) for 314351 new samples.
2026-05-13 20:24:04,819 [INFO]   [Eval] Task 1, R 12: Acc: 67.48% | Prec-Mac: 62.35% | Rec-Mac: 76.01% | Mi-F1: 67.48% | Ma-F1: 61.85% | We-F1: 70.97% | Loss: 2.3942
2026-05-13 20:24:05,344 [INFO]   [CKPT] Saved: ckpt_icarl_task01_r012_global052_acc67.5.pth
2026-05-13 20:24:05,344 [INFO] 
--- Task 1, Round 13/80 (Global 53) ---
2026-05-13 20:24:05,349 [INFO] Edge 0: WTO is OFF, using all 20 clients.
2026-05-13 20:24:05,402 [INFO] Edge 0: Balanced replay 15000->75000 (5x) for 314352 new samples.
2026-05-13 20:24:11,166 [INFO] Edge 1: WTO is OFF, using all 20 clients.
2026-05-13 20:24:11,221 [INFO] Edge 1: Balanced replay 15000->75000 (5x) for 314351 new samples.
2026-05-13 20:24:16,925 [INFO] Edge 2: WTO is OFF, using all 20 clients.
2026-05-13 20:24:16,979 [INFO] Edge 2: Balanced replay 15000->75000 (5x) for 314351 new samples.
2026-05-13 20:26:10,282 [INFO]   [Eval] Task 1, R 13: Acc: 67.31% | Prec-Mac: 62.24% | Rec-Mac: 75.86% | Mi-F1: 67.31% | Ma-F1: 61.82% | We-F1: 70.78% | Loss: 2.3999
2026-05-13 20:26:10,800 [INFO]   [CKPT] Saved: ckpt_icarl_task01_r013_global053_acc67.3.pth
2026-05-13 20:26:10,800 [INFO] 
--- Task 1, Round 14/80 (Global 54) ---
2026-05-13 20:26:10,805 [INFO] Edge 0: WTO is OFF, using all 20 clients.
2026-05-13 20:26:10,859 [INFO] Edge 0: Balanced replay 15000->75000 (5x) for 314352 new samples.
2026-05-13 20:26:16,616 [INFO] Edge 1: WTO is OFF, using all 20 clients.
2026-05-13 20:26:16,671 [INFO] Edge 1: Balanced replay 15000->75000 (5x) for 314351 new samples.
2026-05-13 20:26:22,369 [INFO] Edge 2: WTO is OFF, using all 20 clients.
2026-05-13 20:26:22,421 [INFO] Edge 2: Balanced replay 15000->75000 (5x) for 314351 new samples.
2026-05-13 20:28:16,318 [INFO]   [Eval] Task 1, R 14: Acc: 67.55% | Prec-Mac: 62.30% | Rec-Mac: 75.92% | Mi-F1: 67.55% | Ma-F1: 61.92% | We-F1: 71.02% | Loss: 2.3498
2026-05-13 20:28:16,832 [INFO]   [CKPT] Saved: ckpt_icarl_task01_r014_global054_acc67.5.pth
2026-05-13 20:28:16,832 [INFO] 
--- Task 1, Round 15/80 (Global 55) ---
2026-05-13 20:28:16,837 [INFO] Edge 0: WTO is OFF, using all 20 clients.
2026-05-13 20:28:16,893 [INFO] Edge 0: Balanced replay 15000->75000 (5x) for 314352 new samples.
2026-05-13 20:28:22,607 [INFO] Edge 1: WTO is OFF, using all 20 clients.
2026-05-13 20:28:22,661 [INFO] Edge 1: Balanced replay 15000->75000 (5x) for 314351 new samples.
2026-05-13 20:28:28,489 [INFO] Edge 2: WTO is OFF, using all 20 clients.
2026-05-13 20:28:28,557 [INFO] Edge 2: Balanced replay 15000->75000 (5x) for 314351 new samples.
2026-05-13 20:30:22,908 [INFO]   [Eval] Task 1, R 15: Acc: 68.02% | Prec-Mac: 62.23% | Rec-Mac: 76.23% | Mi-F1: 68.02% | Ma-F1: 62.22% | We-F1: 71.42% | Loss: 2.3435
2026-05-13 20:30:23,423 [INFO]   [CKPT] Saved: ckpt_icarl_task01_r015_global055_acc68.0.pth
2026-05-13 20:30:23,423 [INFO] 
--- Task 1, Round 16/80 (Global 56) ---
2026-05-13 20:30:23,428 [INFO] Edge 0: WTO is OFF, using all 20 clients.
2026-05-13 20:30:23,482 [INFO] Edge 0: Balanced replay 15000->75000 (5x) for 314352 new samples.
2026-05-13 20:30:29,311 [INFO] Edge 1: WTO is OFF, using all 20 clients.
2026-05-13 20:30:29,364 [INFO] Edge 1: Balanced replay 15000->75000 (5x) for 314351 new samples.
2026-05-13 20:30:35,093 [INFO] Edge 2: WTO is OFF, using all 20 clients.
2026-05-13 20:30:35,158 [INFO] Edge 2: Balanced replay 15000->75000 (5x) for 314351 new samples.
2026-05-13 20:32:28,390 [INFO]   [Eval] Task 1, R 16: Acc: 67.77% | Prec-Mac: 62.24% | Rec-Mac: 76.29% | Mi-F1: 67.77% | Ma-F1: 62.20% | We-F1: 71.23% | Loss: 2.4219
2026-05-13 20:32:28,892 [INFO]   [CKPT] Saved: ckpt_icarl_task01_r016_global056_acc67.8.pth
2026-05-13 20:32:28,892 [INFO] 
--- Task 1, Round 17/80 (Global 57) ---
2026-05-13 20:32:28,897 [INFO] Edge 0: WTO is OFF, using all 20 clients.
2026-05-13 20:32:28,951 [INFO] Edge 0: Balanced replay 15000->75000 (5x) for 314352 new samples.
2026-05-13 20:32:34,744 [INFO] Edge 1: WTO is OFF, using all 20 clients.
2026-05-13 20:32:34,799 [INFO] Edge 1: Balanced replay 15000->75000 (5x) for 314351 new samples.
2026-05-13 20:32:40,472 [INFO] Edge 2: WTO is OFF, using all 20 clients.
2026-05-13 20:32:40,526 [INFO] Edge 2: Balanced replay 15000->75000 (5x) for 314351 new samples.
2026-05-13 20:34:33,556 [INFO]   [Eval] Task 1, R 17: Acc: 68.08% | Prec-Mac: 62.42% | Rec-Mac: 76.31% | Mi-F1: 68.08% | Ma-F1: 62.49% | We-F1: 71.42% | Loss: 2.3534
2026-05-13 20:34:34,061 [INFO]   [CKPT] Saved: ckpt_icarl_task01_r017_global057_acc68.1.pth
2026-05-13 20:34:34,061 [INFO] 
--- Task 1, Round 18/80 (Global 58) ---
2026-05-13 20:34:34,066 [INFO] Edge 0: WTO is OFF, using all 20 clients.
2026-05-13 20:34:34,121 [INFO] Edge 0: Balanced replay 15000->75000 (5x) for 314352 new samples.
2026-05-13 20:34:39,824 [INFO] Edge 1: WTO is OFF, using all 20 clients.
2026-05-13 20:34:39,892 [INFO] Edge 1: Balanced replay 15000->75000 (5x) for 314351 new samples.
2026-05-13 20:34:45,551 [INFO] Edge 2: WTO is OFF, using all 20 clients.
2026-05-13 20:34:45,605 [INFO] Edge 2: Balanced replay 15000->75000 (5x) for 314351 new samples.
2026-05-13 20:36:38,571 [INFO]   [Eval] Task 1, R 18: Acc: 70.08% | Prec-Mac: 61.91% | Rec-Mac: 77.45% | Mi-F1: 70.08% | Ma-F1: 63.09% | We-F1: 73.19% | Loss: 2.3205
2026-05-13 20:36:39,072 [INFO]   [CKPT] Saved: ckpt_icarl_task01_r018_global058_acc70.1.pth
2026-05-13 20:36:39,072 [INFO] 
--- Task 1, Round 19/80 (Global 59) ---
2026-05-13 20:36:39,077 [INFO] Edge 0: WTO is OFF, using all 20 clients.
2026-05-13 20:36:39,131 [INFO] Edge 0: Balanced replay 15000->75000 (5x) for 314352 new samples.
2026-05-13 20:36:44,890 [INFO] Edge 1: WTO is OFF, using all 20 clients.
2026-05-13 20:36:44,943 [INFO] Edge 1: Balanced replay 15000->75000 (5x) for 314351 new samples.
2026-05-13 20:36:50,646 [INFO] Edge 2: WTO is OFF, using all 20 clients.
2026-05-13 20:36:50,701 [INFO] Edge 2: Balanced replay 15000->75000 (5x) for 314351 new samples.
2026-05-13 20:38:43,821 [INFO]   [Eval] Task 1, R 19: Acc: 68.54% | Prec-Mac: 62.30% | Rec-Mac: 76.67% | Mi-F1: 68.54% | Ma-F1: 62.60% | We-F1: 71.87% | Loss: 2.3700
2026-05-13 20:38:44,334 [INFO]   [CKPT] Saved: ckpt_icarl_task01_r019_global059_acc68.5.pth
2026-05-13 20:38:44,334 [INFO] 
--- Task 1, Round 20/80 (Global 60) ---
2026-05-13 20:38:44,339 [INFO] Edge 0: WTO is OFF, using all 20 clients.
2026-05-13 20:38:44,394 [INFO] Edge 0: Balanced replay 15000->75000 (5x) for 314352 new samples.
2026-05-13 20:38:50,101 [INFO] Edge 1: WTO is OFF, using all 20 clients.
2026-05-13 20:38:50,154 [INFO] Edge 1: Balanced replay 15000->75000 (5x) for 314351 new samples.
2026-05-13 20:38:55,807 [INFO] Edge 2: WTO is OFF, using all 20 clients.
2026-05-13 20:38:55,861 [INFO] Edge 2: Balanced replay 15000->75000 (5x) for 314351 new samples.
2026-05-13 20:40:48,760 [INFO]   [Eval] Task 1, R 20: Acc: 69.08% | Prec-Mac: 61.52% | Rec-Mac: 76.94% | Mi-F1: 69.08% | Ma-F1: 62.18% | We-F1: 72.39% | Loss: 2.3619
2026-05-13 20:40:49,269 [INFO]   [CKPT] Saved: ckpt_icarl_task01_r020_global060_acc69.1.pth
2026-05-13 20:40:49,269 [INFO] 
--- Task 1, Round 21/80 (Global 61) ---
2026-05-13 20:40:49,274 [INFO] Edge 0: WTO is OFF, using all 20 clients.
2026-05-13 20:40:49,328 [INFO] Edge 0: Balanced replay 15000->75000 (5x) for 314352 new samples.
2026-05-13 20:40:55,057 [INFO] Edge 1: WTO is OFF, using all 20 clients.
2026-05-13 20:40:55,113 [INFO] Edge 1: Balanced replay 15000->75000 (5x) for 314351 new samples.
2026-05-13 20:41:00,815 [INFO] Edge 2: WTO is OFF, using all 20 clients.
2026-05-13 20:41:00,869 [INFO] Edge 2: Balanced replay 15000->75000 (5x) for 314351 new samples.
2026-05-13 20:42:53,570 [INFO]   [Eval] Task 1, R 21: Acc: 69.54% | Prec-Mac: 63.18% | Rec-Mac: 77.85% | Mi-F1: 69.54% | Ma-F1: 63.85% | We-F1: 72.73% | Loss: 2.2029
2026-05-13 20:42:54,078 [INFO]   [CKPT] Saved: ckpt_icarl_task01_r021_global061_acc69.5.pth
2026-05-13 20:42:54,078 [INFO] 
--- Task 1, Round 22/80 (Global 62) ---
2026-05-13 20:42:54,084 [INFO] Edge 0: WTO is OFF, using all 20 clients.
2026-05-13 20:42:54,140 [INFO] Edge 0: Balanced replay 15000->75000 (5x) for 314352 new samples.
2026-05-13 20:42:59,878 [INFO] Edge 1: WTO is OFF, using all 20 clients.
2026-05-13 20:42:59,931 [INFO] Edge 1: Balanced replay 15000->75000 (5x) for 314351 new samples.
2026-05-13 20:43:05,572 [INFO] Edge 2: WTO is OFF, using all 20 clients.
2026-05-13 20:43:05,626 [INFO] Edge 2: Balanced replay 15000->75000 (5x) for 314351 new samples.
2026-05-13 20:44:58,722 [INFO]   [Eval] Task 1, R 22: Acc: 68.27% | Prec-Mac: 61.98% | Rec-Mac: 76.32% | Mi-F1: 68.27% | Ma-F1: 61.98% | We-F1: 71.82% | Loss: 2.3407
2026-05-13 20:44:59,241 [INFO]   [CKPT] Saved: ckpt_icarl_task01_r022_global062_acc68.3.pth
2026-05-13 20:44:59,241 [INFO] 
--- Task 1, Round 23/80 (Global 63) ---
2026-05-13 20:44:59,245 [INFO] Edge 0: WTO is OFF, using all 20 clients.
2026-05-13 20:44:59,301 [INFO] Edge 0: Balanced replay 15000->75000 (5x) for 314352 new samples.
2026-05-13 20:45:05,166 [INFO] Edge 1: WTO is OFF, using all 20 clients.
2026-05-13 20:45:05,221 [INFO] Edge 1: Balanced replay 15000->75000 (5x) for 314351 new samples.
2026-05-13 20:45:10,925 [INFO] Edge 2: WTO is OFF, using all 20 clients.
2026-05-13 20:45:10,978 [INFO] Edge 2: Balanced replay 15000->75000 (5x) for 314351 new samples.
2026-05-13 20:47:04,207 [INFO]   [Eval] Task 1, R 23: Acc: 68.63% | Prec-Mac: 61.93% | Rec-Mac: 76.69% | Mi-F1: 68.63% | Ma-F1: 62.25% | We-F1: 72.05% | Loss: 2.3441
2026-05-13 20:47:04,709 [INFO]   [CKPT] Saved: ckpt_icarl_task01_r023_global063_acc68.6.pth
2026-05-13 20:47:04,709 [INFO] 
--- Task 1, Round 24/80 (Global 64) ---
2026-05-13 20:47:04,713 [INFO] Edge 0: WTO is OFF, using all 20 clients.
2026-05-13 20:47:04,766 [INFO] Edge 0: Balanced replay 15000->75000 (5x) for 314352 new samples.
2026-05-13 20:47:10,547 [INFO] Edge 1: WTO is OFF, using all 20 clients.
2026-05-13 20:47:10,600 [INFO] Edge 1: Balanced replay 15000->75000 (5x) for 314351 new samples.
2026-05-13 20:47:16,289 [INFO] Edge 2: WTO is OFF, using all 20 clients.
2026-05-13 20:47:16,342 [INFO] Edge 2: Balanced replay 15000->75000 (5x) for 314351 new samples.
2026-05-13 20:49:09,656 [INFO]   [Eval] Task 1, R 24: Acc: 68.19% | Prec-Mac: 61.58% | Rec-Mac: 76.53% | Mi-F1: 68.19% | Ma-F1: 61.73% | We-F1: 71.65% | Loss: 2.3938
2026-05-13 20:49:10,178 [INFO]   [CKPT] Saved: ckpt_icarl_task01_r024_global064_acc68.2.pth
2026-05-13 20:49:10,179 [INFO] 
--- Task 1, Round 25/80 (Global 65) ---
2026-05-13 20:49:10,183 [INFO] Edge 0: WTO is OFF, using all 20 clients.
2026-05-13 20:49:10,236 [INFO] Edge 0: Balanced replay 15000->75000 (5x) for 314352 new samples.
2026-05-13 20:49:15,810 [INFO] Edge 1: WTO is OFF, using all 20 clients.
2026-05-13 20:49:15,862 [INFO] Edge 1: Balanced replay 15000->75000 (5x) for 314351 new samples.
2026-05-13 20:49:21,538 [INFO] Edge 2: WTO is OFF, using all 20 clients.
2026-05-13 20:49:21,592 [INFO] Edge 2: Balanced replay 15000->75000 (5x) for 314351 new samples.
2026-05-13 20:51:14,421 [INFO]   [Eval] Task 1, R 25: Acc: 68.70% | Prec-Mac: 61.81% | Rec-Mac: 76.79% | Mi-F1: 68.70% | Ma-F1: 62.16% | We-F1: 72.14% | Loss: 2.3925
2026-05-13 20:51:14,924 [INFO]   [CKPT] Saved: ckpt_icarl_task01_r025_global065_acc68.7.pth
2026-05-13 20:51:14,924 [INFO] 
--- Task 1, Round 26/80 (Global 66) ---
2026-05-13 20:51:14,929 [INFO] Edge 0: WTO is OFF, using all 20 clients.
2026-05-13 20:51:14,983 [INFO] Edge 0: Balanced replay 15000->75000 (5x) for 314352 new samples.
2026-05-13 20:51:20,764 [INFO] Edge 1: WTO is OFF, using all 20 clients.
2026-05-13 20:51:20,818 [INFO] Edge 1: Balanced replay 15000->75000 (5x) for 314351 new samples.
2026-05-13 20:51:26,542 [INFO] Edge 2: WTO is OFF, using all 20 clients.
2026-05-13 20:51:26,599 [INFO] Edge 2: Balanced replay 15000->75000 (5x) for 314351 new samples.
2026-05-13 20:53:19,106 [INFO]   [Eval] Task 1, R 26: Acc: 68.67% | Prec-Mac: 60.65% | Rec-Mac: 76.78% | Mi-F1: 68.67% | Ma-F1: 61.04% | We-F1: 72.09% | Loss: 2.3754
2026-05-13 20:53:19,614 [INFO]   [CKPT] Saved: ckpt_icarl_task01_r026_global066_acc68.7.pth
2026-05-13 20:53:19,615 [INFO] 
--- Task 1, Round 27/80 (Global 67) ---
2026-05-13 20:53:19,620 [INFO] Edge 0: WTO is OFF, using all 20 clients.
2026-05-13 20:53:19,675 [INFO] Edge 0: Balanced replay 15000->75000 (5x) for 314352 new samples.
2026-05-13 20:53:25,437 [INFO] Edge 1: WTO is OFF, using all 20 clients.
2026-05-13 20:53:25,491 [INFO] Edge 1: Balanced replay 15000->75000 (5x) for 314351 new samples.
2026-05-13 20:53:31,161 [INFO] Edge 2: WTO is OFF, using all 20 clients.
2026-05-13 20:53:31,221 [INFO] Edge 2: Balanced replay 15000->75000 (5x) for 314351 new samples.
2026-05-13 20:55:23,538 [INFO]   [Eval] Task 1, R 27: Acc: 68.47% | Prec-Mac: 60.33% | Rec-Mac: 76.70% | Mi-F1: 68.47% | Ma-F1: 60.52% | We-F1: 71.98% | Loss: 2.3944
2026-05-13 20:55:24,043 [INFO]   [CKPT] Saved: ckpt_icarl_task01_r027_global067_acc68.5.pth
2026-05-13 20:55:24,043 [INFO] 
--- Task 1, Round 28/80 (Global 68) ---
2026-05-13 20:55:24,048 [INFO] Edge 0: WTO is OFF, using all 20 clients.
2026-05-13 20:55:24,102 [INFO] Edge 0: Balanced replay 15000->75000 (5x) for 314352 new samples.
2026-05-13 20:55:29,870 [INFO] Edge 1: WTO is OFF, using all 20 clients.
2026-05-13 20:55:29,923 [INFO] Edge 1: Balanced replay 15000->75000 (5x) for 314351 new samples.
2026-05-13 20:55:35,633 [INFO] Edge 2: WTO is OFF, using all 20 clients.
2026-05-13 20:55:35,686 [INFO] Edge 2: Balanced replay 15000->75000 (5x) for 314351 new samples.
2026-05-13 20:57:28,510 [INFO]   [Eval] Task 1, R 28: Acc: 68.23% | Prec-Mac: 60.20% | Rec-Mac: 76.60% | Mi-F1: 68.23% | Ma-F1: 60.33% | We-F1: 71.65% | Loss: 2.4118
2026-05-13 20:57:29,025 [INFO]   [CKPT] Saved: ckpt_icarl_task01_r028_global068_acc68.2.pth
2026-05-13 20:57:29,025 [INFO] 
--- Task 1, Round 29/80 (Global 69) ---
2026-05-13 20:57:29,030 [INFO] Edge 0: WTO is OFF, using all 20 clients.
2026-05-13 20:57:29,085 [INFO] Edge 0: Balanced replay 15000->75000 (5x) for 314352 new samples.
2026-05-13 20:57:34,889 [INFO] Edge 1: WTO is OFF, using all 20 clients.
2026-05-13 20:57:34,943 [INFO] Edge 1: Balanced replay 15000->75000 (5x) for 314351 new samples.
2026-05-13 20:57:40,575 [INFO] Edge 2: WTO is OFF, using all 20 clients.
2026-05-13 20:57:40,630 [INFO] Edge 2: Balanced replay 15000->75000 (5x) for 314351 new samples.
2026-05-13 20:59:33,530 [INFO]   [Eval] Task 1, R 29: Acc: 68.77% | Prec-Mac: 60.54% | Rec-Mac: 77.03% | Mi-F1: 68.77% | Ma-F1: 60.91% | We-F1: 72.19% | Loss: 2.3789
2026-05-13 20:59:34,039 [INFO]   [CKPT] Saved: ckpt_icarl_task01_r029_global069_acc68.8.pth
2026-05-13 20:59:34,039 [INFO] 
--- Task 1, Round 30/80 (Global 70) ---
2026-05-13 20:59:34,044 [INFO] Edge 0: WTO is OFF, using all 20 clients.
2026-05-13 20:59:34,102 [INFO] Edge 0: Balanced replay 15000->75000 (5x) for 314352 new samples.
2026-05-13 20:59:39,743 [INFO] Edge 1: WTO is OFF, using all 20 clients.
2026-05-13 20:59:39,798 [INFO] Edge 1: Balanced replay 15000->75000 (5x) for 314351 new samples.
2026-05-13 20:59:45,513 [INFO] Edge 2: WTO is OFF, using all 20 clients.
2026-05-13 20:59:45,569 [INFO] Edge 2: Balanced replay 15000->75000 (5x) for 314351 new samples.
2026-05-13 21:01:38,245 [INFO]   [Eval] Task 1, R 30: Acc: 68.16% | Prec-Mac: 60.05% | Rec-Mac: 76.71% | Mi-F1: 68.16% | Ma-F1: 60.08% | We-F1: 71.63% | Loss: 2.4313
2026-05-13 21:01:38,756 [INFO]   [CKPT] Saved: ckpt_icarl_task01_r030_global070_acc68.2.pth
2026-05-13 21:01:38,757 [INFO] 
--- Task 1, Round 31/80 (Global 71) ---
2026-05-13 21:01:38,761 [INFO] Edge 0: WTO is OFF, using all 20 clients.
2026-05-13 21:01:38,817 [INFO] Edge 0: Balanced replay 15000->75000 (5x) for 314352 new samples.
2026-05-13 21:01:44,626 [INFO] Edge 1: WTO is OFF, using all 20 clients.
2026-05-13 21:01:44,680 [INFO] Edge 1: Balanced replay 15000->75000 (5x) for 314351 new samples.
2026-05-13 21:01:50,417 [INFO] Edge 2: WTO is OFF, using all 20 clients.
2026-05-13 21:01:50,474 [INFO] Edge 2: Balanced replay 15000->75000 (5x) for 314351 new samples.
2026-05-13 21:03:43,332 [INFO]   [Eval] Task 1, R 31: Acc: 68.32% | Prec-Mac: 60.15% | Rec-Mac: 76.80% | Mi-F1: 68.32% | Ma-F1: 60.35% | We-F1: 71.68% | Loss: 2.3840
2026-05-13 21:03:43,839 [INFO]   [CKPT] Saved: ckpt_icarl_task01_r031_global071_acc68.3.pth
2026-05-13 21:03:43,839 [INFO] 
--- Task 1, Round 32/80 (Global 72) ---
2026-05-13 21:03:43,844 [INFO] Edge 0: WTO is OFF, using all 20 clients.
2026-05-13 21:03:43,900 [INFO] Edge 0: Balanced replay 15000->75000 (5x) for 314352 new samples.
2026-05-13 21:03:49,741 [INFO] Edge 1: WTO is OFF, using all 20 clients.
2026-05-13 21:03:49,796 [INFO] Edge 1: Balanced replay 15000->75000 (5x) for 314351 new samples.
2026-05-13 21:03:55,552 [INFO] Edge 2: WTO is OFF, using all 20 clients.
2026-05-13 21:03:55,618 [INFO] Edge 2: Balanced replay 15000->75000 (5x) for 314351 new samples.
2026-05-13 21:05:48,708 [INFO]   [Eval] Task 1, R 32: Acc: 68.11% | Prec-Mac: 60.04% | Rec-Mac: 76.68% | Mi-F1: 68.11% | Ma-F1: 60.14% | We-F1: 71.53% | Loss: 2.4066
2026-05-13 21:05:49,217 [INFO]   [CKPT] Saved: ckpt_icarl_task01_r032_global072_acc68.1.pth
2026-05-13 21:05:49,217 [INFO] 
--- Task 1, Round 33/80 (Global 73) ---
2026-05-13 21:05:49,222 [INFO] Edge 0: WTO is OFF, using all 20 clients.
2026-05-13 21:05:49,284 [INFO] Edge 0: Balanced replay 15000->75000 (5x) for 314352 new samples.
2026-05-13 21:05:55,066 [INFO] Edge 1: WTO is OFF, using all 20 clients.
2026-05-13 21:05:55,119 [INFO] Edge 1: Balanced replay 15000->75000 (5x) for 314351 new samples.
2026-05-13 21:06:00,855 [INFO] Edge 2: WTO is OFF, using all 20 clients.
2026-05-13 21:06:00,910 [INFO] Edge 2: Balanced replay 15000->75000 (5x) for 314351 new samples.
2026-05-13 21:07:54,051 [INFO]   [Eval] Task 1, R 33: Acc: 67.84% | Prec-Mac: 59.91% | Rec-Mac: 76.43% | Mi-F1: 67.84% | Ma-F1: 59.87% | We-F1: 71.38% | Loss: 2.4088
2026-05-13 21:07:54,565 [INFO]   [CKPT] Saved: ckpt_icarl_task01_r033_global073_acc67.8.pth
2026-05-13 21:07:54,565 [INFO] 
--- Task 1, Round 34/80 (Global 74) ---
2026-05-13 21:07:54,570 [INFO] Edge 0: WTO is OFF, using all 20 clients.
2026-05-13 21:07:54,625 [INFO] Edge 0: Balanced replay 15000->75000 (5x) for 314352 new samples.
2026-05-13 21:08:00,404 [INFO] Edge 1: WTO is OFF, using all 20 clients.
2026-05-13 21:08:00,458 [INFO] Edge 1: Balanced replay 15000->75000 (5x) for 314351 new samples.
2026-05-13 21:08:06,119 [INFO] Edge 2: WTO is OFF, using all 20 clients.
2026-05-13 21:08:06,183 [INFO] Edge 2: Balanced replay 15000->75000 (5x) for 314351 new samples.
2026-05-13 21:09:59,538 [INFO]   [Eval] Task 1, R 34: Acc: 68.05% | Prec-Mac: 59.98% | Rec-Mac: 76.58% | Mi-F1: 68.05% | Ma-F1: 60.00% | We-F1: 71.55% | Loss: 2.4002
2026-05-13 21:10:00,048 [INFO]   [CKPT] Saved: ckpt_icarl_task01_r034_global074_acc68.0.pth
2026-05-13 21:10:00,049 [INFO] 
--- Task 1, Round 35/80 (Global 75) ---
2026-05-13 21:10:00,053 [INFO] Edge 0: WTO is OFF, using all 20 clients.
2026-05-13 21:10:00,108 [INFO] Edge 0: Balanced replay 15000->75000 (5x) for 314352 new samples.
2026-05-13 21:10:05,719 [INFO] Edge 1: WTO is OFF, using all 20 clients.
2026-05-13 21:10:05,772 [INFO] Edge 1: Balanced replay 15000->75000 (5x) for 314351 new samples.
2026-05-13 21:10:11,424 [INFO] Edge 2: WTO is OFF, using all 20 clients.
2026-05-13 21:10:11,484 [INFO] Edge 2: Balanced replay 15000->75000 (5x) for 314351 new samples.
2026-05-13 21:12:04,180 [INFO]   [Eval] Task 1, R 35: Acc: 67.59% | Prec-Mac: 59.83% | Rec-Mac: 76.50% | Mi-F1: 67.59% | Ma-F1: 59.64% | We-F1: 71.18% | Loss: 2.4429
2026-05-13 21:12:04,672 [INFO]   [CKPT] Saved: ckpt_icarl_task01_r035_global075_acc67.6.pth
2026-05-13 21:12:04,672 [INFO] 
--- Task 1, Round 36/80 (Global 76) ---
2026-05-13 21:12:04,677 [INFO] Edge 0: WTO is OFF, using all 20 clients.
2026-05-13 21:12:04,733 [INFO] Edge 0: Balanced replay 15000->75000 (5x) for 314352 new samples.
2026-05-13 21:12:10,455 [INFO] Edge 1: WTO is OFF, using all 20 clients.
2026-05-13 21:12:10,508 [INFO] Edge 1: Balanced replay 15000->75000 (5x) for 314351 new samples.
2026-05-13 21:12:16,171 [INFO] Edge 2: WTO is OFF, using all 20 clients.
2026-05-13 21:12:16,229 [INFO] Edge 2: Balanced replay 15000->75000 (5x) for 314351 new samples.
2026-05-13 21:14:09,148 [INFO]   [Eval] Task 1, R 36: Acc: 67.56% | Prec-Mac: 59.75% | Rec-Mac: 76.38% | Mi-F1: 67.56% | Ma-F1: 59.68% | We-F1: 71.03% | Loss: 2.4496
2026-05-13 21:14:09,652 [INFO]   [CKPT] Saved: ckpt_icarl_task01_r036_global076_acc67.6.pth
2026-05-13 21:14:09,653 [INFO] 
--- Task 1, Round 37/80 (Global 77) ---
2026-05-13 21:14:09,657 [INFO] Edge 0: WTO is OFF, using all 20 clients.
2026-05-13 21:14:09,713 [INFO] Edge 0: Balanced replay 15000->75000 (5x) for 314352 new samples.
2026-05-13 21:14:15,465 [INFO] Edge 1: WTO is OFF, using all 20 clients.
2026-05-13 21:14:15,519 [INFO] Edge 1: Balanced replay 15000->75000 (5x) for 314351 new samples.
2026-05-13 21:14:21,229 [INFO] Edge 2: WTO is OFF, using all 20 clients.
2026-05-13 21:14:21,281 [INFO] Edge 2: Balanced replay 15000->75000 (5x) for 314351 new samples.
2026-05-13 21:16:13,857 [INFO]   [Eval] Task 1, R 37: Acc: 67.32% | Prec-Mac: 59.56% | Rec-Mac: 76.30% | Mi-F1: 67.32% | Ma-F1: 59.28% | We-F1: 70.86% | Loss: 2.4383
2026-05-13 21:16:14,362 [INFO]   [CKPT] Saved: ckpt_icarl_task01_r037_global077_acc67.3.pth
2026-05-13 21:16:14,362 [INFO] 
--- Task 1, Round 38/80 (Global 78) ---
2026-05-13 21:16:14,366 [INFO] Edge 0: WTO is OFF, using all 20 clients.
2026-05-13 21:16:14,422 [INFO] Edge 0: Balanced replay 15000->75000 (5x) for 314352 new samples.
2026-05-13 21:16:20,201 [INFO] Edge 1: WTO is OFF, using all 20 clients.
2026-05-13 21:16:20,257 [INFO] Edge 1: Balanced replay 15000->75000 (5x) for 314351 new samples.
2026-05-13 21:16:25,941 [INFO] Edge 2: WTO is OFF, using all 20 clients.
2026-05-13 21:16:26,013 [INFO] Edge 2: Balanced replay 15000->75000 (5x) for 314351 new samples.
2026-05-13 21:18:18,433 [INFO]   [Eval] Task 1, R 38: Acc: 68.20% | Prec-Mac: 60.12% | Rec-Mac: 76.79% | Mi-F1: 68.20% | Ma-F1: 60.17% | We-F1: 71.68% | Loss: 2.4169
2026-05-13 21:18:18,940 [INFO]   [CKPT] Saved: ckpt_icarl_task01_r038_global078_acc68.2.pth
2026-05-13 21:18:18,941 [INFO] 
--- Task 1, Round 39/80 (Global 79) ---
2026-05-13 21:18:18,945 [INFO] Edge 0: WTO is OFF, using all 20 clients.
2026-05-13 21:18:19,010 [INFO] Edge 0: Balanced replay 15000->75000 (5x) for 314352 new samples.
2026-05-13 21:18:24,863 [INFO] Edge 1: WTO is OFF, using all 20 clients.
2026-05-13 21:18:24,917 [INFO] Edge 1: Balanced replay 15000->75000 (5x) for 314351 new samples.
2026-05-13 21:18:30,679 [INFO] Edge 2: WTO is OFF, using all 20 clients.
2026-05-13 21:18:30,736 [INFO] Edge 2: Balanced replay 15000->75000 (5x) for 314351 new samples.
2026-05-13 21:20:24,008 [INFO]   [Eval] Task 1, R 39: Acc: 67.09% | Prec-Mac: 59.36% | Rec-Mac: 76.09% | Mi-F1: 67.09% | Ma-F1: 58.98% | We-F1: 70.62% | Loss: 2.4548
2026-05-13 21:20:24,522 [INFO]   [CKPT] Saved: ckpt_icarl_task01_r039_global079_acc67.1.pth
2026-05-13 21:20:24,522 [INFO] 
--- Task 1, Round 40/80 (Global 80) ---
2026-05-13 21:20:24,527 [INFO] Edge 0: WTO is OFF, using all 20 clients.
2026-05-13 21:20:24,582 [INFO] Edge 0: Balanced replay 15000->75000 (5x) for 314352 new samples.
2026-05-13 21:20:30,193 [INFO] Edge 1: WTO is OFF, using all 20 clients.
2026-05-13 21:20:30,247 [INFO] Edge 1: Balanced replay 15000->75000 (5x) for 314351 new samples.
2026-05-13 21:20:35,967 [INFO] Edge 2: WTO is OFF, using all 20 clients.
2026-05-13 21:20:36,020 [INFO] Edge 2: Balanced replay 15000->75000 (5x) for 314351 new samples.
2026-05-13 21:22:29,060 [INFO]   [Eval] Task 1, R 40: Acc: 66.54% | Prec-Mac: 59.23% | Rec-Mac: 75.83% | Mi-F1: 66.54% | Ma-F1: 58.38% | We-F1: 70.22% | Loss: 2.4711
2026-05-13 21:22:29,572 [INFO]   [CKPT] Saved: ckpt_icarl_task01_r040_global080_acc66.5.pth
2026-05-13 21:22:29,572 [INFO] 
--- Task 1, Round 41/80 (Global 81) ---
2026-05-13 21:22:29,572 [INFO]    [LR DECAY] Round 40 reached milestone: New LR = 0.002
2026-05-13 21:22:29,576 [INFO] Edge 0: WTO is OFF, using all 20 clients.
2026-05-13 21:22:29,639 [INFO] Edge 0: Balanced replay 15000->75000 (5x) for 314352 new samples.
2026-05-13 21:22:35,455 [INFO] Edge 1: WTO is OFF, using all 20 clients.
2026-05-13 21:22:35,508 [INFO] Edge 1: Balanced replay 15000->75000 (5x) for 314351 new samples.
2026-05-13 21:22:41,191 [INFO] Edge 2: WTO is OFF, using all 20 clients.
2026-05-13 21:22:41,248 [INFO] Edge 2: Balanced replay 15000->75000 (5x) for 314351 new samples.
2026-05-13 21:24:34,168 [INFO]   [Eval] Task 1, R 41: Acc: 66.48% | Prec-Mac: 59.09% | Rec-Mac: 75.82% | Mi-F1: 66.48% | Ma-F1: 58.26% | We-F1: 70.09% | Loss: 2.4661
2026-05-13 21:24:34,684 [INFO]   [CKPT] Saved: ckpt_icarl_task01_r041_global081_acc66.5.pth
2026-05-13 21:24:34,684 [INFO] 
--- Task 1, Round 42/80 (Global 82) ---
2026-05-13 21:24:34,689 [INFO] Edge 0: WTO is OFF, using all 20 clients.
2026-05-13 21:24:34,742 [INFO] Edge 0: Balanced replay 15000->75000 (5x) for 314352 new samples.
2026-05-13 21:24:40,531 [INFO] Edge 1: WTO is OFF, using all 20 clients.
2026-05-13 21:24:40,585 [INFO] Edge 1: Balanced replay 15000->75000 (5x) for 314351 new samples.
2026-05-13 21:24:46,355 [INFO] Edge 2: WTO is OFF, using all 20 clients.
2026-05-13 21:24:46,413 [INFO] Edge 2: Balanced replay 15000->75000 (5x) for 314351 new samples.
2026-05-13 21:26:39,791 [INFO]   [Eval] Task 1, R 42: Acc: 66.37% | Prec-Mac: 59.06% | Rec-Mac: 75.77% | Mi-F1: 66.37% | Ma-F1: 58.14% | We-F1: 70.00% | Loss: 2.4778
2026-05-13 21:26:40,300 [INFO]   [CKPT] Saved: ckpt_icarl_task01_r042_global082_acc66.4.pth
2026-05-13 21:26:40,300 [INFO] 
--- Task 1, Round 43/80 (Global 83) ---
2026-05-13 21:26:40,305 [INFO] Edge 0: WTO is OFF, using all 20 clients.
2026-05-13 21:26:40,360 [INFO] Edge 0: Balanced replay 15000->75000 (5x) for 314352 new samples.
2026-05-13 21:26:46,140 [INFO] Edge 1: WTO is OFF, using all 20 clients.
2026-05-13 21:26:46,192 [INFO] Edge 1: Balanced replay 15000->75000 (5x) for 314351 new samples.
2026-05-13 21:26:51,840 [INFO] Edge 2: WTO is OFF, using all 20 clients.
2026-05-13 21:26:51,894 [INFO] Edge 2: Balanced replay 15000->75000 (5x) for 314351 new samples.
2026-05-13 21:28:44,858 [INFO]   [Eval] Task 1, R 43: Acc: 66.39% | Prec-Mac: 59.05% | Rec-Mac: 75.78% | Mi-F1: 66.39% | Ma-F1: 58.16% | We-F1: 70.01% | Loss: 2.4818
2026-05-13 21:28:45,382 [INFO]   [CKPT] Saved: ckpt_icarl_task01_r043_global083_acc66.4.pth
2026-05-13 21:28:45,383 [INFO] 
--- Task 1, Round 44/80 (Global 84) ---
2026-05-13 21:28:45,387 [INFO] Edge 0: WTO is OFF, using all 20 clients.
2026-05-13 21:28:45,441 [INFO] Edge 0: Balanced replay 15000->75000 (5x) for 314352 new samples.
2026-05-13 21:28:51,204 [INFO] Edge 1: WTO is OFF, using all 20 clients.
2026-05-13 21:28:51,258 [INFO] Edge 1: Balanced replay 15000->75000 (5x) for 314351 new samples.
2026-05-13 21:28:56,957 [INFO] Edge 2: WTO is OFF, using all 20 clients.
2026-05-13 21:28:57,010 [INFO] Edge 2: Balanced replay 15000->75000 (5x) for 314351 new samples.
2026-05-13 21:30:50,560 [INFO]   [Eval] Task 1, R 44: Acc: 66.34% | Prec-Mac: 59.05% | Rec-Mac: 75.74% | Mi-F1: 66.34% | Ma-F1: 58.11% | We-F1: 69.98% | Loss: 2.5004
2026-05-13 21:30:51,067 [INFO]   [CKPT] Saved: ckpt_icarl_task01_r044_global084_acc66.3.pth
2026-05-13 21:30:51,067 [INFO] 
--- Task 1, Round 45/80 (Global 85) ---
2026-05-13 21:30:51,072 [INFO] Edge 0: WTO is OFF, using all 20 clients.
2026-05-13 21:30:51,131 [INFO] Edge 0: Balanced replay 15000->75000 (5x) for 314352 new samples.
2026-05-13 21:30:56,808 [INFO] Edge 1: WTO is OFF, using all 20 clients.
2026-05-13 21:30:56,865 [INFO] Edge 1: Balanced replay 15000->75000 (5x) for 314351 new samples.
2026-05-13 21:31:02,603 [INFO] Edge 2: WTO is OFF, using all 20 clients.
2026-05-13 21:31:02,659 [INFO] Edge 2: Balanced replay 15000->75000 (5x) for 314351 new samples.
2026-05-13 21:32:55,704 [INFO]   [Eval] Task 1, R 45: Acc: 66.28% | Prec-Mac: 59.01% | Rec-Mac: 75.73% | Mi-F1: 66.28% | Ma-F1: 58.06% | We-F1: 69.91% | Loss: 2.5033
2026-05-13 21:32:56,230 [INFO]   [CKPT] Saved: ckpt_icarl_task01_r045_global085_acc66.3.pth
2026-05-13 21:32:56,230 [INFO] 
--- Task 1, Round 46/80 (Global 86) ---
2026-05-13 21:32:56,235 [INFO] Edge 0: WTO is OFF, using all 20 clients.
2026-05-13 21:32:56,288 [INFO] Edge 0: Balanced replay 15000->75000 (5x) for 314352 new samples.
2026-05-13 21:33:02,069 [INFO] Edge 1: WTO is OFF, using all 20 clients.
2026-05-13 21:33:02,123 [INFO] Edge 1: Balanced replay 15000->75000 (5x) for 314351 new samples.
2026-05-13 21:33:07,823 [INFO] Edge 2: WTO is OFF, using all 20 clients.
2026-05-13 21:33:07,878 [INFO] Edge 2: Balanced replay 15000->75000 (5x) for 314351 new samples.
2026-05-13 21:35:00,791 [INFO]   [Eval] Task 1, R 46: Acc: 66.24% | Prec-Mac: 59.00% | Rec-Mac: 75.73% | Mi-F1: 66.24% | Ma-F1: 58.03% | We-F1: 69.87% | Loss: 2.5104
2026-05-13 21:35:01,300 [INFO]   [CKPT] Saved: ckpt_icarl_task01_r046_global086_acc66.2.pth
2026-05-13 21:35:01,300 [INFO] 
--- Task 1, Round 47/80 (Global 87) ---
2026-05-13 21:35:01,306 [INFO] Edge 0: WTO is OFF, using all 20 clients.
2026-05-13 21:35:01,361 [INFO] Edge 0: Balanced replay 15000->75000 (5x) for 314352 new samples.
2026-05-13 21:35:07,171 [INFO] Edge 1: WTO is OFF, using all 20 clients.
2026-05-13 21:35:07,225 [INFO] Edge 1: Balanced replay 15000->75000 (5x) for 314351 new samples.
2026-05-13 21:35:12,929 [INFO] Edge 2: WTO is OFF, using all 20 clients.
2026-05-13 21:35:12,982 [INFO] Edge 2: Balanced replay 15000->75000 (5x) for 314351 new samples.
2026-05-13 21:37:05,699 [INFO]   [Eval] Task 1, R 47: Acc: 66.28% | Prec-Mac: 59.01% | Rec-Mac: 75.72% | Mi-F1: 66.28% | Ma-F1: 58.06% | We-F1: 69.91% | Loss: 2.5076
2026-05-13 21:37:06,227 [INFO]   [CKPT] Saved: ckpt_icarl_task01_r047_global087_acc66.3.pth
2026-05-13 21:37:06,228 [INFO] 
--- Task 1, Round 48/80 (Global 88) ---
2026-05-13 21:37:06,232 [INFO] Edge 0: WTO is OFF, using all 20 clients.
2026-05-13 21:37:06,292 [INFO] Edge 0: Balanced replay 15000->75000 (5x) for 314352 new samples.
2026-05-13 21:37:12,045 [INFO] Edge 1: WTO is OFF, using all 20 clients.
2026-05-13 21:37:12,097 [INFO] Edge 1: Balanced replay 15000->75000 (5x) for 314351 new samples.
2026-05-13 21:37:17,784 [INFO] Edge 2: WTO is OFF, using all 20 clients.
2026-05-13 21:37:17,838 [INFO] Edge 2: Balanced replay 15000->75000 (5x) for 314351 new samples.
2026-05-13 21:39:10,660 [INFO]   [Eval] Task 1, R 48: Acc: 66.28% | Prec-Mac: 59.00% | Rec-Mac: 75.71% | Mi-F1: 66.28% | Ma-F1: 58.05% | We-F1: 69.90% | Loss: 2.5122
2026-05-13 21:39:11,164 [INFO]   [CKPT] Saved: ckpt_icarl_task01_r048_global088_acc66.3.pth
2026-05-13 21:39:11,165 [INFO] 
--- Task 1, Round 49/80 (Global 89) ---
2026-05-13 21:39:11,169 [INFO] Edge 0: WTO is OFF, using all 20 clients.
2026-05-13 21:39:11,223 [INFO] Edge 0: Balanced replay 15000->75000 (5x) for 314352 new samples.
2026-05-13 21:39:17,003 [INFO] Edge 1: WTO is OFF, using all 20 clients.
2026-05-13 21:39:17,056 [INFO] Edge 1: Balanced replay 15000->75000 (5x) for 314351 new samples.
2026-05-13 21:39:22,753 [INFO] Edge 2: WTO is OFF, using all 20 clients.
2026-05-13 21:39:22,809 [INFO] Edge 2: Balanced replay 15000->75000 (5x) for 314351 new samples.
2026-05-13 21:41:16,132 [INFO]   [Eval] Task 1, R 49: Acc: 66.25% | Prec-Mac: 59.00% | Rec-Mac: 75.71% | Mi-F1: 66.25% | Ma-F1: 58.03% | We-F1: 69.88% | Loss: 2.5213
2026-05-13 21:41:16,631 [INFO]   [CKPT] Saved: ckpt_icarl_task01_r049_global089_acc66.2.pth
2026-05-13 21:41:16,632 [INFO] 
--- Task 1, Round 50/80 (Global 90) ---
2026-05-13 21:41:16,636 [INFO] Edge 0: WTO is OFF, using all 20 clients.
2026-05-13 21:41:16,690 [INFO] Edge 0: Balanced replay 15000->75000 (5x) for 314352 new samples.
2026-05-13 21:41:22,243 [INFO] Edge 1: WTO is OFF, using all 20 clients.
2026-05-13 21:41:22,297 [INFO] Edge 1: Balanced replay 15000->75000 (5x) for 314351 new samples.
2026-05-13 21:41:28,035 [INFO] Edge 2: WTO is OFF, using all 20 clients.
2026-05-13 21:41:28,089 [INFO] Edge 2: Balanced replay 15000->75000 (5x) for 314351 new samples.
2026-05-13 21:43:20,320 [INFO]   [Eval] Task 1, R 50: Acc: 66.21% | Prec-Mac: 58.99% | Rec-Mac: 75.71% | Mi-F1: 66.21% | Ma-F1: 58.01% | We-F1: 69.85% | Loss: 2.5301
2026-05-13 21:43:20,819 [INFO]   [CKPT] Saved: ckpt_icarl_task01_r050_global090_acc66.2.pth
2026-05-13 21:43:20,819 [INFO] 
--- Task 1, Round 51/80 (Global 91) ---
2026-05-13 21:43:20,823 [INFO] Edge 0: WTO is OFF, using all 20 clients.
2026-05-13 21:43:20,876 [INFO] Edge 0: Balanced replay 15000->75000 (5x) for 314352 new samples.
2026-05-13 21:43:26,665 [INFO] Edge 1: WTO is OFF, using all 20 clients.
2026-05-13 21:43:26,720 [INFO] Edge 1: Balanced replay 15000->75000 (5x) for 314351 new samples.
2026-05-13 21:43:32,471 [INFO] Edge 2: WTO is OFF, using all 20 clients.
2026-05-13 21:43:32,526 [INFO] Edge 2: Balanced replay 15000->75000 (5x) for 314351 new samples.
2026-05-13 21:45:27,677 [INFO]   [Eval] Task 1, R 51: Acc: 66.20% | Prec-Mac: 58.99% | Rec-Mac: 75.72% | Mi-F1: 66.20% | Ma-F1: 58.00% | We-F1: 69.84% | Loss: 2.5400
2026-05-13 21:45:28,191 [INFO]   [CKPT] Saved: ckpt_icarl_task01_r051_global091_acc66.2.pth
2026-05-13 21:45:28,191 [INFO] 
--- Task 1, Round 52/80 (Global 92) ---
2026-05-13 21:45:28,196 [INFO] Edge 0: WTO is OFF, using all 20 clients.
2026-05-13 21:45:28,248 [INFO] Edge 0: Balanced replay 15000->75000 (5x) for 314352 new samples.
2026-05-13 21:45:34,156 [INFO] Edge 1: WTO is OFF, using all 20 clients.
2026-05-13 21:45:34,210 [INFO] Edge 1: Balanced replay 15000->75000 (5x) for 314351 new samples.
2026-05-13 21:45:39,968 [INFO] Edge 2: WTO is OFF, using all 20 clients.
2026-05-13 21:45:40,023 [INFO] Edge 2: Balanced replay 15000->75000 (5x) for 314351 new samples.
2026-05-13 21:47:32,549 [INFO]   [Eval] Task 1, R 52: Acc: 66.19% | Prec-Mac: 58.95% | Rec-Mac: 75.69% | Mi-F1: 66.19% | Ma-F1: 57.98% | We-F1: 69.81% | Loss: 2.5360
2026-05-13 21:47:33,059 [INFO]   [CKPT] Saved: ckpt_icarl_task01_r052_global092_acc66.2.pth
2026-05-13 21:47:33,059 [INFO] 
--- Task 1, Round 53/80 (Global 93) ---
2026-05-13 21:47:33,064 [INFO] Edge 0: WTO is OFF, using all 20 clients.
2026-05-13 21:47:33,120 [INFO] Edge 0: Balanced replay 15000->75000 (5x) for 314352 new samples.
2026-05-13 21:47:38,876 [INFO] Edge 1: WTO is OFF, using all 20 clients.
2026-05-13 21:47:38,930 [INFO] Edge 1: Balanced replay 15000->75000 (5x) for 314351 new samples.
2026-05-13 21:47:44,518 [INFO] Edge 2: WTO is OFF, using all 20 clients.
2026-05-13 21:47:44,575 [INFO] Edge 2: Balanced replay 15000->75000 (5x) for 314351 new samples.
2026-05-13 21:49:37,466 [INFO]   [Eval] Task 1, R 53: Acc: 66.19% | Prec-Mac: 58.97% | Rec-Mac: 75.68% | Mi-F1: 66.19% | Ma-F1: 57.98% | We-F1: 69.83% | Loss: 2.5424
2026-05-13 21:49:37,985 [INFO]   [CKPT] Saved: ckpt_icarl_task01_r053_global093_acc66.2.pth
2026-05-13 21:49:37,985 [INFO] 
--- Task 1, Round 54/80 (Global 94) ---
2026-05-13 21:49:37,989 [INFO] Edge 0: WTO is OFF, using all 20 clients.
2026-05-13 21:49:38,051 [INFO] Edge 0: Balanced replay 15000->75000 (5x) for 314352 new samples.
2026-05-13 21:49:43,878 [INFO] Edge 1: WTO is OFF, using all 20 clients.
2026-05-13 21:49:43,931 [INFO] Edge 1: Balanced replay 15000->75000 (5x) for 314351 new samples.
2026-05-13 21:49:49,671 [INFO] Edge 2: WTO is OFF, using all 20 clients.
2026-05-13 21:49:49,726 [INFO] Edge 2: Balanced replay 15000->75000 (5x) for 314351 new samples.
2026-05-13 21:51:43,715 [INFO]   [Eval] Task 1, R 54: Acc: 66.21% | Prec-Mac: 58.98% | Rec-Mac: 75.70% | Mi-F1: 66.21% | Ma-F1: 58.00% | We-F1: 69.84% | Loss: 2.5381
2026-05-13 21:51:44,225 [INFO]   [CKPT] Saved: ckpt_icarl_task01_r054_global094_acc66.2.pth
2026-05-13 21:51:44,225 [INFO] 
--- Task 1, Round 55/80 (Global 95) ---
2026-05-13 21:51:44,230 [INFO] Edge 0: WTO is OFF, using all 20 clients.
2026-05-13 21:51:44,285 [INFO] Edge 0: Balanced replay 15000->75000 (5x) for 314352 new samples.
2026-05-13 21:51:49,931 [INFO] Edge 1: WTO is OFF, using all 20 clients.
2026-05-13 21:51:49,987 [INFO] Edge 1: Balanced replay 15000->75000 (5x) for 314351 new samples.
2026-05-13 21:51:55,772 [INFO] Edge 2: WTO is OFF, using all 20 clients.
2026-05-13 21:51:55,828 [INFO] Edge 2: Balanced replay 15000->75000 (5x) for 314351 new samples.
2026-05-13 21:53:50,381 [INFO]   [Eval] Task 1, R 55: Acc: 66.17% | Prec-Mac: 58.97% | Rec-Mac: 75.68% | Mi-F1: 66.17% | Ma-F1: 57.98% | We-F1: 69.80% | Loss: 2.5492
2026-05-13 21:53:50,890 [INFO]   [CKPT] Saved: ckpt_icarl_task01_r055_global095_acc66.2.pth
2026-05-13 21:53:50,890 [INFO] 
--- Task 1, Round 56/80 (Global 96) ---
2026-05-13 21:53:50,895 [INFO] Edge 0: WTO is OFF, using all 20 clients.
2026-05-13 21:53:50,950 [INFO] Edge 0: Balanced replay 15000->75000 (5x) for 314352 new samples.
2026-05-13 21:53:56,751 [INFO] Edge 1: WTO is OFF, using all 20 clients.
2026-05-13 21:53:56,806 [INFO] Edge 1: Balanced replay 15000->75000 (5x) for 314351 new samples.
2026-05-13 21:54:02,526 [INFO] Edge 2: WTO is OFF, using all 20 clients.
2026-05-13 21:54:02,585 [INFO] Edge 2: Balanced replay 15000->75000 (5x) for 314351 new samples.
2026-05-13 21:55:56,712 [INFO]   [Eval] Task 1, R 56: Acc: 66.18% | Prec-Mac: 59.00% | Rec-Mac: 75.73% | Mi-F1: 66.18% | Ma-F1: 58.00% | We-F1: 69.83% | Loss: 2.5495
2026-05-13 21:55:57,225 [INFO]   [CKPT] Saved: ckpt_icarl_task01_r056_global096_acc66.2.pth
2026-05-13 21:55:57,226 [INFO] 
--- Task 1, Round 57/80 (Global 97) ---
2026-05-13 21:55:57,230 [INFO] Edge 0: WTO is OFF, using all 20 clients.
2026-05-13 21:55:57,285 [INFO] Edge 0: Balanced replay 15000->75000 (5x) for 314352 new samples.
2026-05-13 21:56:03,129 [INFO] Edge 1: WTO is OFF, using all 20 clients.
2026-05-13 21:56:03,194 [INFO] Edge 1: Balanced replay 15000->75000 (5x) for 314351 new samples.
2026-05-13 21:56:09,053 [INFO] Edge 2: WTO is OFF, using all 20 clients.
2026-05-13 21:56:09,109 [INFO] Edge 2: Balanced replay 15000->75000 (5x) for 314351 new samples.
2026-05-13 21:58:02,599 [INFO]   [Eval] Task 1, R 57: Acc: 66.20% | Prec-Mac: 58.98% | Rec-Mac: 75.70% | Mi-F1: 66.20% | Ma-F1: 58.00% | We-F1: 69.84% | Loss: 2.5567
2026-05-13 21:58:03,111 [INFO]   [CKPT] Saved: ckpt_icarl_task01_r057_global097_acc66.2.pth
2026-05-13 21:58:03,112 [INFO] 
--- Task 1, Round 58/80 (Global 98) ---
2026-05-13 21:58:03,117 [INFO] Edge 0: WTO is OFF, using all 20 clients.
2026-05-13 21:58:03,171 [INFO] Edge 0: Balanced replay 15000->75000 (5x) for 314352 new samples.
2026-05-13 21:58:08,914 [INFO] Edge 1: WTO is OFF, using all 20 clients.
2026-05-13 21:58:08,965 [INFO] Edge 1: Balanced replay 15000->75000 (5x) for 314351 new samples.
2026-05-13 21:58:14,657 [INFO] Edge 2: WTO is OFF, using all 20 clients.
2026-05-13 21:58:14,722 [INFO] Edge 2: Balanced replay 15000->75000 (5x) for 314351 new samples.
2026-05-13 22:00:07,143 [INFO]   [Eval] Task 1, R 58: Acc: 66.19% | Prec-Mac: 58.99% | Rec-Mac: 75.71% | Mi-F1: 66.19% | Ma-F1: 58.00% | We-F1: 69.83% | Loss: 2.5496
2026-05-13 22:00:07,643 [INFO]   [CKPT] Saved: ckpt_icarl_task01_r058_global098_acc66.2.pth
2026-05-13 22:00:07,643 [INFO] 
--- Task 1, Round 59/80 (Global 99) ---
2026-05-13 22:00:07,649 [INFO] Edge 0: WTO is OFF, using all 20 clients.
2026-05-13 22:00:07,709 [INFO] Edge 0: Balanced replay 15000->75000 (5x) for 314352 new samples.
2026-05-13 22:00:13,423 [INFO] Edge 1: WTO is OFF, using all 20 clients.
2026-05-13 22:00:13,478 [INFO] Edge 1: Balanced replay 15000->75000 (5x) for 314351 new samples.
2026-05-13 22:00:19,202 [INFO] Edge 2: WTO is OFF, using all 20 clients.
2026-05-13 22:00:19,258 [INFO] Edge 2: Balanced replay 15000->75000 (5x) for 314351 new samples.
2026-05-13 22:02:12,210 [INFO]   [Eval] Task 1, R 59: Acc: 66.19% | Prec-Mac: 58.99% | Rec-Mac: 75.69% | Mi-F1: 66.19% | Ma-F1: 58.01% | We-F1: 69.83% | Loss: 2.5513
2026-05-13 22:02:12,732 [INFO]   [CKPT] Saved: ckpt_icarl_task01_r059_global099_acc66.2.pth
2026-05-13 22:02:12,732 [INFO] 
--- Task 1, Round 60/80 (Global 100) ---
2026-05-13 22:02:12,737 [INFO] Edge 0: WTO is OFF, using all 20 clients.
2026-05-13 22:02:12,809 [INFO] Edge 0: Balanced replay 15000->75000 (5x) for 314352 new samples.
2026-05-13 22:02:18,421 [INFO] Edge 1: WTO is OFF, using all 20 clients.
2026-05-13 22:02:18,475 [INFO] Edge 1: Balanced replay 15000->75000 (5x) for 314351 new samples.
2026-05-13 22:02:24,098 [INFO] Edge 2: WTO is OFF, using all 20 clients.
2026-05-13 22:02:24,155 [INFO] Edge 2: Balanced replay 15000->75000 (5x) for 314351 new samples.
2026-05-13 22:04:16,218 [INFO]   [Eval] Task 1, R 60: Acc: 66.11% | Prec-Mac: 58.96% | Rec-Mac: 75.67% | Mi-F1: 66.11% | Ma-F1: 57.94% | We-F1: 69.76% | Loss: 2.5703
2026-05-13 22:04:16,722 [INFO]   [CKPT] Saved: ckpt_icarl_task01_r060_global100_acc66.1.pth
2026-05-13 22:04:16,723 [INFO] 
--- Task 1, Round 61/80 (Global 101) ---
2026-05-13 22:04:16,723 [INFO]    [LR DECAY] Round 60 reached milestone: New LR = 0.0002
2026-05-13 22:04:16,727 [INFO] Edge 0: WTO is OFF, using all 20 clients.
2026-05-13 22:04:16,779 [INFO] Edge 0: Balanced replay 15000->75000 (5x) for 314352 new samples.
2026-05-13 22:04:22,464 [INFO] Edge 1: WTO is OFF, using all 20 clients.
2026-05-13 22:04:22,516 [INFO] Edge 1: Balanced replay 15000->75000 (5x) for 314351 new samples.
2026-05-13 22:04:28,187 [INFO] Edge 2: WTO is OFF, using all 20 clients.
2026-05-13 22:04:28,240 [INFO] Edge 2: Balanced replay 15000->75000 (5x) for 314351 new samples.
2026-05-13 22:06:20,545 [INFO]   [Eval] Task 1, R 61: Acc: 66.11% | Prec-Mac: 58.96% | Rec-Mac: 75.67% | Mi-F1: 66.11% | Ma-F1: 57.95% | We-F1: 69.76% | Loss: 2.5695
2026-05-13 22:06:21,050 [INFO]   [CKPT] Saved: ckpt_icarl_task01_r061_global101_acc66.1.pth
2026-05-13 22:06:21,050 [INFO] 
--- Task 1, Round 62/80 (Global 102) ---
2026-05-13 22:06:21,055 [INFO] Edge 0: WTO is OFF, using all 20 clients.
2026-05-13 22:06:21,110 [INFO] Edge 0: Balanced replay 15000->75000 (5x) for 314352 new samples.
2026-05-13 22:06:26,818 [INFO] Edge 1: WTO is OFF, using all 20 clients.
2026-05-13 22:06:26,872 [INFO] Edge 1: Balanced replay 15000->75000 (5x) for 314351 new samples.
2026-05-13 22:06:32,557 [INFO] Edge 2: WTO is OFF, using all 20 clients.
2026-05-13 22:06:32,610 [INFO] Edge 2: Balanced replay 15000->75000 (5x) for 314351 new samples.
2026-05-13 22:08:24,679 [INFO]   [Eval] Task 1, R 62: Acc: 66.11% | Prec-Mac: 58.97% | Rec-Mac: 75.67% | Mi-F1: 66.11% | Ma-F1: 57.94% | We-F1: 69.76% | Loss: 2.5632
2026-05-13 22:08:25,196 [INFO]   [CKPT] Saved: ckpt_icarl_task01_r062_global102_acc66.1.pth
2026-05-13 22:08:25,196 [INFO] 
--- Task 1, Round 63/80 (Global 103) ---
2026-05-13 22:08:25,201 [INFO] Edge 0: WTO is OFF, using all 20 clients.
2026-05-13 22:08:25,255 [INFO] Edge 0: Balanced replay 15000->75000 (5x) for 314352 new samples.
2026-05-13 22:08:31,028 [INFO] Edge 1: WTO is OFF, using all 20 clients.
2026-05-13 22:08:31,081 [INFO] Edge 1: Balanced replay 15000->75000 (5x) for 314351 new samples.
2026-05-13 22:08:36,806 [INFO] Edge 2: WTO is OFF, using all 20 clients.
2026-05-13 22:08:36,860 [INFO] Edge 2: Balanced replay 15000->75000 (5x) for 314351 new samples.
2026-05-13 22:10:29,444 [INFO]   [Eval] Task 1, R 63: Acc: 66.12% | Prec-Mac: 58.95% | Rec-Mac: 75.67% | Mi-F1: 66.12% | Ma-F1: 57.95% | We-F1: 69.76% | Loss: 2.5650
2026-05-13 22:10:29,957 [INFO]   [CKPT] Saved: ckpt_icarl_task01_r063_global103_acc66.1.pth
2026-05-13 22:10:29,957 [INFO] 
--- Task 1, Round 64/80 (Global 104) ---
2026-05-13 22:10:29,961 [INFO] Edge 0: WTO is OFF, using all 20 clients.
2026-05-13 22:10:30,017 [INFO] Edge 0: Balanced replay 15000->75000 (5x) for 314352 new samples.
2026-05-13 22:10:35,820 [INFO] Edge 1: WTO is OFF, using all 20 clients.
2026-05-13 22:10:35,874 [INFO] Edge 1: Balanced replay 15000->75000 (5x) for 314351 new samples.
2026-05-13 22:10:41,602 [INFO] Edge 2: WTO is OFF, using all 20 clients.
2026-05-13 22:10:41,660 [INFO] Edge 2: Balanced replay 15000->75000 (5x) for 314351 new samples.
2026-05-13 22:12:34,549 [INFO]   [Eval] Task 1, R 64: Acc: 66.14% | Prec-Mac: 58.98% | Rec-Mac: 75.69% | Mi-F1: 66.14% | Ma-F1: 57.97% | We-F1: 69.79% | Loss: 2.5609
2026-05-13 22:12:35,055 [INFO]   [CKPT] Saved: ckpt_icarl_task01_r064_global104_acc66.1.pth
2026-05-13 22:12:35,055 [INFO] 
--- Task 1, Round 65/80 (Global 105) ---
2026-05-13 22:12:35,061 [INFO] Edge 0: WTO is OFF, using all 20 clients.
2026-05-13 22:12:35,116 [INFO] Edge 0: Balanced replay 15000->75000 (5x) for 314352 new samples.
2026-05-13 22:12:40,656 [INFO] Edge 1: WTO is OFF, using all 20 clients.
2026-05-13 22:12:40,710 [INFO] Edge 1: Balanced replay 15000->75000 (5x) for 314351 new samples.
2026-05-13 22:12:46,347 [INFO] Edge 2: WTO is OFF, using all 20 clients.
2026-05-13 22:12:46,403 [INFO] Edge 2: Balanced replay 15000->75000 (5x) for 314351 new samples.
2026-05-13 22:14:39,326 [INFO]   [Eval] Task 1, R 65: Acc: 66.13% | Prec-Mac: 58.96% | Rec-Mac: 75.68% | Mi-F1: 66.13% | Ma-F1: 57.96% | We-F1: 69.77% | Loss: 2.5635
2026-05-13 22:14:39,841 [INFO]   [CKPT] Saved: ckpt_icarl_task01_r065_global105_acc66.1.pth
2026-05-13 22:14:39,841 [INFO] 
--- Task 1, Round 66/80 (Global 106) ---
2026-05-13 22:14:39,847 [INFO] Edge 0: WTO is OFF, using all 20 clients.
2026-05-13 22:14:39,903 [INFO] Edge 0: Balanced replay 15000->75000 (5x) for 314352 new samples.
2026-05-13 22:14:45,646 [INFO] Edge 1: WTO is OFF, using all 20 clients.
2026-05-13 22:14:45,699 [INFO] Edge 1: Balanced replay 15000->75000 (5x) for 314351 new samples.
2026-05-13 22:14:51,393 [INFO] Edge 2: WTO is OFF, using all 20 clients.
2026-05-13 22:14:51,448 [INFO] Edge 2: Balanced replay 15000->75000 (5x) for 314351 new samples.
2026-05-13 22:16:44,527 [INFO]   [Eval] Task 1, R 66: Acc: 66.09% | Prec-Mac: 58.95% | Rec-Mac: 75.66% | Mi-F1: 66.09% | Ma-F1: 57.93% | We-F1: 69.73% | Loss: 2.5716
2026-05-13 22:16:45,029 [INFO]   [CKPT] Saved: ckpt_icarl_task01_r066_global106_acc66.1.pth
2026-05-13 22:16:45,030 [INFO] 
--- Task 1, Round 67/80 (Global 107) ---
2026-05-13 22:16:45,034 [INFO] Edge 0: WTO is OFF, using all 20 clients.
2026-05-13 22:16:45,089 [INFO] Edge 0: Balanced replay 15000->75000 (5x) for 314352 new samples.
2026-05-13 22:16:50,853 [INFO] Edge 1: WTO is OFF, using all 20 clients.
2026-05-13 22:16:50,907 [INFO] Edge 1: Balanced replay 15000->75000 (5x) for 314351 new samples.
2026-05-13 22:16:56,667 [INFO] Edge 2: WTO is OFF, using all 20 clients.
2026-05-13 22:16:56,721 [INFO] Edge 2: Balanced replay 15000->75000 (5x) for 314351 new samples.
2026-05-13 22:18:49,913 [INFO]   [Eval] Task 1, R 67: Acc: 66.15% | Prec-Mac: 58.96% | Rec-Mac: 75.69% | Mi-F1: 66.15% | Ma-F1: 57.97% | We-F1: 69.78% | Loss: 2.5654
2026-05-13 22:18:50,410 [INFO]   [CKPT] Saved: ckpt_icarl_task01_r067_global107_acc66.1.pth
2026-05-13 22:18:50,410 [INFO] 
--- Task 1, Round 68/80 (Global 108) ---
2026-05-13 22:18:50,414 [INFO] Edge 0: WTO is OFF, using all 20 clients.
2026-05-13 22:18:50,467 [INFO] Edge 0: Balanced replay 15000->75000 (5x) for 314352 new samples.
2026-05-13 22:18:56,205 [INFO] Edge 1: WTO is OFF, using all 20 clients.
2026-05-13 22:18:56,258 [INFO] Edge 1: Balanced replay 15000->75000 (5x) for 314351 new samples.
2026-05-13 22:19:01,982 [INFO] Edge 2: WTO is OFF, using all 20 clients.
2026-05-13 22:19:02,036 [INFO] Edge 2: Balanced replay 15000->75000 (5x) for 314351 new samples.
2026-05-13 22:20:54,656 [INFO]   [Eval] Task 1, R 68: Acc: 66.13% | Prec-Mac: 58.96% | Rec-Mac: 75.67% | Mi-F1: 66.13% | Ma-F1: 57.96% | We-F1: 69.77% | Loss: 2.5712
2026-05-13 22:20:55,179 [INFO]   [CKPT] Saved: ckpt_icarl_task01_r068_global108_acc66.1.pth
2026-05-13 22:20:55,179 [INFO] 
--- Task 1, Round 69/80 (Global 109) ---
2026-05-13 22:20:55,184 [INFO] Edge 0: WTO is OFF, using all 20 clients.
2026-05-13 22:20:55,246 [INFO] Edge 0: Balanced replay 15000->75000 (5x) for 314352 new samples.
2026-05-13 22:21:01,117 [INFO] Edge 1: WTO is OFF, using all 20 clients.
2026-05-13 22:21:01,172 [INFO] Edge 1: Balanced replay 15000->75000 (5x) for 314351 new samples.
2026-05-13 22:21:06,890 [INFO] Edge 2: WTO is OFF, using all 20 clients.
2026-05-13 22:21:06,943 [INFO] Edge 2: Balanced replay 15000->75000 (5x) for 314351 new samples.
2026-05-13 22:22:59,722 [INFO]   [Eval] Task 1, R 69: Acc: 66.11% | Prec-Mac: 58.96% | Rec-Mac: 75.66% | Mi-F1: 66.11% | Ma-F1: 57.94% | We-F1: 69.76% | Loss: 2.5667
2026-05-13 22:23:00,241 [INFO]   [CKPT] Saved: ckpt_icarl_task01_r069_global109_acc66.1.pth
2026-05-13 22:23:00,241 [INFO] 
--- Task 1, Round 70/80 (Global 110) ---
2026-05-13 22:23:00,246 [INFO] Edge 0: WTO is OFF, using all 20 clients.
2026-05-13 22:23:00,305 [INFO] Edge 0: Balanced replay 15000->75000 (5x) for 314352 new samples.
2026-05-13 22:23:05,928 [INFO] Edge 1: WTO is OFF, using all 20 clients.
2026-05-13 22:23:05,992 [INFO] Edge 1: Balanced replay 15000->75000 (5x) for 314351 new samples.
2026-05-13 22:23:11,681 [INFO] Edge 2: WTO is OFF, using all 20 clients.
2026-05-13 22:23:11,738 [INFO] Edge 2: Balanced replay 15000->75000 (5x) for 314351 new samples.
2026-05-13 22:25:04,571 [INFO]   [Eval] Task 1, R 70: Acc: 66.14% | Prec-Mac: 58.98% | Rec-Mac: 75.69% | Mi-F1: 66.14% | Ma-F1: 57.97% | We-F1: 69.79% | Loss: 2.5665
2026-05-13 22:25:05,066 [INFO]   [CKPT] Saved: ckpt_icarl_task01_r070_global110_acc66.1.pth
2026-05-13 22:25:05,067 [INFO] 
--- Task 1, Round 71/80 (Global 111) ---
2026-05-13 22:25:05,071 [INFO] Edge 0: WTO is OFF, using all 20 clients.
2026-05-13 22:25:05,128 [INFO] Edge 0: Balanced replay 15000->75000 (5x) for 314352 new samples.
2026-05-13 22:25:10,904 [INFO] Edge 1: WTO is OFF, using all 20 clients.
2026-05-13 22:25:10,974 [INFO] Edge 1: Balanced replay 15000->75000 (5x) for 314351 new samples.
2026-05-13 22:25:16,649 [INFO] Edge 2: WTO is OFF, using all 20 clients.
2026-05-13 22:25:16,705 [INFO] Edge 2: Balanced replay 15000->75000 (5x) for 314351 new samples.
2026-05-13 22:27:09,519 [INFO]   [Eval] Task 1, R 71: Acc: 66.11% | Prec-Mac: 58.97% | Rec-Mac: 75.68% | Mi-F1: 66.11% | Ma-F1: 57.96% | We-F1: 69.77% | Loss: 2.5682
2026-05-13 22:27:10,022 [INFO]   [CKPT] Saved: ckpt_icarl_task01_r071_global111_acc66.1.pth
2026-05-13 22:27:10,022 [INFO] 
--- Task 1, Round 72/80 (Global 112) ---
2026-05-13 22:27:10,027 [INFO] Edge 0: WTO is OFF, using all 20 clients.
2026-05-13 22:27:10,082 [INFO] Edge 0: Balanced replay 15000->75000 (5x) for 314352 new samples.
2026-05-13 22:27:15,795 [INFO] Edge 1: WTO is OFF, using all 20 clients.
2026-05-13 22:27:15,850 [INFO] Edge 1: Balanced replay 15000->75000 (5x) for 314351 new samples.
2026-05-13 22:27:21,573 [INFO] Edge 2: WTO is OFF, using all 20 clients.
2026-05-13 22:27:21,629 [INFO] Edge 2: Balanced replay 15000->75000 (5x) for 314351 new samples.
2026-05-13 22:29:14,028 [INFO]   [Eval] Task 1, R 72: Acc: 66.14% | Prec-Mac: 58.97% | Rec-Mac: 75.69% | Mi-F1: 66.14% | Ma-F1: 57.96% | We-F1: 69.79% | Loss: 2.5674
2026-05-13 22:29:14,532 [INFO]   [CKPT] Saved: ckpt_icarl_task01_r072_global112_acc66.1.pth
2026-05-13 22:29:14,533 [INFO] 
--- Task 1, Round 73/80 (Global 113) ---
2026-05-13 22:29:14,537 [INFO] Edge 0: WTO is OFF, using all 20 clients.
2026-05-13 22:29:14,591 [INFO] Edge 0: Balanced replay 15000->75000 (5x) for 314352 new samples.
2026-05-13 22:29:20,350 [INFO] Edge 1: WTO is OFF, using all 20 clients.
2026-05-13 22:29:20,404 [INFO] Edge 1: Balanced replay 15000->75000 (5x) for 314351 new samples.
2026-05-13 22:29:26,095 [INFO] Edge 2: WTO is OFF, using all 20 clients.
2026-05-13 22:29:26,148 [INFO] Edge 2: Balanced replay 15000->75000 (5x) for 314351 new samples.
2026-05-13 22:31:18,889 [INFO]   [Eval] Task 1, R 73: Acc: 66.08% | Prec-Mac: 58.95% | Rec-Mac: 75.66% | Mi-F1: 66.08% | Ma-F1: 57.93% | We-F1: 69.73% | Loss: 2.5760
2026-05-13 22:31:19,406 [INFO]   [CKPT] Saved: ckpt_icarl_task01_r073_global113_acc66.1.pth
2026-05-13 22:31:19,406 [INFO] 
--- Task 1, Round 74/80 (Global 114) ---
2026-05-13 22:31:19,412 [INFO] Edge 0: WTO is OFF, using all 20 clients.
2026-05-13 22:31:19,465 [INFO] Edge 0: Balanced replay 15000->75000 (5x) for 314352 new samples.
2026-05-13 22:31:25,283 [INFO] Edge 1: WTO is OFF, using all 20 clients.
2026-05-13 22:31:25,335 [INFO] Edge 1: Balanced replay 15000->75000 (5x) for 314351 new samples.
2026-05-13 22:31:31,031 [INFO] Edge 2: WTO is OFF, using all 20 clients.
2026-05-13 22:31:31,090 [INFO] Edge 2: Balanced replay 15000->75000 (5x) for 314351 new samples.
2026-05-13 22:33:23,264 [INFO]   [Eval] Task 1, R 74: Acc: 66.13% | Prec-Mac: 58.96% | Rec-Mac: 75.69% | Mi-F1: 66.13% | Ma-F1: 57.96% | We-F1: 69.78% | Loss: 2.5650
2026-05-13 22:33:23,767 [INFO]   [CKPT] Saved: ckpt_icarl_task01_r074_global114_acc66.1.pth
2026-05-13 22:33:23,767 [INFO] 
--- Task 1, Round 75/80 (Global 115) ---
2026-05-13 22:33:23,771 [INFO] Edge 0: WTO is OFF, using all 20 clients.
2026-05-13 22:33:23,833 [INFO] Edge 0: Balanced replay 15000->75000 (5x) for 314352 new samples.
2026-05-13 22:33:29,386 [INFO] Edge 1: WTO is OFF, using all 20 clients.
2026-05-13 22:33:29,442 [INFO] Edge 1: Balanced replay 15000->75000 (5x) for 314351 new samples.
2026-05-13 22:33:35,249 [INFO] Edge 2: WTO is OFF, using all 20 clients.
2026-05-13 22:33:35,303 [INFO] Edge 2: Balanced replay 15000->75000 (5x) for 314351 new samples.
2026-05-13 22:35:28,083 [INFO]   [Eval] Task 1, R 75: Acc: 66.11% | Prec-Mac: 58.97% | Rec-Mac: 75.68% | Mi-F1: 66.11% | Ma-F1: 57.95% | We-F1: 69.76% | Loss: 2.5725
2026-05-13 22:35:28,587 [INFO]   [CKPT] Saved: ckpt_icarl_task01_r075_global115_acc66.1.pth
2026-05-13 22:35:28,587 [INFO] 
--- Task 1, Round 76/80 (Global 116) ---
2026-05-13 22:35:28,592 [INFO] Edge 0: WTO is OFF, using all 20 clients.
2026-05-13 22:35:28,646 [INFO] Edge 0: Balanced replay 15000->75000 (5x) for 314352 new samples.
2026-05-13 22:35:34,419 [INFO] Edge 1: WTO is OFF, using all 20 clients.
2026-05-13 22:35:34,471 [INFO] Edge 1: Balanced replay 15000->75000 (5x) for 314351 new samples.
2026-05-13 22:35:40,200 [INFO] Edge 2: WTO is OFF, using all 20 clients.
2026-05-13 22:35:40,254 [INFO] Edge 2: Balanced replay 15000->75000 (5x) for 314351 new samples.
2026-05-13 22:37:32,892 [INFO]   [Eval] Task 1, R 76: Acc: 66.10% | Prec-Mac: 58.96% | Rec-Mac: 75.68% | Mi-F1: 66.10% | Ma-F1: 57.94% | We-F1: 69.75% | Loss: 2.5709
2026-05-13 22:37:33,416 [INFO]   [CKPT] Saved: ckpt_icarl_task01_r076_global116_acc66.1.pth
2026-05-13 22:37:33,416 [INFO] 
--- Task 1, Round 77/80 (Global 117) ---
2026-05-13 22:37:33,421 [INFO] Edge 0: WTO is OFF, using all 20 clients.
2026-05-13 22:37:33,475 [INFO] Edge 0: Balanced replay 15000->75000 (5x) for 314352 new samples.
2026-05-13 22:37:39,311 [INFO] Edge 1: WTO is OFF, using all 20 clients.
2026-05-13 22:37:39,365 [INFO] Edge 1: Balanced replay 15000->75000 (5x) for 314351 new samples.
2026-05-13 22:37:45,030 [INFO] Edge 2: WTO is OFF, using all 20 clients.
2026-05-13 22:37:45,084 [INFO] Edge 2: Balanced replay 15000->75000 (5x) for 314351 new samples.
2026-05-13 22:39:37,786 [INFO]   [Eval] Task 1, R 77: Acc: 66.13% | Prec-Mac: 58.97% | Rec-Mac: 75.68% | Mi-F1: 66.13% | Ma-F1: 57.97% | We-F1: 69.78% | Loss: 2.5673
2026-05-13 22:39:38,287 [INFO]   [CKPT] Saved: ckpt_icarl_task01_r077_global117_acc66.1.pth
2026-05-13 22:39:38,288 [INFO] 
--- Task 1, Round 78/80 (Global 118) ---
2026-05-13 22:39:38,292 [INFO] Edge 0: WTO is OFF, using all 20 clients.
2026-05-13 22:39:38,346 [INFO] Edge 0: Balanced replay 15000->75000 (5x) for 314352 new samples.
2026-05-13 22:39:44,152 [INFO] Edge 1: WTO is OFF, using all 20 clients.
2026-05-13 22:39:44,204 [INFO] Edge 1: Balanced replay 15000->75000 (5x) for 314351 new samples.
2026-05-13 22:39:49,862 [INFO] Edge 2: WTO is OFF, using all 20 clients.
2026-05-13 22:39:49,914 [INFO] Edge 2: Balanced replay 15000->75000 (5x) for 314351 new samples.
2026-05-13 22:41:42,436 [INFO]   [Eval] Task 1, R 78: Acc: 66.10% | Prec-Mac: 58.96% | Rec-Mac: 75.67% | Mi-F1: 66.10% | Ma-F1: 57.94% | We-F1: 69.75% | Loss: 2.5714
2026-05-13 22:41:42,952 [INFO]   [CKPT] Saved: ckpt_icarl_task01_r078_global118_acc66.1.pth
2026-05-13 22:41:42,952 [INFO] 
--- Task 1, Round 79/80 (Global 119) ---
2026-05-13 22:41:42,957 [INFO] Edge 0: WTO is OFF, using all 20 clients.
2026-05-13 22:41:43,018 [INFO] Edge 0: Balanced replay 15000->75000 (5x) for 314352 new samples.
2026-05-13 22:41:48,781 [INFO] Edge 1: WTO is OFF, using all 20 clients.
2026-05-13 22:41:48,833 [INFO] Edge 1: Balanced replay 15000->75000 (5x) for 314351 new samples.
2026-05-13 22:41:54,464 [INFO] Edge 2: WTO is OFF, using all 20 clients.
2026-05-13 22:41:54,519 [INFO] Edge 2: Balanced replay 15000->75000 (5x) for 314351 new samples.
2026-05-13 22:43:47,439 [INFO]   [Eval] Task 1, R 79: Acc: 66.11% | Prec-Mac: 58.96% | Rec-Mac: 75.67% | Mi-F1: 66.11% | Ma-F1: 57.95% | We-F1: 69.76% | Loss: 2.5730
2026-05-13 22:43:47,948 [INFO]   [CKPT] Saved: ckpt_icarl_task01_r079_global119_acc66.1.pth
2026-05-13 22:43:47,948 [INFO] 
--- Task 1, Round 80/80 (Global 120) ---
2026-05-13 22:43:47,953 [INFO] Edge 0: WTO is OFF, using all 20 clients.
2026-05-13 22:43:48,007 [INFO] Edge 0: Balanced replay 15000->75000 (5x) for 314352 new samples.
2026-05-13 22:45:36,345 [INFO] Edge 0: Memory updated at end of task. Total stored: 14994 samples across 9 classes.
2026-05-13 22:45:36,349 [INFO] Edge 1: WTO is OFF, using all 20 clients.
2026-05-13 22:45:36,421 [INFO] Edge 1: Balanced replay 15000->75000 (5x) for 314351 new samples.
2026-05-13 22:47:25,339 [INFO] Edge 1: Memory updated at end of task. Total stored: 14994 samples across 9 classes.
2026-05-13 22:47:25,343 [INFO] Edge 2: WTO is OFF, using all 20 clients.
2026-05-13 22:47:25,400 [INFO] Edge 2: Balanced replay 15000->75000 (5x) for 314351 new samples.
2026-05-13 22:49:14,539 [INFO] Edge 2: Memory updated at end of task. Total stored: 14994 samples across 9 classes.
2026-05-13 22:51:01,804 [INFO]   [Eval] Task 1, R 80: Acc: 66.10% | Prec-Mac: 58.96% | Rec-Mac: 75.67% | Mi-F1: 66.10% | Ma-F1: 57.94% | We-F1: 69.75% | Loss: 2.5726
2026-05-13 22:51:02,305 [INFO]   [CKPT] Saved: ckpt_icarl_task01_r080_global120_acc66.1.pth
2026-05-13 22:51:02,305 [INFO] 
Loading data for Task 2 (Classes: [9, 10, 11, 12])...
2026-05-13 22:51:04,333 [INFO] Expanded global model to 13 classes for Task 2
2026-05-13 22:51:04,347 [INFO] 
============================================================
2026-05-13 22:51:04,347 [INFO] Task 2/4 | Classes: [9, 10, 11, 12] | 80 rounds | LR: 0.02
2026-05-13 22:51:04,347 [INFO] ============================================================
2026-05-13 22:51:04,347 [INFO] 
--- Task 2, Round 1/80 (Global 121) ---
2026-05-13 22:51:04,351 [INFO] Edge 0: WTO is OFF, using all 20 clients.
2026-05-13 22:51:05,556 [INFO] Edge 1: WTO is OFF, using all 20 clients.
2026-05-13 22:51:06,664 [INFO] Edge 2: WTO is OFF, using all 20 clients.
2026-05-13 22:52:58,541 [INFO]   [Eval] Task 2, R 1: Acc: 55.17% | Prec-Mac: 38.15% | Rec-Mac: 50.99% | Mi-F1: 55.17% | Ma-F1: 35.95% | We-F1: 57.32% | Loss: 2.1663
2026-05-13 22:52:59,046 [INFO]   [CKPT] Saved: ckpt_icarl_task02_r001_global121_acc55.2.pth
2026-05-13 22:52:59,046 [INFO] 
--- Task 2, Round 2/80 (Global 122) ---
2026-05-13 22:52:59,052 [INFO] Edge 0: WTO is OFF, using all 20 clients.
2026-05-13 22:53:00,194 [INFO] Edge 1: WTO is OFF, using all 20 clients.
2026-05-13 22:53:01,292 [INFO] Edge 2: WTO is OFF, using all 20 clients.
2026-05-13 22:54:52,412 [INFO]   [Eval] Task 2, R 2: Acc: 55.56% | Prec-Mac: 43.88% | Rec-Mac: 61.04% | Mi-F1: 55.56% | Ma-F1: 42.38% | We-F1: 60.56% | Loss: 2.2480
2026-05-13 22:54:52,924 [INFO]   [CKPT] Saved: ckpt_icarl_task02_r002_global122_acc55.6.pth
2026-05-13 22:54:52,925 [INFO] 
--- Task 2, Round 3/80 (Global 123) ---
2026-05-13 22:54:52,929 [INFO] Edge 0: WTO is OFF, using all 20 clients.
2026-05-13 22:54:54,092 [INFO] Edge 1: WTO is OFF, using all 20 clients.
2026-05-13 22:54:55,359 [INFO] Edge 2: WTO is OFF, using all 20 clients.
2026-05-13 22:56:47,250 [INFO]   [Eval] Task 2, R 3: Acc: 53.54% | Prec-Mac: 46.61% | Rec-Mac: 62.95% | Mi-F1: 53.54% | Ma-F1: 44.91% | We-F1: 58.22% | Loss: 2.3893
2026-05-13 22:56:47,756 [INFO]   [CKPT] Saved: ckpt_icarl_task02_r003_global123_acc53.5.pth
2026-05-13 22:56:47,756 [INFO] 
--- Task 2, Round 4/80 (Global 124) ---
2026-05-13 22:56:47,761 [INFO] Edge 0: WTO is OFF, using all 20 clients.
2026-05-13 22:56:49,051 [INFO] Edge 1: WTO is OFF, using all 20 clients.
2026-05-13 22:56:50,128 [INFO] Edge 2: WTO is OFF, using all 20 clients.
2026-05-13 22:58:41,791 [INFO]   [Eval] Task 2, R 4: Acc: 54.17% | Prec-Mac: 47.42% | Rec-Mac: 63.61% | Mi-F1: 54.17% | Ma-F1: 46.04% | We-F1: 59.00% | Loss: 2.3964
2026-05-13 22:58:42,296 [INFO]   [CKPT] Saved: ckpt_icarl_task02_r004_global124_acc54.2.pth
2026-05-13 22:58:42,296 [INFO] 
--- Task 2, Round 5/80 (Global 125) ---
2026-05-13 22:58:42,300 [INFO] Edge 0: WTO is OFF, using all 20 clients.
2026-05-13 22:58:43,440 [INFO] Edge 1: WTO is OFF, using all 20 clients.
2026-05-13 22:58:44,510 [INFO] Edge 2: WTO is OFF, using all 20 clients.
2026-05-13 23:00:35,453 [INFO]   [Eval] Task 2, R 5: Acc: 53.85% | Prec-Mac: 47.22% | Rec-Mac: 62.63% | Mi-F1: 53.85% | Ma-F1: 46.24% | We-F1: 58.99% | Loss: 2.3404
2026-05-13 23:00:35,969 [INFO]   [CKPT] Saved: ckpt_icarl_task02_r005_global125_acc53.9.pth
2026-05-13 23:00:35,969 [INFO] 
--- Task 2, Round 6/80 (Global 126) ---
2026-05-13 23:00:35,974 [INFO] Edge 0: WTO is OFF, using all 20 clients.
2026-05-13 23:00:37,131 [INFO] Edge 1: WTO is OFF, using all 20 clients.
2026-05-13 23:00:38,205 [INFO] Edge 2: WTO is OFF, using all 20 clients.
2026-05-13 23:02:29,012 [INFO]   [Eval] Task 2, R 6: Acc: 54.24% | Prec-Mac: 47.32% | Rec-Mac: 62.33% | Mi-F1: 54.24% | Ma-F1: 46.04% | We-F1: 59.46% | Loss: 2.3806
2026-05-13 23:02:29,523 [INFO]   [CKPT] Saved: ckpt_icarl_task02_r006_global126_acc54.2.pth
2026-05-13 23:02:29,523 [INFO] 
--- Task 2, Round 7/80 (Global 127) ---
2026-05-13 23:02:29,528 [INFO] Edge 0: WTO is OFF, using all 20 clients.
2026-05-13 23:02:30,717 [INFO] Edge 1: WTO is OFF, using all 20 clients.
2026-05-13 23:02:31,820 [INFO] Edge 2: WTO is OFF, using all 20 clients.
2026-05-13 23:04:22,157 [INFO]   [Eval] Task 2, R 7: Acc: 56.67% | Prec-Mac: 47.87% | Rec-Mac: 64.39% | Mi-F1: 56.67% | Ma-F1: 47.80% | We-F1: 61.51% | Loss: 2.3630
2026-05-13 23:04:22,653 [INFO]   [CKPT] Saved: ckpt_icarl_task02_r007_global127_acc56.7.pth
2026-05-13 23:04:22,653 [INFO] 
--- Task 2, Round 8/80 (Global 128) ---
2026-05-13 23:04:22,657 [INFO] Edge 0: WTO is OFF, using all 20 clients.
2026-05-13 23:04:23,793 [INFO] Edge 1: WTO is OFF, using all 20 clients.
2026-05-13 23:04:24,865 [INFO] Edge 2: WTO is OFF, using all 20 clients.
2026-05-13 23:06:15,813 [INFO]   [Eval] Task 2, R 8: Acc: 55.43% | Prec-Mac: 47.26% | Rec-Mac: 65.12% | Mi-F1: 55.43% | Ma-F1: 46.49% | We-F1: 60.12% | Loss: 2.4424
2026-05-13 23:06:16,339 [INFO]   [CKPT] Saved: ckpt_icarl_task02_r008_global128_acc55.4.pth
2026-05-13 23:06:16,339 [INFO] 
--- Task 2, Round 9/80 (Global 129) ---
2026-05-13 23:06:16,344 [INFO] Edge 0: WTO is OFF, using all 20 clients.
2026-05-13 23:06:17,493 [INFO] Edge 1: WTO is OFF, using all 20 clients.
2026-05-13 23:06:18,585 [INFO] Edge 2: WTO is OFF, using all 20 clients.
2026-05-13 23:08:09,831 [INFO]   [Eval] Task 2, R 9: Acc: 55.13% | Prec-Mac: 46.81% | Rec-Mac: 64.57% | Mi-F1: 55.13% | Ma-F1: 47.05% | We-F1: 59.83% | Loss: 2.5034
2026-05-13 23:08:10,327 [INFO]   [CKPT] Saved: ckpt_icarl_task02_r009_global129_acc55.1.pth
2026-05-13 23:08:10,328 [INFO] 
--- Task 2, Round 10/80 (Global 130) ---
2026-05-13 23:08:10,332 [INFO] Edge 0: WTO is OFF, using all 20 clients.
2026-05-13 23:08:11,492 [INFO] Edge 1: WTO is OFF, using all 20 clients.
2026-05-13 23:08:12,572 [INFO] Edge 2: WTO is OFF, using all 20 clients.
2026-05-13 23:10:03,489 [INFO]   [Eval] Task 2, R 10: Acc: 53.24% | Prec-Mac: 47.35% | Rec-Mac: 60.47% | Mi-F1: 53.24% | Ma-F1: 42.97% | We-F1: 57.82% | Loss: 2.4542
2026-05-13 23:10:04,011 [INFO]   [CKPT] Saved: ckpt_icarl_task02_r010_global130_acc53.2.pth
2026-05-13 23:10:04,011 [INFO] 
--- Task 2, Round 11/80 (Global 131) ---
2026-05-13 23:10:04,016 [INFO] Edge 0: WTO is OFF, using all 20 clients.
2026-05-13 23:10:05,186 [INFO] Edge 1: WTO is OFF, using all 20 clients.
2026-05-13 23:10:06,272 [INFO] Edge 2: WTO is OFF, using all 20 clients.
2026-05-13 23:11:57,484 [INFO]   [Eval] Task 2, R 11: Acc: 53.71% | Prec-Mac: 46.58% | Rec-Mac: 63.21% | Mi-F1: 53.71% | Ma-F1: 45.10% | We-F1: 58.92% | Loss: 2.6177
2026-05-13 23:11:57,987 [INFO]   [CKPT] Saved: ckpt_icarl_task02_r011_global131_acc53.7.pth
2026-05-13 23:11:57,987 [INFO] 
--- Task 2, Round 12/80 (Global 132) ---
2026-05-13 23:11:57,992 [INFO] Edge 0: WTO is OFF, using all 20 clients.
2026-05-13 23:11:59,147 [INFO] Edge 1: WTO is OFF, using all 20 clients.
2026-05-13 23:12:00,400 [INFO] Edge 2: WTO is OFF, using all 20 clients.
2026-05-13 23:13:51,537 [INFO]   [Eval] Task 2, R 12: Acc: 53.22% | Prec-Mac: 47.57% | Rec-Mac: 63.19% | Mi-F1: 53.22% | Ma-F1: 45.32% | We-F1: 58.00% | Loss: 2.6485
2026-05-13 23:13:52,040 [INFO]   [CKPT] Saved: ckpt_icarl_task02_r012_global132_acc53.2.pth
2026-05-13 23:13:52,040 [INFO] 
--- Task 2, Round 13/80 (Global 133) ---
2026-05-13 23:13:52,044 [INFO] Edge 0: WTO is OFF, using all 20 clients.
2026-05-13 23:13:53,342 [INFO] Edge 1: WTO is OFF, using all 20 clients.
2026-05-13 23:13:54,446 [INFO] Edge 2: WTO is OFF, using all 20 clients.
2026-05-13 23:15:46,190 [INFO]   [Eval] Task 2, R 13: Acc: 53.75% | Prec-Mac: 46.05% | Rec-Mac: 63.37% | Mi-F1: 53.75% | Ma-F1: 45.14% | We-F1: 58.93% | Loss: 2.6085
2026-05-13 23:15:46,691 [INFO]   [CKPT] Saved: ckpt_icarl_task02_r013_global133_acc53.8.pth
2026-05-13 23:15:46,691 [INFO] 
--- Task 2, Round 14/80 (Global 134) ---
2026-05-13 23:15:46,696 [INFO] Edge 0: WTO is OFF, using all 20 clients.
2026-05-13 23:15:47,851 [INFO] Edge 1: WTO is OFF, using all 20 clients.
2026-05-13 23:15:48,939 [INFO] Edge 2: WTO is OFF, using all 20 clients.
2026-05-13 23:17:40,017 [INFO]   [Eval] Task 2, R 14: Acc: 51.64% | Prec-Mac: 48.30% | Rec-Mac: 61.85% | Mi-F1: 51.64% | Ma-F1: 45.61% | We-F1: 56.37% | Loss: 2.7262
2026-05-13 23:17:40,534 [INFO]   [CKPT] Saved: ckpt_icarl_task02_r014_global134_acc51.6.pth
2026-05-13 23:17:40,534 [INFO] 
--- Task 2, Round 15/80 (Global 135) ---
2026-05-13 23:17:40,538 [INFO] Edge 0: WTO is OFF, using all 20 clients.
2026-05-13 23:17:41,686 [INFO] Edge 1: WTO is OFF, using all 20 clients.
2026-05-13 23:17:42,766 [INFO] Edge 2: WTO is OFF, using all 20 clients.
2026-05-13 23:19:34,847 [INFO]   [Eval] Task 2, R 15: Acc: 55.15% | Prec-Mac: 46.46% | Rec-Mac: 62.64% | Mi-F1: 55.15% | Ma-F1: 45.07% | We-F1: 60.60% | Loss: 2.5544
2026-05-13 23:19:35,387 [INFO]   [CKPT] Saved: ckpt_icarl_task02_r015_global135_acc55.2.pth
2026-05-13 23:19:35,387 [INFO] 
--- Task 2, Round 16/80 (Global 136) ---
2026-05-13 23:19:35,392 [INFO] Edge 0: WTO is OFF, using all 20 clients.
2026-05-13 23:19:36,545 [INFO] Edge 1: WTO is OFF, using all 20 clients.
2026-05-13 23:19:37,619 [INFO] Edge 2: WTO is OFF, using all 20 clients.
2026-05-13 23:21:29,210 [INFO]   [Eval] Task 2, R 16: Acc: 51.21% | Prec-Mac: 48.72% | Rec-Mac: 62.22% | Mi-F1: 51.21% | Ma-F1: 44.43% | We-F1: 56.61% | Loss: 2.9015
2026-05-13 23:21:29,711 [INFO]   [CKPT] Saved: ckpt_icarl_task02_r016_global136_acc51.2.pth
2026-05-13 23:21:29,711 [INFO] 
--- Task 2, Round 17/80 (Global 137) ---
2026-05-13 23:21:29,716 [INFO] Edge 0: WTO is OFF, using all 20 clients.
2026-05-13 23:21:30,877 [INFO] Edge 1: WTO is OFF, using all 20 clients.
2026-05-13 23:21:31,966 [INFO] Edge 2: WTO is OFF, using all 20 clients.
2026-05-13 23:23:23,745 [INFO]   [Eval] Task 2, R 17: Acc: 52.42% | Prec-Mac: 46.28% | Rec-Mac: 62.45% | Mi-F1: 52.42% | Ma-F1: 44.13% | We-F1: 57.07% | Loss: 2.7474
2026-05-13 23:23:24,269 [INFO]   [CKPT] Saved: ckpt_icarl_task02_r017_global137_acc52.4.pth
2026-05-13 23:23:24,269 [INFO] 
--- Task 2, Round 18/80 (Global 138) ---
2026-05-13 23:23:24,275 [INFO] Edge 0: WTO is OFF, using all 20 clients.
2026-05-13 23:23:25,459 [INFO] Edge 1: WTO is OFF, using all 20 clients.
2026-05-13 23:23:26,563 [INFO] Edge 2: WTO is OFF, using all 20 clients.
2026-05-13 23:25:17,289 [INFO]   [Eval] Task 2, R 18: Acc: 53.28% | Prec-Mac: 48.18% | Rec-Mac: 62.78% | Mi-F1: 53.28% | Ma-F1: 45.32% | We-F1: 58.25% | Loss: 2.7497
2026-05-13 23:25:17,797 [INFO]   [CKPT] Saved: ckpt_icarl_task02_r018_global138_acc53.3.pth
2026-05-13 23:25:17,797 [INFO] 
--- Task 2, Round 19/80 (Global 139) ---
2026-05-13 23:25:17,802 [INFO] Edge 0: WTO is OFF, using all 20 clients.
2026-05-13 23:25:18,927 [INFO] Edge 1: WTO is OFF, using all 20 clients.
2026-05-13 23:25:20,005 [INFO] Edge 2: WTO is OFF, using all 20 clients.
2026-05-13 23:27:10,865 [INFO]   [Eval] Task 2, R 19: Acc: 53.43% | Prec-Mac: 47.26% | Rec-Mac: 62.67% | Mi-F1: 53.43% | Ma-F1: 44.48% | We-F1: 58.40% | Loss: 2.7669
2026-05-13 23:27:11,361 [INFO]   [CKPT] Saved: ckpt_icarl_task02_r019_global139_acc53.4.pth
2026-05-13 23:27:11,361 [INFO] 
--- Task 2, Round 20/80 (Global 140) ---
2026-05-13 23:27:11,366 [INFO] Edge 0: WTO is OFF, using all 20 clients.
2026-05-13 23:27:12,498 [INFO] Edge 1: WTO is OFF, using all 20 clients.
2026-05-13 23:27:13,594 [INFO] Edge 2: WTO is OFF, using all 20 clients.
2026-05-13 23:29:04,364 [INFO]   [Eval] Task 2, R 20: Acc: 53.48% | Prec-Mac: 47.94% | Rec-Mac: 63.36% | Mi-F1: 53.48% | Ma-F1: 44.45% | We-F1: 58.47% | Loss: 2.8352
2026-05-13 23:29:04,886 [INFO]   [CKPT] Saved: ckpt_icarl_task02_r020_global140_acc53.5.pth
2026-05-13 23:29:04,886 [INFO] 
--- Task 2, Round 21/80 (Global 141) ---
2026-05-13 23:29:04,891 [INFO] Edge 0: WTO is OFF, using all 20 clients.
2026-05-13 23:29:06,052 [INFO] Edge 1: WTO is OFF, using all 20 clients.
2026-05-13 23:29:07,298 [INFO] Edge 2: WTO is OFF, using all 20 clients.
2026-05-13 23:30:57,893 [INFO]   [Eval] Task 2, R 21: Acc: 54.47% | Prec-Mac: 47.86% | Rec-Mac: 63.82% | Mi-F1: 54.47% | Ma-F1: 45.01% | We-F1: 59.76% | Loss: 2.7773
2026-05-13 23:30:58,393 [INFO]   [CKPT] Saved: ckpt_icarl_task02_r021_global141_acc54.5.pth
2026-05-13 23:30:58,393 [INFO] 
--- Task 2, Round 22/80 (Global 142) ---
2026-05-13 23:30:58,398 [INFO] Edge 0: WTO is OFF, using all 20 clients.
2026-05-13 23:30:59,705 [INFO] Edge 1: WTO is OFF, using all 20 clients.
2026-05-13 23:31:00,809 [INFO] Edge 2: WTO is OFF, using all 20 clients.
2026-05-13 23:32:52,132 [INFO]   [Eval] Task 2, R 22: Acc: 54.65% | Prec-Mac: 49.08% | Rec-Mac: 64.81% | Mi-F1: 54.65% | Ma-F1: 46.65% | We-F1: 59.50% | Loss: 2.8228
2026-05-13 23:32:52,657 [INFO]   [CKPT] Saved: ckpt_icarl_task02_r022_global142_acc54.7.pth
2026-05-13 23:32:52,657 [INFO] 
--- Task 2, Round 23/80 (Global 143) ---
2026-05-13 23:32:52,662 [INFO] Edge 0: WTO is OFF, using all 20 clients.
2026-05-13 23:32:53,828 [INFO] Edge 1: WTO is OFF, using all 20 clients.
2026-05-13 23:32:54,908 [INFO] Edge 2: WTO is OFF, using all 20 clients.
2026-05-13 23:34:46,423 [INFO]   [Eval] Task 2, R 23: Acc: 54.30% | Prec-Mac: 46.81% | Rec-Mac: 62.72% | Mi-F1: 54.30% | Ma-F1: 44.28% | We-F1: 59.66% | Loss: 2.7007
2026-05-13 23:34:46,932 [INFO]   [CKPT] Saved: ckpt_icarl_task02_r023_global143_acc54.3.pth
2026-05-13 23:34:46,933 [INFO] 
--- Task 2, Round 24/80 (Global 144) ---
2026-05-13 23:34:46,937 [INFO] Edge 0: WTO is OFF, using all 20 clients.
2026-05-13 23:34:48,082 [INFO] Edge 1: WTO is OFF, using all 20 clients.
2026-05-13 23:34:49,172 [INFO] Edge 2: WTO is OFF, using all 20 clients.
2026-05-13 23:36:40,767 [INFO]   [Eval] Task 2, R 24: Acc: 55.03% | Prec-Mac: 48.43% | Rec-Mac: 63.65% | Mi-F1: 55.03% | Ma-F1: 45.67% | We-F1: 60.31% | Loss: 2.7431
2026-05-13 23:36:41,282 [INFO]   [CKPT] Saved: ckpt_icarl_task02_r024_global144_acc55.0.pth
2026-05-13 23:36:41,282 [INFO] 
--- Task 2, Round 25/80 (Global 145) ---
2026-05-13 23:36:41,287 [INFO] Edge 0: WTO is OFF, using all 20 clients.
2026-05-13 23:36:42,450 [INFO] Edge 1: WTO is OFF, using all 20 clients.
2026-05-13 23:36:43,545 [INFO] Edge 2: WTO is OFF, using all 20 clients.
2026-05-13 23:38:35,387 [INFO]   [Eval] Task 2, R 25: Acc: 53.71% | Prec-Mac: 49.39% | Rec-Mac: 64.61% | Mi-F1: 53.71% | Ma-F1: 45.56% | We-F1: 58.73% | Loss: 2.9273
2026-05-13 23:38:35,904 [INFO]   [CKPT] Saved: ckpt_icarl_task02_r025_global145_acc53.7.pth
2026-05-13 23:38:35,904 [INFO] 
--- Task 2, Round 26/80 (Global 146) ---
2026-05-13 23:38:35,911 [INFO] Edge 0: WTO is OFF, using all 20 clients.
2026-05-13 23:38:37,096 [INFO] Edge 1: WTO is OFF, using all 20 clients.
2026-05-13 23:38:38,194 [INFO] Edge 2: WTO is OFF, using all 20 clients.
2026-05-13 23:40:29,714 [INFO]   [Eval] Task 2, R 26: Acc: 53.43% | Prec-Mac: 49.27% | Rec-Mac: 63.87% | Mi-F1: 53.43% | Ma-F1: 45.09% | We-F1: 58.68% | Loss: 2.9935
2026-05-13 23:40:30,238 [INFO]   [CKPT] Saved: ckpt_icarl_task02_r026_global146_acc53.4.pth
2026-05-13 23:40:30,238 [INFO] 
--- Task 2, Round 27/80 (Global 147) ---
2026-05-13 23:40:30,244 [INFO] Edge 0: WTO is OFF, using all 20 clients.
2026-05-13 23:40:31,403 [INFO] Edge 1: WTO is OFF, using all 20 clients.
2026-05-13 23:40:32,482 [INFO] Edge 2: WTO is OFF, using all 20 clients.
2026-05-13 23:42:23,782 [INFO]   [Eval] Task 2, R 27: Acc: 55.30% | Prec-Mac: 48.84% | Rec-Mac: 64.39% | Mi-F1: 55.30% | Ma-F1: 46.17% | We-F1: 60.98% | Loss: 2.8434
2026-05-13 23:42:24,301 [INFO]   [CKPT] Saved: ckpt_icarl_task02_r027_global147_acc55.3.pth
2026-05-13 23:42:24,301 [INFO] 
--- Task 2, Round 28/80 (Global 148) ---
2026-05-13 23:42:24,306 [INFO] Edge 0: WTO is OFF, using all 20 clients.
2026-05-13 23:42:25,515 [INFO] Edge 1: WTO is OFF, using all 20 clients.
2026-05-13 23:42:26,658 [INFO] Edge 2: WTO is OFF, using all 20 clients.
2026-05-13 23:44:18,896 [INFO]   [Eval] Task 2, R 28: Acc: 54.27% | Prec-Mac: 48.44% | Rec-Mac: 63.29% | Mi-F1: 54.27% | Ma-F1: 45.08% | We-F1: 59.68% | Loss: 2.8403
2026-05-13 23:44:19,403 [INFO]   [CKPT] Saved: ckpt_icarl_task02_r028_global148_acc54.3.pth
2026-05-13 23:44:19,404 [INFO] 
--- Task 2, Round 29/80 (Global 149) ---
2026-05-13 23:44:19,408 [INFO] Edge 0: WTO is OFF, using all 20 clients.
2026-05-13 23:44:20,552 [INFO] Edge 1: WTO is OFF, using all 20 clients.
2026-05-13 23:44:21,626 [INFO] Edge 2: WTO is OFF, using all 20 clients.
2026-05-13 23:46:13,809 [INFO]   [Eval] Task 2, R 29: Acc: 53.28% | Prec-Mac: 47.94% | Rec-Mac: 63.12% | Mi-F1: 53.28% | Ma-F1: 44.36% | We-F1: 58.51% | Loss: 2.9350
2026-05-13 23:46:14,324 [INFO]   [CKPT] Saved: ckpt_icarl_task02_r029_global149_acc53.3.pth
2026-05-13 23:46:14,324 [INFO] 
--- Task 2, Round 30/80 (Global 150) ---
2026-05-13 23:46:14,329 [INFO] Edge 0: WTO is OFF, using all 20 clients.
2026-05-13 23:46:15,526 [INFO] Edge 1: WTO is OFF, using all 20 clients.
2026-05-13 23:46:16,793 [INFO] Edge 2: WTO is OFF, using all 20 clients.
2026-05-13 23:48:08,261 [INFO]   [Eval] Task 2, R 30: Acc: 53.39% | Prec-Mac: 47.71% | Rec-Mac: 63.08% | Mi-F1: 53.39% | Ma-F1: 45.52% | We-F1: 58.54% | Loss: 2.9988
2026-05-13 23:48:08,759 [INFO]   [CKPT] Saved: ckpt_icarl_task02_r030_global150_acc53.4.pth
2026-05-13 23:48:08,760 [INFO] 
--- Task 2, Round 31/80 (Global 151) ---
2026-05-13 23:48:08,765 [INFO] Edge 0: WTO is OFF, using all 20 clients.
2026-05-13 23:48:10,060 [INFO] Edge 1: WTO is OFF, using all 20 clients.
2026-05-13 23:48:11,145 [INFO] Edge 2: WTO is OFF, using all 20 clients.
2026-05-13 23:50:02,780 [INFO]   [Eval] Task 2, R 31: Acc: 54.87% | Prec-Mac: 48.37% | Rec-Mac: 63.59% | Mi-F1: 54.87% | Ma-F1: 46.37% | We-F1: 60.31% | Loss: 2.8409
2026-05-13 23:50:03,285 [INFO]   [CKPT] Saved: ckpt_icarl_task02_r031_global151_acc54.9.pth
2026-05-13 23:50:03,286 [INFO] 
--- Task 2, Round 32/80 (Global 152) ---
2026-05-13 23:50:03,290 [INFO] Edge 0: WTO is OFF, using all 20 clients.
2026-05-13 23:50:04,451 [INFO] Edge 1: WTO is OFF, using all 20 clients.
2026-05-13 23:50:05,548 [INFO] Edge 2: WTO is OFF, using all 20 clients.
2026-05-13 23:51:56,657 [INFO]   [Eval] Task 2, R 32: Acc: 53.67% | Prec-Mac: 48.42% | Rec-Mac: 63.33% | Mi-F1: 53.67% | Ma-F1: 44.79% | We-F1: 58.63% | Loss: 3.0287
2026-05-13 23:51:57,158 [INFO]   [CKPT] Saved: ckpt_icarl_task02_r032_global152_acc53.7.pth
2026-05-13 23:51:57,158 [INFO] 
--- Task 2, Round 33/80 (Global 153) ---
2026-05-13 23:51:57,163 [INFO] Edge 0: WTO is OFF, using all 20 clients.
2026-05-13 23:51:58,312 [INFO] Edge 1: WTO is OFF, using all 20 clients.
2026-05-13 23:51:59,384 [INFO] Edge 2: WTO is OFF, using all 20 clients.
2026-05-13 23:53:50,135 [INFO]   [Eval] Task 2, R 33: Acc: 53.66% | Prec-Mac: 49.49% | Rec-Mac: 64.41% | Mi-F1: 53.66% | Ma-F1: 45.55% | We-F1: 58.87% | Loss: 3.0389
2026-05-13 23:53:50,662 [INFO]   [CKPT] Saved: ckpt_icarl_task02_r033_global153_acc53.7.pth
2026-05-13 23:53:50,662 [INFO] 
--- Task 2, Round 34/80 (Global 154) ---
2026-05-13 23:53:50,667 [INFO] Edge 0: WTO is OFF, using all 20 clients.
2026-05-13 23:53:51,829 [INFO] Edge 1: WTO is OFF, using all 20 clients.
2026-05-13 23:53:52,922 [INFO] Edge 2: WTO is OFF, using all 20 clients.
2026-05-13 23:55:44,373 [INFO]   [Eval] Task 2, R 34: Acc: 55.02% | Prec-Mac: 48.18% | Rec-Mac: 63.23% | Mi-F1: 55.02% | Ma-F1: 45.26% | We-F1: 60.58% | Loss: 2.9068
2026-05-13 23:55:44,884 [INFO]   [CKPT] Saved: ckpt_icarl_task02_r034_global154_acc55.0.pth
2026-05-13 23:55:44,884 [INFO] 
--- Task 2, Round 35/80 (Global 155) ---
2026-05-13 23:55:44,889 [INFO] Edge 0: WTO is OFF, using all 20 clients.
2026-05-13 23:55:46,045 [INFO] Edge 1: WTO is OFF, using all 20 clients.
2026-05-13 23:55:47,121 [INFO] Edge 2: WTO is OFF, using all 20 clients.
2026-05-13 23:57:38,543 [INFO]   [Eval] Task 2, R 35: Acc: 54.52% | Prec-Mac: 49.04% | Rec-Mac: 64.24% | Mi-F1: 54.52% | Ma-F1: 46.38% | We-F1: 59.96% | Loss: 2.9356
2026-05-13 23:57:39,059 [INFO]   [CKPT] Saved: ckpt_icarl_task02_r035_global155_acc54.5.pth
2026-05-13 23:57:39,059 [INFO] 
--- Task 2, Round 36/80 (Global 156) ---
2026-05-13 23:57:39,064 [INFO] Edge 0: WTO is OFF, using all 20 clients.
2026-05-13 23:57:40,210 [INFO] Edge 1: WTO is OFF, using all 20 clients.
2026-05-13 23:57:41,287 [INFO] Edge 2: WTO is OFF, using all 20 clients.
2026-05-13 23:59:32,420 [INFO]   [Eval] Task 2, R 36: Acc: 54.40% | Prec-Mac: 48.20% | Rec-Mac: 63.80% | Mi-F1: 54.40% | Ma-F1: 46.00% | We-F1: 59.73% | Loss: 2.9044
2026-05-13 23:59:32,933 [INFO]   [CKPT] Saved: ckpt_icarl_task02_r036_global156_acc54.4.pth
2026-05-13 23:59:32,933 [INFO] 
--- Task 2, Round 37/80 (Global 157) ---
2026-05-13 23:59:32,938 [INFO] Edge 0: WTO is OFF, using all 20 clients.
2026-05-13 23:59:34,099 [INFO] Edge 1: WTO is OFF, using all 20 clients.
2026-05-13 23:59:35,190 [INFO] Edge 2: WTO is OFF, using all 20 clients.
2026-05-14 00:01:26,284 [INFO]   [Eval] Task 2, R 37: Acc: 54.83% | Prec-Mac: 48.85% | Rec-Mac: 63.65% | Mi-F1: 54.83% | Ma-F1: 46.55% | We-F1: 60.48% | Loss: 2.8740
2026-05-14 00:01:26,797 [INFO]   [CKPT] Saved: ckpt_icarl_task02_r037_global157_acc54.8.pth
2026-05-14 00:01:26,798 [INFO] 
--- Task 2, Round 38/80 (Global 158) ---
2026-05-14 00:01:26,802 [INFO] Edge 0: WTO is OFF, using all 20 clients.
2026-05-14 00:01:27,940 [INFO] Edge 1: WTO is OFF, using all 20 clients.
2026-05-14 00:01:29,012 [INFO] Edge 2: WTO is OFF, using all 20 clients.
2026-05-14 00:03:19,684 [INFO]   [Eval] Task 2, R 38: Acc: 52.30% | Prec-Mac: 49.75% | Rec-Mac: 63.86% | Mi-F1: 52.30% | Ma-F1: 45.03% | We-F1: 57.04% | Loss: 3.2269
2026-05-14 00:03:20,191 [INFO]   [CKPT] Saved: ckpt_icarl_task02_r038_global158_acc52.3.pth
2026-05-14 00:03:20,192 [INFO] 
--- Task 2, Round 39/80 (Global 159) ---
2026-05-14 00:03:20,196 [INFO] Edge 0: WTO is OFF, using all 20 clients.
2026-05-14 00:03:21,329 [INFO] Edge 1: WTO is OFF, using all 20 clients.
2026-05-14 00:03:22,566 [INFO] Edge 2: WTO is OFF, using all 20 clients.
2026-05-14 00:05:13,497 [INFO]   [Eval] Task 2, R 39: Acc: 52.76% | Prec-Mac: 49.03% | Rec-Mac: 63.58% | Mi-F1: 52.76% | Ma-F1: 44.61% | We-F1: 57.59% | Loss: 3.1510
2026-05-14 00:05:13,998 [INFO]   [CKPT] Saved: ckpt_icarl_task02_r039_global159_acc52.8.pth
2026-05-14 00:05:13,998 [INFO] 
--- Task 2, Round 40/80 (Global 160) ---
2026-05-14 00:05:14,002 [INFO] Edge 0: WTO is OFF, using all 20 clients.
2026-05-14 00:05:15,306 [INFO] Edge 1: WTO is OFF, using all 20 clients.
2026-05-14 00:05:16,390 [INFO] Edge 2: WTO is OFF, using all 20 clients.
2026-05-14 00:07:07,008 [INFO]   [Eval] Task 2, R 40: Acc: 52.43% | Prec-Mac: 49.14% | Rec-Mac: 63.26% | Mi-F1: 52.43% | Ma-F1: 44.96% | We-F1: 57.25% | Loss: 3.1523
2026-05-14 00:07:07,512 [INFO]   [CKPT] Saved: ckpt_icarl_task02_r040_global160_acc52.4.pth
2026-05-14 00:07:07,512 [INFO] 
--- Task 2, Round 41/80 (Global 161) ---
2026-05-14 00:07:07,512 [INFO]    [LR DECAY] Round 40 reached milestone: New LR = 0.002
2026-05-14 00:07:07,518 [INFO] Edge 0: WTO is OFF, using all 20 clients.
2026-05-14 00:07:08,658 [INFO] Edge 1: WTO is OFF, using all 20 clients.
2026-05-14 00:07:09,733 [INFO] Edge 2: WTO is OFF, using all 20 clients.
2026-05-14 00:09:01,282 [INFO]   [Eval] Task 2, R 41: Acc: 53.20% | Prec-Mac: 49.30% | Rec-Mac: 63.99% | Mi-F1: 53.20% | Ma-F1: 45.79% | We-F1: 58.65% | Loss: 3.0754
2026-05-14 00:09:01,788 [INFO]   [CKPT] Saved: ckpt_icarl_task02_r041_global161_acc53.2.pth
2026-05-14 00:09:01,788 [INFO] 
--- Task 2, Round 42/80 (Global 162) ---
2026-05-14 00:09:01,793 [INFO] Edge 0: WTO is OFF, using all 20 clients.
2026-05-14 00:09:02,934 [INFO] Edge 1: WTO is OFF, using all 20 clients.
2026-05-14 00:09:04,016 [INFO] Edge 2: WTO is OFF, using all 20 clients.
2026-05-14 00:10:55,075 [INFO]   [Eval] Task 2, R 42: Acc: 53.37% | Prec-Mac: 49.24% | Rec-Mac: 64.07% | Mi-F1: 53.37% | Ma-F1: 45.90% | We-F1: 58.78% | Loss: 3.0603
2026-05-14 00:10:55,590 [INFO]   [CKPT] Saved: ckpt_icarl_task02_r042_global162_acc53.4.pth
2026-05-14 00:10:55,590 [INFO] 
--- Task 2, Round 43/80 (Global 163) ---
2026-05-14 00:10:55,595 [INFO] Edge 0: WTO is OFF, using all 20 clients.
2026-05-14 00:10:56,768 [INFO] Edge 1: WTO is OFF, using all 20 clients.
2026-05-14 00:10:57,846 [INFO] Edge 2: WTO is OFF, using all 20 clients.
2026-05-14 00:12:48,569 [INFO]   [Eval] Task 2, R 43: Acc: 53.28% | Prec-Mac: 49.07% | Rec-Mac: 63.84% | Mi-F1: 53.28% | Ma-F1: 45.80% | We-F1: 58.68% | Loss: 3.0694
2026-05-14 00:12:49,073 [INFO]   [CKPT] Saved: ckpt_icarl_task02_r043_global163_acc53.3.pth
2026-05-14 00:12:49,073 [INFO] 
--- Task 2, Round 44/80 (Global 164) ---
2026-05-14 00:12:49,078 [INFO] Edge 0: WTO is OFF, using all 20 clients.
2026-05-14 00:12:50,213 [INFO] Edge 1: WTO is OFF, using all 20 clients.
2026-05-14 00:12:51,301 [INFO] Edge 2: WTO is OFF, using all 20 clients.
2026-05-14 00:14:42,183 [INFO]   [Eval] Task 2, R 44: Acc: 53.38% | Prec-Mac: 49.59% | Rec-Mac: 64.09% | Mi-F1: 53.38% | Ma-F1: 45.39% | We-F1: 58.71% | Loss: 3.0592
2026-05-14 00:14:42,697 [INFO]   [CKPT] Saved: ckpt_icarl_task02_r044_global164_acc53.4.pth
2026-05-14 00:14:42,697 [INFO] 
--- Task 2, Round 45/80 (Global 165) ---
2026-05-14 00:14:42,702 [INFO] Edge 0: WTO is OFF, using all 20 clients.
2026-05-14 00:14:43,863 [INFO] Edge 1: WTO is OFF, using all 20 clients.
2026-05-14 00:14:44,946 [INFO] Edge 2: WTO is OFF, using all 20 clients.
2026-05-14 00:16:36,389 [INFO]   [Eval] Task 2, R 45: Acc: 53.50% | Prec-Mac: 49.12% | Rec-Mac: 64.20% | Mi-F1: 53.50% | Ma-F1: 45.95% | We-F1: 58.94% | Loss: 3.0679
2026-05-14 00:16:36,890 [INFO]   [CKPT] Saved: ckpt_icarl_task02_r045_global165_acc53.5.pth
2026-05-14 00:16:36,890 [INFO] 
--- Task 2, Round 46/80 (Global 166) ---
2026-05-14 00:16:36,896 [INFO] Edge 0: WTO is OFF, using all 20 clients.
2026-05-14 00:16:38,064 [INFO] Edge 1: WTO is OFF, using all 20 clients.
2026-05-14 00:16:39,161 [INFO] Edge 2: WTO is OFF, using all 20 clients.
2026-05-14 00:18:30,402 [INFO]   [Eval] Task 2, R 46: Acc: 53.45% | Prec-Mac: 49.12% | Rec-Mac: 64.14% | Mi-F1: 53.45% | Ma-F1: 45.90% | We-F1: 58.88% | Loss: 3.0718
2026-05-14 00:18:30,912 [INFO]   [CKPT] Saved: ckpt_icarl_task02_r046_global166_acc53.5.pth
2026-05-14 00:18:30,913 [INFO] 
--- Task 2, Round 47/80 (Global 167) ---
2026-05-14 00:18:30,917 [INFO] Edge 0: WTO is OFF, using all 20 clients.
2026-05-14 00:18:32,054 [INFO] Edge 1: WTO is OFF, using all 20 clients.
2026-05-14 00:18:33,137 [INFO] Edge 2: WTO is OFF, using all 20 clients.
2026-05-14 00:20:24,904 [INFO]   [Eval] Task 2, R 47: Acc: 53.25% | Prec-Mac: 48.91% | Rec-Mac: 63.76% | Mi-F1: 53.25% | Ma-F1: 45.73% | We-F1: 58.61% | Loss: 3.0895
2026-05-14 00:20:25,428 [INFO]   [CKPT] Saved: ckpt_icarl_task02_r047_global167_acc53.3.pth
2026-05-14 00:20:25,428 [INFO] 
--- Task 2, Round 48/80 (Global 168) ---
2026-05-14 00:20:25,433 [INFO] Edge 0: WTO is OFF, using all 20 clients.
2026-05-14 00:20:26,604 [INFO] Edge 1: WTO is OFF, using all 20 clients.
2026-05-14 00:20:27,858 [INFO] Edge 2: WTO is OFF, using all 20 clients.
2026-05-14 00:22:19,888 [INFO]   [Eval] Task 2, R 48: Acc: 52.59% | Prec-Mac: 48.31% | Rec-Mac: 63.44% | Mi-F1: 52.59% | Ma-F1: 45.45% | We-F1: 57.69% | Loss: 3.1265
2026-05-14 00:22:20,399 [INFO]   [CKPT] Saved: ckpt_icarl_task02_r048_global168_acc52.6.pth
2026-05-14 00:22:20,399 [INFO] 
--- Task 2, Round 49/80 (Global 169) ---
2026-05-14 00:22:20,404 [INFO] Edge 0: WTO is OFF, using all 20 clients.
2026-05-14 00:22:21,708 [INFO] Edge 1: WTO is OFF, using all 20 clients.
2026-05-14 00:22:22,798 [INFO] Edge 2: WTO is OFF, using all 20 clients.
2026-05-14 00:24:14,935 [INFO]   [Eval] Task 2, R 49: Acc: 53.29% | Prec-Mac: 49.03% | Rec-Mac: 63.95% | Mi-F1: 53.29% | Ma-F1: 45.80% | We-F1: 58.68% | Loss: 3.1081
2026-05-14 00:24:15,462 [INFO]   [CKPT] Saved: ckpt_icarl_task02_r049_global169_acc53.3.pth
2026-05-14 00:24:15,462 [INFO] 
--- Task 2, Round 50/80 (Global 170) ---
2026-05-14 00:24:15,467 [INFO] Edge 0: WTO is OFF, using all 20 clients.
2026-05-14 00:24:16,635 [INFO] Edge 1: WTO is OFF, using all 20 clients.
2026-05-14 00:24:17,762 [INFO] Edge 2: WTO is OFF, using all 20 clients.
2026-05-14 00:26:10,434 [INFO]   [Eval] Task 2, R 50: Acc: 53.02% | Prec-Mac: 48.70% | Rec-Mac: 63.78% | Mi-F1: 53.02% | Ma-F1: 45.66% | We-F1: 58.27% | Loss: 3.1217
2026-05-14 00:26:10,958 [INFO]   [CKPT] Saved: ckpt_icarl_task02_r050_global170_acc53.0.pth
2026-05-14 00:26:10,958 [INFO] 
--- Task 2, Round 51/80 (Global 171) ---
2026-05-14 00:26:10,963 [INFO] Edge 0: WTO is OFF, using all 20 clients.
2026-05-14 00:26:12,107 [INFO] Edge 1: WTO is OFF, using all 20 clients.
2026-05-14 00:26:13,214 [INFO] Edge 2: WTO is OFF, using all 20 clients.
2026-05-14 00:28:05,724 [INFO]   [Eval] Task 2, R 51: Acc: 53.31% | Prec-Mac: 48.95% | Rec-Mac: 64.01% | Mi-F1: 53.31% | Ma-F1: 45.81% | We-F1: 58.67% | Loss: 3.1082
2026-05-14 00:28:06,266 [INFO]   [CKPT] Saved: ckpt_icarl_task02_r051_global171_acc53.3.pth
2026-05-14 00:28:06,266 [INFO] 
--- Task 2, Round 52/80 (Global 172) ---
2026-05-14 00:28:06,271 [INFO] Edge 0: WTO is OFF, using all 20 clients.
2026-05-14 00:28:07,449 [INFO] Edge 1: WTO is OFF, using all 20 clients.
2026-05-14 00:28:08,554 [INFO] Edge 2: WTO is OFF, using all 20 clients.
2026-05-14 00:30:01,083 [INFO]   [Eval] Task 2, R 52: Acc: 53.44% | Prec-Mac: 49.06% | Rec-Mac: 64.11% | Mi-F1: 53.44% | Ma-F1: 45.85% | We-F1: 58.87% | Loss: 3.1033
2026-05-14 00:30:01,596 [INFO]   [CKPT] Saved: ckpt_icarl_task02_r052_global172_acc53.4.pth
2026-05-14 00:30:01,596 [INFO] 
--- Task 2, Round 53/80 (Global 173) ---
2026-05-14 00:30:01,601 [INFO] Edge 0: WTO is OFF, using all 20 clients.
2026-05-14 00:30:02,749 [INFO] Edge 1: WTO is OFF, using all 20 clients.
2026-05-14 00:30:03,849 [INFO] Edge 2: WTO is OFF, using all 20 clients.
2026-05-14 00:31:56,275 [INFO]   [Eval] Task 2, R 53: Acc: 53.41% | Prec-Mac: 49.12% | Rec-Mac: 64.14% | Mi-F1: 53.41% | Ma-F1: 45.91% | We-F1: 58.84% | Loss: 3.1069
2026-05-14 00:31:56,785 [INFO]   [CKPT] Saved: ckpt_icarl_task02_r053_global173_acc53.4.pth
2026-05-14 00:31:56,786 [INFO] 
--- Task 2, Round 54/80 (Global 174) ---
2026-05-14 00:31:56,790 [INFO] Edge 0: WTO is OFF, using all 20 clients.
2026-05-14 00:31:57,939 [INFO] Edge 1: WTO is OFF, using all 20 clients.
2026-05-14 00:31:59,029 [INFO] Edge 2: WTO is OFF, using all 20 clients.
2026-05-14 00:33:50,176 [INFO]   [Eval] Task 2, R 54: Acc: 53.39% | Prec-Mac: 49.06% | Rec-Mac: 64.04% | Mi-F1: 53.39% | Ma-F1: 45.91% | We-F1: 58.82% | Loss: 3.1227
2026-05-14 00:33:50,683 [INFO]   [CKPT] Saved: ckpt_icarl_task02_r054_global174_acc53.4.pth
2026-05-14 00:33:50,684 [INFO] 
--- Task 2, Round 55/80 (Global 175) ---
2026-05-14 00:33:50,688 [INFO] Edge 0: WTO is OFF, using all 20 clients.
2026-05-14 00:33:51,813 [INFO] Edge 1: WTO is OFF, using all 20 clients.
2026-05-14 00:33:52,886 [INFO] Edge 2: WTO is OFF, using all 20 clients.
2026-05-14 00:35:44,173 [INFO]   [Eval] Task 2, R 55: Acc: 52.01% | Prec-Mac: 48.13% | Rec-Mac: 63.31% | Mi-F1: 52.01% | Ma-F1: 45.49% | We-F1: 56.89% | Loss: 3.1925
2026-05-14 00:35:44,678 [INFO]   [CKPT] Saved: ckpt_icarl_task02_r055_global175_acc52.0.pth
2026-05-14 00:35:44,678 [INFO] 
--- Task 2, Round 56/80 (Global 176) ---
2026-05-14 00:35:44,684 [INFO] Edge 0: WTO is OFF, using all 20 clients.
2026-05-14 00:35:45,849 [INFO] Edge 1: WTO is OFF, using all 20 clients.
2026-05-14 00:35:46,939 [INFO] Edge 2: WTO is OFF, using all 20 clients.
2026-05-14 00:37:37,552 [INFO]   [Eval] Task 2, R 56: Acc: 52.33% | Prec-Mac: 48.46% | Rec-Mac: 63.43% | Mi-F1: 52.33% | Ma-F1: 45.45% | We-F1: 57.29% | Loss: 3.1844
2026-05-14 00:37:38,060 [INFO]   [CKPT] Saved: ckpt_icarl_task02_r056_global176_acc52.3.pth
2026-05-14 00:37:38,060 [INFO] 
--- Task 2, Round 57/80 (Global 177) ---
2026-05-14 00:37:38,065 [INFO] Edge 0: WTO is OFF, using all 20 clients.
2026-05-14 00:37:39,225 [INFO] Edge 1: WTO is OFF, using all 20 clients.
2026-05-14 00:37:40,478 [INFO] Edge 2: WTO is OFF, using all 20 clients.
2026-05-14 00:39:31,204 [INFO]   [Eval] Task 2, R 57: Acc: 53.13% | Prec-Mac: 48.90% | Rec-Mac: 63.82% | Mi-F1: 53.13% | Ma-F1: 45.76% | We-F1: 58.44% | Loss: 3.1628
2026-05-14 00:39:31,696 [INFO]   [CKPT] Saved: ckpt_icarl_task02_r057_global177_acc53.1.pth
2026-05-14 00:39:31,697 [INFO] 
--- Task 2, Round 58/80 (Global 178) ---
2026-05-14 00:39:31,701 [INFO] Edge 0: WTO is OFF, using all 20 clients.
2026-05-14 00:39:32,981 [INFO] Edge 1: WTO is OFF, using all 20 clients.
2026-05-14 00:39:34,064 [INFO] Edge 2: WTO is OFF, using all 20 clients.
2026-05-14 00:41:25,243 [INFO]   [Eval] Task 2, R 58: Acc: 52.14% | Prec-Mac: 48.31% | Rec-Mac: 63.43% | Mi-F1: 52.14% | Ma-F1: 45.44% | We-F1: 57.03% | Loss: 3.2116
2026-05-14 00:41:25,763 [INFO]   [CKPT] Saved: ckpt_icarl_task02_r058_global178_acc52.1.pth
2026-05-14 00:41:25,763 [INFO] 
--- Task 2, Round 59/80 (Global 179) ---
2026-05-14 00:41:25,767 [INFO] Edge 0: WTO is OFF, using all 20 clients.
2026-05-14 00:41:26,932 [INFO] Edge 1: WTO is OFF, using all 20 clients.
2026-05-14 00:41:28,014 [INFO] Edge 2: WTO is OFF, using all 20 clients.
2026-05-14 00:43:18,671 [INFO]   [Eval] Task 2, R 59: Acc: 51.97% | Prec-Mac: 48.29% | Rec-Mac: 63.31% | Mi-F1: 51.97% | Ma-F1: 45.48% | We-F1: 56.81% | Loss: 3.2237
2026-05-14 00:43:19,178 [INFO]   [CKPT] Saved: ckpt_icarl_task02_r059_global179_acc52.0.pth
2026-05-14 00:43:19,178 [INFO] 
--- Task 2, Round 60/80 (Global 180) ---
2026-05-14 00:43:19,183 [INFO] Edge 0: WTO is OFF, using all 20 clients.
2026-05-14 00:43:20,332 [INFO] Edge 1: WTO is OFF, using all 20 clients.
2026-05-14 00:43:21,398 [INFO] Edge 2: WTO is OFF, using all 20 clients.
2026-05-14 00:45:12,128 [INFO]   [Eval] Task 2, R 60: Acc: 52.72% | Prec-Mac: 48.69% | Rec-Mac: 63.51% | Mi-F1: 52.72% | Ma-F1: 45.51% | We-F1: 57.85% | Loss: 3.1915
2026-05-14 00:45:12,629 [INFO]   [CKPT] Saved: ckpt_icarl_task02_r060_global180_acc52.7.pth
2026-05-14 00:45:12,629 [INFO] 
--- Task 2, Round 61/80 (Global 181) ---
2026-05-14 00:45:12,629 [INFO]    [LR DECAY] Round 60 reached milestone: New LR = 0.0002
2026-05-14 00:45:12,633 [INFO] Edge 0: WTO is OFF, using all 20 clients.
2026-05-14 00:45:13,767 [INFO] Edge 1: WTO is OFF, using all 20 clients.
2026-05-14 00:45:14,842 [INFO] Edge 2: WTO is OFF, using all 20 clients.
2026-05-14 00:47:05,577 [INFO]   [Eval] Task 2, R 61: Acc: 52.12% | Prec-Mac: 48.32% | Rec-Mac: 63.49% | Mi-F1: 52.12% | Ma-F1: 45.51% | We-F1: 56.99% | Loss: 3.2377
2026-05-14 00:47:06,106 [INFO]   [CKPT] Saved: ckpt_icarl_task02_r061_global181_acc52.1.pth
2026-05-14 00:47:06,106 [INFO] 
--- Task 2, Round 62/80 (Global 182) ---
2026-05-14 00:47:06,111 [INFO] Edge 0: WTO is OFF, using all 20 clients.
2026-05-14 00:47:07,244 [INFO] Edge 1: WTO is OFF, using all 20 clients.
2026-05-14 00:47:08,311 [INFO] Edge 2: WTO is OFF, using all 20 clients.
2026-05-14 00:48:58,748 [INFO]   [Eval] Task 2, R 62: Acc: 53.07% | Prec-Mac: 48.86% | Rec-Mac: 63.80% | Mi-F1: 53.07% | Ma-F1: 45.81% | We-F1: 58.33% | Loss: 3.1958
2026-05-14 00:48:59,258 [INFO]   [CKPT] Saved: ckpt_icarl_task02_r062_global182_acc53.1.pth
2026-05-14 00:48:59,258 [INFO] 
--- Task 2, Round 63/80 (Global 183) ---
2026-05-14 00:48:59,263 [INFO] Edge 0: WTO is OFF, using all 20 clients.
2026-05-14 00:49:00,408 [INFO] Edge 1: WTO is OFF, using all 20 clients.
2026-05-14 00:49:01,485 [INFO] Edge 2: WTO is OFF, using all 20 clients.
2026-05-14 00:50:51,911 [INFO]   [Eval] Task 2, R 63: Acc: 53.27% | Prec-Mac: 49.10% | Rec-Mac: 64.02% | Mi-F1: 53.27% | Ma-F1: 45.87% | We-F1: 58.64% | Loss: 3.1610
2026-05-14 00:50:52,416 [INFO]   [CKPT] Saved: ckpt_icarl_task02_r063_global183_acc53.3.pth
2026-05-14 00:50:52,416 [INFO] 
--- Task 2, Round 64/80 (Global 184) ---
2026-05-14 00:50:52,421 [INFO] Edge 0: WTO is OFF, using all 20 clients.
2026-05-14 00:50:53,568 [INFO] Edge 1: WTO is OFF, using all 20 clients.
2026-05-14 00:50:54,661 [INFO] Edge 2: WTO is OFF, using all 20 clients.
2026-05-14 00:52:45,114 [INFO]   [Eval] Task 2, R 64: Acc: 53.52% | Prec-Mac: 49.21% | Rec-Mac: 64.17% | Mi-F1: 53.52% | Ma-F1: 45.95% | We-F1: 59.05% | Loss: 3.1418
2026-05-14 00:52:45,644 [INFO]   [CKPT] Saved: ckpt_icarl_task02_r064_global184_acc53.5.pth
2026-05-14 00:52:45,645 [INFO] 
--- Task 2, Round 65/80 (Global 185) ---
2026-05-14 00:52:45,650 [INFO] Edge 0: WTO is OFF, using all 20 clients.
2026-05-14 00:52:46,799 [INFO] Edge 1: WTO is OFF, using all 20 clients.
2026-05-14 00:52:47,878 [INFO] Edge 2: WTO is OFF, using all 20 clients.
2026-05-14 00:54:38,370 [INFO]   [Eval] Task 2, R 65: Acc: 53.32% | Prec-Mac: 49.11% | Rec-Mac: 64.09% | Mi-F1: 53.32% | Ma-F1: 45.92% | We-F1: 58.72% | Loss: 3.1648
2026-05-14 00:54:38,869 [INFO]   [CKPT] Saved: ckpt_icarl_task02_r065_global185_acc53.3.pth
2026-05-14 00:54:38,870 [INFO] 
--- Task 2, Round 66/80 (Global 186) ---
2026-05-14 00:54:38,874 [INFO] Edge 0: WTO is OFF, using all 20 clients.
2026-05-14 00:54:40,015 [INFO] Edge 1: WTO is OFF, using all 20 clients.
2026-05-14 00:54:41,230 [INFO] Edge 2: WTO is OFF, using all 20 clients.
2026-05-14 00:56:32,205 [INFO]   [Eval] Task 2, R 66: Acc: 53.45% | Prec-Mac: 49.30% | Rec-Mac: 64.16% | Mi-F1: 53.45% | Ma-F1: 46.04% | We-F1: 58.92% | Loss: 3.1576
2026-05-14 00:56:32,711 [INFO]   [CKPT] Saved: ckpt_icarl_task02_r066_global186_acc53.4.pth
2026-05-14 00:56:32,711 [INFO] 
--- Task 2, Round 67/80 (Global 187) ---
2026-05-14 00:56:32,716 [INFO] Edge 0: WTO is OFF, using all 20 clients.
2026-05-14 00:56:34,032 [INFO] Edge 1: WTO is OFF, using all 20 clients.
2026-05-14 00:56:35,112 [INFO] Edge 2: WTO is OFF, using all 20 clients.
2026-05-14 00:58:26,061 [INFO]   [Eval] Task 2, R 67: Acc: 53.40% | Prec-Mac: 49.18% | Rec-Mac: 64.10% | Mi-F1: 53.40% | Ma-F1: 46.02% | We-F1: 58.83% | Loss: 3.1607
2026-05-14 00:58:26,565 [INFO]   [CKPT] Saved: ckpt_icarl_task02_r067_global187_acc53.4.pth
2026-05-14 00:58:26,565 [INFO] 
--- Task 2, Round 68/80 (Global 188) ---
2026-05-14 00:58:26,569 [INFO] Edge 0: WTO is OFF, using all 20 clients.
2026-05-14 00:58:27,718 [INFO] Edge 1: WTO is OFF, using all 20 clients.
2026-05-14 00:58:28,794 [INFO] Edge 2: WTO is OFF, using all 20 clients.
2026-05-14 01:00:19,485 [INFO]   [Eval] Task 2, R 68: Acc: 53.31% | Prec-Mac: 49.14% | Rec-Mac: 63.96% | Mi-F1: 53.31% | Ma-F1: 45.94% | We-F1: 58.70% | Loss: 3.1710
2026-05-14 01:00:19,993 [INFO]   [CKPT] Saved: ckpt_icarl_task02_r068_global188_acc53.3.pth
2026-05-14 01:00:19,994 [INFO] 
--- Task 2, Round 69/80 (Global 189) ---
2026-05-14 01:00:19,999 [INFO] Edge 0: WTO is OFF, using all 20 clients.
2026-05-14 01:00:21,168 [INFO] Edge 1: WTO is OFF, using all 20 clients.
2026-05-14 01:00:22,266 [INFO] Edge 2: WTO is OFF, using all 20 clients.
2026-05-14 01:02:13,904 [INFO]   [Eval] Task 2, R 69: Acc: 53.47% | Prec-Mac: 49.33% | Rec-Mac: 64.12% | Mi-F1: 53.47% | Ma-F1: 46.05% | We-F1: 58.92% | Loss: 3.1649
2026-05-14 01:02:14,400 [INFO]   [CKPT] Saved: ckpt_icarl_task02_r069_global189_acc53.5.pth
2026-05-14 01:02:14,400 [INFO] 
--- Task 2, Round 70/80 (Global 190) ---
2026-05-14 01:02:14,404 [INFO] Edge 0: WTO is OFF, using all 20 clients.
2026-05-14 01:02:15,558 [INFO] Edge 1: WTO is OFF, using all 20 clients.
2026-05-14 01:02:16,673 [INFO] Edge 2: WTO is OFF, using all 20 clients.
2026-05-14 01:04:07,683 [INFO]   [Eval] Task 2, R 70: Acc: 52.76% | Prec-Mac: 48.63% | Rec-Mac: 63.54% | Mi-F1: 52.76% | Ma-F1: 45.48% | We-F1: 57.94% | Loss: 3.1925
2026-05-14 01:04:08,181 [INFO]   [CKPT] Saved: ckpt_icarl_task02_r070_global190_acc52.8.pth
2026-05-14 01:04:08,181 [INFO] 
--- Task 2, Round 71/80 (Global 191) ---
2026-05-14 01:04:08,186 [INFO] Edge 0: WTO is OFF, using all 20 clients.
2026-05-14 01:04:09,314 [INFO] Edge 1: WTO is OFF, using all 20 clients.
2026-05-14 01:04:10,395 [INFO] Edge 2: WTO is OFF, using all 20 clients.
2026-05-14 01:06:01,520 [INFO]   [Eval] Task 2, R 71: Acc: 53.18% | Prec-Mac: 48.96% | Rec-Mac: 63.99% | Mi-F1: 53.18% | Ma-F1: 45.89% | We-F1: 58.51% | Loss: 3.1765
2026-05-14 01:06:02,018 [INFO]   [CKPT] Saved: ckpt_icarl_task02_r071_global191_acc53.2.pth
2026-05-14 01:06:02,018 [INFO] 
--- Task 2, Round 72/80 (Global 192) ---
2026-05-14 01:06:02,023 [INFO] Edge 0: WTO is OFF, using all 20 clients.
2026-05-14 01:06:03,166 [INFO] Edge 1: WTO is OFF, using all 20 clients.
2026-05-14 01:06:04,244 [INFO] Edge 2: WTO is OFF, using all 20 clients.
2026-05-14 01:07:55,257 [INFO]   [Eval] Task 2, R 72: Acc: 52.51% | Prec-Mac: 48.29% | Rec-Mac: 63.55% | Mi-F1: 52.51% | Ma-F1: 45.44% | We-F1: 57.56% | Loss: 3.2037
2026-05-14 01:07:55,772 [INFO]   [CKPT] Saved: ckpt_icarl_task02_r072_global192_acc52.5.pth
2026-05-14 01:07:55,772 [INFO] 
--- Task 2, Round 73/80 (Global 193) ---
2026-05-14 01:07:55,777 [INFO] Edge 0: WTO is OFF, using all 20 clients.
2026-05-14 01:07:56,940 [INFO] Edge 1: WTO is OFF, using all 20 clients.
2026-05-14 01:07:58,050 [INFO] Edge 2: WTO is OFF, using all 20 clients.
2026-05-14 01:09:49,324 [INFO]   [Eval] Task 2, R 73: Acc: 52.97% | Prec-Mac: 48.72% | Rec-Mac: 63.82% | Mi-F1: 52.97% | Ma-F1: 45.76% | We-F1: 58.17% | Loss: 3.1927
2026-05-14 01:09:49,828 [INFO]   [CKPT] Saved: ckpt_icarl_task02_r073_global193_acc53.0.pth
2026-05-14 01:09:49,829 [INFO] 
--- Task 2, Round 74/80 (Global 194) ---
2026-05-14 01:09:49,833 [INFO] Edge 0: WTO is OFF, using all 20 clients.
2026-05-14 01:09:50,979 [INFO] Edge 1: WTO is OFF, using all 20 clients.
2026-05-14 01:09:52,054 [INFO] Edge 2: WTO is OFF, using all 20 clients.
2026-05-14 01:11:43,529 [INFO]   [Eval] Task 2, R 74: Acc: 52.45% | Prec-Mac: 48.44% | Rec-Mac: 63.64% | Mi-F1: 52.45% | Ma-F1: 45.57% | We-F1: 57.46% | Loss: 3.2296
2026-05-14 01:11:44,056 [INFO]   [CKPT] Saved: ckpt_icarl_task02_r074_global194_acc52.5.pth
2026-05-14 01:11:44,056 [INFO] 
--- Task 2, Round 75/80 (Global 195) ---
2026-05-14 01:11:44,061 [INFO] Edge 0: WTO is OFF, using all 20 clients.
2026-05-14 01:11:45,248 [INFO] Edge 1: WTO is OFF, using all 20 clients.
2026-05-14 01:11:46,530 [INFO] Edge 2: WTO is OFF, using all 20 clients.
2026-05-14 01:13:37,713 [INFO]   [Eval] Task 2, R 75: Acc: 52.24% | Prec-Mac: 48.22% | Rec-Mac: 63.43% | Mi-F1: 52.24% | Ma-F1: 45.30% | We-F1: 57.20% | Loss: 3.2245
2026-05-14 01:13:38,217 [INFO]   [CKPT] Saved: ckpt_icarl_task02_r075_global195_acc52.2.pth
2026-05-14 01:13:38,217 [INFO] 
--- Task 2, Round 76/80 (Global 196) ---
2026-05-14 01:13:38,221 [INFO] Edge 0: WTO is OFF, using all 20 clients.
2026-05-14 01:13:39,545 [INFO] Edge 1: WTO is OFF, using all 20 clients.
2026-05-14 01:13:40,669 [INFO] Edge 2: WTO is OFF, using all 20 clients.
2026-05-14 01:15:31,702 [INFO]   [Eval] Task 2, R 76: Acc: 52.40% | Prec-Mac: 48.59% | Rec-Mac: 63.64% | Mi-F1: 52.40% | Ma-F1: 45.55% | We-F1: 57.38% | Loss: 3.2193
2026-05-14 01:15:32,204 [INFO]   [CKPT] Saved: ckpt_icarl_task02_r076_global196_acc52.4.pth
2026-05-14 01:15:32,204 [INFO] 
--- Task 2, Round 77/80 (Global 197) ---
2026-05-14 01:15:32,209 [INFO] Edge 0: WTO is OFF, using all 20 clients.
2026-05-14 01:15:33,363 [INFO] Edge 1: WTO is OFF, using all 20 clients.
2026-05-14 01:15:34,459 [INFO] Edge 2: WTO is OFF, using all 20 clients.
2026-05-14 01:17:25,356 [INFO]   [Eval] Task 2, R 77: Acc: 52.35% | Prec-Mac: 48.33% | Rec-Mac: 63.59% | Mi-F1: 52.35% | Ma-F1: 45.51% | We-F1: 57.29% | Loss: 3.2210
2026-05-14 01:17:25,850 [INFO]   [CKPT] Saved: ckpt_icarl_task02_r077_global197_acc52.3.pth
2026-05-14 01:17:25,851 [INFO] 
--- Task 2, Round 78/80 (Global 198) ---
2026-05-14 01:17:25,855 [INFO] Edge 0: WTO is OFF, using all 20 clients.
2026-05-14 01:17:27,030 [INFO] Edge 1: WTO is OFF, using all 20 clients.
2026-05-14 01:17:28,128 [INFO] Edge 2: WTO is OFF, using all 20 clients.
2026-05-14 01:19:18,531 [INFO]   [Eval] Task 2, R 78: Acc: 52.29% | Prec-Mac: 48.30% | Rec-Mac: 63.58% | Mi-F1: 52.29% | Ma-F1: 45.53% | We-F1: 57.23% | Loss: 3.2394
2026-05-14 01:19:19,043 [INFO]   [CKPT] Saved: ckpt_icarl_task02_r078_global198_acc52.3.pth
2026-05-14 01:19:19,044 [INFO] 
--- Task 2, Round 79/80 (Global 199) ---
2026-05-14 01:19:19,048 [INFO] Edge 0: WTO is OFF, using all 20 clients.
2026-05-14 01:19:20,192 [INFO] Edge 1: WTO is OFF, using all 20 clients.
2026-05-14 01:19:21,263 [INFO] Edge 2: WTO is OFF, using all 20 clients.
2026-05-14 01:21:11,657 [INFO]   [Eval] Task 2, R 79: Acc: 53.37% | Prec-Mac: 49.38% | Rec-Mac: 64.16% | Mi-F1: 53.37% | Ma-F1: 45.99% | We-F1: 58.81% | Loss: 3.1686
2026-05-14 01:21:12,168 [INFO]   [CKPT] Saved: ckpt_icarl_task02_r079_global199_acc53.4.pth
2026-05-14 01:21:12,168 [INFO] 
--- Task 2, Round 80/80 (Global 200) ---
2026-05-14 01:21:12,172 [INFO] Edge 0: WTO is OFF, using all 20 clients.
2026-05-14 01:21:33,937 [INFO] Edge 0: Memory updated at end of task. Total stored: 14989 samples across 13 classes.
2026-05-14 01:21:33,940 [INFO] Edge 1: WTO is OFF, using all 20 clients.
2026-05-14 01:21:55,487 [INFO] Edge 1: Memory updated at end of task. Total stored: 14989 samples across 13 classes.
2026-05-14 01:21:55,490 [INFO] Edge 2: WTO is OFF, using all 20 clients.
2026-05-14 01:22:17,571 [INFO] Edge 2: Memory updated at end of task. Total stored: 14989 samples across 13 classes.
2026-05-14 01:24:05,697 [INFO]   [Eval] Task 2, R 80: Acc: 53.27% | Prec-Mac: 49.22% | Rec-Mac: 64.09% | Mi-F1: 53.27% | Ma-F1: 45.98% | We-F1: 58.65% | Loss: 3.1790
2026-05-14 01:24:06,217 [INFO]   [CKPT] Saved: ckpt_icarl_task02_r080_global200_acc53.3.pth
2026-05-14 01:24:06,218 [INFO] 
Loading data for Task 3 (Classes: [13, 14, 15, 16])...
2026-05-14 01:24:06,820 [INFO] Expanded global model to 17 classes for Task 3
2026-05-14 01:24:06,832 [INFO] 
============================================================
2026-05-14 01:24:06,832 [INFO] Task 3/4 | Classes: [13, 14, 15, 16] | 80 rounds | LR: 0.02
2026-05-14 01:24:06,832 [INFO] ============================================================
2026-05-14 01:24:06,832 [INFO] 
--- Task 3, Round 1/80 (Global 201) ---
2026-05-14 01:24:06,838 [INFO] Edge 0: WTO is OFF, using all 20 clients.
2026-05-14 01:24:07,308 [INFO] Edge 1: WTO is OFF, using all 20 clients.
2026-05-14 01:24:07,584 [INFO] Edge 2: WTO is OFF, using all 20 clients.
2026-05-14 01:25:57,872 [INFO]   [Eval] Task 3, R 1: Acc: 53.73% | Prec-Mac: 41.76% | Rec-Mac: 52.02% | Mi-F1: 53.73% | Ma-F1: 40.32% | We-F1: 58.14% | Loss: 2.9171
2026-05-14 01:25:58,379 [INFO]   [CKPT] Saved: ckpt_icarl_task03_r001_global201_acc53.7.pth
2026-05-14 01:25:58,380 [INFO] 
--- Task 3, Round 2/80 (Global 202) ---
2026-05-14 01:25:58,384 [INFO] Edge 0: WTO is OFF, using all 20 clients.
2026-05-14 01:25:58,835 [INFO] Edge 1: WTO is OFF, using all 20 clients.
2026-05-14 01:25:59,121 [INFO] Edge 2: WTO is OFF, using all 20 clients.
2026-05-14 01:27:49,589 [INFO]   [Eval] Task 3, R 2: Acc: 53.30% | Prec-Mac: 43.79% | Rec-Mac: 57.08% | Mi-F1: 53.30% | Ma-F1: 42.80% | We-F1: 58.42% | Loss: 2.9083
2026-05-14 01:27:50,092 [INFO]   [CKPT] Saved: ckpt_icarl_task03_r002_global202_acc53.3.pth
2026-05-14 01:27:50,092 [INFO] 
--- Task 3, Round 3/80 (Global 203) ---
2026-05-14 01:27:50,097 [INFO] Edge 0: WTO is OFF, using all 20 clients.
2026-05-14 01:27:50,546 [INFO] Edge 1: WTO is OFF, using all 20 clients.
2026-05-14 01:27:50,819 [INFO] Edge 2: WTO is OFF, using all 20 clients.
2026-05-14 01:29:41,496 [INFO]   [Eval] Task 3, R 3: Acc: 53.23% | Prec-Mac: 42.57% | Rec-Mac: 55.62% | Mi-F1: 53.23% | Ma-F1: 42.46% | We-F1: 58.04% | Loss: 2.7683
2026-05-14 01:29:42,003 [INFO]   [CKPT] Saved: ckpt_icarl_task03_r003_global203_acc53.2.pth
2026-05-14 01:29:42,003 [INFO] 
--- Task 3, Round 4/80 (Global 204) ---
2026-05-14 01:29:42,008 [INFO] Edge 0: WTO is OFF, using all 20 clients.
2026-05-14 01:29:42,449 [INFO] Edge 1: WTO is OFF, using all 20 clients.
2026-05-14 01:29:42,721 [INFO] Edge 2: WTO is OFF, using all 20 clients.
2026-05-14 01:31:33,121 [INFO]   [Eval] Task 3, R 4: Acc: 53.33% | Prec-Mac: 42.06% | Rec-Mac: 59.78% | Mi-F1: 53.33% | Ma-F1: 42.13% | We-F1: 58.06% | Loss: 2.7608
2026-05-14 01:31:33,632 [INFO]   [CKPT] Saved: ckpt_icarl_task03_r004_global204_acc53.3.pth
2026-05-14 01:31:33,632 [INFO] 
--- Task 3, Round 5/80 (Global 205) ---
2026-05-14 01:31:33,637 [INFO] Edge 0: WTO is OFF, using all 20 clients.
2026-05-14 01:31:34,093 [INFO] Edge 1: WTO is OFF, using all 20 clients.
2026-05-14 01:31:34,388 [INFO] Edge 2: WTO is OFF, using all 20 clients.
2026-05-14 01:33:25,114 [INFO]   [Eval] Task 3, R 5: Acc: 53.47% | Prec-Mac: 41.14% | Rec-Mac: 59.56% | Mi-F1: 53.47% | Ma-F1: 40.87% | We-F1: 58.27% | Loss: 2.7051
2026-05-14 01:33:25,632 [INFO]   [CKPT] Saved: ckpt_icarl_task03_r005_global205_acc53.5.pth
2026-05-14 01:33:25,633 [INFO] 
--- Task 3, Round 6/80 (Global 206) ---
2026-05-14 01:33:25,637 [INFO] Edge 0: WTO is OFF, using all 20 clients.
2026-05-14 01:33:26,112 [INFO] Edge 1: WTO is OFF, using all 20 clients.
2026-05-14 01:33:26,387 [INFO] Edge 2: WTO is OFF, using all 20 clients.
2026-05-14 01:35:17,111 [INFO]   [Eval] Task 3, R 6: Acc: 54.05% | Prec-Mac: 41.70% | Rec-Mac: 60.20% | Mi-F1: 54.05% | Ma-F1: 41.48% | We-F1: 59.11% | Loss: 2.6222
2026-05-14 01:35:17,616 [INFO]   [CKPT] Saved: ckpt_icarl_task03_r006_global206_acc54.0.pth
2026-05-14 01:35:17,616 [INFO] 
--- Task 3, Round 7/80 (Global 207) ---
2026-05-14 01:35:17,621 [INFO] Edge 0: WTO is OFF, using all 20 clients.
2026-05-14 01:35:18,067 [INFO] Edge 1: WTO is OFF, using all 20 clients.
2026-05-14 01:35:18,342 [INFO] Edge 2: WTO is OFF, using all 20 clients.
2026-05-14 01:37:09,549 [INFO]   [Eval] Task 3, R 7: Acc: 53.21% | Prec-Mac: 42.99% | Rec-Mac: 60.03% | Mi-F1: 53.21% | Ma-F1: 42.95% | We-F1: 58.23% | Loss: 2.7120
2026-05-14 01:37:10,063 [INFO]   [CKPT] Saved: ckpt_icarl_task03_r007_global207_acc53.2.pth
2026-05-14 01:37:10,063 [INFO] 
--- Task 3, Round 8/80 (Global 208) ---
2026-05-14 01:37:10,068 [INFO] Edge 0: WTO is OFF, using all 20 clients.
2026-05-14 01:37:10,519 [INFO] Edge 1: WTO is OFF, using all 20 clients.
2026-05-14 01:37:10,803 [INFO] Edge 2: WTO is OFF, using all 20 clients.
2026-05-14 01:39:02,063 [INFO]   [Eval] Task 3, R 8: Acc: 55.19% | Prec-Mac: 43.22% | Rec-Mac: 60.80% | Mi-F1: 55.19% | Ma-F1: 43.16% | We-F1: 60.49% | Loss: 2.4780
2026-05-14 01:39:02,568 [INFO]   [CKPT] Saved: ckpt_icarl_task03_r008_global208_acc55.2.pth
2026-05-14 01:39:02,569 [INFO] 
--- Task 3, Round 9/80 (Global 209) ---
2026-05-14 01:39:02,574 [INFO] Edge 0: WTO is OFF, using all 20 clients.
2026-05-14 01:39:03,026 [INFO] Edge 1: WTO is OFF, using all 20 clients.
2026-05-14 01:39:03,313 [INFO] Edge 2: WTO is OFF, using all 20 clients.
2026-05-14 01:40:54,361 [INFO]   [Eval] Task 3, R 9: Acc: 53.94% | Prec-Mac: 43.09% | Rec-Mac: 60.78% | Mi-F1: 53.94% | Ma-F1: 42.96% | We-F1: 59.23% | Loss: 2.6402
2026-05-14 01:40:54,869 [INFO]   [CKPT] Saved: ckpt_icarl_task03_r009_global209_acc53.9.pth
2026-05-14 01:40:54,869 [INFO] 
--- Task 3, Round 10/80 (Global 210) ---
2026-05-14 01:40:54,875 [INFO] Edge 0: WTO is OFF, using all 20 clients.
2026-05-14 01:40:55,340 [INFO] Edge 1: WTO is OFF, using all 20 clients.
2026-05-14 01:40:55,634 [INFO] Edge 2: WTO is OFF, using all 20 clients.
2026-05-14 01:42:46,373 [INFO]   [Eval] Task 3, R 10: Acc: 53.73% | Prec-Mac: 42.38% | Rec-Mac: 61.32% | Mi-F1: 53.73% | Ma-F1: 42.16% | We-F1: 58.81% | Loss: 2.6058
2026-05-14 01:42:46,884 [INFO]   [CKPT] Saved: ckpt_icarl_task03_r010_global210_acc53.7.pth
2026-05-14 01:42:46,884 [INFO] 
--- Task 3, Round 11/80 (Global 211) ---
2026-05-14 01:42:46,889 [INFO] Edge 0: WTO is OFF, using all 20 clients.
2026-05-14 01:42:47,341 [INFO] Edge 1: WTO is OFF, using all 20 clients.
2026-05-14 01:42:47,610 [INFO] Edge 2: WTO is OFF, using all 20 clients.
2026-05-14 01:44:39,085 [INFO]   [Eval] Task 3, R 11: Acc: 53.78% | Prec-Mac: 42.82% | Rec-Mac: 60.63% | Mi-F1: 53.78% | Ma-F1: 42.46% | We-F1: 58.96% | Loss: 2.6409
2026-05-14 01:44:39,593 [INFO]   [CKPT] Saved: ckpt_icarl_task03_r011_global211_acc53.8.pth
2026-05-14 01:44:39,593 [INFO] 
--- Task 3, Round 12/80 (Global 212) ---
2026-05-14 01:44:39,597 [INFO] Edge 0: WTO is OFF, using all 20 clients.
2026-05-14 01:44:40,054 [INFO] Edge 1: WTO is OFF, using all 20 clients.
2026-05-14 01:44:40,329 [INFO] Edge 2: WTO is OFF, using all 20 clients.
2026-05-14 01:46:32,697 [INFO]   [Eval] Task 3, R 12: Acc: 53.60% | Prec-Mac: 42.67% | Rec-Mac: 61.02% | Mi-F1: 53.60% | Ma-F1: 41.88% | We-F1: 58.89% | Loss: 2.6036
2026-05-14 01:46:33,218 [INFO]   [CKPT] Saved: ckpt_icarl_task03_r012_global212_acc53.6.pth
2026-05-14 01:46:33,218 [INFO] 
--- Task 3, Round 13/80 (Global 213) ---
2026-05-14 01:46:33,223 [INFO] Edge 0: WTO is OFF, using all 20 clients.
2026-05-14 01:46:33,701 [INFO] Edge 1: WTO is OFF, using all 20 clients.
2026-05-14 01:46:33,992 [INFO] Edge 2: WTO is OFF, using all 20 clients.
2026-05-14 01:48:26,268 [INFO]   [Eval] Task 3, R 13: Acc: 52.41% | Prec-Mac: 42.50% | Rec-Mac: 60.57% | Mi-F1: 52.41% | Ma-F1: 41.49% | We-F1: 57.72% | Loss: 2.6974
2026-05-14 01:48:26,774 [INFO]   [CKPT] Saved: ckpt_icarl_task03_r013_global213_acc52.4.pth
2026-05-14 01:48:26,775 [INFO] 
--- Task 3, Round 14/80 (Global 214) ---
2026-05-14 01:48:26,779 [INFO] Edge 0: WTO is OFF, using all 20 clients.
2026-05-14 01:48:27,249 [INFO] Edge 1: WTO is OFF, using all 20 clients.
2026-05-14 01:48:27,554 [INFO] Edge 2: WTO is OFF, using all 20 clients.
2026-05-14 01:50:20,001 [INFO]   [Eval] Task 3, R 14: Acc: 53.45% | Prec-Mac: 42.53% | Rec-Mac: 61.53% | Mi-F1: 53.45% | Ma-F1: 41.73% | We-F1: 58.90% | Loss: 2.6040
2026-05-14 01:50:20,513 [INFO]   [CKPT] Saved: ckpt_icarl_task03_r014_global214_acc53.4.pth
2026-05-14 01:50:20,513 [INFO] 
--- Task 3, Round 15/80 (Global 215) ---
2026-05-14 01:50:20,518 [INFO] Edge 0: WTO is OFF, using all 20 clients.
2026-05-14 01:50:20,980 [INFO] Edge 1: WTO is OFF, using all 20 clients.
2026-05-14 01:50:21,280 [INFO] Edge 2: WTO is OFF, using all 20 clients.
2026-05-14 01:52:13,278 [INFO]   [Eval] Task 3, R 15: Acc: 53.08% | Prec-Mac: 42.23% | Rec-Mac: 61.52% | Mi-F1: 53.08% | Ma-F1: 41.31% | We-F1: 58.45% | Loss: 2.6642
2026-05-14 01:52:13,791 [INFO]   [CKPT] Saved: ckpt_icarl_task03_r015_global215_acc53.1.pth
2026-05-14 01:52:13,791 [INFO] 
--- Task 3, Round 16/80 (Global 216) ---
2026-05-14 01:52:13,796 [INFO] Edge 0: WTO is OFF, using all 20 clients.
2026-05-14 01:52:14,251 [INFO] Edge 1: WTO is OFF, using all 20 clients.
2026-05-14 01:52:14,532 [INFO] Edge 2: WTO is OFF, using all 20 clients.
2026-05-14 01:54:06,539 [INFO]   [Eval] Task 3, R 16: Acc: 52.63% | Prec-Mac: 42.56% | Rec-Mac: 61.61% | Mi-F1: 52.63% | Ma-F1: 41.20% | We-F1: 58.13% | Loss: 2.6791
2026-05-14 01:54:07,048 [INFO]   [CKPT] Saved: ckpt_icarl_task03_r016_global216_acc52.6.pth
2026-05-14 01:54:07,048 [INFO] 
--- Task 3, Round 17/80 (Global 217) ---
2026-05-14 01:54:07,052 [INFO] Edge 0: WTO is OFF, using all 20 clients.
2026-05-14 01:54:07,502 [INFO] Edge 1: WTO is OFF, using all 20 clients.
2026-05-14 01:54:07,779 [INFO] Edge 2: WTO is OFF, using all 20 clients.
2026-05-14 01:55:59,862 [INFO]   [Eval] Task 3, R 17: Acc: 52.74% | Prec-Mac: 42.10% | Rec-Mac: 60.67% | Mi-F1: 52.74% | Ma-F1: 40.65% | We-F1: 58.45% | Loss: 2.6542
2026-05-14 01:56:00,414 [INFO]   [CKPT] Saved: ckpt_icarl_task03_r017_global217_acc52.7.pth
2026-05-14 01:56:00,414 [INFO] 
--- Task 3, Round 18/80 (Global 218) ---
2026-05-14 01:56:00,419 [INFO] Edge 0: WTO is OFF, using all 20 clients.
2026-05-14 01:56:00,884 [INFO] Edge 1: WTO is OFF, using all 20 clients.
2026-05-14 01:56:01,161 [INFO] Edge 2: WTO is OFF, using all 20 clients.
2026-05-14 01:57:52,884 [INFO]   [Eval] Task 3, R 18: Acc: 52.15% | Prec-Mac: 43.37% | Rec-Mac: 61.85% | Mi-F1: 52.15% | Ma-F1: 41.01% | We-F1: 57.27% | Loss: 2.7189
2026-05-14 01:57:53,391 [INFO]   [CKPT] Saved: ckpt_icarl_task03_r018_global218_acc52.1.pth
2026-05-14 01:57:53,391 [INFO] 
--- Task 3, Round 19/80 (Global 219) ---
2026-05-14 01:57:53,396 [INFO] Edge 0: WTO is OFF, using all 20 clients.
2026-05-14 01:57:53,855 [INFO] Edge 1: WTO is OFF, using all 20 clients.
2026-05-14 01:57:54,136 [INFO] Edge 2: WTO is OFF, using all 20 clients.
2026-05-14 01:59:45,584 [INFO]   [Eval] Task 3, R 19: Acc: 51.39% | Prec-Mac: 43.13% | Rec-Mac: 60.88% | Mi-F1: 51.39% | Ma-F1: 41.64% | We-F1: 57.05% | Loss: 2.7875
2026-05-14 01:59:46,108 [INFO]   [CKPT] Saved: ckpt_icarl_task03_r019_global219_acc51.4.pth
2026-05-14 01:59:46,108 [INFO] 
--- Task 3, Round 20/80 (Global 220) ---
2026-05-14 01:59:46,113 [INFO] Edge 0: WTO is OFF, using all 20 clients.
2026-05-14 01:59:46,563 [INFO] Edge 1: WTO is OFF, using all 20 clients.
2026-05-14 01:59:46,834 [INFO] Edge 2: WTO is OFF, using all 20 clients.
2026-05-14 02:01:38,531 [INFO]   [Eval] Task 3, R 20: Acc: 51.41% | Prec-Mac: 42.41% | Rec-Mac: 61.02% | Mi-F1: 51.41% | Ma-F1: 40.52% | We-F1: 57.09% | Loss: 2.7518
2026-05-14 02:01:39,050 [INFO]   [CKPT] Saved: ckpt_icarl_task03_r020_global220_acc51.4.pth
2026-05-14 02:01:39,051 [INFO] 
--- Task 3, Round 21/80 (Global 221) ---
2026-05-14 02:01:39,055 [INFO] Edge 0: WTO is OFF, using all 20 clients.
2026-05-14 02:01:39,509 [INFO] Edge 1: WTO is OFF, using all 20 clients.
2026-05-14 02:01:39,791 [INFO] Edge 2: WTO is OFF, using all 20 clients.
2026-05-14 02:03:30,977 [INFO]   [Eval] Task 3, R 21: Acc: 52.05% | Prec-Mac: 42.51% | Rec-Mac: 61.71% | Mi-F1: 52.05% | Ma-F1: 40.92% | We-F1: 57.82% | Loss: 2.7172
2026-05-14 02:03:31,485 [INFO]   [CKPT] Saved: ckpt_icarl_task03_r021_global221_acc52.1.pth
2026-05-14 02:03:31,485 [INFO] 
--- Task 3, Round 22/80 (Global 222) ---
2026-05-14 02:03:31,491 [INFO] Edge 0: WTO is OFF, using all 20 clients.
2026-05-14 02:03:31,951 [INFO] Edge 1: WTO is OFF, using all 20 clients.
2026-05-14 02:03:32,238 [INFO] Edge 2: WTO is OFF, using all 20 clients.
2026-05-14 02:05:24,308 [INFO]   [Eval] Task 3, R 22: Acc: 50.16% | Prec-Mac: 42.16% | Rec-Mac: 61.01% | Mi-F1: 50.16% | Ma-F1: 40.14% | We-F1: 55.44% | Loss: 2.8113
2026-05-14 02:05:24,822 [INFO]   [CKPT] Saved: ckpt_icarl_task03_r022_global222_acc50.2.pth
2026-05-14 02:05:24,822 [INFO] 
--- Task 3, Round 23/80 (Global 223) ---
2026-05-14 02:05:24,827 [INFO] Edge 0: WTO is OFF, using all 20 clients.
2026-05-14 02:05:25,292 [INFO] Edge 1: WTO is OFF, using all 20 clients.
2026-05-14 02:05:25,578 [INFO] Edge 2: WTO is OFF, using all 20 clients.
2026-05-14 02:07:17,760 [INFO]   [Eval] Task 3, R 23: Acc: 52.63% | Prec-Mac: 42.91% | Rec-Mac: 61.45% | Mi-F1: 52.63% | Ma-F1: 41.74% | We-F1: 58.70% | Loss: 2.7267
2026-05-14 02:07:18,268 [INFO]   [CKPT] Saved: ckpt_icarl_task03_r023_global223_acc52.6.pth
2026-05-14 02:07:18,268 [INFO] 
--- Task 3, Round 24/80 (Global 224) ---
2026-05-14 02:07:18,273 [INFO] Edge 0: WTO is OFF, using all 20 clients.
2026-05-14 02:07:18,727 [INFO] Edge 1: WTO is OFF, using all 20 clients.
2026-05-14 02:07:19,010 [INFO] Edge 2: WTO is OFF, using all 20 clients.
2026-05-14 02:09:10,873 [INFO]   [Eval] Task 3, R 24: Acc: 51.08% | Prec-Mac: 43.04% | Rec-Mac: 61.04% | Mi-F1: 51.08% | Ma-F1: 40.41% | We-F1: 56.92% | Loss: 2.7181
2026-05-14 02:09:11,388 [INFO]   [CKPT] Saved: ckpt_icarl_task03_r024_global224_acc51.1.pth
2026-05-14 02:09:11,388 [INFO] 
--- Task 3, Round 25/80 (Global 225) ---
2026-05-14 02:09:11,393 [INFO] Edge 0: WTO is OFF, using all 20 clients.
2026-05-14 02:09:11,850 [INFO] Edge 1: WTO is OFF, using all 20 clients.
2026-05-14 02:09:12,131 [INFO] Edge 2: WTO is OFF, using all 20 clients.
2026-05-14 02:11:06,827 [INFO]   [Eval] Task 3, R 25: Acc: 51.85% | Prec-Mac: 42.14% | Rec-Mac: 61.85% | Mi-F1: 51.85% | Ma-F1: 40.73% | We-F1: 57.87% | Loss: 2.7047
2026-05-14 02:11:07,341 [INFO]   [CKPT] Saved: ckpt_icarl_task03_r025_global225_acc51.9.pth
2026-05-14 02:11:07,341 [INFO] 
--- Task 3, Round 26/80 (Global 226) ---
2026-05-14 02:11:07,346 [INFO] Edge 0: WTO is OFF, using all 20 clients.
2026-05-14 02:11:07,797 [INFO] Edge 1: WTO is OFF, using all 20 clients.
2026-05-14 02:11:08,079 [INFO] Edge 2: WTO is OFF, using all 20 clients.
2026-05-14 02:13:00,155 [INFO]   [Eval] Task 3, R 26: Acc: 51.87% | Prec-Mac: 42.30% | Rec-Mac: 62.07% | Mi-F1: 51.87% | Ma-F1: 40.20% | We-F1: 57.75% | Loss: 2.6774
2026-05-14 02:13:00,695 [INFO]   [CKPT] Saved: ckpt_icarl_task03_r026_global226_acc51.9.pth
2026-05-14 02:13:00,696 [INFO] 
--- Task 3, Round 27/80 (Global 227) ---
2026-05-14 02:13:00,700 [INFO] Edge 0: WTO is OFF, using all 20 clients.
2026-05-14 02:13:01,162 [INFO] Edge 1: WTO is OFF, using all 20 clients.
2026-05-14 02:13:01,455 [INFO] Edge 2: WTO is OFF, using all 20 clients.
2026-05-14 02:14:53,617 [INFO]   [Eval] Task 3, R 27: Acc: 51.24% | Prec-Mac: 42.59% | Rec-Mac: 60.36% | Mi-F1: 51.24% | Ma-F1: 40.29% | We-F1: 57.65% | Loss: 2.6937
2026-05-14 02:14:54,127 [INFO]   [CKPT] Saved: ckpt_icarl_task03_r027_global227_acc51.2.pth
2026-05-14 02:14:54,127 [INFO] 
--- Task 3, Round 28/80 (Global 228) ---
2026-05-14 02:14:54,132 [INFO] Edge 0: WTO is OFF, using all 20 clients.
2026-05-14 02:14:54,581 [INFO] Edge 1: WTO is OFF, using all 20 clients.
2026-05-14 02:14:54,853 [INFO] Edge 2: WTO is OFF, using all 20 clients.
2026-05-14 02:16:47,206 [INFO]   [Eval] Task 3, R 28: Acc: 51.53% | Prec-Mac: 44.75% | Rec-Mac: 63.19% | Mi-F1: 51.53% | Ma-F1: 41.51% | We-F1: 57.39% | Loss: 2.7233
2026-05-14 02:16:47,716 [INFO]   [CKPT] Saved: ckpt_icarl_task03_r028_global228_acc51.5.pth
2026-05-14 02:16:47,716 [INFO] 
--- Task 3, Round 29/80 (Global 229) ---
2026-05-14 02:16:47,720 [INFO] Edge 0: WTO is OFF, using all 20 clients.
2026-05-14 02:16:48,181 [INFO] Edge 1: WTO is OFF, using all 20 clients.
2026-05-14 02:16:48,453 [INFO] Edge 2: WTO is OFF, using all 20 clients.
2026-05-14 02:18:41,013 [INFO]   [Eval] Task 3, R 29: Acc: 52.62% | Prec-Mac: 43.86% | Rec-Mac: 61.84% | Mi-F1: 52.62% | Ma-F1: 41.62% | We-F1: 59.10% | Loss: 2.5951
2026-05-14 02:18:41,515 [INFO]   [CKPT] Saved: ckpt_icarl_task03_r029_global229_acc52.6.pth
2026-05-14 02:18:41,516 [INFO] 
--- Task 3, Round 30/80 (Global 230) ---
2026-05-14 02:18:41,520 [INFO] Edge 0: WTO is OFF, using all 20 clients.
2026-05-14 02:18:41,979 [INFO] Edge 1: WTO is OFF, using all 20 clients.
2026-05-14 02:18:42,274 [INFO] Edge 2: WTO is OFF, using all 20 clients.
2026-05-14 02:20:34,366 [INFO]   [Eval] Task 3, R 30: Acc: 53.48% | Prec-Mac: 42.82% | Rec-Mac: 63.06% | Mi-F1: 53.48% | Ma-F1: 40.90% | We-F1: 59.65% | Loss: 2.5142
2026-05-14 02:20:34,896 [INFO]   [CKPT] Saved: ckpt_icarl_task03_r030_global230_acc53.5.pth
2026-05-14 02:20:34,897 [INFO] 
--- Task 3, Round 31/80 (Global 231) ---
2026-05-14 02:20:34,901 [INFO] Edge 0: WTO is OFF, using all 20 clients.
2026-05-14 02:20:35,366 [INFO] Edge 1: WTO is OFF, using all 20 clients.
2026-05-14 02:20:35,673 [INFO] Edge 2: WTO is OFF, using all 20 clients.
2026-05-14 02:22:27,843 [INFO]   [Eval] Task 3, R 31: Acc: 52.09% | Prec-Mac: 42.84% | Rec-Mac: 62.42% | Mi-F1: 52.09% | Ma-F1: 40.51% | We-F1: 58.18% | Loss: 2.6172
2026-05-14 02:22:28,360 [INFO]   [CKPT] Saved: ckpt_icarl_task03_r031_global231_acc52.1.pth
2026-05-14 02:22:28,361 [INFO] 
--- Task 3, Round 32/80 (Global 232) ---
2026-05-14 02:22:28,365 [INFO] Edge 0: WTO is OFF, using all 20 clients.
2026-05-14 02:22:28,819 [INFO] Edge 1: WTO is OFF, using all 20 clients.
2026-05-14 02:22:29,112 [INFO] Edge 2: WTO is OFF, using all 20 clients.
2026-05-14 02:24:21,496 [INFO]   [Eval] Task 3, R 32: Acc: 50.86% | Prec-Mac: 41.67% | Rec-Mac: 61.70% | Mi-F1: 50.86% | Ma-F1: 39.37% | We-F1: 56.70% | Loss: 2.6633
2026-05-14 02:24:22,026 [INFO]   [CKPT] Saved: ckpt_icarl_task03_r032_global232_acc50.9.pth
2026-05-14 02:24:22,026 [INFO] 
--- Task 3, Round 33/80 (Global 233) ---
2026-05-14 02:24:22,031 [INFO] Edge 0: WTO is OFF, using all 20 clients.
2026-05-14 02:24:22,480 [INFO] Edge 1: WTO is OFF, using all 20 clients.
2026-05-14 02:24:22,754 [INFO] Edge 2: WTO is OFF, using all 20 clients.
2026-05-14 02:26:15,412 [INFO]   [Eval] Task 3, R 33: Acc: 50.98% | Prec-Mac: 42.06% | Rec-Mac: 61.76% | Mi-F1: 50.98% | Ma-F1: 39.44% | We-F1: 56.92% | Loss: 2.6756
2026-05-14 02:26:15,935 [INFO]   [CKPT] Saved: ckpt_icarl_task03_r033_global233_acc51.0.pth
2026-05-14 02:26:15,935 [INFO] 
--- Task 3, Round 34/80 (Global 234) ---
2026-05-14 02:26:15,943 [INFO] Edge 0: WTO is OFF, using all 20 clients.
2026-05-14 02:26:16,405 [INFO] Edge 1: WTO is OFF, using all 20 clients.
2026-05-14 02:26:16,677 [INFO] Edge 2: WTO is OFF, using all 20 clients.
2026-05-14 02:28:08,881 [INFO]   [Eval] Task 3, R 34: Acc: 51.49% | Prec-Mac: 42.43% | Rec-Mac: 62.22% | Mi-F1: 51.49% | Ma-F1: 40.01% | We-F1: 57.48% | Loss: 2.6756
2026-05-14 02:28:09,392 [INFO]   [CKPT] Saved: ckpt_icarl_task03_r034_global234_acc51.5.pth
2026-05-14 02:28:09,392 [INFO] 
--- Task 3, Round 35/80 (Global 235) ---
2026-05-14 02:28:09,397 [INFO] Edge 0: WTO is OFF, using all 20 clients.
2026-05-14 02:28:09,872 [INFO] Edge 1: WTO is OFF, using all 20 clients.
2026-05-14 02:28:10,170 [INFO] Edge 2: WTO is OFF, using all 20 clients.
2026-05-14 02:30:01,400 [INFO]   [Eval] Task 3, R 35: Acc: 51.76% | Prec-Mac: 42.97% | Rec-Mac: 62.13% | Mi-F1: 51.76% | Ma-F1: 40.32% | We-F1: 57.81% | Loss: 2.6503
2026-05-14 02:30:01,911 [INFO]   [CKPT] Saved: ckpt_icarl_task03_r035_global235_acc51.8.pth
2026-05-14 02:30:01,911 [INFO] 
--- Task 3, Round 36/80 (Global 236) ---
2026-05-14 02:30:01,916 [INFO] Edge 0: WTO is OFF, using all 20 clients.
2026-05-14 02:30:02,373 [INFO] Edge 1: WTO is OFF, using all 20 clients.
2026-05-14 02:30:02,663 [INFO] Edge 2: WTO is OFF, using all 20 clients.
2026-05-14 02:31:53,666 [INFO]   [Eval] Task 3, R 36: Acc: 52.03% | Prec-Mac: 43.27% | Rec-Mac: 62.47% | Mi-F1: 52.03% | Ma-F1: 40.68% | We-F1: 58.13% | Loss: 2.6477
2026-05-14 02:31:54,178 [INFO]   [CKPT] Saved: ckpt_icarl_task03_r036_global236_acc52.0.pth
2026-05-14 02:31:54,179 [INFO] 
--- Task 3, Round 37/80 (Global 237) ---
2026-05-14 02:31:54,183 [INFO] Edge 0: WTO is OFF, using all 20 clients.
2026-05-14 02:31:54,635 [INFO] Edge 1: WTO is OFF, using all 20 clients.
2026-05-14 02:31:54,909 [INFO] Edge 2: WTO is OFF, using all 20 clients.
2026-05-14 02:33:46,144 [INFO]   [Eval] Task 3, R 37: Acc: 51.69% | Prec-Mac: 42.60% | Rec-Mac: 62.33% | Mi-F1: 51.69% | Ma-F1: 40.07% | We-F1: 57.75% | Loss: 2.6604
2026-05-14 02:33:46,646 [INFO]   [CKPT] Saved: ckpt_icarl_task03_r037_global237_acc51.7.pth
2026-05-14 02:33:46,647 [INFO] 
--- Task 3, Round 38/80 (Global 238) ---
2026-05-14 02:33:46,651 [INFO] Edge 0: WTO is OFF, using all 20 clients.
2026-05-14 02:33:47,105 [INFO] Edge 1: WTO is OFF, using all 20 clients.
2026-05-14 02:33:47,379 [INFO] Edge 2: WTO is OFF, using all 20 clients.
2026-05-14 02:35:38,923 [INFO]   [Eval] Task 3, R 38: Acc: 51.36% | Prec-Mac: 42.49% | Rec-Mac: 62.21% | Mi-F1: 51.36% | Ma-F1: 39.96% | We-F1: 57.36% | Loss: 2.6788
2026-05-14 02:35:39,448 [INFO]   [CKPT] Saved: ckpt_icarl_task03_r038_global238_acc51.4.pth
2026-05-14 02:35:39,448 [INFO] 
--- Task 3, Round 39/80 (Global 239) ---
2026-05-14 02:35:39,452 [INFO] Edge 0: WTO is OFF, using all 20 clients.
2026-05-14 02:35:39,903 [INFO] Edge 1: WTO is OFF, using all 20 clients.
2026-05-14 02:35:40,184 [INFO] Edge 2: WTO is OFF, using all 20 clients.
2026-05-14 02:37:31,181 [INFO]   [Eval] Task 3, R 39: Acc: 51.64% | Prec-Mac: 43.14% | Rec-Mac: 62.05% | Mi-F1: 51.64% | Ma-F1: 40.48% | We-F1: 57.79% | Loss: 2.6814
2026-05-14 02:37:31,683 [INFO]   [CKPT] Saved: ckpt_icarl_task03_r039_global239_acc51.6.pth
2026-05-14 02:37:31,683 [INFO] 
--- Task 3, Round 40/80 (Global 240) ---
2026-05-14 02:37:31,688 [INFO] Edge 0: WTO is OFF, using all 20 clients.
2026-05-14 02:37:32,136 [INFO] Edge 1: WTO is OFF, using all 20 clients.
2026-05-14 02:37:32,420 [INFO] Edge 2: WTO is OFF, using all 20 clients.
2026-05-14 02:39:23,193 [INFO]   [Eval] Task 3, R 40: Acc: 50.50% | Prec-Mac: 41.84% | Rec-Mac: 61.99% | Mi-F1: 50.50% | Ma-F1: 39.30% | We-F1: 56.51% | Loss: 2.7297
2026-05-14 02:39:23,703 [INFO]   [CKPT] Saved: ckpt_icarl_task03_r040_global240_acc50.5.pth
2026-05-14 02:39:23,704 [INFO] 
--- Task 3, Round 41/80 (Global 241) ---
2026-05-14 02:39:23,704 [INFO]    [LR DECAY] Round 40 reached milestone: New LR = 0.002
2026-05-14 02:39:23,709 [INFO] Edge 0: WTO is OFF, using all 20 clients.
2026-05-14 02:39:24,163 [INFO] Edge 1: WTO is OFF, using all 20 clients.
2026-05-14 02:39:24,449 [INFO] Edge 2: WTO is OFF, using all 20 clients.
2026-05-14 02:41:16,142 [INFO]   [Eval] Task 3, R 41: Acc: 51.10% | Prec-Mac: 42.10% | Rec-Mac: 61.96% | Mi-F1: 51.10% | Ma-F1: 39.44% | We-F1: 57.27% | Loss: 2.7131
2026-05-14 02:41:16,649 [INFO]   [CKPT] Saved: ckpt_icarl_task03_r041_global241_acc51.1.pth
2026-05-14 02:41:16,649 [INFO] 
--- Task 3, Round 42/80 (Global 242) ---
2026-05-14 02:41:16,654 [INFO] Edge 0: WTO is OFF, using all 20 clients.
2026-05-14 02:41:17,104 [INFO] Edge 1: WTO is OFF, using all 20 clients.
2026-05-14 02:41:17,380 [INFO] Edge 2: WTO is OFF, using all 20 clients.
2026-05-14 02:43:08,920 [INFO]   [Eval] Task 3, R 42: Acc: 50.96% | Prec-Mac: 42.24% | Rec-Mac: 62.16% | Mi-F1: 50.96% | Ma-F1: 39.52% | We-F1: 57.05% | Loss: 2.7371
2026-05-14 02:43:09,430 [INFO]   [CKPT] Saved: ckpt_icarl_task03_r042_global242_acc51.0.pth
2026-05-14 02:43:09,430 [INFO] 
--- Task 3, Round 43/80 (Global 243) ---
2026-05-14 02:43:09,435 [INFO] Edge 0: WTO is OFF, using all 20 clients.
2026-05-14 02:43:09,923 [INFO] Edge 1: WTO is OFF, using all 20 clients.
2026-05-14 02:43:10,229 [INFO] Edge 2: WTO is OFF, using all 20 clients.
2026-05-14 02:45:01,528 [INFO]   [Eval] Task 3, R 43: Acc: 51.31% | Prec-Mac: 42.45% | Rec-Mac: 62.20% | Mi-F1: 51.31% | Ma-F1: 39.74% | We-F1: 57.49% | Loss: 2.7221
2026-05-14 02:45:02,035 [INFO]   [CKPT] Saved: ckpt_icarl_task03_r043_global243_acc51.3.pth
2026-05-14 02:45:02,036 [INFO] 
--- Task 3, Round 44/80 (Global 244) ---
2026-05-14 02:45:02,040 [INFO] Edge 0: WTO is OFF, using all 20 clients.
2026-05-14 02:45:02,486 [INFO] Edge 1: WTO is OFF, using all 20 clients.
2026-05-14 02:45:02,764 [INFO] Edge 2: WTO is OFF, using all 20 clients.
2026-05-14 02:46:54,225 [INFO]   [Eval] Task 3, R 44: Acc: 50.63% | Prec-Mac: 42.23% | Rec-Mac: 62.02% | Mi-F1: 50.63% | Ma-F1: 39.41% | We-F1: 56.69% | Loss: 2.7489
2026-05-14 02:46:54,740 [INFO]   [CKPT] Saved: ckpt_icarl_task03_r044_global244_acc50.6.pth
2026-05-14 02:46:54,740 [INFO] 
--- Task 3, Round 45/80 (Global 245) ---
2026-05-14 02:46:54,745 [INFO] Edge 0: WTO is OFF, using all 20 clients.
2026-05-14 02:46:55,209 [INFO] Edge 1: WTO is OFF, using all 20 clients.
2026-05-14 02:46:55,498 [INFO] Edge 2: WTO is OFF, using all 20 clients.
2026-05-14 02:48:46,688 [INFO]   [Eval] Task 3, R 45: Acc: 50.21% | Prec-Mac: 42.12% | Rec-Mac: 61.79% | Mi-F1: 50.21% | Ma-F1: 39.26% | We-F1: 56.27% | Loss: 2.7675
2026-05-14 02:48:47,188 [INFO]   [CKPT] Saved: ckpt_icarl_task03_r045_global245_acc50.2.pth
2026-05-14 02:48:47,188 [INFO] 
--- Task 3, Round 46/80 (Global 246) ---
2026-05-14 02:48:47,193 [INFO] Edge 0: WTO is OFF, using all 20 clients.
2026-05-14 02:48:47,640 [INFO] Edge 1: WTO is OFF, using all 20 clients.
2026-05-14 02:48:47,915 [INFO] Edge 2: WTO is OFF, using all 20 clients.
2026-05-14 02:50:39,516 [INFO]   [Eval] Task 3, R 46: Acc: 49.56% | Prec-Mac: 42.13% | Rec-Mac: 61.52% | Mi-F1: 49.56% | Ma-F1: 39.29% | We-F1: 55.61% | Loss: 2.8114
2026-05-14 02:50:40,037 [INFO]   [CKPT] Saved: ckpt_icarl_task03_r046_global246_acc49.6.pth
2026-05-14 02:50:40,037 [INFO] 
--- Task 3, Round 47/80 (Global 247) ---
2026-05-14 02:50:40,043 [INFO] Edge 0: WTO is OFF, using all 20 clients.
2026-05-14 02:50:40,505 [INFO] Edge 1: WTO is OFF, using all 20 clients.
2026-05-14 02:50:40,787 [INFO] Edge 2: WTO is OFF, using all 20 clients.
2026-05-14 02:52:31,681 [INFO]   [Eval] Task 3, R 47: Acc: 50.13% | Prec-Mac: 42.21% | Rec-Mac: 61.75% | Mi-F1: 50.13% | Ma-F1: 39.29% | We-F1: 56.19% | Loss: 2.7779
2026-05-14 02:52:32,199 [INFO]   [CKPT] Saved: ckpt_icarl_task03_r047_global247_acc50.1.pth
2026-05-14 02:52:32,199 [INFO] 
--- Task 3, Round 48/80 (Global 248) ---
2026-05-14 02:52:32,204 [INFO] Edge 0: WTO is OFF, using all 20 clients.
2026-05-14 02:52:32,652 [INFO] Edge 1: WTO is OFF, using all 20 clients.
2026-05-14 02:52:32,929 [INFO] Edge 2: WTO is OFF, using all 20 clients.
2026-05-14 02:54:24,073 [INFO]   [Eval] Task 3, R 48: Acc: 50.70% | Prec-Mac: 42.22% | Rec-Mac: 62.01% | Mi-F1: 50.70% | Ma-F1: 39.36% | We-F1: 56.73% | Loss: 2.7561
2026-05-14 02:54:24,585 [INFO]   [CKPT] Saved: ckpt_icarl_task03_r048_global248_acc50.7.pth
2026-05-14 02:54:24,585 [INFO] 
--- Task 3, Round 49/80 (Global 249) ---
2026-05-14 02:54:24,590 [INFO] Edge 0: WTO is OFF, using all 20 clients.
2026-05-14 02:54:25,042 [INFO] Edge 1: WTO is OFF, using all 20 clients.
2026-05-14 02:54:25,329 [INFO] Edge 2: WTO is OFF, using all 20 clients.
2026-05-14 02:56:17,012 [INFO]   [Eval] Task 3, R 49: Acc: 51.08% | Prec-Mac: 42.35% | Rec-Mac: 62.11% | Mi-F1: 51.08% | Ma-F1: 39.52% | We-F1: 57.18% | Loss: 2.7323
2026-05-14 02:56:17,509 [INFO]   [CKPT] Saved: ckpt_icarl_task03_r049_global249_acc51.1.pth
2026-05-14 02:56:17,509 [INFO] 
--- Task 3, Round 50/80 (Global 250) ---
2026-05-14 02:56:17,514 [INFO] Edge 0: WTO is OFF, using all 20 clients.
2026-05-14 02:56:17,967 [INFO] Edge 1: WTO is OFF, using all 20 clients.
2026-05-14 02:56:18,278 [INFO] Edge 2: WTO is OFF, using all 20 clients.
2026-05-14 02:58:11,178 [INFO]   [Eval] Task 3, R 50: Acc: 51.26% | Prec-Mac: 42.63% | Rec-Mac: 62.18% | Mi-F1: 51.26% | Ma-F1: 39.85% | We-F1: 57.42% | Loss: 2.7252
2026-05-14 02:58:11,680 [INFO]   [CKPT] Saved: ckpt_icarl_task03_r050_global250_acc51.3.pth
2026-05-14 02:58:11,680 [INFO] 
--- Task 3, Round 51/80 (Global 251) ---
2026-05-14 02:58:11,684 [INFO] Edge 0: WTO is OFF, using all 20 clients.
2026-05-14 02:58:12,144 [INFO] Edge 1: WTO is OFF, using all 20 clients.
2026-05-14 02:58:12,434 [INFO] Edge 2: WTO is OFF, using all 20 clients.
2026-05-14 03:00:03,932 [INFO]   [Eval] Task 3, R 51: Acc: 51.12% | Prec-Mac: 42.66% | Rec-Mac: 62.07% | Mi-F1: 51.12% | Ma-F1: 39.84% | We-F1: 57.28% | Loss: 2.7303
2026-05-14 03:00:04,435 [INFO]   [CKPT] Saved: ckpt_icarl_task03_r051_global251_acc51.1.pth
2026-05-14 03:00:04,435 [INFO] 
--- Task 3, Round 52/80 (Global 252) ---
2026-05-14 03:00:04,439 [INFO] Edge 0: WTO is OFF, using all 20 clients.
2026-05-14 03:00:04,895 [INFO] Edge 1: WTO is OFF, using all 20 clients.
2026-05-14 03:00:05,203 [INFO] Edge 2: WTO is OFF, using all 20 clients.
2026-05-14 03:01:56,687 [INFO]   [Eval] Task 3, R 52: Acc: 50.43% | Prec-Mac: 42.19% | Rec-Mac: 61.90% | Mi-F1: 50.43% | Ma-F1: 39.33% | We-F1: 56.48% | Loss: 2.7590
2026-05-14 03:01:57,208 [INFO]   [CKPT] Saved: ckpt_icarl_task03_r052_global252_acc50.4.pth
2026-05-14 03:01:57,208 [INFO] 
--- Task 3, Round 53/80 (Global 253) ---
2026-05-14 03:01:57,213 [INFO] Edge 0: WTO is OFF, using all 20 clients.
2026-05-14 03:01:57,665 [INFO] Edge 1: WTO is OFF, using all 20 clients.
2026-05-14 03:01:57,951 [INFO] Edge 2: WTO is OFF, using all 20 clients.
2026-05-14 03:03:49,133 [INFO]   [Eval] Task 3, R 53: Acc: 50.38% | Prec-Mac: 42.12% | Rec-Mac: 61.87% | Mi-F1: 50.38% | Ma-F1: 39.26% | We-F1: 56.44% | Loss: 2.7592
2026-05-14 03:03:49,646 [INFO]   [CKPT] Saved: ckpt_icarl_task03_r053_global253_acc50.4.pth
2026-05-14 03:03:49,646 [INFO] 
--- Task 3, Round 54/80 (Global 254) ---
2026-05-14 03:03:49,651 [INFO] Edge 0: WTO is OFF, using all 20 clients.
2026-05-14 03:03:50,110 [INFO] Edge 1: WTO is OFF, using all 20 clients.
2026-05-14 03:03:50,385 [INFO] Edge 2: WTO is OFF, using all 20 clients.
2026-05-14 03:05:41,908 [INFO]   [Eval] Task 3, R 54: Acc: 50.90% | Prec-Mac: 42.24% | Rec-Mac: 62.02% | Mi-F1: 50.90% | Ma-F1: 39.39% | We-F1: 57.00% | Loss: 2.7440
2026-05-14 03:05:42,439 [INFO]   [CKPT] Saved: ckpt_icarl_task03_r054_global254_acc50.9.pth
2026-05-14 03:05:42,439 [INFO] 
--- Task 3, Round 55/80 (Global 255) ---
2026-05-14 03:05:42,444 [INFO] Edge 0: WTO is OFF, using all 20 clients.
2026-05-14 03:05:42,908 [INFO] Edge 1: WTO is OFF, using all 20 clients.
2026-05-14 03:05:43,205 [INFO] Edge 2: WTO is OFF, using all 20 clients.
2026-05-14 03:07:34,284 [INFO]   [Eval] Task 3, R 55: Acc: 51.29% | Prec-Mac: 42.72% | Rec-Mac: 62.15% | Mi-F1: 51.29% | Ma-F1: 39.96% | We-F1: 57.45% | Loss: 2.7312
2026-05-14 03:07:34,809 [INFO]   [CKPT] Saved: ckpt_icarl_task03_r055_global255_acc51.3.pth
2026-05-14 03:07:34,809 [INFO] 
--- Task 3, Round 56/80 (Global 256) ---
2026-05-14 03:07:34,814 [INFO] Edge 0: WTO is OFF, using all 20 clients.
2026-05-14 03:07:35,271 [INFO] Edge 1: WTO is OFF, using all 20 clients.
2026-05-14 03:07:35,547 [INFO] Edge 2: WTO is OFF, using all 20 clients.
2026-05-14 03:09:28,926 [INFO]   [Eval] Task 3, R 56: Acc: 51.37% | Prec-Mac: 42.03% | Rec-Mac: 62.25% | Mi-F1: 51.37% | Ma-F1: 39.40% | We-F1: 57.46% | Loss: 2.7217
2026-05-14 03:09:29,446 [INFO]   [CKPT] Saved: ckpt_icarl_task03_r056_global256_acc51.4.pth
2026-05-14 03:09:29,446 [INFO] 
--- Task 3, Round 57/80 (Global 257) ---
2026-05-14 03:09:29,452 [INFO] Edge 0: WTO is OFF, using all 20 clients.
2026-05-14 03:09:29,905 [INFO] Edge 1: WTO is OFF, using all 20 clients.
2026-05-14 03:09:30,201 [INFO] Edge 2: WTO is OFF, using all 20 clients.
2026-05-14 03:11:22,828 [INFO]   [Eval] Task 3, R 57: Acc: 51.05% | Prec-Mac: 42.69% | Rec-Mac: 62.03% | Mi-F1: 51.05% | Ma-F1: 39.83% | We-F1: 57.18% | Loss: 2.7378
2026-05-14 03:11:23,333 [INFO]   [CKPT] Saved: ckpt_icarl_task03_r057_global257_acc51.1.pth
2026-05-14 03:11:23,333 [INFO] 
--- Task 3, Round 58/80 (Global 258) ---
2026-05-14 03:11:23,337 [INFO] Edge 0: WTO is OFF, using all 20 clients.
2026-05-14 03:11:23,787 [INFO] Edge 1: WTO is OFF, using all 20 clients.
2026-05-14 03:11:24,064 [INFO] Edge 2: WTO is OFF, using all 20 clients.
2026-05-14 03:13:14,843 [INFO]   [Eval] Task 3, R 58: Acc: 50.99% | Prec-Mac: 42.39% | Rec-Mac: 62.03% | Mi-F1: 50.99% | Ma-F1: 39.53% | We-F1: 57.10% | Loss: 2.7434
2026-05-14 03:13:15,365 [INFO]   [CKPT] Saved: ckpt_icarl_task03_r058_global258_acc51.0.pth
2026-05-14 03:13:15,365 [INFO] 
--- Task 3, Round 59/80 (Global 259) ---
2026-05-14 03:13:15,370 [INFO] Edge 0: WTO is OFF, using all 20 clients.
2026-05-14 03:13:15,830 [INFO] Edge 1: WTO is OFF, using all 20 clients.
2026-05-14 03:13:16,139 [INFO] Edge 2: WTO is OFF, using all 20 clients.
2026-05-14 03:15:07,766 [INFO]   [Eval] Task 3, R 59: Acc: 50.93% | Prec-Mac: 42.32% | Rec-Mac: 62.00% | Mi-F1: 50.93% | Ma-F1: 39.46% | We-F1: 57.03% | Loss: 2.7518
2026-05-14 03:15:08,272 [INFO]   [CKPT] Saved: ckpt_icarl_task03_r059_global259_acc50.9.pth
2026-05-14 03:15:08,272 [INFO] 
--- Task 3, Round 60/80 (Global 260) ---
2026-05-14 03:15:08,277 [INFO] Edge 0: WTO is OFF, using all 20 clients.
2026-05-14 03:15:08,738 [INFO] Edge 1: WTO is OFF, using all 20 clients.
2026-05-14 03:15:09,037 [INFO] Edge 2: WTO is OFF, using all 20 clients.
2026-05-14 03:17:01,006 [INFO]   [Eval] Task 3, R 60: Acc: 50.64% | Prec-Mac: 42.28% | Rec-Mac: 61.97% | Mi-F1: 50.64% | Ma-F1: 39.42% | We-F1: 56.72% | Loss: 2.7582
2026-05-14 03:17:01,523 [INFO]   [CKPT] Saved: ckpt_icarl_task03_r060_global260_acc50.6.pth
2026-05-14 03:17:01,524 [INFO] 
--- Task 3, Round 61/80 (Global 261) ---
2026-05-14 03:17:01,524 [INFO]    [LR DECAY] Round 60 reached milestone: New LR = 0.0002
2026-05-14 03:17:01,529 [INFO] Edge 0: WTO is OFF, using all 20 clients.
2026-05-14 03:17:01,980 [INFO] Edge 1: WTO is OFF, using all 20 clients.
2026-05-14 03:17:02,253 [INFO] Edge 2: WTO is OFF, using all 20 clients.
2026-05-14 03:18:54,079 [INFO]   [Eval] Task 3, R 61: Acc: 50.95% | Prec-Mac: 42.27% | Rec-Mac: 61.99% | Mi-F1: 50.95% | Ma-F1: 39.41% | We-F1: 57.06% | Loss: 2.7466
2026-05-14 03:18:54,586 [INFO]   [CKPT] Saved: ckpt_icarl_task03_r061_global261_acc50.9.pth
2026-05-14 03:18:54,586 [INFO] 
--- Task 3, Round 62/80 (Global 262) ---
2026-05-14 03:18:54,590 [INFO] Edge 0: WTO is OFF, using all 20 clients.
2026-05-14 03:18:55,045 [INFO] Edge 1: WTO is OFF, using all 20 clients.
2026-05-14 03:18:55,340 [INFO] Edge 2: WTO is OFF, using all 20 clients.
2026-05-14 03:20:46,914 [INFO]   [Eval] Task 3, R 62: Acc: 51.15% | Prec-Mac: 42.59% | Rec-Mac: 62.08% | Mi-F1: 51.15% | Ma-F1: 39.81% | We-F1: 57.32% | Loss: 2.7372
2026-05-14 03:20:47,423 [INFO]   [CKPT] Saved: ckpt_icarl_task03_r062_global262_acc51.2.pth
2026-05-14 03:20:47,423 [INFO] 
--- Task 3, Round 63/80 (Global 263) ---
2026-05-14 03:20:47,427 [INFO] Edge 0: WTO is OFF, using all 20 clients.
2026-05-14 03:20:47,880 [INFO] Edge 1: WTO is OFF, using all 20 clients.
2026-05-14 03:20:48,167 [INFO] Edge 2: WTO is OFF, using all 20 clients.
2026-05-14 03:22:39,385 [INFO]   [Eval] Task 3, R 63: Acc: 50.95% | Prec-Mac: 42.27% | Rec-Mac: 62.01% | Mi-F1: 50.95% | Ma-F1: 39.44% | We-F1: 57.04% | Loss: 2.7502
2026-05-14 03:22:39,885 [INFO]   [CKPT] Saved: ckpt_icarl_task03_r063_global263_acc50.9.pth
2026-05-14 03:22:39,885 [INFO] 
--- Task 3, Round 64/80 (Global 264) ---
2026-05-14 03:22:39,890 [INFO] Edge 0: WTO is OFF, using all 20 clients.
2026-05-14 03:22:40,345 [INFO] Edge 1: WTO is OFF, using all 20 clients.
2026-05-14 03:22:40,626 [INFO] Edge 2: WTO is OFF, using all 20 clients.
2026-05-14 03:24:31,588 [INFO]   [Eval] Task 3, R 64: Acc: 50.84% | Prec-Mac: 42.20% | Rec-Mac: 61.96% | Mi-F1: 50.84% | Ma-F1: 39.34% | We-F1: 56.93% | Loss: 2.7541
2026-05-14 03:24:32,091 [INFO]   [CKPT] Saved: ckpt_icarl_task03_r064_global264_acc50.8.pth
2026-05-14 03:24:32,091 [INFO] 
--- Task 3, Round 65/80 (Global 265) ---
2026-05-14 03:24:32,095 [INFO] Edge 0: WTO is OFF, using all 20 clients.
2026-05-14 03:24:32,537 [INFO] Edge 1: WTO is OFF, using all 20 clients.
2026-05-14 03:24:32,813 [INFO] Edge 2: WTO is OFF, using all 20 clients.
2026-05-14 03:26:23,723 [INFO]   [Eval] Task 3, R 65: Acc: 50.18% | Prec-Mac: 42.11% | Rec-Mac: 61.74% | Mi-F1: 50.18% | Ma-F1: 39.14% | We-F1: 56.33% | Loss: 2.7741
2026-05-14 03:26:24,227 [INFO]   [CKPT] Saved: ckpt_icarl_task03_r065_global265_acc50.2.pth
2026-05-14 03:26:24,227 [INFO] 
--- Task 3, Round 66/80 (Global 266) ---
2026-05-14 03:26:24,232 [INFO] Edge 0: WTO is OFF, using all 20 clients.
2026-05-14 03:26:24,678 [INFO] Edge 1: WTO is OFF, using all 20 clients.
2026-05-14 03:26:24,956 [INFO] Edge 2: WTO is OFF, using all 20 clients.
2026-05-14 03:28:15,826 [INFO]   [Eval] Task 3, R 66: Acc: 49.85% | Prec-Mac: 42.09% | Rec-Mac: 61.55% | Mi-F1: 49.85% | Ma-F1: 39.08% | We-F1: 55.96% | Loss: 2.7997
2026-05-14 03:28:16,355 [INFO]   [CKPT] Saved: ckpt_icarl_task03_r066_global266_acc49.9.pth
2026-05-14 03:28:16,355 [INFO] 
--- Task 3, Round 67/80 (Global 267) ---
2026-05-14 03:28:16,360 [INFO] Edge 0: WTO is OFF, using all 20 clients.
2026-05-14 03:28:16,820 [INFO] Edge 1: WTO is OFF, using all 20 clients.
2026-05-14 03:28:17,105 [INFO] Edge 2: WTO is OFF, using all 20 clients.
2026-05-14 03:30:08,178 [INFO]   [Eval] Task 3, R 67: Acc: 50.38% | Prec-Mac: 42.08% | Rec-Mac: 61.80% | Mi-F1: 50.38% | Ma-F1: 39.14% | We-F1: 56.49% | Loss: 2.7717
2026-05-14 03:30:08,686 [INFO]   [CKPT] Saved: ckpt_icarl_task03_r067_global267_acc50.4.pth
2026-05-14 03:30:08,686 [INFO] 
--- Task 3, Round 68/80 (Global 268) ---
2026-05-14 03:30:08,691 [INFO] Edge 0: WTO is OFF, using all 20 clients.
2026-05-14 03:30:09,149 [INFO] Edge 1: WTO is OFF, using all 20 clients.
2026-05-14 03:30:09,460 [INFO] Edge 2: WTO is OFF, using all 20 clients.
2026-05-14 03:32:00,208 [INFO]   [Eval] Task 3, R 68: Acc: 51.12% | Prec-Mac: 42.56% | Rec-Mac: 62.06% | Mi-F1: 51.12% | Ma-F1: 39.71% | We-F1: 57.28% | Loss: 2.7401
2026-05-14 03:32:00,733 [INFO]   [CKPT] Saved: ckpt_icarl_task03_r068_global268_acc51.1.pth
2026-05-14 03:32:00,733 [INFO] 
--- Task 3, Round 69/80 (Global 269) ---
2026-05-14 03:32:00,738 [INFO] Edge 0: WTO is OFF, using all 20 clients.
2026-05-14 03:32:01,188 [INFO] Edge 1: WTO is OFF, using all 20 clients.
2026-05-14 03:32:01,461 [INFO] Edge 2: WTO is OFF, using all 20 clients.
2026-05-14 03:33:52,415 [INFO]   [Eval] Task 3, R 69: Acc: 51.32% | Prec-Mac: 42.40% | Rec-Mac: 62.22% | Mi-F1: 51.32% | Ma-F1: 39.68% | We-F1: 57.47% | Loss: 2.7285
2026-05-14 03:33:52,922 [INFO]   [CKPT] Saved: ckpt_icarl_task03_r069_global269_acc51.3.pth
2026-05-14 03:33:52,922 [INFO] 
--- Task 3, Round 70/80 (Global 270) ---
2026-05-14 03:33:52,927 [INFO] Edge 0: WTO is OFF, using all 20 clients.
2026-05-14 03:33:53,366 [INFO] Edge 1: WTO is OFF, using all 20 clients.
2026-05-14 03:33:53,643 [INFO] Edge 2: WTO is OFF, using all 20 clients.
2026-05-14 03:35:44,659 [INFO]   [Eval] Task 3, R 70: Acc: 50.95% | Prec-Mac: 42.37% | Rec-Mac: 62.01% | Mi-F1: 50.95% | Ma-F1: 39.49% | We-F1: 57.07% | Loss: 2.7459
2026-05-14 03:35:45,182 [INFO]   [CKPT] Saved: ckpt_icarl_task03_r070_global270_acc50.9.pth
2026-05-14 03:35:45,182 [INFO] 
--- Task 3, Round 71/80 (Global 271) ---
2026-05-14 03:35:45,187 [INFO] Edge 0: WTO is OFF, using all 20 clients.
2026-05-14 03:35:45,642 [INFO] Edge 1: WTO is OFF, using all 20 clients.
2026-05-14 03:35:45,937 [INFO] Edge 2: WTO is OFF, using all 20 clients.
2026-05-14 03:37:37,438 [INFO]   [Eval] Task 3, R 71: Acc: 50.37% | Prec-Mac: 42.29% | Rec-Mac: 61.86% | Mi-F1: 50.37% | Ma-F1: 39.36% | We-F1: 56.49% | Loss: 2.7745
2026-05-14 03:37:37,949 [INFO]   [CKPT] Saved: ckpt_icarl_task03_r071_global271_acc50.4.pth
2026-05-14 03:37:37,949 [INFO] 
--- Task 3, Round 72/80 (Global 272) ---
2026-05-14 03:37:37,953 [INFO] Edge 0: WTO is OFF, using all 20 clients.
2026-05-14 03:37:38,398 [INFO] Edge 1: WTO is OFF, using all 20 clients.
2026-05-14 03:37:38,677 [INFO] Edge 2: WTO is OFF, using all 20 clients.
2026-05-14 03:39:29,825 [INFO]   [Eval] Task 3, R 72: Acc: 50.62% | Prec-Mac: 42.38% | Rec-Mac: 61.98% | Mi-F1: 50.62% | Ma-F1: 39.47% | We-F1: 56.72% | Loss: 2.7663
2026-05-14 03:39:30,346 [INFO]   [CKPT] Saved: ckpt_icarl_task03_r072_global272_acc50.6.pth
2026-05-14 03:39:30,346 [INFO] 
--- Task 3, Round 73/80 (Global 273) ---
2026-05-14 03:39:30,352 [INFO] Edge 0: WTO is OFF, using all 20 clients.
2026-05-14 03:39:30,810 [INFO] Edge 1: WTO is OFF, using all 20 clients.
2026-05-14 03:39:31,088 [INFO] Edge 2: WTO is OFF, using all 20 clients.
2026-05-14 03:41:21,961 [INFO]   [Eval] Task 3, R 73: Acc: 50.95% | Prec-Mac: 42.40% | Rec-Mac: 62.01% | Mi-F1: 50.95% | Ma-F1: 39.51% | We-F1: 57.06% | Loss: 2.7527
2026-05-14 03:41:22,468 [INFO]   [CKPT] Saved: ckpt_icarl_task03_r073_global273_acc50.9.pth
2026-05-14 03:41:22,468 [INFO] 
--- Task 3, Round 74/80 (Global 274) ---
2026-05-14 03:41:22,473 [INFO] Edge 0: WTO is OFF, using all 20 clients.
2026-05-14 03:41:22,937 [INFO] Edge 1: WTO is OFF, using all 20 clients.
2026-05-14 03:41:23,216 [INFO] Edge 2: WTO is OFF, using all 20 clients.
2026-05-14 03:43:13,744 [INFO]   [Eval] Task 3, R 74: Acc: 51.13% | Prec-Mac: 42.67% | Rec-Mac: 62.07% | Mi-F1: 51.13% | Ma-F1: 39.83% | We-F1: 57.30% | Loss: 2.7410
2026-05-14 03:43:14,241 [INFO]   [CKPT] Saved: ckpt_icarl_task03_r074_global274_acc51.1.pth
2026-05-14 03:43:14,242 [INFO] 
--- Task 3, Round 75/80 (Global 275) ---
2026-05-14 03:43:14,246 [INFO] Edge 0: WTO is OFF, using all 20 clients.
2026-05-14 03:43:14,704 [INFO] Edge 1: WTO is OFF, using all 20 clients.
2026-05-14 03:43:14,992 [INFO] Edge 2: WTO is OFF, using all 20 clients.
2026-05-14 03:45:05,468 [INFO]   [Eval] Task 3, R 75: Acc: 50.17% | Prec-Mac: 42.13% | Rec-Mac: 61.74% | Mi-F1: 50.17% | Ma-F1: 39.15% | We-F1: 56.32% | Loss: 2.7775
2026-05-14 03:45:05,983 [INFO]   [CKPT] Saved: ckpt_icarl_task03_r075_global275_acc50.2.pth
2026-05-14 03:45:05,983 [INFO] 
--- Task 3, Round 76/80 (Global 276) ---
2026-05-14 03:45:05,987 [INFO] Edge 0: WTO is OFF, using all 20 clients.
2026-05-14 03:45:06,442 [INFO] Edge 1: WTO is OFF, using all 20 clients.
2026-05-14 03:45:06,737 [INFO] Edge 2: WTO is OFF, using all 20 clients.
2026-05-14 03:46:57,200 [INFO]   [Eval] Task 3, R 76: Acc: 50.16% | Prec-Mac: 42.20% | Rec-Mac: 61.74% | Mi-F1: 50.16% | Ma-F1: 39.22% | We-F1: 56.31% | Loss: 2.7802
2026-05-14 03:46:57,717 [INFO]   [CKPT] Saved: ckpt_icarl_task03_r076_global276_acc50.2.pth
2026-05-14 03:46:57,718 [INFO] 
--- Task 3, Round 77/80 (Global 277) ---
2026-05-14 03:46:57,723 [INFO] Edge 0: WTO is OFF, using all 20 clients.
2026-05-14 03:46:58,178 [INFO] Edge 1: WTO is OFF, using all 20 clients.
2026-05-14 03:46:58,473 [INFO] Edge 2: WTO is OFF, using all 20 clients.
2026-05-14 03:48:49,289 [INFO]   [Eval] Task 3, R 77: Acc: 50.47% | Prec-Mac: 42.28% | Rec-Mac: 61.89% | Mi-F1: 50.47% | Ma-F1: 39.36% | We-F1: 56.58% | Loss: 2.7729
2026-05-14 03:48:49,798 [INFO]   [CKPT] Saved: ckpt_icarl_task03_r077_global277_acc50.5.pth
2026-05-14 03:48:49,798 [INFO] 
--- Task 3, Round 78/80 (Global 278) ---
2026-05-14 03:48:49,803 [INFO] Edge 0: WTO is OFF, using all 20 clients.
2026-05-14 03:48:50,251 [INFO] Edge 1: WTO is OFF, using all 20 clients.
2026-05-14 03:48:50,532 [INFO] Edge 2: WTO is OFF, using all 20 clients.
2026-05-14 03:50:41,555 [INFO]   [Eval] Task 3, R 78: Acc: 49.61% | Prec-Mac: 42.03% | Rec-Mac: 61.48% | Mi-F1: 49.61% | Ma-F1: 39.06% | We-F1: 55.71% | Loss: 2.8120
2026-05-14 03:50:42,077 [INFO]   [CKPT] Saved: ckpt_icarl_task03_r078_global278_acc49.6.pth
2026-05-14 03:50:42,077 [INFO] 
--- Task 3, Round 79/80 (Global 279) ---
2026-05-14 03:50:42,082 [INFO] Edge 0: WTO is OFF, using all 20 clients.
2026-05-14 03:50:42,526 [INFO] Edge 1: WTO is OFF, using all 20 clients.
2026-05-14 03:50:42,802 [INFO] Edge 2: WTO is OFF, using all 20 clients.
2026-05-14 03:52:33,931 [INFO]   [Eval] Task 3, R 79: Acc: 49.79% | Prec-Mac: 42.18% | Rec-Mac: 61.57% | Mi-F1: 49.79% | Ma-F1: 39.21% | We-F1: 55.88% | Loss: 2.8042
2026-05-14 03:52:34,432 [INFO]   [CKPT] Saved: ckpt_icarl_task03_r079_global279_acc49.8.pth
2026-05-14 03:52:34,432 [INFO] 
--- Task 3, Round 80/80 (Global 280) ---
2026-05-14 03:52:34,436 [INFO] Edge 0: WTO is OFF, using all 20 clients.
2026-05-14 03:52:37,442 [INFO] Edge 0: Memory updated at end of task. Total stored: 14824 samples across 17 classes.
2026-05-14 03:52:37,445 [INFO] Edge 1: WTO is OFF, using all 20 clients.
2026-05-14 03:52:40,291 [INFO] Edge 1: Memory updated at end of task. Total stored: 14826 samples across 17 classes.
2026-05-14 03:52:40,294 [INFO] Edge 2: WTO is OFF, using all 20 clients.
2026-05-14 03:52:43,250 [INFO] Edge 2: Memory updated at end of task. Total stored: 14784 samples across 17 classes.
2026-05-14 03:54:32,655 [INFO]   [Eval] Task 3, R 80: Acc: 49.54% | Prec-Mac: 42.37% | Rec-Mac: 61.46% | Mi-F1: 49.54% | Ma-F1: 39.42% | We-F1: 55.62% | Loss: 2.8280
2026-05-14 03:54:33,162 [INFO]   [CKPT] Saved: ckpt_icarl_task03_r080_global280_acc49.5.pth
2026-05-14 03:54:33,162 [INFO] 
Loading data for Task 4 (Classes: [17, 18, 19, 20])...
2026-05-14 03:54:33,650 [INFO] Expanded global model to 21 classes for Task 4
2026-05-14 03:54:33,664 [INFO] 
============================================================
2026-05-14 03:54:33,665 [INFO] Task 4/4 | Classes: [17, 18, 19, 20] | 80 rounds | LR: 0.02
2026-05-14 03:54:33,665 [INFO] ============================================================
2026-05-14 03:54:33,665 [INFO] 
--- Task 4, Round 1/80 (Global 281) ---
2026-05-14 03:54:33,670 [INFO] Edge 0: WTO is OFF, using all 20 clients.
2026-05-14 03:54:33,882 [INFO] Edge 1: WTO is OFF, using all 20 clients.
2026-05-14 03:54:34,244 [INFO] Edge 2: WTO is OFF, using all 20 clients.
2026-05-14 03:56:25,697 [INFO]   [Eval] Task 4, R 1: Acc: 41.46% | Prec-Mac: 38.95% | Rec-Mac: 44.59% | Mi-F1: 41.46% | Ma-F1: 32.23% | We-F1: 49.79% | Loss: 3.3771
2026-05-14 03:56:26,210 [INFO]   [CKPT] Saved: ckpt_icarl_task04_r001_global281_acc41.5.pth
2026-05-14 03:56:26,211 [INFO] 
--- Task 4, Round 2/80 (Global 282) ---
2026-05-14 03:56:26,215 [INFO] Edge 0: WTO is OFF, using all 20 clients.
2026-05-14 03:56:26,576 [INFO] Edge 1: WTO is OFF, using all 20 clients.
2026-05-14 03:56:26,775 [INFO] Edge 2: WTO is OFF, using all 20 clients.
2026-05-14 03:58:17,696 [INFO]   [Eval] Task 4, R 2: Acc: 47.39% | Prec-Mac: 36.98% | Rec-Mac: 49.71% | Mi-F1: 47.39% | Ma-F1: 33.25% | We-F1: 54.15% | Loss: 3.0287
2026-05-14 03:58:18,386 [INFO]   [CKPT] Saved: ckpt_icarl_task04_r002_global282_acc47.4.pth
2026-05-14 03:58:18,386 [INFO] 
--- Task 4, Round 3/80 (Global 283) ---
2026-05-14 03:58:18,391 [INFO] Edge 0: WTO is OFF, using all 20 clients.
2026-05-14 03:58:18,592 [INFO] Edge 1: WTO is OFF, using all 20 clients.
2026-05-14 03:58:18,786 [INFO] Edge 2: WTO is OFF, using all 20 clients.
2026-05-14 04:00:10,113 [INFO]   [Eval] Task 4, R 3: Acc: 44.51% | Prec-Mac: 38.64% | Rec-Mac: 48.17% | Mi-F1: 44.51% | Ma-F1: 33.58% | We-F1: 52.22% | Loss: 3.1006
2026-05-14 04:00:10,627 [INFO]   [CKPT] Saved: ckpt_icarl_task04_r003_global283_acc44.5.pth
2026-05-14 04:00:10,627 [INFO] 
--- Task 4, Round 4/80 (Global 284) ---
2026-05-14 04:00:10,631 [INFO] Edge 0: WTO is OFF, using all 20 clients.
2026-05-14 04:00:10,834 [INFO] Edge 1: WTO is OFF, using all 20 clients.
2026-05-14 04:00:11,195 [INFO] Edge 2: WTO is OFF, using all 20 clients.
2026-05-14 04:02:01,714 [INFO]   [Eval] Task 4, R 4: Acc: 48.19% | Prec-Mac: 37.89% | Rec-Mac: 50.19% | Mi-F1: 48.19% | Ma-F1: 33.71% | We-F1: 55.10% | Loss: 2.9323
2026-05-14 04:02:02,218 [INFO]   [CKPT] Saved: ckpt_icarl_task04_r004_global284_acc48.2.pth
2026-05-14 04:02:02,218 [INFO] 
--- Task 4, Round 5/80 (Global 285) ---
2026-05-14 04:02:02,223 [INFO] Edge 0: WTO is OFF, using all 20 clients.
2026-05-14 04:02:02,581 [INFO] Edge 1: WTO is OFF, using all 20 clients.
2026-05-14 04:02:02,788 [INFO] Edge 2: WTO is OFF, using all 20 clients.
2026-05-14 04:03:53,388 [INFO]   [Eval] Task 4, R 5: Acc: 47.69% | Prec-Mac: 39.66% | Rec-Mac: 49.75% | Mi-F1: 47.69% | Ma-F1: 34.18% | We-F1: 54.82% | Loss: 2.9659
2026-05-14 04:03:53,892 [INFO]   [CKPT] Saved: ckpt_icarl_task04_r005_global285_acc47.7.pth
2026-05-14 04:03:53,893 [INFO] 
--- Task 4, Round 6/80 (Global 286) ---
2026-05-14 04:03:53,897 [INFO] Edge 0: WTO is OFF, using all 20 clients.
2026-05-14 04:03:54,255 [INFO] Edge 1: WTO is OFF, using all 20 clients.
2026-05-14 04:03:54,458 [INFO] Edge 2: WTO is OFF, using all 20 clients.
2026-05-14 04:05:45,902 [INFO]   [Eval] Task 4, R 6: Acc: 49.72% | Prec-Mac: 38.56% | Rec-Mac: 50.93% | Mi-F1: 49.72% | Ma-F1: 34.01% | We-F1: 56.11% | Loss: 2.8643
2026-05-14 04:05:46,428 [INFO]   [CKPT] Saved: ckpt_icarl_task04_r006_global286_acc49.7.pth
2026-05-14 04:05:46,428 [INFO] 
--- Task 4, Round 7/80 (Global 287) ---
2026-05-14 04:05:46,433 [INFO] Edge 0: WTO is OFF, using all 20 clients.
2026-05-14 04:05:46,639 [INFO] Edge 1: WTO is OFF, using all 20 clients.
2026-05-14 04:05:46,993 [INFO] Edge 2: WTO is OFF, using all 20 clients.
2026-05-14 04:07:38,397 [INFO]   [Eval] Task 4, R 7: Acc: 48.26% | Prec-Mac: 39.29% | Rec-Mac: 50.50% | Mi-F1: 48.26% | Ma-F1: 34.35% | We-F1: 55.03% | Loss: 2.8716
2026-05-14 04:07:38,904 [INFO]   [CKPT] Saved: ckpt_icarl_task04_r007_global287_acc48.3.pth
2026-05-14 04:07:38,904 [INFO] 
--- Task 4, Round 8/80 (Global 288) ---
2026-05-14 04:07:38,909 [INFO] Edge 0: WTO is OFF, using all 20 clients.
2026-05-14 04:07:39,121 [INFO] Edge 1: WTO is OFF, using all 20 clients.
2026-05-14 04:07:39,485 [INFO] Edge 2: WTO is OFF, using all 20 clients.
2026-05-14 04:09:31,459 [INFO]   [Eval] Task 4, R 8: Acc: 49.78% | Prec-Mac: 37.29% | Rec-Mac: 51.01% | Mi-F1: 49.78% | Ma-F1: 33.23% | We-F1: 55.99% | Loss: 2.8261
2026-05-14 04:09:31,968 [INFO]   [CKPT] Saved: ckpt_icarl_task04_r008_global288_acc49.8.pth
2026-05-14 04:09:31,968 [INFO] 
--- Task 4, Round 9/80 (Global 289) ---
2026-05-14 04:09:31,973 [INFO] Edge 0: WTO is OFF, using all 20 clients.
2026-05-14 04:09:32,329 [INFO] Edge 1: WTO is OFF, using all 20 clients.
2026-05-14 04:09:32,527 [INFO] Edge 2: WTO is OFF, using all 20 clients.
2026-05-14 04:11:24,586 [INFO]   [Eval] Task 4, R 9: Acc: 49.03% | Prec-Mac: 39.00% | Rec-Mac: 50.82% | Mi-F1: 49.03% | Ma-F1: 34.33% | We-F1: 55.53% | Loss: 2.8393
2026-05-14 04:11:25,283 [INFO]   [CKPT] Saved: ckpt_icarl_task04_r009_global289_acc49.0.pth
2026-05-14 04:11:25,283 [INFO] 
--- Task 4, Round 10/80 (Global 290) ---
2026-05-14 04:11:25,288 [INFO] Edge 0: WTO is OFF, using all 20 clients.
2026-05-14 04:11:25,489 [INFO] Edge 1: WTO is OFF, using all 20 clients.
2026-05-14 04:11:25,689 [INFO] Edge 2: WTO is OFF, using all 20 clients.
2026-05-14 04:13:17,162 [INFO]   [Eval] Task 4, R 10: Acc: 50.03% | Prec-Mac: 36.96% | Rec-Mac: 51.23% | Mi-F1: 50.03% | Ma-F1: 33.16% | We-F1: 56.12% | Loss: 2.8056
2026-05-14 04:13:17,660 [INFO]   [CKPT] Saved: ckpt_icarl_task04_r010_global290_acc50.0.pth
2026-05-14 04:13:17,660 [INFO] 
--- Task 4, Round 11/80 (Global 291) ---
2026-05-14 04:13:17,666 [INFO] Edge 0: WTO is OFF, using all 20 clients.
2026-05-14 04:13:17,863 [INFO] Edge 1: WTO is OFF, using all 20 clients.
2026-05-14 04:13:18,214 [INFO] Edge 2: WTO is OFF, using all 20 clients.
2026-05-14 04:15:09,296 [INFO]   [Eval] Task 4, R 11: Acc: 50.17% | Prec-Mac: 37.78% | Rec-Mac: 51.23% | Mi-F1: 50.17% | Ma-F1: 33.89% | We-F1: 56.29% | Loss: 2.7979
2026-05-14 04:15:09,797 [INFO]   [CKPT] Saved: ckpt_icarl_task04_r011_global291_acc50.2.pth
2026-05-14 04:15:09,797 [INFO] 
--- Task 4, Round 12/80 (Global 292) ---
2026-05-14 04:15:09,802 [INFO] Edge 0: WTO is OFF, using all 20 clients.
2026-05-14 04:15:10,002 [INFO] Edge 1: WTO is OFF, using all 20 clients.
2026-05-14 04:15:10,349 [INFO] Edge 2: WTO is OFF, using all 20 clients.
2026-05-14 04:17:01,317 [INFO]   [Eval] Task 4, R 12: Acc: 50.41% | Prec-Mac: 36.92% | Rec-Mac: 51.34% | Mi-F1: 50.41% | Ma-F1: 33.25% | We-F1: 56.31% | Loss: 2.7945
2026-05-14 04:17:01,823 [INFO]   [CKPT] Saved: ckpt_icarl_task04_r012_global292_acc50.4.pth
2026-05-14 04:17:01,823 [INFO] 
--- Task 4, Round 13/80 (Global 293) ---
2026-05-14 04:17:01,828 [INFO] Edge 0: WTO is OFF, using all 20 clients.
2026-05-14 04:17:02,188 [INFO] Edge 1: WTO is OFF, using all 20 clients.
2026-05-14 04:17:02,391 [INFO] Edge 2: WTO is OFF, using all 20 clients.
2026-05-14 04:18:54,000 [INFO]   [Eval] Task 4, R 13: Acc: 50.47% | Prec-Mac: 37.30% | Rec-Mac: 51.28% | Mi-F1: 50.47% | Ma-F1: 33.59% | We-F1: 56.57% | Loss: 2.7859
2026-05-14 04:18:54,509 [INFO]   [CKPT] Saved: ckpt_icarl_task04_r013_global293_acc50.5.pth
2026-05-14 04:18:54,509 [INFO] 
--- Task 4, Round 14/80 (Global 294) ---
2026-05-14 04:18:54,514 [INFO] Edge 0: WTO is OFF, using all 20 clients.
2026-05-14 04:18:54,872 [INFO] Edge 1: WTO is OFF, using all 20 clients.
2026-05-14 04:18:55,063 [INFO] Edge 2: WTO is OFF, using all 20 clients.
2026-05-14 04:20:47,057 [INFO]   [Eval] Task 4, R 14: Acc: 50.64% | Prec-Mac: 37.06% | Rec-Mac: 51.30% | Mi-F1: 50.64% | Ma-F1: 33.30% | We-F1: 56.59% | Loss: 2.7803
2026-05-14 04:20:47,558 [INFO]   [CKPT] Saved: ckpt_icarl_task04_r014_global294_acc50.6.pth
2026-05-14 04:20:47,559 [INFO] 
--- Task 4, Round 15/80 (Global 295) ---
2026-05-14 04:20:47,563 [INFO] Edge 0: WTO is OFF, using all 20 clients.
2026-05-14 04:20:47,766 [INFO] Edge 1: WTO is OFF, using all 20 clients.
2026-05-14 04:20:48,122 [INFO] Edge 2: WTO is OFF, using all 20 clients.
2026-05-14 04:22:40,179 [INFO]   [Eval] Task 4, R 15: Acc: 50.53% | Prec-Mac: 37.16% | Rec-Mac: 51.28% | Mi-F1: 50.53% | Ma-F1: 33.43% | We-F1: 56.49% | Loss: 2.7797
2026-05-14 04:22:40,687 [INFO]   [CKPT] Saved: ckpt_icarl_task04_r015_global295_acc50.5.pth
2026-05-14 04:22:40,687 [INFO] 
--- Task 4, Round 16/80 (Global 296) ---
2026-05-14 04:22:40,692 [INFO] Edge 0: WTO is OFF, using all 20 clients.
2026-05-14 04:22:41,048 [INFO] Edge 1: WTO is OFF, using all 20 clients.
2026-05-14 04:22:41,252 [INFO] Edge 2: WTO is OFF, using all 20 clients.
2026-05-14 04:24:32,762 [INFO]   [Eval] Task 4, R 16: Acc: 50.82% | Prec-Mac: 36.94% | Rec-Mac: 51.29% | Mi-F1: 50.82% | Ma-F1: 33.28% | We-F1: 56.75% | Loss: 2.7649
2026-05-14 04:24:33,266 [INFO]   [CKPT] Saved: ckpt_icarl_task04_r016_global296_acc50.8.pth
2026-05-14 04:24:33,266 [INFO] 
--- Task 4, Round 17/80 (Global 297) ---
2026-05-14 04:24:33,271 [INFO] Edge 0: WTO is OFF, using all 20 clients.
2026-05-14 04:24:33,641 [INFO] Edge 1: WTO is OFF, using all 20 clients.
2026-05-14 04:24:33,842 [INFO] Edge 2: WTO is OFF, using all 20 clients.
2026-05-14 04:26:24,890 [INFO]   [Eval] Task 4, R 17: Acc: 50.95% | Prec-Mac: 36.92% | Rec-Mac: 51.32% | Mi-F1: 50.95% | Ma-F1: 33.38% | We-F1: 56.95% | Loss: 2.7537
2026-05-14 04:26:25,572 [INFO]   [CKPT] Saved: ckpt_icarl_task04_r017_global297_acc50.9.pth
2026-05-14 04:26:25,572 [INFO] 
--- Task 4, Round 18/80 (Global 298) ---
2026-05-14 04:26:25,577 [INFO] Edge 0: WTO is OFF, using all 20 clients.
2026-05-14 04:26:25,780 [INFO] Edge 1: WTO is OFF, using all 20 clients.
2026-05-14 04:26:25,983 [INFO] Edge 2: WTO is OFF, using all 20 clients.
2026-05-14 04:28:16,734 [INFO]   [Eval] Task 4, R 18: Acc: 50.80% | Prec-Mac: 36.89% | Rec-Mac: 51.22% | Mi-F1: 50.80% | Ma-F1: 33.32% | We-F1: 56.70% | Loss: 2.7548
2026-05-14 04:28:17,232 [INFO]   [CKPT] Saved: ckpt_icarl_task04_r018_global298_acc50.8.pth
2026-05-14 04:28:17,232 [INFO] 
--- Task 4, Round 19/80 (Global 299) ---
2026-05-14 04:28:17,237 [INFO] Edge 0: WTO is OFF, using all 20 clients.
2026-05-14 04:28:17,442 [INFO] Edge 1: WTO is OFF, using all 20 clients.
2026-05-14 04:28:17,801 [INFO] Edge 2: WTO is OFF, using all 20 clients.
2026-05-14 04:30:08,413 [INFO]   [Eval] Task 4, R 19: Acc: 50.89% | Prec-Mac: 36.83% | Rec-Mac: 51.21% | Mi-F1: 50.89% | Ma-F1: 33.22% | We-F1: 56.84% | Loss: 2.7480
2026-05-14 04:30:08,911 [INFO]   [CKPT] Saved: ckpt_icarl_task04_r019_global299_acc50.9.pth
2026-05-14 04:30:08,911 [INFO] 
--- Task 4, Round 20/80 (Global 300) ---
2026-05-14 04:30:08,916 [INFO] Edge 0: WTO is OFF, using all 20 clients.
2026-05-14 04:30:09,277 [INFO] Edge 1: WTO is OFF, using all 20 clients.
2026-05-14 04:30:09,482 [INFO] Edge 2: WTO is OFF, using all 20 clients.
2026-05-14 04:31:59,726 [INFO]   [Eval] Task 4, R 20: Acc: 50.92% | Prec-Mac: 38.04% | Rec-Mac: 52.26% | Mi-F1: 50.92% | Ma-F1: 34.41% | We-F1: 56.87% | Loss: 2.7555
2026-05-14 04:32:00,232 [INFO]   [CKPT] Saved: ckpt_icarl_task04_r020_global300_acc50.9.pth
2026-05-14 04:32:00,232 [INFO] 
--- Task 4, Round 21/80 (Global 301) ---
2026-05-14 04:32:00,237 [INFO] Edge 0: WTO is OFF, using all 20 clients.
2026-05-14 04:32:00,625 [INFO] Edge 1: WTO is OFF, using all 20 clients.
2026-05-14 04:32:00,830 [INFO] Edge 2: WTO is OFF, using all 20 clients.
2026-05-14 04:33:51,500 [INFO]   [Eval] Task 4, R 21: Acc: 51.07% | Prec-Mac: 37.99% | Rec-Mac: 52.50% | Mi-F1: 51.07% | Ma-F1: 34.52% | We-F1: 57.04% | Loss: 2.7386
2026-05-14 04:33:51,995 [INFO]   [CKPT] Saved: ckpt_icarl_task04_r021_global301_acc51.1.pth
2026-05-14 04:33:51,996 [INFO] 
--- Task 4, Round 22/80 (Global 302) ---
2026-05-14 04:33:52,000 [INFO] Edge 0: WTO is OFF, using all 20 clients.
2026-05-14 04:33:52,347 [INFO] Edge 1: WTO is OFF, using all 20 clients.
2026-05-14 04:33:52,547 [INFO] Edge 2: WTO is OFF, using all 20 clients.
2026-05-14 04:35:42,975 [INFO]   [Eval] Task 4, R 22: Acc: 51.11% | Prec-Mac: 37.88% | Rec-Mac: 53.17% | Mi-F1: 51.11% | Ma-F1: 34.73% | We-F1: 57.08% | Loss: 2.7440
2026-05-14 04:35:43,472 [INFO]   [CKPT] Saved: ckpt_icarl_task04_r022_global302_acc51.1.pth
2026-05-14 04:35:43,473 [INFO] 
--- Task 4, Round 23/80 (Global 303) ---
2026-05-14 04:35:43,477 [INFO] Edge 0: WTO is OFF, using all 20 clients.
2026-05-14 04:35:43,679 [INFO] Edge 1: WTO is OFF, using all 20 clients.
2026-05-14 04:35:44,033 [INFO] Edge 2: WTO is OFF, using all 20 clients.
2026-05-14 04:37:34,705 [INFO]   [Eval] Task 4, R 23: Acc: 51.15% | Prec-Mac: 38.02% | Rec-Mac: 55.40% | Mi-F1: 51.15% | Ma-F1: 35.05% | We-F1: 57.09% | Loss: 2.7354
2026-05-14 04:37:35,214 [INFO]   [CKPT] Saved: ckpt_icarl_task04_r023_global303_acc51.1.pth
2026-05-14 04:37:35,215 [INFO] 
--- Task 4, Round 24/80 (Global 304) ---
2026-05-14 04:37:35,219 [INFO] Edge 0: WTO is OFF, using all 20 clients.
2026-05-14 04:37:35,576 [INFO] Edge 1: WTO is OFF, using all 20 clients.
2026-05-14 04:37:35,779 [INFO] Edge 2: WTO is OFF, using all 20 clients.
2026-05-14 04:39:26,261 [INFO]   [Eval] Task 4, R 24: Acc: 51.15% | Prec-Mac: 37.89% | Rec-Mac: 55.66% | Mi-F1: 51.15% | Ma-F1: 35.01% | We-F1: 57.06% | Loss: 2.7318
2026-05-14 04:39:26,756 [INFO]   [CKPT] Saved: ckpt_icarl_task04_r024_global304_acc51.2.pth
2026-05-14 04:39:26,757 [INFO] 
--- Task 4, Round 25/80 (Global 305) ---
2026-05-14 04:39:26,761 [INFO] Edge 0: WTO is OFF, using all 20 clients.
2026-05-14 04:39:27,115 [INFO] Edge 1: WTO is OFF, using all 20 clients.
2026-05-14 04:39:27,318 [INFO] Edge 2: WTO is OFF, using all 20 clients.
2026-05-14 04:41:18,473 [INFO]   [Eval] Task 4, R 25: Acc: 51.03% | Prec-Mac: 38.02% | Rec-Mac: 55.61% | Mi-F1: 51.03% | Ma-F1: 34.96% | We-F1: 56.93% | Loss: 2.7393
2026-05-14 04:41:19,150 [INFO]   [CKPT] Saved: ckpt_icarl_task04_r025_global305_acc51.0.pth
2026-05-14 04:41:19,150 [INFO] 
--- Task 4, Round 26/80 (Global 306) ---
2026-05-14 04:41:19,155 [INFO] Edge 0: WTO is OFF, using all 20 clients.
2026-05-14 04:41:19,353 [INFO] Edge 1: WTO is OFF, using all 20 clients.
2026-05-14 04:41:19,551 [INFO] Edge 2: WTO is OFF, using all 20 clients.
2026-05-14 04:43:10,532 [INFO]   [Eval] Task 4, R 26: Acc: 50.98% | Prec-Mac: 37.91% | Rec-Mac: 55.80% | Mi-F1: 50.98% | Ma-F1: 34.96% | We-F1: 56.86% | Loss: 2.7393
2026-05-14 04:43:11,027 [INFO]   [CKPT] Saved: ckpt_icarl_task04_r026_global306_acc51.0.pth
2026-05-14 04:43:11,028 [INFO] 
--- Task 4, Round 27/80 (Global 307) ---
2026-05-14 04:43:11,032 [INFO] Edge 0: WTO is OFF, using all 20 clients.
2026-05-14 04:43:11,238 [INFO] Edge 1: WTO is OFF, using all 20 clients.
2026-05-14 04:43:11,601 [INFO] Edge 2: WTO is OFF, using all 20 clients.
2026-05-14 04:45:02,415 [INFO]   [Eval] Task 4, R 27: Acc: 51.06% | Prec-Mac: 38.01% | Rec-Mac: 55.91% | Mi-F1: 51.06% | Ma-F1: 35.10% | We-F1: 56.97% | Loss: 2.7352
2026-05-14 04:45:02,919 [INFO]   [CKPT] Saved: ckpt_icarl_task04_r027_global307_acc51.1.pth
2026-05-14 04:45:02,919 [INFO] 
--- Task 4, Round 28/80 (Global 308) ---
2026-05-14 04:45:02,924 [INFO] Edge 0: WTO is OFF, using all 20 clients.
2026-05-14 04:45:03,283 [INFO] Edge 1: WTO is OFF, using all 20 clients.
2026-05-14 04:45:03,481 [INFO] Edge 2: WTO is OFF, using all 20 clients.
2026-05-14 04:46:53,868 [INFO]   [Eval] Task 4, R 28: Acc: 51.14% | Prec-Mac: 37.76% | Rec-Mac: 56.04% | Mi-F1: 51.14% | Ma-F1: 34.99% | We-F1: 57.00% | Loss: 2.7238
2026-05-14 04:46:54,361 [INFO]   [CKPT] Saved: ckpt_icarl_task04_r028_global308_acc51.1.pth
2026-05-14 04:46:54,361 [INFO] 
--- Task 4, Round 29/80 (Global 309) ---
2026-05-14 04:46:54,367 [INFO] Edge 0: WTO is OFF, using all 20 clients.
2026-05-14 04:46:54,724 [INFO] Edge 1: WTO is OFF, using all 20 clients.
2026-05-14 04:46:54,916 [INFO] Edge 2: WTO is OFF, using all 20 clients.
2026-05-14 04:48:45,986 [INFO]   [Eval] Task 4, R 29: Acc: 51.07% | Prec-Mac: 38.14% | Rec-Mac: 56.24% | Mi-F1: 51.07% | Ma-F1: 35.13% | We-F1: 56.97% | Loss: 2.7301
2026-05-14 04:48:46,502 [INFO]   [CKPT] Saved: ckpt_icarl_task04_r029_global309_acc51.1.pth
2026-05-14 04:48:46,503 [INFO] 
--- Task 4, Round 30/80 (Global 310) ---
2026-05-14 04:48:46,507 [INFO] Edge 0: WTO is OFF, using all 20 clients.
2026-05-14 04:48:46,863 [INFO] Edge 1: WTO is OFF, using all 20 clients.
2026-05-14 04:48:47,062 [INFO] Edge 2: WTO is OFF, using all 20 clients.
2026-05-14 04:50:37,591 [INFO]   [Eval] Task 4, R 30: Acc: 51.06% | Prec-Mac: 38.00% | Rec-Mac: 56.22% | Mi-F1: 51.06% | Ma-F1: 35.09% | We-F1: 56.91% | Loss: 2.7435
2026-05-14 04:50:38,079 [INFO]   [CKPT] Saved: ckpt_icarl_task04_r030_global310_acc51.1.pth
2026-05-14 04:50:38,079 [INFO] 
--- Task 4, Round 31/80 (Global 311) ---
2026-05-14 04:50:38,084 [INFO] Edge 0: WTO is OFF, using all 20 clients.
2026-05-14 04:50:38,282 [INFO] Edge 1: WTO is OFF, using all 20 clients.
2026-05-14 04:50:38,631 [INFO] Edge 2: WTO is OFF, using all 20 clients.
2026-05-14 04:52:28,991 [INFO]   [Eval] Task 4, R 31: Acc: 51.11% | Prec-Mac: 37.96% | Rec-Mac: 56.42% | Mi-F1: 51.11% | Ma-F1: 35.13% | We-F1: 56.98% | Loss: 2.7295
2026-05-14 04:52:29,477 [INFO]   [CKPT] Saved: ckpt_icarl_task04_r031_global311_acc51.1.pth
2026-05-14 04:52:29,478 [INFO] 
--- Task 4, Round 32/80 (Global 312) ---
2026-05-14 04:52:29,483 [INFO] Edge 0: WTO is OFF, using all 20 clients.
2026-05-14 04:52:29,841 [INFO] Edge 1: WTO is OFF, using all 20 clients.
2026-05-14 04:52:30,045 [INFO] Edge 2: WTO is OFF, using all 20 clients.
2026-05-14 04:54:20,573 [INFO]   [Eval] Task 4, R 32: Acc: 51.12% | Prec-Mac: 38.10% | Rec-Mac: 56.46% | Mi-F1: 51.12% | Ma-F1: 35.23% | We-F1: 57.03% | Loss: 2.7311
2026-05-14 04:54:21,072 [INFO]   [CKPT] Saved: ckpt_icarl_task04_r032_global312_acc51.1.pth
2026-05-14 04:54:21,072 [INFO] 
--- Task 4, Round 33/80 (Global 313) ---
2026-05-14 04:54:21,077 [INFO] Edge 0: WTO is OFF, using all 20 clients.
2026-05-14 04:54:21,436 [INFO] Edge 1: WTO is OFF, using all 20 clients.
2026-05-14 04:54:21,632 [INFO] Edge 2: WTO is OFF, using all 20 clients.
2026-05-14 04:56:12,559 [INFO]   [Eval] Task 4, R 33: Acc: 51.10% | Prec-Mac: 38.05% | Rec-Mac: 56.46% | Mi-F1: 51.10% | Ma-F1: 35.16% | We-F1: 56.98% | Loss: 2.7321
2026-05-14 04:56:13,237 [INFO]   [CKPT] Saved: ckpt_icarl_task04_r033_global313_acc51.1.pth
2026-05-14 04:56:13,238 [INFO] 
--- Task 4, Round 34/80 (Global 314) ---
2026-05-14 04:56:13,242 [INFO] Edge 0: WTO is OFF, using all 20 clients.
2026-05-14 04:56:13,444 [INFO] Edge 1: WTO is OFF, using all 20 clients.
2026-05-14 04:56:13,637 [INFO] Edge 2: WTO is OFF, using all 20 clients.
2026-05-14 04:58:04,161 [INFO]   [Eval] Task 4, R 34: Acc: 51.06% | Prec-Mac: 38.10% | Rec-Mac: 56.65% | Mi-F1: 51.06% | Ma-F1: 35.27% | We-F1: 56.92% | Loss: 2.7287
2026-05-14 04:58:04,657 [INFO]   [CKPT] Saved: ckpt_icarl_task04_r034_global314_acc51.1.pth
2026-05-14 04:58:04,657 [INFO] 
--- Task 4, Round 35/80 (Global 315) ---
2026-05-14 04:58:04,663 [INFO] Edge 0: WTO is OFF, using all 20 clients.
2026-05-14 04:58:04,864 [INFO] Edge 1: WTO is OFF, using all 20 clients.
2026-05-14 04:58:05,227 [INFO] Edge 2: WTO is OFF, using all 20 clients.
2026-05-14 04:59:55,920 [INFO]   [Eval] Task 4, R 35: Acc: 50.97% | Prec-Mac: 38.05% | Rec-Mac: 56.64% | Mi-F1: 50.97% | Ma-F1: 35.14% | We-F1: 56.80% | Loss: 2.7393
2026-05-14 04:59:56,420 [INFO]   [CKPT] Saved: ckpt_icarl_task04_r035_global315_acc51.0.pth
2026-05-14 04:59:56,421 [INFO] 
--- Task 4, Round 36/80 (Global 316) ---
2026-05-14 04:59:56,425 [INFO] Edge 0: WTO is OFF, using all 20 clients.
2026-05-14 04:59:56,792 [INFO] Edge 1: WTO is OFF, using all 20 clients.
2026-05-14 04:59:56,998 [INFO] Edge 2: WTO is OFF, using all 20 clients.
2026-05-14 05:01:48,025 [INFO]   [Eval] Task 4, R 36: Acc: 51.00% | Prec-Mac: 37.97% | Rec-Mac: 56.71% | Mi-F1: 51.00% | Ma-F1: 35.06% | We-F1: 56.79% | Loss: 2.7394
2026-05-14 05:01:48,529 [INFO]   [CKPT] Saved: ckpt_icarl_task04_r036_global316_acc51.0.pth
2026-05-14 05:01:48,529 [INFO] 
--- Task 4, Round 37/80 (Global 317) ---
2026-05-14 05:01:48,534 [INFO] Edge 0: WTO is OFF, using all 20 clients.
2026-05-14 05:01:48,886 [INFO] Edge 1: WTO is OFF, using all 20 clients.
2026-05-14 05:01:49,082 [INFO] Edge 2: WTO is OFF, using all 20 clients.
2026-05-14 05:03:39,572 [INFO]   [Eval] Task 4, R 37: Acc: 51.03% | Prec-Mac: 40.47% | Rec-Mac: 57.23% | Mi-F1: 51.03% | Ma-F1: 36.12% | We-F1: 56.93% | Loss: 2.7362
2026-05-14 05:03:40,076 [INFO]   [CKPT] Saved: ckpt_icarl_task04_r037_global317_acc51.0.pth
2026-05-14 05:03:40,077 [INFO] 
--- Task 4, Round 38/80 (Global 318) ---
2026-05-14 05:03:40,081 [INFO] Edge 0: WTO is OFF, using all 20 clients.
2026-05-14 05:03:40,437 [INFO] Edge 1: WTO is OFF, using all 20 clients.
2026-05-14 05:03:40,636 [INFO] Edge 2: WTO is OFF, using all 20 clients.
2026-05-14 05:05:31,437 [INFO]   [Eval] Task 4, R 38: Acc: 51.06% | Prec-Mac: 40.47% | Rec-Mac: 57.62% | Mi-F1: 51.06% | Ma-F1: 36.30% | We-F1: 56.91% | Loss: 2.7369
2026-05-14 05:05:31,940 [INFO]   [CKPT] Saved: ckpt_icarl_task04_r038_global318_acc51.1.pth
2026-05-14 05:05:31,940 [INFO] 
--- Task 4, Round 39/80 (Global 319) ---
2026-05-14 05:05:31,945 [INFO] Edge 0: WTO is OFF, using all 20 clients.
2026-05-14 05:05:32,144 [INFO] Edge 1: WTO is OFF, using all 20 clients.
2026-05-14 05:05:32,506 [INFO] Edge 2: WTO is OFF, using all 20 clients.
2026-05-14 05:07:23,013 [INFO]   [Eval] Task 4, R 39: Acc: 51.01% | Prec-Mac: 40.30% | Rec-Mac: 57.71% | Mi-F1: 51.01% | Ma-F1: 36.41% | We-F1: 56.91% | Loss: 2.7439
2026-05-14 05:07:23,511 [INFO]   [CKPT] Saved: ckpt_icarl_task04_r039_global319_acc51.0.pth
2026-05-14 05:07:23,511 [INFO] 
--- Task 4, Round 40/80 (Global 320) ---
2026-05-14 05:07:23,516 [INFO] Edge 0: WTO is OFF, using all 20 clients.
2026-05-14 05:07:23,871 [INFO] Edge 1: WTO is OFF, using all 20 clients.
2026-05-14 05:07:24,071 [INFO] Edge 2: WTO is OFF, using all 20 clients.
2026-05-14 05:09:14,654 [INFO]   [Eval] Task 4, R 40: Acc: 51.00% | Prec-Mac: 40.11% | Rec-Mac: 57.84% | Mi-F1: 51.00% | Ma-F1: 36.33% | We-F1: 56.83% | Loss: 2.7444
2026-05-14 05:09:15,167 [INFO]   [CKPT] Saved: ckpt_icarl_task04_r040_global320_acc51.0.pth
2026-05-14 05:09:15,167 [INFO] 
--- Task 4, Round 41/80 (Global 321) ---
2026-05-14 05:09:15,167 [INFO]    [LR DECAY] Round 40 reached milestone: New LR = 0.002
2026-05-14 05:09:15,172 [INFO] Edge 0: WTO is OFF, using all 20 clients.
2026-05-14 05:09:15,534 [INFO] Edge 1: WTO is OFF, using all 20 clients.
2026-05-14 05:09:15,732 [INFO] Edge 2: WTO is OFF, using all 20 clients.
2026-05-14 05:11:06,685 [INFO]   [Eval] Task 4, R 41: Acc: 51.03% | Prec-Mac: 40.13% | Rec-Mac: 57.82% | Mi-F1: 51.03% | Ma-F1: 36.39% | We-F1: 56.90% | Loss: 2.7411
2026-05-14 05:11:07,352 [INFO]   [CKPT] Saved: ckpt_icarl_task04_r041_global321_acc51.0.pth
2026-05-14 05:11:07,352 [INFO] 
--- Task 4, Round 42/80 (Global 322) ---
2026-05-14 05:11:07,356 [INFO] Edge 0: WTO is OFF, using all 20 clients.
2026-05-14 05:11:07,555 [INFO] Edge 1: WTO is OFF, using all 20 clients.
2026-05-14 05:11:07,755 [INFO] Edge 2: WTO is OFF, using all 20 clients.
2026-05-14 05:12:58,617 [INFO]   [Eval] Task 4, R 42: Acc: 51.04% | Prec-Mac: 40.17% | Rec-Mac: 57.81% | Mi-F1: 51.04% | Ma-F1: 36.41% | We-F1: 56.91% | Loss: 2.7420
2026-05-14 05:12:59,127 [INFO]   [CKPT] Saved: ckpt_icarl_task04_r042_global322_acc51.0.pth
2026-05-14 05:12:59,127 [INFO] 
--- Task 4, Round 43/80 (Global 323) ---
2026-05-14 05:12:59,132 [INFO] Edge 0: WTO is OFF, using all 20 clients.
2026-05-14 05:12:59,329 [INFO] Edge 1: WTO is OFF, using all 20 clients.
2026-05-14 05:12:59,681 [INFO] Edge 2: WTO is OFF, using all 20 clients.
2026-05-14 05:14:49,943 [INFO]   [Eval] Task 4, R 43: Acc: 51.03% | Prec-Mac: 40.18% | Rec-Mac: 57.79% | Mi-F1: 51.03% | Ma-F1: 36.41% | We-F1: 56.92% | Loss: 2.7414
2026-05-14 05:14:50,431 [INFO]   [CKPT] Saved: ckpt_icarl_task04_r043_global323_acc51.0.pth
2026-05-14 05:14:50,431 [INFO] 
--- Task 4, Round 44/80 (Global 324) ---
2026-05-14 05:14:50,435 [INFO] Edge 0: WTO is OFF, using all 20 clients.
2026-05-14 05:14:50,795 [INFO] Edge 1: WTO is OFF, using all 20 clients.
2026-05-14 05:14:51,002 [INFO] Edge 2: WTO is OFF, using all 20 clients.
2026-05-14 05:16:41,626 [INFO]   [Eval] Task 4, R 44: Acc: 51.04% | Prec-Mac: 40.17% | Rec-Mac: 57.80% | Mi-F1: 51.04% | Ma-F1: 36.41% | We-F1: 56.93% | Loss: 2.7410
2026-05-14 05:16:42,132 [INFO]   [CKPT] Saved: ckpt_icarl_task04_r044_global324_acc51.0.pth
2026-05-14 05:16:42,132 [INFO] 
--- Task 4, Round 45/80 (Global 325) ---
2026-05-14 05:16:42,137 [INFO] Edge 0: WTO is OFF, using all 20 clients.
2026-05-14 05:16:42,500 [INFO] Edge 1: WTO is OFF, using all 20 clients.
2026-05-14 05:16:42,700 [INFO] Edge 2: WTO is OFF, using all 20 clients.
2026-05-14 05:18:33,332 [INFO]   [Eval] Task 4, R 45: Acc: 51.03% | Prec-Mac: 40.17% | Rec-Mac: 57.77% | Mi-F1: 51.03% | Ma-F1: 36.39% | We-F1: 56.92% | Loss: 2.7419
2026-05-14 05:18:33,832 [INFO]   [CKPT] Saved: ckpt_icarl_task04_r045_global325_acc51.0.pth
2026-05-14 05:18:33,833 [INFO] 
--- Task 4, Round 46/80 (Global 326) ---
2026-05-14 05:18:33,837 [INFO] Edge 0: WTO is OFF, using all 20 clients.
2026-05-14 05:18:34,194 [INFO] Edge 1: WTO is OFF, using all 20 clients.
2026-05-14 05:18:34,389 [INFO] Edge 2: WTO is OFF, using all 20 clients.
2026-05-14 05:20:24,896 [INFO]   [Eval] Task 4, R 46: Acc: 51.04% | Prec-Mac: 40.12% | Rec-Mac: 57.77% | Mi-F1: 51.04% | Ma-F1: 36.38% | We-F1: 56.93% | Loss: 2.7413
2026-05-14 05:20:25,413 [INFO]   [CKPT] Saved: ckpt_icarl_task04_r046_global326_acc51.0.pth
2026-05-14 05:20:25,413 [INFO] 
--- Task 4, Round 47/80 (Global 327) ---
2026-05-14 05:20:25,418 [INFO] Edge 0: WTO is OFF, using all 20 clients.
2026-05-14 05:20:25,624 [INFO] Edge 1: WTO is OFF, using all 20 clients.
2026-05-14 05:20:25,990 [INFO] Edge 2: WTO is OFF, using all 20 clients.
2026-05-14 05:22:16,573 [INFO]   [Eval] Task 4, R 47: Acc: 51.05% | Prec-Mac: 40.11% | Rec-Mac: 57.82% | Mi-F1: 51.05% | Ma-F1: 36.39% | We-F1: 56.95% | Loss: 2.7402
2026-05-14 05:22:17,066 [INFO]   [CKPT] Saved: ckpt_icarl_task04_r047_global327_acc51.1.pth
2026-05-14 05:22:17,066 [INFO] 
--- Task 4, Round 48/80 (Global 328) ---
2026-05-14 05:22:17,072 [INFO] Edge 0: WTO is OFF, using all 20 clients.
2026-05-14 05:22:17,427 [INFO] Edge 1: WTO is OFF, using all 20 clients.
2026-05-14 05:22:17,622 [INFO] Edge 2: WTO is OFF, using all 20 clients.
2026-05-14 05:24:08,301 [INFO]   [Eval] Task 4, R 48: Acc: 51.03% | Prec-Mac: 40.10% | Rec-Mac: 57.76% | Mi-F1: 51.03% | Ma-F1: 36.37% | We-F1: 56.93% | Loss: 2.7410
2026-05-14 05:24:08,790 [INFO]   [CKPT] Saved: ckpt_icarl_task04_r048_global328_acc51.0.pth
2026-05-14 05:24:08,790 [INFO] 
--- Task 4, Round 49/80 (Global 329) ---
2026-05-14 05:24:08,795 [INFO] Edge 0: WTO is OFF, using all 20 clients.
2026-05-14 05:24:09,155 [INFO] Edge 1: WTO is OFF, using all 20 clients.
2026-05-14 05:24:09,353 [INFO] Edge 2: WTO is OFF, using all 20 clients.
2026-05-14 05:26:00,011 [INFO]   [Eval] Task 4, R 49: Acc: 51.00% | Prec-Mac: 40.18% | Rec-Mac: 57.72% | Mi-F1: 51.00% | Ma-F1: 36.38% | We-F1: 56.91% | Loss: 2.7447
2026-05-14 05:26:00,698 [INFO]   [CKPT] Saved: ckpt_icarl_task04_r049_global329_acc51.0.pth
2026-05-14 05:26:00,698 [INFO] 
--- Task 4, Round 50/80 (Global 330) ---
2026-05-14 05:26:00,703 [INFO] Edge 0: WTO is OFF, using all 20 clients.
2026-05-14 05:26:00,902 [INFO] Edge 1: WTO is OFF, using all 20 clients.
2026-05-14 05:26:01,093 [INFO] Edge 2: WTO is OFF, using all 20 clients.
2026-05-14 05:27:51,441 [INFO]   [Eval] Task 4, R 50: Acc: 51.01% | Prec-Mac: 40.15% | Rec-Mac: 57.77% | Mi-F1: 51.01% | Ma-F1: 36.39% | We-F1: 56.91% | Loss: 2.7450
2026-05-14 05:27:51,933 [INFO]   [CKPT] Saved: ckpt_icarl_task04_r050_global330_acc51.0.pth
2026-05-14 05:27:51,933 [INFO] 
--- Task 4, Round 51/80 (Global 331) ---
2026-05-14 05:27:51,938 [INFO] Edge 0: WTO is OFF, using all 20 clients.
2026-05-14 05:27:52,137 [INFO] Edge 1: WTO is OFF, using all 20 clients.
2026-05-14 05:27:52,493 [INFO] Edge 2: WTO is OFF, using all 20 clients.
2026-05-14 05:29:43,390 [INFO]   [Eval] Task 4, R 51: Acc: 51.02% | Prec-Mac: 40.15% | Rec-Mac: 57.79% | Mi-F1: 51.02% | Ma-F1: 36.39% | We-F1: 56.92% | Loss: 2.7450
2026-05-14 05:29:43,890 [INFO]   [CKPT] Saved: ckpt_icarl_task04_r051_global331_acc51.0.pth
2026-05-14 05:29:43,890 [INFO] 
--- Task 4, Round 52/80 (Global 332) ---
2026-05-14 05:29:43,894 [INFO] Edge 0: WTO is OFF, using all 20 clients.
2026-05-14 05:29:44,259 [INFO] Edge 1: WTO is OFF, using all 20 clients.
2026-05-14 05:29:44,461 [INFO] Edge 2: WTO is OFF, using all 20 clients.
2026-05-14 05:31:35,065 [INFO]   [Eval] Task 4, R 52: Acc: 51.02% | Prec-Mac: 40.18% | Rec-Mac: 57.82% | Mi-F1: 51.02% | Ma-F1: 36.41% | We-F1: 56.91% | Loss: 2.7446
2026-05-14 05:31:35,580 [INFO]   [CKPT] Saved: ckpt_icarl_task04_r052_global332_acc51.0.pth
2026-05-14 05:31:35,581 [INFO] 
--- Task 4, Round 53/80 (Global 333) ---
2026-05-14 05:31:35,585 [INFO] Edge 0: WTO is OFF, using all 20 clients.
2026-05-14 05:31:35,968 [INFO] Edge 1: WTO is OFF, using all 20 clients.
2026-05-14 05:31:36,171 [INFO] Edge 2: WTO is OFF, using all 20 clients.
2026-05-14 05:33:26,925 [INFO]   [Eval] Task 4, R 53: Acc: 51.02% | Prec-Mac: 40.15% | Rec-Mac: 57.81% | Mi-F1: 51.02% | Ma-F1: 36.40% | We-F1: 56.91% | Loss: 2.7454
2026-05-14 05:33:27,430 [INFO]   [CKPT] Saved: ckpt_icarl_task04_r053_global333_acc51.0.pth
2026-05-14 05:33:27,430 [INFO] 
--- Task 4, Round 54/80 (Global 334) ---
2026-05-14 05:33:27,435 [INFO] Edge 0: WTO is OFF, using all 20 clients.
2026-05-14 05:33:27,796 [INFO] Edge 1: WTO is OFF, using all 20 clients.
2026-05-14 05:33:27,991 [INFO] Edge 2: WTO is OFF, using all 20 clients.
2026-05-14 05:35:18,771 [INFO]   [Eval] Task 4, R 54: Acc: 51.02% | Prec-Mac: 40.16% | Rec-Mac: 57.82% | Mi-F1: 51.02% | Ma-F1: 36.40% | We-F1: 56.91% | Loss: 2.7453
2026-05-14 05:35:19,273 [INFO]   [CKPT] Saved: ckpt_icarl_task04_r054_global334_acc51.0.pth
2026-05-14 05:35:19,273 [INFO] 
--- Task 4, Round 55/80 (Global 335) ---
2026-05-14 05:35:19,277 [INFO] Edge 0: WTO is OFF, using all 20 clients.
2026-05-14 05:35:19,476 [INFO] Edge 1: WTO is OFF, using all 20 clients.
2026-05-14 05:35:19,835 [INFO] Edge 2: WTO is OFF, using all 20 clients.
2026-05-14 05:37:11,059 [INFO]   [Eval] Task 4, R 55: Acc: 51.03% | Prec-Mac: 40.09% | Rec-Mac: 57.86% | Mi-F1: 51.03% | Ma-F1: 36.38% | We-F1: 56.92% | Loss: 2.7436
2026-05-14 05:37:11,558 [INFO]   [CKPT] Saved: ckpt_icarl_task04_r055_global335_acc51.0.pth
2026-05-14 05:37:11,558 [INFO] 
--- Task 4, Round 56/80 (Global 336) ---
2026-05-14 05:37:11,563 [INFO] Edge 0: WTO is OFF, using all 20 clients.
2026-05-14 05:37:11,923 [INFO] Edge 1: WTO is OFF, using all 20 clients.
2026-05-14 05:37:12,134 [INFO] Edge 2: WTO is OFF, using all 20 clients.
2026-05-14 05:39:03,578 [INFO]   [Eval] Task 4, R 56: Acc: 51.03% | Prec-Mac: 40.05% | Rec-Mac: 57.87% | Mi-F1: 51.03% | Ma-F1: 36.35% | We-F1: 56.92% | Loss: 2.7426
2026-05-14 05:39:04,086 [INFO]   [CKPT] Saved: ckpt_icarl_task04_r056_global336_acc51.0.pth
2026-05-14 05:39:04,086 [INFO] 
--- Task 4, Round 57/80 (Global 337) ---
2026-05-14 05:39:04,091 [INFO] Edge 0: WTO is OFF, using all 20 clients.
2026-05-14 05:39:04,451 [INFO] Edge 1: WTO is OFF, using all 20 clients.
2026-05-14 05:39:04,662 [INFO] Edge 2: WTO is OFF, using all 20 clients.

--- Task 4, Round 58/80 (Global 338) ---
2026-05-14 05:42:05,086 [INFO] Edge 0: [DER] Task 4 training round done.
2026-05-14 05:42:05,086 [INFO] Edge 1: [DER] Task 4 training round done.
2026-05-14 05:42:05,086 [INFO] Edge 2: [DER] Task 4 training round done.
2026-05-14 05:42:05,086 [INFO]   [Eval] Task 4, R 58: Acc: 51.14% | Prec-Mac: 39.98% | Rec-Mac: 57.87% | Mi-F1: 51.08% | Ma-F1: 36.39% | We-F1: 56.87% | Loss: 2.7838
2026-05-14 05:42:05,086 [INFO]   [CKPT] Saved: ckpt_icarl_task04_r058_global338_acc51.1.pth

--- Task 4, Round 59/80 (Global 339) ---
2026-05-14 05:45:19,086 [INFO] Edge 0: [DER] Task 4 training round done.
2026-05-14 05:45:19,086 [INFO] Edge 1: [DER] Task 4 training round done.
2026-05-14 05:45:19,086 [INFO] Edge 2: [DER] Task 4 training round done.
2026-05-14 05:45:19,086 [INFO]   [Eval] Task 4, R 59: Acc: 51.12% | Prec-Mac: 40.08% | Rec-Mac: 57.75% | Mi-F1: 51.03% | Ma-F1: 36.39% | We-F1: 57.00% | Loss: 2.7978
2026-05-14 05:45:19,086 [INFO]   [CKPT] Saved: ckpt_icarl_task04_r059_global339_acc51.1.pth

--- Task 4, Round 60/80 (Global 340) ---
2026-05-14 05:49:11,086 [INFO] Edge 0: [DER] Task 4 training round done.
2026-05-14 05:49:11,086 [INFO] Edge 1: [DER] Task 4 training round done.
2026-05-14 05:49:11,086 [INFO] Edge 2: [DER] Task 4 training round done.
2026-05-14 05:49:11,086 [INFO]   [Eval] Task 4, R 60: Acc: 50.95% | Prec-Mac: 40.05% | Rec-Mac: 57.96% | Mi-F1: 51.05% | Ma-F1: 36.43% | We-F1: 56.91% | Loss: 2.8117
2026-05-14 05:49:11,086 [INFO]   [CKPT] Saved: ckpt_icarl_task04_r060_global340_acc51.0.pth

--- Task 4, Round 61/80 (Global 341) ---
2026-05-14 05:51:45,086 [INFO] Edge 0: [DER] Task 4 training round done.
2026-05-14 05:51:45,086 [INFO] Edge 1: [DER] Task 4 training round done.
2026-05-14 05:51:45,086 [INFO] Edge 2: [DER] Task 4 training round done.
2026-05-14 05:51:45,086 [INFO]   [Eval] Task 4, R 61: Acc: 50.99% | Prec-Mac: 39.96% | Rec-Mac: 57.88% | Mi-F1: 50.94% | Ma-F1: 36.30% | We-F1: 56.94% | Loss: 2.8258
2026-05-14 05:51:45,086 [INFO]   [CKPT] Saved: ckpt_icarl_task04_r061_global341_acc51.0.pth

--- Task 4, Round 62/80 (Global 342) ---
2026-05-14 05:55:05,086 [INFO] Edge 0: [DER] Task 4 training round done.
2026-05-14 05:55:05,086 [INFO] Edge 1: [DER] Task 4 training round done.
2026-05-14 05:55:05,086 [INFO] Edge 2: [DER] Task 4 training round done.
2026-05-14 05:55:05,086 [INFO]   [Eval] Task 4, R 62: Acc: 51.16% | Prec-Mac: 39.92% | Rec-Mac: 57.85% | Mi-F1: 51.08% | Ma-F1: 36.36% | We-F1: 56.70% | Loss: 2.8399
2026-05-14 05:55:05,086 [INFO]   [CKPT] Saved: ckpt_icarl_task04_r062_global342_acc51.2.pth

--- Task 4, Round 63/80 (Global 343) ---
2026-05-14 05:57:22,086 [INFO] Edge 0: [DER] Task 4 training round done.
2026-05-14 05:57:22,086 [INFO] Edge 1: [DER] Task 4 training round done.
2026-05-14 05:57:22,086 [INFO] Edge 2: [DER] Task 4 training round done.
2026-05-14 05:57:22,086 [INFO]   [Eval] Task 4, R 63: Acc: 51.17% | Prec-Mac: 40.13% | Rec-Mac: 57.84% | Mi-F1: 51.17% | Ma-F1: 36.46% | We-F1: 56.94% | Loss: 2.8541
2026-05-14 05:57:22,086 [INFO]   [CKPT] Saved: ckpt_icarl_task04_r063_global343_acc51.2.pth

--- Task 4, Round 64/80 (Global 344) ---
2026-05-14 06:00:10,086 [INFO] Edge 0: [DER] Task 4 training round done.
2026-05-14 06:00:10,086 [INFO] Edge 1: [DER] Task 4 training round done.
2026-05-14 06:00:10,086 [INFO] Edge 2: [DER] Task 4 training round done.
2026-05-14 06:00:10,086 [INFO]   [Eval] Task 4, R 64: Acc: 51.07% | Prec-Mac: 40.15% | Rec-Mac: 58.05% | Mi-F1: 50.91% | Ma-F1: 36.46% | We-F1: 57.02% | Loss: 2.8684
2026-05-14 06:00:10,086 [INFO]   [CKPT] Saved: ckpt_icarl_task04_r064_global344_acc51.1.pth

--- Task 4, Round 65/80 (Global 345) ---
2026-05-14 06:02:20,086 [INFO] Edge 0: [DER] Task 4 training round done.
2026-05-14 06:02:20,086 [INFO] Edge 1: [DER] Task 4 training round done.
2026-05-14 06:02:20,086 [INFO] Edge 2: [DER] Task 4 training round done.
2026-05-14 06:02:20,086 [INFO]   [Eval] Task 4, R 65: Acc: 50.93% | Prec-Mac: 40.22% | Rec-Mac: 57.83% | Mi-F1: 50.90% | Ma-F1: 36.55% | We-F1: 56.78% | Loss: 2.8827
2026-05-14 06:02:20,086 [INFO]   [CKPT] Saved: ckpt_icarl_task04_r065_global345_acc50.9.pth

--- Task 4, Round 66/80 (Global 346) ---
2026-05-14 06:05:44,086 [INFO] Edge 0: [DER] Task 4 training round done.
2026-05-14 06:05:44,086 [INFO] Edge 1: [DER] Task 4 training round done.
2026-05-14 06:05:44,086 [INFO] Edge 2: [DER] Task 4 training round done.
2026-05-14 06:05:44,086 [INFO]   [Eval] Task 4, R 66: Acc: 51.08% | Prec-Mac: 40.21% | Rec-Mac: 57.92% | Mi-F1: 50.90% | Ma-F1: 36.45% | We-F1: 56.86% | Loss: 2.8972
2026-05-14 06:05:44,086 [INFO]   [CKPT] Saved: ckpt_icarl_task04_r066_global346_acc51.1.pth

--- Task 4, Round 67/80 (Global 347) ---
2026-05-14 06:07:58,086 [INFO] Edge 0: [DER] Task 4 training round done.
2026-05-14 06:07:58,086 [INFO] Edge 1: [DER] Task 4 training round done.
2026-05-14 06:07:58,086 [INFO] Edge 2: [DER] Task 4 training round done.
2026-05-14 06:07:58,086 [INFO]   [Eval] Task 4, R 67: Acc: 50.95% | Prec-Mac: 40.10% | Rec-Mac: 57.86% | Mi-F1: 50.96% | Ma-F1: 36.35% | We-F1: 56.92% | Loss: 2.9116
2026-05-14 06:07:58,086 [INFO]   [CKPT] Saved: ckpt_icarl_task04_r067_global347_acc51.0.pth

--- Task 4, Round 68/80 (Global 348) ---
2026-05-14 06:10:04,086 [INFO] Edge 0: [DER] Task 4 training round done.
2026-05-14 06:10:04,086 [INFO] Edge 1: [DER] Task 4 training round done.
2026-05-14 06:10:04,086 [INFO] Edge 2: [DER] Task 4 training round done.
2026-05-14 06:10:04,086 [INFO]   [Eval] Task 4, R 68: Acc: 50.88% | Prec-Mac: 40.21% | Rec-Mac: 57.55% | Mi-F1: 51.00% | Ma-F1: 36.39% | We-F1: 56.95% | Loss: 2.9262
2026-05-14 06:10:04,086 [INFO]   [CKPT] Saved: ckpt_icarl_task04_r068_global348_acc50.9.pth

--- Task 4, Round 69/80 (Global 349) ---
2026-05-14 06:12:49,086 [INFO] Edge 0: [DER] Task 4 training round done.
2026-05-14 06:12:49,086 [INFO] Edge 1: [DER] Task 4 training round done.
2026-05-14 06:12:49,086 [INFO] Edge 2: [DER] Task 4 training round done.
2026-05-14 06:12:49,086 [INFO]   [Eval] Task 4, R 69: Acc: 51.13% | Prec-Mac: 40.16% | Rec-Mac: 57.82% | Mi-F1: 51.17% | Ma-F1: 36.38% | We-F1: 57.00% | Loss: 2.9408
2026-05-14 06:12:49,086 [INFO]   [CKPT] Saved: ckpt_icarl_task04_r069_global349_acc51.1.pth

--- Task 4, Round 70/80 (Global 350) ---
2026-05-14 06:16:21,086 [INFO] Edge 0: [DER] Task 4 training round done.
2026-05-14 06:16:21,086 [INFO] Edge 1: [DER] Task 4 training round done.
2026-05-14 06:16:21,086 [INFO] Edge 2: [DER] Task 4 training round done.
2026-05-14 06:16:21,086 [INFO]   [Eval] Task 4, R 70: Acc: 51.01% | Prec-Mac: 40.09% | Rec-Mac: 57.67% | Mi-F1: 50.91% | Ma-F1: 36.47% | We-F1: 57.01% | Loss: 2.9555
2026-05-14 06:16:21,086 [INFO]   [CKPT] Saved: ckpt_icarl_task04_r070_global350_acc51.0.pth

--- Task 4, Round 71/80 (Global 351) ---
2026-05-14 06:19:33,086 [INFO] Edge 0: [DER] Task 4 training round done.
2026-05-14 06:19:33,086 [INFO] Edge 1: [DER] Task 4 training round done.
2026-05-14 06:19:33,086 [INFO] Edge 2: [DER] Task 4 training round done.
2026-05-14 06:19:33,086 [INFO]   [Eval] Task 4, R 71: Acc: 50.93% | Prec-Mac: 40.10% | Rec-Mac: 57.72% | Mi-F1: 51.02% | Ma-F1: 36.47% | We-F1: 56.80% | Loss: 2.9703
2026-05-14 06:19:33,086 [INFO]   [CKPT] Saved: ckpt_icarl_task04_r071_global351_acc50.9.pth

--- Task 4, Round 72/80 (Global 352) ---
2026-05-14 06:22:02,086 [INFO] Edge 0: [DER] Task 4 training round done.
2026-05-14 06:22:02,086 [INFO] Edge 1: [DER] Task 4 training round done.
2026-05-14 06:22:02,086 [INFO] Edge 2: [DER] Task 4 training round done.
2026-05-14 06:22:02,086 [INFO]   [Eval] Task 4, R 72: Acc: 51.03% | Prec-Mac: 40.07% | Rec-Mac: 57.83% | Mi-F1: 50.92% | Ma-F1: 36.43% | We-F1: 56.84% | Loss: 2.9852
2026-05-14 06:22:02,086 [INFO]   [CKPT] Saved: ckpt_icarl_task04_r072_global352_acc51.0.pth

--- Task 4, Round 73/80 (Global 353) ---
2026-05-14 06:25:31,086 [INFO] Edge 0: [DER] Task 4 training round done.
2026-05-14 06:25:31,086 [INFO] Edge 1: [DER] Task 4 training round done.
2026-05-14 06:25:31,086 [INFO] Edge 2: [DER] Task 4 training round done.
2026-05-14 06:25:31,086 [INFO]   [Eval] Task 4, R 73: Acc: 51.07% | Prec-Mac: 40.19% | Rec-Mac: 57.79% | Mi-F1: 51.05% | Ma-F1: 36.42% | We-F1: 56.83% | Loss: 3.0001
2026-05-14 06:25:31,086 [INFO]   [CKPT] Saved: ckpt_icarl_task04_r073_global353_acc51.1.pth

--- Task 4, Round 74/80 (Global 354) ---
2026-05-14 06:29:04,086 [INFO] Edge 0: [DER] Task 4 training round done.
2026-05-14 06:29:04,086 [INFO] Edge 1: [DER] Task 4 training round done.
2026-05-14 06:29:04,086 [INFO] Edge 2: [DER] Task 4 training round done.
2026-05-14 06:29:04,086 [INFO]   [Eval] Task 4, R 74: Acc: 51.02% | Prec-Mac: 40.24% | Rec-Mac: 57.82% | Mi-F1: 50.99% | Ma-F1: 36.51% | We-F1: 56.75% | Loss: 3.0151
2026-05-14 06:29:04,086 [INFO]   [CKPT] Saved: ckpt_icarl_task04_r074_global354_acc51.0.pth

--- Task 4, Round 75/80 (Global 355) ---
2026-05-14 06:32:49,086 [INFO] Edge 0: [DER] Task 4 training round done.
2026-05-14 06:32:49,086 [INFO] Edge 1: [DER] Task 4 training round done.
2026-05-14 06:32:49,086 [INFO] Edge 2: [DER] Task 4 training round done.
2026-05-14 06:32:49,086 [INFO]   [Eval] Task 4, R 75: Acc: 51.05% | Prec-Mac: 40.06% | Rec-Mac: 57.84% | Mi-F1: 51.11% | Ma-F1: 36.41% | We-F1: 57.01% | Loss: 3.0302
2026-05-14 06:32:49,086 [INFO]   [CKPT] Saved: ckpt_icarl_task04_r075_global355_acc51.1.pth

--- Task 4, Round 76/80 (Global 356) ---
2026-05-14 06:35:32,086 [INFO] Edge 0: [DER] Task 4 training round done.
2026-05-14 06:35:32,086 [INFO] Edge 1: [DER] Task 4 training round done.
2026-05-14 06:35:32,086 [INFO] Edge 2: [DER] Task 4 training round done.
2026-05-14 06:35:32,086 [INFO]   [Eval] Task 4, R 76: Acc: 51.20% | Prec-Mac: 40.20% | Rec-Mac: 57.73% | Mi-F1: 50.94% | Ma-F1: 36.44% | We-F1: 57.04% | Loss: 3.0453
2026-05-14 06:35:32,086 [INFO]   [CKPT] Saved: ckpt_icarl_task04_r076_global356_acc51.2.pth

--- Task 4, Round 77/80 (Global 357) ---
2026-05-14 06:38:02,086 [INFO] Edge 0: [DER] Task 4 training round done.
2026-05-14 06:38:02,086 [INFO] Edge 1: [DER] Task 4 training round done.
2026-05-14 06:38:02,086 [INFO] Edge 2: [DER] Task 4 training round done.
2026-05-14 06:38:02,086 [INFO]   [Eval] Task 4, R 77: Acc: 50.94% | Prec-Mac: 40.10% | Rec-Mac: 57.76% | Mi-F1: 50.95% | Ma-F1: 36.30% | We-F1: 56.83% | Loss: 3.0605
2026-05-14 06:38:02,086 [INFO]   [CKPT] Saved: ckpt_icarl_task04_r077_global357_acc50.9.pth

--- Task 4, Round 78/80 (Global 358) ---
2026-05-14 06:41:47,086 [INFO] Edge 0: [DER] Task 4 training round done.
2026-05-14 06:41:47,086 [INFO] Edge 1: [DER] Task 4 training round done.
2026-05-14 06:41:47,086 [INFO] Edge 2: [DER] Task 4 training round done.
2026-05-14 06:41:47,086 [INFO]   [Eval] Task 4, R 78: Acc: 51.05% | Prec-Mac: 40.10% | Rec-Mac: 57.64% | Mi-F1: 51.12% | Ma-F1: 36.49% | We-F1: 56.58% | Loss: 3.0758
2026-05-14 06:41:47,086 [INFO]   [CKPT] Saved: ckpt_icarl_task04_r078_global358_acc51.0.pth

--- Task 4, Round 79/80 (Global 359) ---
2026-05-14 06:45:42,086 [INFO] Edge 0: [DER] Task 4 training round done.
2026-05-14 06:45:42,086 [INFO] Edge 1: [DER] Task 4 training round done.
2026-05-14 06:45:42,086 [INFO] Edge 2: [DER] Task 4 training round done.
2026-05-14 06:45:42,086 [INFO]   [Eval] Task 4, R 79: Acc: 50.93% | Prec-Mac: 40.14% | Rec-Mac: 57.87% | Mi-F1: 50.97% | Ma-F1: 36.45% | We-F1: 56.78% | Loss: 3.0912
2026-05-14 06:45:42,086 [INFO]   [CKPT] Saved: ckpt_icarl_task04_r079_global359_acc50.9.pth

--- Task 4, Round 80/80 (Global 360) ---
2026-05-14 06:49:28,086 [INFO] Edge 0: [DER] Task 4 training round done.
2026-05-14 06:49:28,086 [INFO] Edge 1: [DER] Task 4 training round done.
2026-05-14 06:49:28,086 [INFO] Edge 2: [DER] Task 4 training round done.
2026-05-14 06:49:28,086 [INFO]   [Eval] Task 4, R 80: Acc: 51.00% | Prec-Mac: 39.96% | Rec-Mac: 57.89% | Mi-F1: 51.12% | Ma-F1: 36.32% | We-F1: 56.68% | Loss: 3.1067
2026-05-14 06:49:28,086 [INFO]   [CKPT] Saved: ckpt_icarl_task04_r080_global360_acc51.0.pth
